timestamp,day,slot,meter_id,totaliser_kl,interval_gross_kl,temp_c,density_15c,vcf,interval_net_kl15,n_trucks
2026-01-01 06:00:00,0,0,LB-01,12.2,12.1997,18.78,831.64,0.996748,12.16,1
2026-01-01 06:00:00,0,0,LB-02,21.697,21.697,19.13,831.43,0.996442,21.6198,2
2026-01-01 06:00:00,0,0,LB-03,46.028,46.028,19.16,831.89,0.996419,45.8631,4
2026-01-01 06:00:00,0,0,LB-04,40.461,40.4614,19.42,831.71,0.996195,40.3074,3
2026-01-01 06:00:00,0,0,LB-05,29.734,29.7343,18.81,832.45,0.996728,29.637,2
2026-01-01 06:00:00,0,0,LB-06,20.083,20.0826,18.85,831.36,0.996684,20.016,2
2026-01-01 06:00:00,0,0,LB-07,11.882,11.8819,19.2,833.21,0.9964,11.8391,1
2026-01-01 06:00:00,0,0,LB-08,28.528,28.5277,18.69,832.41,0.996833,28.4374,2
2026-01-01 06:00:00,0,0,LB-09,25.855,25.8554,19.06,831.14,0.996498,25.7649,2
2026-01-01 06:00:00,0,0,LB-10,18.089,18.0889,19.1,832.54,0.996477,18.0251,2
2026-01-01 14:00:00,0,1,LB-01,35.778,23.5784,26.75,832.27,0.989884,23.3399,2
2026-01-01 14:00:00,0,1,LB-02,75.536,53.8388,26.72,831.69,0.989895,53.2948,4
2026-01-01 14:00:00,0,1,LB-03,128.747,82.7195,26.72,831.58,0.989896,81.8837,7
2026-01-01 14:00:00,0,1,LB-04,69.091,28.6293,26.74,833.13,0.989914,28.3406,2
2026-01-01 14:00:00,0,1,LB-05,50.104,20.3695,27.0,831.58,0.989654,20.1588,2
2026-01-01 14:00:00,0,1,LB-06,45.11,25.0271,27.09,831.99,0.989583,24.7664,2
2026-01-01 14:00:00,0,1,LB-07,22.679,10.7968,26.34,832.39,0.990245,10.6915,1
2026-01-01 14:00:00,0,1,LB-08,63.53,35.0023,26.74,832.37,0.989892,34.6485,3
2026-01-01 14:00:00,0,1,LB-09,53.59,27.7341,26.73,832.18,0.989903,27.4541,2
2026-01-01 14:00:00,0,1,LB-10,51.617,33.5281,26.76,831.85,0.989863,33.1883,3
2026-01-01 22:00:00,0,2,LB-01,41.869,6.0913,22.15,832.17,0.993851,6.0539,1
2026-01-01 22:00:00,0,2,LB-02,105.256,29.7198,22.09,832.34,0.993906,29.5387,2
2026-01-01 22:00:00,0,2,LB-03,142.051,13.3039,21.73,830.86,0.994195,13.2267,1
2026-01-01 22:00:00,0,2,LB-04,77.418,8.3272,22.18,831.83,0.993818,8.2757,1
2026-01-01 22:00:00,0,2,LB-05,66.318,16.2139,21.95,832.09,0.994021,16.117,1
2026-01-01 22:00:00,0,2,LB-06,63.109,17.9995,22.23,831.55,0.993772,17.8874,1
2026-01-01 22:00:00,0,2,LB-07,36.063,13.3848,21.56,832.15,0.994361,13.3093,1
2026-01-01 22:00:00,0,2,LB-08,85.007,21.4774,21.94,832.46,0.994038,21.3493,2
2026-01-01 22:00:00,0,2,LB-09,63.92,10.3305,22.28,832.66,0.993743,10.2658,1
2026-01-01 22:00:00,0,2,LB-10,64.959,13.3418,21.59,832.42,0.994338,13.2662,1
2026-01-02 06:00:00,1,0,LB-01,62.493,20.6235,20.52,831.45,0.995246,20.5254,2
2026-01-02 06:00:00,1,0,LB-02,115.49,10.2343,20.87,832.12,0.994948,10.1826,1
2026-01-02 06:00:00,1,0,LB-03,186.679,44.6273,20.92,831.67,0.994899,44.3996,4
2026-01-02 06:00:00,1,0,LB-04,109.66,32.2416,20.74,832.36,0.995068,32.0826,3
2026-01-02 06:00:00,1,0,LB-05,75.991,9.6728,20.72,832.51,0.995082,9.6252,1
2026-01-02 06:00:00,1,0,LB-06,87.539,24.4295,20.91,830.76,0.994899,24.3049,2
2026-01-02 06:00:00,1,0,LB-07,57.174,21.1105,20.91,831.2,0.99491,21.0031,2
2026-01-02 06:00:00,1,0,LB-08,119.829,34.8214,21.16,832.34,0.994704,34.637,3
2026-01-02 06:00:00,1,0,LB-09,77.791,13.8712,20.38,831.38,0.995365,13.8069,1
2026-01-02 06:00:00,1,0,LB-10,96.686,31.7274,20.62,832.53,0.995176,31.5744,3
2026-01-02 14:00:00,1,1,LB-01,77.972,15.4796,27.41,831.64,0.989299,15.3139,1
2026-01-02 14:00:00,1,1,LB-02,133.844,18.354,27.93,831.95,0.988861,18.1495,2
2026-01-02 14:00:00,1,1,LB-03,205.541,18.8623,27.2,831.6,0.98948,18.6638,2
2026-01-02 14:00:00,1,1,LB-04,135.106,25.4469,27.53,832.48,0.98922,25.1726,2
2026-01-02 14:00:00,1,1,LB-05,108.3,32.309,27.3,831.74,0.989395,31.9664,3
2026-01-02 14:00:00,1,1,LB-06,105.182,17.6437,26.95,831.95,0.989701,17.462,1
2026-01-02 14:00:00,1,1,LB-07,93.621,36.4472,27.91,832.26,0.988886,36.0422,3
2026-01-02 14:00:00,1,1,LB-08,169.781,49.9518,28.01,831.51,0.988775,49.3911,4
2026-01-02 14:00:00,1,1,LB-09,111.237,33.4463,27.83,832.23,0.988953,33.0769,3
2026-01-02 14:00:00,1,1,LB-10,133.233,36.547,27.95,832.26,0.988846,36.1393,3
2026-01-02 22:00:00,1,2,LB-01,106.99,29.0176,22.9,831.75,0.993198,28.8202,2
2026-01-02 22:00:00,1,2,LB-02,145.881,12.0367,23.23,831.7,0.992911,11.9513,1
2026-01-02 22:00:00,1,2,LB-03,229.336,23.7954,22.57,831.51,0.993474,23.6401,2
2026-01-02 22:00:00,1,2,LB-04,150.392,15.2859,22.71,832.04,0.993364,15.1844,1
2026-01-02 22:00:00,1,2,LB-05,130.917,22.617,22.7,832.24,0.993379,22.4672,2
2026-01-02 22:00:00,1,2,LB-06,130.985,25.8024,22.43,832.21,0.99361,25.6376,2
2026-01-02 22:00:00,1,2,LB-07,106.584,12.9633,22.86,832.43,0.993242,12.8757,1
2026-01-02 22:00:00,1,2,LB-08,194.41,24.6299,22.78,832.31,0.993313,24.4652,2
2026-01-02 22:00:00,1,2,LB-09,123.123,11.8858,22.48,832.13,0.993568,11.8094,1
2026-01-02 22:00:00,1,2,LB-10,145.92,12.6866,22.6,831.65,0.993453,12.6035,1
2026-01-03 06:00:00,2,0,LB-01,116.037,9.0468,20.54,832.18,0.995235,9.0037,1
2026-01-03 06:00:00,2,0,LB-02,162.108,16.2278,20.71,832.65,0.995098,16.1482,1
2026-01-03 06:00:00,2,0,LB-03,271.858,42.5221,20.58,831.47,0.995191,42.3176,4
2026-01-03 06:00:00,2,0,LB-04,185.381,34.9883,21.04,833.82,0.994827,34.8073,3
2026-01-03 06:00:00,2,0,LB-05,151.079,20.1629,21.01,831.49,0.994824,20.0585,2
2026-01-03 06:00:00,2,0,LB-06,143.988,13.0035,21.01,832.49,0.994839,12.9364,1
2026-01-03 06:00:00,2,0,LB-07,138.238,31.6539,20.94,832.67,0.994896,31.4923,3
2026-01-03 06:00:00,2,0,LB-08,205.595,11.1844,20.89,831.38,0.994926,11.1276,1
2026-01-03 06:00:00,2,0,LB-09,163.336,40.2125,20.66,832.97,0.995142,40.0171,3
2026-01-03 06:00:00,2,0,LB-10,164.048,18.1286,20.24,831.86,0.995492,18.0469,2
2026-01-03 14:00:00,2,1,LB-01,166.667,50.63,27.69,832.88,0.989086,50.0775,4
2026-01-03 14:00:00,2,1,LB-02,193.053,30.9451,27.92,831.89,0.988862,30.6004,3
2026-01-03 14:00:00,2,1,LB-03,313.073,41.2147,27.84,832.6,0.988956,40.7595,3
2026-01-03 14:00:00,2,1,LB-04,204.601,19.2209,28.37,832.09,0.988478,18.9994,2
2026-01-03 14:00:00,2,1,LB-05,181.787,30.7072,27.54,831.83,0.989191,30.3753,3
2026-01-03 14:00:00,2,1,LB-06,182.358,38.3699,27.95,833.14,0.988874,37.943,3
2026-01-03 14:00:00,2,1,LB-07,154.347,16.1085,27.65,831.29,0.989078,15.9325,1
2026-01-03 14:00:00,2,1,LB-08,239.025,33.4299,28.05,831.73,0.988747,33.0538,3
2026-01-03 14:00:00,2,1,LB-09,182.517,19.1813,28.22,833.15,0.988638,18.9634,2
2026-01-03 14:00:00,2,1,LB-10,182.139,18.0907,27.62,831.79,0.989118,17.8938,1
2026-01-03 22:00:00,2,2,LB-01,179.208,12.5415,22.33,832.09,0.993696,12.4624,1
2026-01-03 22:00:00,2,2,LB-02,215.608,22.5549,22.24,831.75,0.993765,22.4143,2
2026-01-03 22:00:00,2,2,LB-03,331.593,18.5194,21.76,832.84,0.994197,18.4119,2
2026-01-03 22:00:00,2,2,LB-04,209.44,4.838,21.86,832.61,0.994105,4.8095,0
2026-01-03 22:00:00,2,2,LB-05,203.305,21.5183,22.31,832.21,0.993711,21.383,2
2026-01-03 22:00:00,2,2,LB-06,198.664,16.3058,21.98,831.7,0.993986,16.2077,1
2026-01-03 22:00:00,2,2,LB-07,187.002,32.655,22.1,831.13,0.993878,32.4551,3
2026-01-03 22:00:00,2,2,LB-08,258.711,19.6862,22.2,831.5,0.993799,19.5641,2
2026-01-03 22:00:00,2,2,LB-09,198.019,15.5015,22.36,832.46,0.993677,15.4035,1
2026-01-03 22:00:00,2,2,LB-10,194.555,12.4157,22.02,831.66,0.993959,12.3407,1
2026-01-04 06:00:00,3,0,LB-01,198.564,19.3561,19.95,832.69,0.995749,19.2738,2
2026-01-04 06:00:00,3,0,LB-02,226.787,11.179,19.7,832.76,0.995967,11.1339,1
2026-01-04 06:00:00,3,0,LB-03,375.962,44.3694,19.53,831.79,0.996106,44.1966,4
2026-01-04 06:00:00,3,0,LB-04,232.031,22.5919,19.86,832.73,0.995827,22.4976,2
2026-01-04 06:00:00,3,0,LB-05,226.743,23.4382,19.61,831.02,0.996025,23.345,2
2026-01-04 06:00:00,3,0,LB-06,220.936,22.2717,19.28,830.93,0.996314,22.1896,2
2026-01-04 06:00:00,3,0,LB-07,208.727,21.7249,19.84,831.91,0.995841,21.6346,2
2026-01-04 06:00:00,3,0,LB-08,285.014,26.3031,19.99,832.26,0.995713,26.1904,2
2026-01-04 06:00:00,3,0,LB-09,216.636,18.6173,20.35,831.21,0.995386,18.5314,2
2026-01-04 06:00:00,3,0,LB-10,235.093,40.5386,19.76,832.09,0.995909,40.3727,3
2026-01-04 14:00:00,3,1,LB-01,241.435,42.8705,27.36,833.17,0.989379,42.4151,4
2026-01-04 14:00:00,3,1,LB-02,258.015,31.2272,27.25,832.68,0.98946,30.8981,3
2026-01-04 14:00:00,3,1,LB-03,395.481,19.5194,27.5,831.91,0.989225,19.309,2
2026-01-04 14:00:00,3,1,LB-04,258.189,26.1575,27.26,833.02,0.989459,25.8818,2
2026-01-04 14:00:00,3,1,LB-05,245.305,18.5621,27.2,832.84,0.989515,18.3674,2
2026-01-04 14:00:00,3,1,LB-06,239.316,18.3806,26.94,832.08,0.989717,18.1916,2
2026-01-04 14:00:00,3,1,LB-07,245.637,36.9105,27.14,831.64,0.989528,36.524,3
2026-01-04 14:00:00,3,1,LB-08,306.253,21.2389,26.79,832.08,0.989842,21.0232,2
2026-01-04 14:00:00,3,1,LB-09,256.123,39.4872,27.36,831.82,0.989346,39.0664,3
2026-01-04 14:00:00,3,1,LB-10,249.148,14.0545,26.94,833.31,0.989747,13.9104,1
2026-01-04 22:00:00,3,2,LB-01,252.152,10.7168,22.39,832.2,0.993641,10.6487,1
2026-01-04 22:00:00,3,2,LB-02,268.103,10.0889,22.21,832.48,0.993805,10.0264,1
2026-01-04 22:00:00,3,2,LB-03,405.559,10.078,22.84,832.01,0.993249,10.01,1
2026-01-04 22:00:00,3,2,LB-04,267.84,9.6514,22.38,832.59,0.993661,9.5903,1
2026-01-04 22:00:00,3,2,LB-05,256.649,11.3439,22.72,832.22,0.993357,11.2686,1
2026-01-04 22:00:00,3,2,LB-06,264.214,24.8974,22.83,832.56,0.993273,24.7299,2
2026-01-04 22:00:00,3,2,LB-07,261.314,15.677,22.94,831.03,0.993148,15.5696,1
2026-01-04 22:00:00,3,2,LB-08,316.942,10.6893,22.56,832.59,0.993507,10.6199,1
2026-01-04 22:00:00,3,2,LB-09,266.414,10.291,22.58,831.86,0.993478,10.2239,1
2026-01-04 22:00:00,3,2,LB-10,269.951,20.8032,22.46,831.64,0.993573,20.6695,2
2026-01-05 06:00:00,4,0,LB-01,284.628,32.4761,19.57,831.3,0.996063,32.3482,3
2026-01-05 06:00:00,4,0,LB-02,305.405,37.3015,19.36,831.74,0.996247,37.1616,3
2026-01-05 06:00:00,4,0,LB-03,428.671,23.1115,19.3,833.09,0.996313,23.0263,2
2026-01-05 06:00:00,4,0,LB-04,294.306,26.4652,19.63,830.78,0.996007,26.3595,2
2026-01-05 06:00:00,4,0,LB-05,273.749,17.0998,19.77,831.8,0.995898,17.0297,1
2026-01-05 06:00:00,4,0,LB-06,310.23,46.0165,19.87,832.26,0.995818,45.8241,4
2026-01-05 06:00:00,4,0,LB-07,273.627,12.3128,19.76,832.65,0.995914,12.2625,1
2026-01-05 06:00:00,4,0,LB-08,336.961,20.0187,19.85,832.58,0.995834,19.9353,2
2026-01-05 06:00:00,4,0,LB-09,280.689,14.2746,19.9,831.38,0.995783,14.2144,1
2026-01-05 06:00:00,4,0,LB-10,300.55,30.5991,19.75,831.92,0.995917,30.4742,3
2026-01-05 14:00:00,4,1,LB-01,300.4,15.772,27.02,831.18,0.989626,15.6084,1
2026-01-05 14:00:00,4,1,LB-02,327.145,21.7396,27.47,830.85,0.989224,21.5054,2
2026-01-05 14:00:00,4,1,LB-03,443.99,15.3196,27.71,831.62,0.989036,15.1516,1
2026-01-05 14:00:00,4,1,LB-04,320.474,26.1689,27.79,832.63,0.988999,25.881,2
2026-01-05 14:00:00,4,1,LB-05,298.647,24.8984,27.24,832.32,0.989466,24.6361,2
2026-01-05 14:00:00,4,1,LB-06,339.466,29.2356,27.5,831.25,0.989207,28.92,2
2026-01-05 14:00:00,4,1,LB-07,301.78,28.1529,27.75,831.57,0.989003,27.8433,2
2026-01-05 14:00:00,4,1,LB-08,370.841,33.8797,27.49,832.2,0.989241,33.5152,3
2026-01-05 14:00:00,4,1,LB-09,303.722,23.0338,27.9,831.88,0.988881,22.7777,2
2026-01-05 14:00:00,4,1,LB-10,315.03,14.4803,27.52,831.72,0.989204,14.324,1
2026-01-05 22:00:00,4,2,LB-01,314.961,14.5612,21.5,831.64,0.994401,14.4796,1
2026-01-05 22:00:00,4,2,LB-02,336.105,8.9599,21.17,831.95,0.994693,8.9124,1
2026-01-05 22:00:00,4,2,LB-03,458.127,14.1368,21.32,831.97,0.994566,14.06,1
2026-01-05 22:00:00,4,2,LB-04,336.904,16.4299,20.83,832.17,0.994991,16.3476,1
2026-01-05 22:00:00,4,2,LB-05,316.478,17.8305,20.49,832.21,0.995281,17.7463,1
2026-01-05 22:00:00,4,2,LB-06,356.235,16.7694,21.11,832.53,0.994747,16.6813,1
2026-01-05 22:00:00,4,2,LB-07,317.094,15.3135,21.6,832.51,0.994328,15.2266,1
2026-01-05 22:00:00,4,2,LB-08,396.938,26.0972,21.35,831.84,0.994534,25.9545,2
2026-01-05 22:00:00,4,2,LB-09,319.8,16.0774,21.21,831.83,0.994656,15.9914,1
2026-01-05 22:00:00,4,2,LB-10,322.17,7.1391,21.47,832.69,0.994447,7.0995,1
2026-01-06 06:00:00,5,0,LB-01,343.216,28.2551,19.63,832.36,0.996021,28.1427,2
2026-01-06 06:00:00,5,0,LB-02,368.24,32.1352,19.66,832.15,0.995992,32.0064,3
2026-01-06 06:00:00,5,0,LB-03,493.701,35.5741,19.67,831.32,0.995975,35.4309,3
2026-01-06 06:00:00,5,0,LB-04,359.899,22.9942,19.63,832.68,0.996026,22.9029,2
2026-01-06 06:00:00,5,0,LB-05,340.51,24.0316,19.67,832.05,0.995989,23.9352,2
2026-01-06 06:00:00,5,0,LB-06,387.958,31.7224,19.43,833.0,0.996196,31.6017,3
2026-01-06 06:00:00,5,0,LB-07,340.978,23.8848,19.58,832.4,0.996061,23.7907,2
2026-01-06 06:00:00,5,0,LB-08,408.762,11.824,20.04,832.82,0.995675,11.7728,1
2026-01-06 06:00:00,5,0,LB-09,356.378,36.5782,19.77,831.13,0.99589,36.4279,3
2026-01-06 06:00:00,5,0,LB-10,345.955,23.7849,19.64,831.37,0.996001,23.6898,2
2026-01-06 14:00:00,5,1,LB-01,373.883,30.6672,26.88,831.84,0.989761,30.3532,3
2026-01-06 14:00:00,5,1,LB-02,397.081,28.8416,27.5,832.08,0.989236,28.5312,2
2026-01-06 14:00:00,5,1,LB-03,511.428,17.7263,26.99,831.88,0.989668,17.5432,1
2026-01-06 14:00:00,5,1,LB-04,410.031,50.132,27.24,832.58,0.989472,49.6041,4
2026-01-06 14:00:00,5,1,LB-05,361.626,21.1169,26.89,833.05,0.989782,20.9012,2
2026-01-06 14:00:00,5,1,LB-06,430.343,42.385,26.76,831.03,0.989844,41.9545,3
2026-01-06 14:00:00,5,1,LB-07,360.799,19.8211,27.09,831.6,0.989575,19.6144,2
2026-01-06 14:00:00,5,1,LB-08,440.601,31.8393,26.89,831.78,0.989755,31.5131,3
2026-01-06 14:00:00,5,1,LB-09,380.942,24.5641,27.18,832.26,0.989509,24.3064,2
2026-01-06 14:00:00,5,1,LB-10,376.084,30.1292,27.22,831.39,0.989456,29.8115,2
2026-01-06 22:00:00,5,2,LB-01,382.62,8.7369,21.22,831.5,0.994645,8.6901,1
2026-01-06 22:00:00,5,2,LB-02,422.813,25.7318,21.84,833.22,0.994134,25.5808,2
2026-01-06 22:00:00,5,2,LB-03,530.642,19.2142,21.62,833.07,0.994321,19.1051,2
2026-01-06 22:00:00,5,2,LB-04,434.487,24.4568,21.63,831.91,0.99429,24.3172,2
2026-01-06 22:00:00,5,2,LB-05,370.926,9.2991,21.49,831.46,0.994406,9.2471,1
2026-01-06 22:00:00,5,2,LB-06,445.636,15.2935,21.47,831.76,0.99443,15.2083,1
2026-01-06 22:00:00,5,2,LB-07,375.438,14.6383,21.56,831.97,0.994359,14.5557,1
2026-01-06 22:00:00,5,2,LB-08,457.002,16.4005,21.64,831.47,0.994279,16.3067,1
2026-01-06 22:00:00,5,2,LB-09,390.607,9.6654,21.44,832.18,0.994458,9.6118,1
2026-01-06 22:00:00,5,2,LB-10,388.656,12.5726,21.65,831.82,0.994276,12.5006,1
2026-01-07 06:00:00,6,0,LB-01,420.028,37.408,22.8,832.21,0.993292,37.1571,3
2026-01-07 06:00:00,6,0,LB-02,450.046,27.2324,22.64,832.03,0.993425,27.0534,2
2026-01-07 06:00:00,6,0,LB-03,573.253,42.6107,22.73,831.96,0.99335,42.3273,4
2026-01-07 06:00:00,6,0,LB-04,464.896,30.4084,22.59,831.71,0.99346,30.2096,3
2026-01-07 06:00:00,6,0,LB-05,391.312,20.3866,22.89,832.26,0.99321,20.2482,2
2026-01-07 06:00:00,6,0,LB-06,461.718,16.0815,22.63,832.78,0.993443,15.976,1
2026-01-07 06:00:00,6,0,LB-07,401.325,25.8874,22.87,831.97,0.993223,25.712,2
2026-01-07 06:00:00,6,0,LB-08,470.433,13.4314,22.51,832.0,0.993536,13.3446,1
2026-01-07 06:00:00,6,0,LB-09,432.925,42.3179,22.44,831.66,0.99359,42.0466,4
2026-01-07 06:00:00,6,0,LB-10,401.375,12.7192,22.56,831.16,0.993482,12.6363,1
2026-01-07 14:00:00,6,1,LB-01,443.222,23.1934,26.66,831.96,0.989954,22.9604,2
2026-01-07 14:00:00,6,1,LB-02,472.613,22.5671,26.67,832.12,0.989952,22.3403,2
2026-01-07 14:00:00,6,1,LB-03,594.12,20.8672,26.57,831.39,0.990015,20.6588,2
2026-01-07 14:00:00,6,1,LB-04,496.984,32.0883,26.81,832.0,0.989822,31.7617,3
2026-01-07 14:00:00,6,1,LB-05,442.13,50.8178,26.45,832.43,0.990146,50.317,4
2026-01-07 14:00:00,6,1,LB-06,480.551,18.8339,26.47,831.83,0.990113,18.6477,2
2026-01-07 14:00:00,6,1,LB-07,448.948,47.6233,26.85,830.59,0.989759,47.1356,4
2026-01-07 14:00:00,6,1,LB-08,496.116,25.683,26.76,832.69,0.989884,25.4232,2
2026-01-07 14:00:00,6,1,LB-09,443.621,10.6956,26.26,832.07,0.990301,10.5919,1
2026-01-07 14:00:00,6,1,LB-10,422.855,21.4792,26.46,832.42,0.990137,21.2673,2
2026-01-07 22:00:00,6,2,LB-01,454.301,11.0792,22.27,832.0,0.99374,11.0098,1
2026-01-07 22:00:00,6,2,LB-02,487.931,15.3188,22.47,832.73,0.993582,15.2205,1
2026-01-07 22:00:00,6,2,LB-03,621.72,27.5999,22.68,831.13,0.993381,27.4172,2
2026-01-07 22:00:00,6,2,LB-04,516.943,19.9584,22.8,831.62,0.993284,19.8244,2
2026-01-07 22:00:00,6,2,LB-05,455.912,13.7824,22.74,831.72,0.993335,13.6905,1
2026-01-07 22:00:00,6,2,LB-06,493.889,13.3376,22.87,832.1,0.99323,13.2473,1
2026-01-07 22:00:00,6,2,LB-07,464.163,15.2147,22.63,830.81,0.993419,15.1146,1
2026-01-07 22:00:00,6,2,LB-08,520.414,24.2981,22.68,832.01,0.99339,24.1375,2
2026-01-07 22:00:00,6,2,LB-09,462.221,18.6003,22.68,831.33,0.993379,18.4771,2
2026-01-07 22:00:00,6,2,LB-10,436.653,13.7979,22.85,832.49,0.99325,13.7047,1
2026-01-08 06:00:00,7,0,LB-01,474.184,19.8836,19.46,831.23,0.996161,19.8073,2
2026-01-08 06:00:00,7,0,LB-02,525.853,37.9217,18.99,831.5,0.996563,37.7914,3
2026-01-08 06:00:00,7,0,LB-03,640.536,18.816,19.33,833.48,0.996293,18.7463,2
2026-01-08 06:00:00,7,0,LB-04,556.995,40.052,19.3,832.39,0.996307,39.9041,3
2026-01-08 06:00:00,7,0,LB-05,481.102,25.1897,19.38,832.35,0.996234,25.0948,2
2026-01-08 06:00:00,7,0,LB-06,520.172,26.2833,19.25,832.11,0.996343,26.1872,2
2026-01-08 06:00:00,7,0,LB-07,487.054,22.8913,19.22,832.51,0.996373,22.8082,2
2026-01-08 06:00:00,7,0,LB-08,539.791,19.3764,19.49,831.95,0.996139,19.3016,2
2026-01-08 06:00:00,7,0,LB-09,476.566,14.3444,18.99,832.88,0.996575,14.2953,1
2026-01-08 06:00:00,7,0,LB-10,468.728,32.075,19.46,831.88,0.996164,31.952,3
2026-01-08 14:00:00,7,1,LB-01,485.63,11.4461,27.23,831.82,0.989455,11.3254,1
2026-01-08 14:00:00,7,1,LB-02,541.025,15.172,27.09,831.71,0.98958,15.0139,1
2026-01-08 14:00:00,7,1,LB-03,656.267,15.7315,26.91,832.03,0.989738,15.57,1
2026-01-08 14:00:00,7,1,LB-04,613.132,56.1377,27.47,832.02,0.989258,55.5346,5
2026-01-08 14:00:00,7,1,LB-05,516.488,35.3856,27.3,832.18,0.98941,35.0109,3
2026-01-08 14:00:00,7,1,LB-06,548.02,27.8472,27.0,832.07,0.98966,27.5593,2
2026-01-08 14:00:00,7,1,LB-07,520.824,33.7692,27.14,830.47,0.989499,33.4146,3
2026-01-08 14:00:00,7,1,LB-08,577.563,37.7729,27.06,831.23,0.989587,37.3796,3
2026-01-08 14:00:00,7,1,LB-09,488.502,11.9362,26.96,831.52,0.989687,11.8131,1
2026-01-08 14:00:00,7,1,LB-10,487.191,18.4637,27.1,830.54,0.989537,18.2705,2
2026-01-08 22:00:00,7,2,LB-01,502.79,17.1594,22.6,831.14,0.993445,17.047,1
2026-01-08 22:00:00,7,2,LB-02,558.606,17.5813,22.47,832.24,0.99358,17.4685,1
2026-01-08 22:00:00,7,2,LB-03,673.149,16.8823,22.8,831.34,0.993275,16.7687,1
2026-01-08 22:00:00,7,2,LB-04,622.679,9.5467,22.93,832.21,0.993182,9.4816,1
2026-01-08 22:00:00,7,2,LB-05,535.886,19.398,22.68,831.67,0.993383,19.2696,2
2026-01-08 22:00:00,7,2,LB-06,578.54,30.5205,22.55,833.63,0.993532,30.3231,3
2026-01-08 22:00:00,7,2,LB-07,535.403,14.5794,22.64,832.6,0.993436,14.4837,1
2026-01-08 22:00:00,7,2,LB-08,585.985,8.4217,22.31,830.64,0.993688,8.3686,1
2026-01-08 22:00:00,7,2,LB-09,508.936,20.4346,22.68,832.08,0.993391,20.2996,2
2026-01-08 22:00:00,7,2,LB-10,507.381,20.1895,22.47,833.13,0.993588,20.0601,2
2026-01-09 06:00:00,8,0,LB-01,523.947,21.1576,19.63,832.06,0.996017,21.0733,2
2026-01-09 06:00:00,8,0,LB-02,572.357,13.7501,18.97,830.81,0.996573,13.703,1
2026-01-09 06:00:00,8,0,LB-03,699.998,26.8482,19.38,832.22,0.996233,26.7471,2
2026-01-09 06:00:00,8,0,LB-04,641.229,18.5499,19.3,831.91,0.996305,18.4814,2
2026-01-09 06:00:00,8,0,LB-05,562.845,26.9596,19.49,831.31,0.996135,26.8554,2
2026-01-09 06:00:00,8,0,LB-06,603.924,25.3842,19.08,832.11,0.996495,25.2952,2
2026-01-09 06:00:00,8,0,LB-07,558.995,23.5923,18.97,832.26,0.996586,23.5118,2
2026-01-09 06:00:00,8,0,LB-08,600.926,14.9405,19.39,832.8,0.996233,14.8842,1
2026-01-09 06:00:00,8,0,LB-09,539.893,30.9561,18.97,833.24,0.996599,30.8509,3
2026-01-09 06:00:00,8,0,LB-10,537.904,30.5232,19.14,831.15,0.996436,30.4144,3
2026-01-09 14:00:00,8,1,LB-01,550.693,26.7458,25.57,832.19,0.990903,26.5025,2
2026-01-09 14:00:00,8,1,LB-02,620.233,47.8761,25.91,831.25,0.990585,47.4253,4
2026-01-09 14:00:00,8,1,LB-03,736.843,36.8457,25.57,832.99,0.990915,36.511,3
2026-01-09 14:00:00,8,1,LB-04,672.761,31.5322,25.62,832.8,0.990876,31.2445,3
2026-01-09 14:00:00,8,1,LB-05,576.792,13.9471,25.44,831.49,0.990997,13.8215,1
2026-01-09 14:00:00,8,1,LB-06,631.96,28.0363,25.42,832.72,0.99104,27.7851,2
2026-01-09 14:00:00,8,1,LB-07,573.948,14.9529,25.11,831.99,0.991298,14.8228,1
2026-01-09 14:00:00,8,1,LB-08,614.322,13.3962,26.47,831.32,0.990102,13.2636,1
2026-01-09 14:00:00,8,1,LB-09,558.937,19.0445,26.07,832.35,0.990477,18.8631,2
2026-01-09 14:00:00,8,1,LB-10,582.913,45.0087,26.08,832.41,0.990467,44.5796,4
2026-01-09 22:00:00,8,2,LB-01,561.052,10.3585,21.98,831.83,0.993991,10.2962,1
2026-01-09 22:00:00,8,2,LB-02,631.685,11.4523,21.59,832.56,0.994341,11.3875,1
2026-01-09 22:00:00,8,2,LB-03,753.958,17.1145,22.2,832.18,0.993806,17.0084,1
2026-01-09 22:00:00,8,2,LB-04,694.487,21.726,21.91,831.38,0.994049,21.5968,2
2026-01-09 22:00:00,8,2,LB-05,593.641,16.8488,21.87,833.31,0.994107,16.7495,1
2026-01-09 22:00:00,8,2,LB-06,645.492,13.5317,22.09,831.35,0.993891,13.449,1
2026-01-09 22:00:00,8,2,LB-07,595.634,21.6855,21.99,832.44,0.993989,21.5551,2
2026-01-09 22:00:00,8,2,LB-08,623.914,9.5921,21.82,831.67,0.994125,9.5357,1
2026-01-09 22:00:00,8,2,LB-09,568.105,9.1682,21.93,832.46,0.994048,9.1136,1
2026-01-09 22:00:00,8,2,LB-10,603.164,20.2513,22.25,833.09,0.993777,20.1253,2
2026-01-10 06:00:00,9,0,LB-01,598.462,37.4105,20.82,831.3,0.994984,37.2228,3
2026-01-10 06:00:00,9,0,LB-02,644.054,12.3686,20.84,831.57,0.994967,12.3064,1
2026-01-10 06:00:00,9,0,LB-03,770.229,16.271,20.4,831.79,0.995355,16.1954,1
2026-01-10 06:00:00,9,0,LB-04,721.448,26.9608,20.63,832.31,0.995164,26.8304,2
2026-01-10 06:00:00,9,0,LB-05,604.569,10.9284,20.69,832.54,0.995111,10.8749,1
2026-01-10 06:00:00,9,0,LB-06,670.646,25.154,20.28,831.68,0.995458,25.0397,2
2026-01-10 06:00:00,9,0,LB-07,637.497,41.8628,20.01,831.73,0.995686,41.6823,3
2026-01-10 06:00:00,9,0,LB-08,642.021,18.1072,20.78,831.55,0.995022,18.0171,2
2026-01-10 06:00:00,9,0,LB-09,581.705,13.5993,20.46,830.83,0.995287,13.5352,1
2026-01-10 06:00:00,9,0,LB-10,625.417,22.2532,20.19,831.69,0.995535,22.1539,2
2026-01-10 14:00:00,9,1,LB-01,644.691,46.2286,27.73,831.57,0.989023,45.7212,4
2026-01-10 14:00:00,9,1,LB-02,693.144,49.0903,27.21,832.57,0.989492,48.5744,4
2026-01-10 14:00:00,9,1,LB-03,782.675,12.4466,27.19,831.02,0.989474,12.3156,1
2026-01-10 14:00:00,9,1,LB-04,762.57,41.1223,27.19,832.36,0.989507,40.6908,3
2026-01-10 14:00:00,9,1,LB-05,633.66,29.091,27.38,831.38,0.989319,28.7803,2
2026-01-10 14:00:00,9,1,LB-06,695.001,24.3548,27.22,831.64,0.989466,24.0983,2
2026-01-10 14:00:00,9,1,LB-07,684.162,46.6656,27.44,831.75,0.989279,46.1652,4
2026-01-10 14:00:00,9,1,LB-08,667.222,25.2009,27.42,831.38,0.98928,24.9307,2
2026-01-10 14:00:00,9,1,LB-09,602.299,20.5941,27.67,832.83,0.989107,20.3698,2
2026-01-10 14:00:00,9,1,LB-10,638.07,12.6529,27.18,832.27,0.989515,12.5203,1
2026-01-10 22:00:00,9,2,LB-01,664.577,19.8861,22.4,831.99,0.993635,19.7596,2
2026-01-10 22:00:00,9,2,LB-02,707.594,14.4501,22.38,832.78,0.993663,14.3585,1
2026-01-10 22:00:00,9,2,LB-03,797.831,15.1555,21.82,831.38,0.994122,15.0664,1
2026-01-10 22:00:00,9,2,LB-04,768.567,5.9966,22.08,832.19,0.993914,5.9601,0
2026-01-10 22:00:00,9,2,LB-05,653.444,19.7839,22.7,832.31,0.993381,19.653,2
2026-01-10 22:00:00,9,2,LB-06,708.027,13.0256,22.41,832.03,0.993626,12.9426,1
2026-01-10 22:00:00,9,2,LB-07,705.058,20.8959,22.45,831.89,0.993587,20.7619,2
2026-01-10 22:00:00,9,2,LB-08,685.076,17.8543,22.33,831.7,0.993689,17.7416,1
2026-01-10 22:00:00,9,2,LB-09,621.245,18.9465,22.33,831.26,0.993685,18.8269,2
2026-01-10 22:00:00,9,2,LB-10,654.909,16.8393,22.2,833.36,0.993823,16.7353,1
2026-01-11 06:00:00,10,0,LB-01,705.34,40.7628,20.61,831.8,0.995169,40.5659,3
2026-01-11 06:00:00,10,0,LB-02,728.887,21.2929,20.73,831.78,0.995071,21.188,2
2026-01-11 06:00:00,10,0,LB-03,818.616,20.7855,20.78,832.46,0.995032,20.6822,2
2026-01-11 06:00:00,10,0,LB-04,786.074,17.5073,20.62,832.24,0.995173,17.4228,1
2026-01-11 06:00:00,10,0,LB-05,694.688,41.2434,20.75,830.92,0.995042,41.039,3
2026-01-11 06:00:00,10,0,LB-06,722.733,14.7062,20.5,832.02,0.995273,14.6366,1
2026-01-11 06:00:00,10,0,LB-07,737.711,32.6525,20.75,831.82,0.995053,32.491,3
2026-01-11 06:00:00,10,0,LB-08,708.701,23.6246,20.38,831.16,0.995363,23.515,2
2026-01-11 06:00:00,10,0,LB-09,633.234,11.9892,20.53,832.14,0.995249,11.9322,1
2026-01-11 06:00:00,10,0,LB-10,668.631,13.7214,20.16,831.76,0.995559,13.6605,1
2026-01-11 14:00:00,10,1,LB-01,723.784,18.4443,27.71,832.02,0.989047,18.2423,2
2026-01-11 14:00:00,10,1,LB-02,744.818,15.9313,27.62,831.94,0.989121,15.758,1
2026-01-11 14:00:00,10,1,LB-03,843.047,24.4309,27.41,831.69,0.989298,24.1694,2
2026-01-11 14:00:00,10,1,LB-04,812.03,25.9559,27.45,831.74,0.989263,25.6772,2
2026-01-11 14:00:00,10,1,LB-05,719.588,24.9002,27.32,833.16,0.989415,24.6366,2
2026-01-11 14:00:00,10,1,LB-06,745.387,22.6539,27.66,831.56,0.989084,22.4066,2
2026-01-11 14:00:00,10,1,LB-07,758.544,20.8337,27.63,832.46,0.98913,20.6072,2
2026-01-11 14:00:00,10,1,LB-08,729.83,21.129,27.66,831.33,0.989075,20.8981,2
2026-01-11 14:00:00,10,1,LB-09,679.847,46.6123,27.73,831.16,0.989007,46.0999,4
2026-01-11 14:00:00,10,1,LB-10,685.685,17.0545,27.55,831.15,0.989165,16.8697,1
2026-01-11 22:00:00,10,2,LB-01,741.891,18.1074,21.9,831.72,0.994057,17.9998,1
2026-01-11 22:00:00,10,2,LB-02,764.89,20.0721,21.51,831.67,0.994394,19.9595,2
2026-01-11 22:00:00,10,2,LB-03,862.597,19.55,21.99,831.76,0.993986,19.4324,2
2026-01-11 22:00:00,10,2,LB-04,829.83,17.8005,22.02,832.73,0.993972,17.6932,1
2026-01-11 22:00:00,10,2,LB-05,736.941,17.3529,21.6,831.35,0.99431,17.2542,1
2026-01-11 22:00:00,10,2,LB-06,757.481,12.0947,21.85,831.58,0.994104,12.0234,1
2026-01-11 22:00:00,10,2,LB-07,772.131,13.5866,21.82,831.89,0.99413,13.5068,1
2026-01-11 22:00:00,10,2,LB-08,748.462,18.6323,21.59,832.88,0.994341,18.5269,2
2026-01-11 22:00:00,10,2,LB-09,703.74,23.8936,21.77,832.38,0.994179,23.7545,2
2026-01-11 22:00:00,10,2,LB-10,692.904,7.2185,21.56,831.14,0.994341,7.1776,1
2026-01-12 06:00:00,11,0,LB-01,786.802,44.9105,19.79,830.95,0.995868,44.7249,4
2026-01-12 06:00:00,11,0,LB-02,792.898,28.0078,20.04,831.98,0.995669,27.8865,2
2026-01-12 06:00:00,11,0,LB-03,882.618,20.021,20.0,832.09,0.995704,19.935,2
2026-01-12 06:00:00,11,0,LB-04,850.696,20.8655,19.81,832.27,0.995866,20.7792,2
2026-01-12 06:00:00,11,0,LB-05,759.293,22.3519,19.7,831.55,0.995952,22.2614,2
2026-01-12 06:00:00,11,0,LB-06,791.798,34.3171,19.43,831.97,0.996194,34.1865,3
2026-01-12 06:00:00,11,0,LB-07,800.835,28.7045,19.59,832.45,0.996062,28.5914,2
2026-01-12 06:00:00,11,0,LB-08,762.606,14.1437,19.92,831.75,0.995762,14.0837,1
2026-01-12 06:00:00,11,0,LB-09,722.601,18.8603,20.01,831.75,0.995685,18.7789,2
2026-01-12 06:00:00,11,0,LB-10,709.692,16.7878,19.51,831.79,0.996117,16.7226,1
2026-01-12 14:00:00,11,1,LB-01,815.266,28.4637,25.34,832.66,0.991111,28.2107,2
2026-01-12 14:00:00,11,1,LB-02,816.718,23.82,25.22,832.89,0.991217,23.6108,2
2026-01-12 14:00:00,11,1,LB-03,911.993,29.3747,25.6,831.56,0.990861,29.1063,2
2026-01-12 14:00:00,11,1,LB-04,866.262,15.5658,25.19,831.5,0.991216,15.429,1
2026-01-12 14:00:00,11,1,LB-05,804.805,45.5119,24.98,832.21,0.991408,45.1209,4
2026-01-12 14:00:00,11,1,LB-06,837.175,45.3764,25.59,832.21,0.990881,44.9626,4
2026-01-12 14:00:00,11,1,LB-07,822.033,21.1974,25.48,832.38,0.990985,21.0063,2
2026-01-12 14:00:00,11,1,LB-08,823.337,60.7315,25.52,831.86,0.990938,60.1812,5
2026-01-12 14:00:00,11,1,LB-09,758.714,36.1131,25.49,831.05,0.990946,35.7861,3
2026-01-12 14:00:00,11,1,LB-10,722.97,13.2786,25.34,832.34,0.991099,13.1605,1
2026-01-12 22:00:00,11,2,LB-01,826.133,10.8677,23.18,831.66,0.992951,10.7911,1
2026-01-12 22:00:00,11,2,LB-02,828.747,12.0288,23.22,832.5,0.992937,11.9438,1
2026-01-12 22:00:00,11,2,LB-03,934.034,22.0412,23.25,831.51,0.99289,21.8845,2
2026-01-12 22:00:00,11,2,LB-04,877.906,11.644,23.04,832.06,0.993084,11.5635,1
2026-01-12 22:00:00,11,2,LB-05,821.146,16.3412,23.2,830.39,0.992911,16.2253,1
2026-01-12 22:00:00,11,2,LB-06,853.316,16.1412,23.33,831.63,0.992826,16.0254,1
2026-01-12 22:00:00,11,2,LB-07,842.7,20.6674,23.4,831.27,0.992755,20.5177,2
2026-01-12 22:00:00,11,2,LB-08,832.743,9.406,23.4,832.34,0.992777,9.338,1
2026-01-12 22:00:00,11,2,LB-09,775.296,16.5819,22.91,832.31,0.993197,16.4691,1
2026-01-12 22:00:00,11,2,LB-10,734.824,11.8535,23.42,832.53,0.99276,11.7677,1
2026-01-13 06:00:00,12,0,LB-01,861.844,35.7105,20.99,831.73,0.994846,35.5265,3
2026-01-13 06:00:00,12,0,LB-02,855.536,26.7897,20.43,831.6,0.995322,26.6644,2
2026-01-13 06:00:00,12,0,LB-03,960.361,26.3267,20.91,832.17,0.99492,26.193,2
2026-01-13 06:00:00,12,0,LB-04,899.76,21.8541,20.73,831.86,0.995067,21.7463,2
2026-01-13 06:00:00,12,0,LB-05,837.546,16.4004,21.15,831.87,0.994704,16.3136,1
2026-01-13 06:00:00,12,0,LB-06,874.118,20.8017,20.76,832.99,0.99506,20.6989,2
2026-01-13 06:00:00,12,0,LB-07,877.768,35.0682,20.8,831.56,0.995009,34.8932,3
2026-01-13 06:00:00,12,0,LB-08,842.371,9.6278,21.31,831.69,0.994569,9.5755,1
2026-01-13 06:00:00,12,0,LB-09,791.293,15.9976,20.99,831.92,0.994847,15.9151,1
2026-01-13 06:00:00,12,0,LB-10,751.537,16.7131,20.95,831.03,0.994873,16.6274,1
2026-01-13 14:00:00,12,1,LB-01,887.367,25.5229,25.31,832.59,0.991138,25.2967,2
2026-01-13 14:00:00,12,1,LB-02,892.636,37.0992,25.19,832.16,0.991225,36.7737,3
2026-01-13 14:00:00,12,1,LB-03,980.51,20.1491,25.45,832.06,0.990999,19.9678,2
2026-01-13 14:00:00,12,1,LB-04,929.125,29.3652,25.64,831.07,0.99082,29.0956,2
2026-01-13 14:00:00,12,1,LB-05,880.756,43.2097,25.72,832.27,0.990771,42.8109,4
2026-01-13 14:00:00,12,1,LB-06,905.671,31.5534,25.72,833.05,0.990795,31.263,3
2026-01-13 14:00:00,12,1,LB-07,908.288,30.5193,25.56,832.57,0.990922,30.2423,3
2026-01-13 14:00:00,12,1,LB-08,881.66,39.289,25.76,830.57,0.990698,38.9235,3
2026-01-13 14:00:00,12,1,LB-09,811.837,20.5443,25.37,830.8,0.991046,20.3603,2
2026-01-13 14:00:00,12,1,LB-10,776.968,25.4312,25.76,832.48,0.990748,25.1959,2
2026-01-13 22:00:00,12,2,LB-01,901.024,13.6577,21.13,832.18,0.994731,13.5857,1
2026-01-13 22:00:00,12,2,LB-02,920.98,28.3444,20.87,831.25,0.994938,28.201,2
2026-01-13 22:00:00,12,2,LB-03,1009.28,28.7699,21.15,831.96,0.99471,28.6178,2
2026-01-13 22:00:00,12,2,LB-04,953.021,23.8957,21.44,832.52,0.994466,23.7634,2
2026-01-13 22:00:00,12,2,LB-05,891.453,10.6969,20.88,832.32,0.994949,10.6429,1
2026-01-13 22:00:00,12,2,LB-06,922.646,16.9754,20.64,831.87,0.995145,16.8929,1
2026-01-13 22:00:00,12,2,LB-07,922.725,14.4374,20.99,831.93,0.994844,14.3629,1
2026-01-13 22:00:00,12,2,LB-08,890.063,8.403,21.01,832.1,0.994832,8.3596,1
2026-01-13 22:00:00,12,2,LB-09,823.041,11.2039,21.06,831.61,0.994784,11.1454,1
2026-01-13 22:00:00,12,2,LB-10,789.721,12.7528,20.66,831.09,0.995123,12.6906,1
2026-01-14 06:00:00,13,0,LB-01,932.284,31.2598,19.03,832.59,0.996544,31.1518,3
2026-01-14 06:00:00,13,0,LB-02,950.834,29.8542,18.97,831.86,0.996584,29.7522,2
2026-01-14 06:00:00,13,0,LB-03,1019.125,9.8455,18.74,832.14,0.996788,9.8139,1
2026-01-14 06:00:00,13,0,LB-04,981.376,28.3549,18.6,831.99,0.996908,28.2673,2
2026-01-14 06:00:00,13,0,LB-05,913.515,22.0621,18.76,830.95,0.996755,21.9905,2
2026-01-14 06:00:00,13,0,LB-06,955.173,32.5266,19.11,831.83,0.996466,32.4116,3
2026-01-14 06:00:00,13,0,LB-07,962.069,39.3438,18.57,831.67,0.996932,39.2231,3
2026-01-14 06:00:00,13,0,LB-08,897.929,7.8662,18.85,832.26,0.996691,7.8401,1
2026-01-14 06:00:00,13,0,LB-09,838.992,15.9504,18.53,832.34,0.996964,15.902,1
2026-01-14 06:00:00,13,0,LB-10,820.585,30.8641,18.84,833.14,0.996704,30.7624,3
2026-01-14 14:00:00,13,1,LB-01,965.998,33.7142,27.56,831.38,0.989163,33.3488,3
2026-01-14 14:00:00,13,1,LB-02,989.128,38.2937,27.63,832.29,0.989122,37.8771,3
2026-01-14 14:00:00,13,1,LB-03,1052.671,33.5453,27.42,832.0,0.989301,33.1864,3
2026-01-14 14:00:00,13,1,LB-04,1035.882,54.5062,27.22,831.17,0.989447,53.931,4
2026-01-14 14:00:00,13,1,LB-05,932.382,18.8674,27.75,831.64,0.989002,18.6599,2
2026-01-14 14:00:00,13,1,LB-06,972.276,17.1034,27.2,831.46,0.989472,16.9234,1
2026-01-14 14:00:00,13,1,LB-07,990.531,28.4619,27.08,832.54,0.989602,28.166,2
2026-01-14 14:00:00,13,1,LB-08,919.259,21.3294,26.93,832.47,0.989736,21.1104,2
2026-01-14 14:00:00,13,1,LB-09,874.954,35.9627,27.49,831.62,0.989225,35.5752,3
2026-01-14 14:00:00,13,1,LB-10,842.584,21.9986,27.9,830.93,0.988851,21.7533,2
2026-01-14 22:00:00,13,2,LB-01,985.015,19.0169,20.69,831.65,0.995104,18.9238,2
2026-01-14 22:00:00,13,2,LB-02,1000.33,11.2023,20.6,831.95,0.99518,11.1483,1
2026-01-14 22:00:00,13,2,LB-03,1076.635,23.9641,20.37,832.09,0.995381,23.8534,2
2026-01-14 22:00:00,13,2,LB-04,1041.632,5.7498,20.49,832.18,0.995283,5.7227,0
2026-01-14 22:00:00,13,2,LB-05,968.762,36.3793,20.63,831.88,0.99516,36.2032,3
2026-01-14 22:00:00,13,2,LB-06,979.946,7.67,20.9,832.08,0.994924,7.6311,1
2026-01-14 22:00:00,13,2,LB-07,1009.577,19.0456,20.7,832.09,0.995099,18.9523,2
2026-01-14 22:00:00,13,2,LB-08,927.826,8.5678,20.42,831.94,0.99534,8.5279,1
2026-01-14 22:00:00,13,2,LB-09,883.071,8.1168,20.88,832.43,0.994949,8.0758,1
2026-01-14 22:00:00,13,2,LB-10,864.508,21.9247,20.57,830.52,0.995189,21.8192,2
2026-01-15 06:00:00,14,0,LB-01,1031.866,46.8503,20.39,831.73,0.995363,46.633,4
2026-01-15 06:00:00,14,0,LB-02,1019.563,19.2332,20.82,832.5,0.995002,19.1371,2
2026-01-15 06:00:00,14,0,LB-03,1106.812,30.1776,20.65,831.9,0.99514,30.0309,3
2026-01-15 06:00:00,14,0,LB-04,1058.396,16.764,20.4,832.08,0.99536,16.6862,1
2026-01-15 06:00:00,14,0,LB-05,983.594,14.8325,20.43,832.44,0.995333,14.7632,1
2026-01-15 06:00:00,14,0,LB-06,994.22,14.2735,20.68,832.23,0.995115,14.2037,1
2026-01-15 06:00:00,14,0,LB-07,1033.359,23.7825,20.48,832.76,0.995295,23.6706,2
2026-01-15 06:00:00,14,0,LB-08,962.924,35.0976,20.71,831.94,0.995092,34.9254,3
2026-01-15 06:00:00,14,0,LB-09,902.821,19.7503,20.8,832.77,0.995019,19.6519,2
2026-01-15 06:00:00,14,0,LB-10,886.488,21.9803,20.61,831.66,0.995167,21.874,2
2026-01-15 14:00:00,14,1,LB-01,1060.239,28.3735,26.38,831.52,0.990184,28.095,2
2026-01-15 14:00:00,14,1,LB-02,1053.888,34.3248,26.81,832.31,0.989832,33.9758,3
2026-01-15 14:00:00,14,1,LB-03,1135.175,28.3626,26.75,832.14,0.989885,28.0757,2
2026-01-15 14:00:00,14,1,LB-04,1096.0,37.6041,26.65,832.41,0.989978,37.2272,3
2026-01-15 14:00:00,14,1,LB-05,1017.273,33.6788,26.56,833.27,0.990072,33.3444,3
2026-01-15 14:00:00,14,1,LB-06,1021.966,27.7461,26.94,831.5,0.989705,27.4604,2
2026-01-15 14:00:00,14,1,LB-07,1055.869,22.5104,26.31,831.12,0.990236,22.2906,2
2026-01-15 14:00:00,14,1,LB-08,1032.557,69.6327,26.26,830.76,0.990273,68.9553,6
2026-01-15 14:00:00,14,1,LB-09,935.134,32.3122,25.92,831.92,0.990592,32.0082,3
2026-01-15 14:00:00,14,1,LB-10,918.537,32.0481,26.55,831.3,0.990037,31.7288,3
2026-01-15 22:00:00,14,2,LB-01,1068.098,7.859,22.53,832.58,0.993529,7.8081,1
2026-01-15 22:00:00,14,2,LB-02,1069.727,15.8385,22.73,832.48,0.993353,15.7332,1
2026-01-15 22:00:00,14,2,LB-03,1164.483,29.308,22.61,832.07,0.993452,29.1161,2
2026-01-15 22:00:00,14,2,LB-04,1113.867,17.8677,22.32,832.2,0.993703,17.7552,1
2026-01-15 22:00:00,14,2,LB-05,1031.152,13.8793,22.44,831.09,0.993588,13.7903,1
2026-01-15 22:00:00,14,2,LB-06,1041.448,19.482,22.26,831.71,0.993753,19.3603,2
2026-01-15 22:00:00,14,2,LB-07,1092.899,37.0293,22.27,831.13,0.99373,36.7971,3
2026-01-15 22:00:00,14,2,LB-08,1043.074,10.5177,22.31,831.88,0.993706,10.4515,1
2026-01-15 22:00:00,14,2,LB-09,948.447,13.313,22.68,832.43,0.9934,13.2251,1
2026-01-15 22:00:00,14,2,LB-10,926.795,8.2583,22.69,833.43,0.993405,8.2038,1
2026-01-16 06:00:00,15,0,LB-01,1095.631,27.5334,20.02,831.67,0.995682,27.4145,2
2026-01-16 06:00:00,15,0,LB-02,1092.753,23.0263,20.39,831.61,0.995362,22.9195,2
2026-01-16 06:00:00,15,0,LB-03,1191.893,27.4103,20.62,832.08,0.995165,27.2777,2
2026-01-16 06:00:00,15,0,LB-04,1140.78,26.9122,20.15,832.86,0.995576,26.7931,2
2026-01-16 06:00:00,15,0,LB-05,1051.391,20.2385,20.29,832.17,0.99545,20.1464,2
2026-01-16 06:00:00,15,0,LB-06,1076.619,35.1706,20.44,831.57,0.995315,35.0059,3
2026-01-16 06:00:00,15,0,LB-07,1104.968,12.0694,20.49,831.96,0.995276,12.0123,1
2026-01-16 06:00:00,15,0,LB-08,1057.593,14.5188,19.89,831.67,0.995791,14.4577,1
2026-01-16 06:00:00,15,0,LB-09,979.766,31.3193,20.25,832.85,0.995495,31.1782,3
2026-01-16 06:00:00,15,0,LB-10,954.724,27.9296,20.37,832.31,0.995386,27.8007,2
2026-01-16 14:00:00,15,1,LB-01,1119.307,23.6754,25.29,832.02,0.991143,23.4657,2
2026-01-16 14:00:00,15,1,LB-02,1129.723,36.97,25.14,832.04,0.991271,36.6473,3
2026-01-16 14:00:00,15,1,LB-03,1210.145,18.2516,24.95,830.87,0.991407,18.0947,2
2026-01-16 14:00:00,15,1,LB-04,1156.21,15.4306,25.38,831.87,0.991056,15.2926,1
2026-01-16 14:00:00,15,1,LB-05,1089.059,37.6686,24.94,831.45,0.991433,37.3459,3
2026-01-16 14:00:00,15,1,LB-06,1091.984,15.3652,25.07,831.98,0.991328,15.232,1
2026-01-16 14:00:00,15,1,LB-07,1165.252,60.2836,25.33,832.0,0.991108,59.7476,5
2026-01-16 14:00:00,15,1,LB-08,1087.464,29.8707,24.91,831.85,0.991461,29.6157,2
2026-01-16 14:00:00,15,1,LB-09,991.803,12.0368,24.73,831.92,0.991623,11.936,1
2026-01-16 14:00:00,15,1,LB-10,973.694,18.9697,24.78,831.45,0.991564,18.8097,2
2026-01-16 22:00:00,15,2,LB-01,1134.463,15.156,21.07,831.61,0.994776,15.0768,1
2026-01-16 22:00:00,15,2,LB-02,1144.851,15.1277,21.15,832.19,0.994712,15.0477,1
2026-01-16 22:00:00,15,2,LB-03,1229.043,18.8983,20.79,832.49,0.995029,18.8044,2
2026-01-16 22:00:00,15,2,LB-04,1175.532,19.3214,20.56,832.43,0.995224,19.2291,2
2026-01-16 22:00:00,15,2,LB-05,1108.53,19.4706,21.09,831.97,0.994765,19.3686,2
2026-01-16 22:00:00,15,2,LB-06,1110.757,18.7729,20.89,830.99,0.994922,18.6776,2
2026-01-16 22:00:00,15,2,LB-07,1189.494,24.2425,21.09,832.63,0.994773,24.1158,2
2026-01-16 22:00:00,15,2,LB-08,1098.588,11.1243,21.0,832.19,0.99484,11.0669,1
2026-01-16 22:00:00,15,2,LB-09,1013.769,21.9658,20.86,831.81,0.994954,21.855,2
2026-01-16 22:00:00,15,2,LB-10,987.016,13.3217,20.82,830.67,0.994975,13.2548,1
2026-01-17 06:00:00,16,0,LB-01,1161.791,27.3285,19.29,832.64,0.996319,27.228,2
2026-01-17 06:00:00,16,0,LB-02,1172.431,27.5807,18.97,831.85,0.996584,27.4864,2
2026-01-17 06:00:00,16,0,LB-03,1258.262,29.2188,19.01,830.98,0.996542,29.1178,2
2026-01-17 06:00:00,16,0,LB-04,1218.105,42.5738,18.8,833.22,0.996742,42.4351,4
2026-01-17 06:00:00,16,0,LB-05,1134.912,26.3824,18.89,831.15,0.996651,26.2941,2
2026-01-17 06:00:00,16,0,LB-06,1124.967,14.2101,19.28,832.41,0.996321,14.1578,1
2026-01-17 06:00:00,16,0,LB-07,1212.772,23.2779,19.2,832.71,0.996397,23.1941,2
2026-01-17 06:00:00,16,0,LB-08,1127.813,29.2251,19.34,831.86,0.996271,29.1161,2
2026-01-17 06:00:00,16,0,LB-09,1027.904,14.1351,19.27,832.55,0.996333,14.0833,1
2026-01-17 06:00:00,16,0,LB-10,1021.059,34.0431,19.11,830.83,0.996459,33.9225,3
2026-01-17 14:00:00,16,1,LB-01,1189.44,27.6488,27.38,832.64,0.989347,27.3543,2
2026-01-17 14:00:00,16,1,LB-02,1201.935,29.5038,27.77,830.79,0.988966,29.1782,2
2026-01-17 14:00:00,16,1,LB-03,1293.378,35.1156,27.33,831.73,0.989366,34.7422,3
2026-01-17 14:00:00,16,1,LB-04,1244.507,26.402,27.34,833.57,0.989406,26.1223,2
2026-01-17 14:00:00,16,1,LB-05,1180.211,45.2992,27.22,831.58,0.989463,44.8219,4
2026-01-17 14:00:00,16,1,LB-06,1157.056,32.0891,27.33,832.38,0.989382,31.7484,3
2026-01-17 14:00:00,16,1,LB-07,1238.443,25.6708,27.25,831.22,0.98943,25.3994,2
2026-01-17 14:00:00,16,1,LB-08,1170.347,42.534,27.45,831.45,0.989257,42.0771,4
2026-01-17 14:00:00,16,1,LB-09,1044.711,16.8072,27.12,832.09,0.989559,16.6317,1
2026-01-17 14:00:00,16,1,LB-10,1038.923,17.8646,27.21,831.87,0.989477,17.6766,1
2026-01-17 22:00:00,16,2,LB-01,1204.792,15.3523,22.77,832.52,0.993318,15.2497,1
2026-01-17 22:00:00,16,2,LB-02,1215.335,13.4001,22.84,831.47,0.993245,13.3096,1
2026-01-17 22:00:00,16,2,LB-03,1311.155,17.777,22.39,831.94,0.993639,17.6639,1
2026-01-17 22:00:00,16,2,LB-04,1254.242,9.7343,22.59,833.32,0.993489,9.671,1
2026-01-17 22:00:00,16,2,LB-05,1187.328,7.1166,22.71,832.26,0.993366,7.0694,1
2026-01-17 22:00:00,16,2,LB-06,1175.329,18.2732,22.01,831.91,0.993967,18.1629,2
2026-01-17 22:00:00,16,2,LB-07,1252.717,14.2736,22.6,831.7,0.993451,14.1801,1
2026-01-17 22:00:00,16,2,LB-08,1179.691,9.3436,22.69,831.47,0.993377,9.2817,1
2026-01-17 22:00:00,16,2,LB-09,1069.818,25.1077,22.85,832.27,0.993248,24.9381,2
2026-01-17 22:00:00,16,2,LB-10,1063.615,24.6918,22.74,832.55,0.993346,24.5275,2
2026-01-18 06:00:00,17,0,LB-01,1233.907,29.1151,20.89,831.32,0.994924,28.9673,2
2026-01-18 06:00:00,17,0,LB-02,1250.17,34.8349,21.27,831.57,0.994603,34.6469,3
2026-01-18 06:00:00,17,0,LB-03,1332.533,21.3785,21.52,831.15,0.994383,21.2585,2
2026-01-18 06:00:00,17,0,LB-04,1266.902,12.6608,20.66,831.96,0.995134,12.5992,1
2026-01-18 06:00:00,17,0,LB-05,1196.573,9.2454,20.82,831.93,0.994994,9.1991,1
2026-01-18 06:00:00,17,0,LB-06,1217.276,41.9469,21.14,832.12,0.99472,41.7254,3
2026-01-18 06:00:00,17,0,LB-07,1266.495,13.7782,21.01,832.36,0.994838,13.7071,1
2026-01-18 06:00:00,17,0,LB-08,1204.127,24.4355,21.06,831.1,0.994779,24.3079,2
2026-01-18 06:00:00,17,0,LB-09,1090.411,20.593,20.89,830.95,0.994922,20.4884,2
2026-01-18 06:00:00,17,0,LB-10,1080.963,17.3479,20.76,832.06,0.995045,17.262,1
2026-01-18 14:00:00,17,1,LB-01,1252.979,19.0711,26.3,831.23,0.990246,18.8851,2
2026-01-18 14:00:00,17,1,LB-02,1277.418,27.2475,26.91,831.54,0.989729,26.9677,2
2026-01-18 14:00:00,17,1,LB-03,1359.519,26.9859,26.93,832.76,0.989741,26.7091,2
2026-01-18 14:00:00,17,1,LB-04,1315.828,48.9259,26.24,832.23,0.990322,48.4524,4
2026-01-18 14:00:00,17,1,LB-05,1232.363,35.7901,26.75,832.33,0.989887,35.4281,3
2026-01-18 14:00:00,17,1,LB-06,1227.001,9.7247,26.45,831.51,0.99013,9.6287,1
2026-01-18 14:00:00,17,1,LB-07,1293.886,27.3913,26.65,832.26,0.989967,27.1165,2
2026-01-18 14:00:00,17,1,LB-08,1237.686,33.5594,26.41,831.38,0.990155,33.229,3
2026-01-18 14:00:00,17,1,LB-09,1138.259,47.8472,26.81,830.41,0.989788,47.3586,4
2026-01-18 14:00:00,17,1,LB-10,1095.035,14.0718,26.34,831.57,0.990226,13.9342,1
2026-01-18 22:00:00,17,2,LB-01,1262.837,9.8585,21.41,831.26,0.994472,9.804,1
2026-01-18 22:00:00,17,2,LB-02,1289.374,11.9563,21.94,833.43,0.994051,11.8852,1
2026-01-18 22:00:00,17,2,LB-03,1382.446,22.9269,21.58,831.37,0.994334,22.797,2
2026-01-18 22:00:00,17,2,LB-04,1327.025,11.1967,22.02,831.76,0.993952,11.129,1
2026-01-18 22:00:00,17,2,LB-05,1247.68,15.3166,21.63,831.66,0.994295,15.2292,1
2026-01-18 22:00:00,17,2,LB-06,1240.559,13.558,21.6,831.41,0.994315,13.4809,1
2026-01-18 22:00:00,17,2,LB-07,1313.128,19.2424,21.77,832.46,0.994181,19.1304,2
2026-01-18 22:00:00,17,2,LB-08,1256.561,18.8748,21.85,833.58,0.994126,18.764,2
2026-01-18 22:00:00,17,2,LB-09,1147.742,9.4829,21.9,832.73,0.994074,9.4267,1
2026-01-18 22:00:00,17,2,LB-10,1116.683,21.6477,21.91,831.07,0.994043,21.5187,2
2026-01-19 06:00:00,18,0,LB-01,1284.095,21.258,20.27,832.16,0.995471,21.1617,2
2026-01-19 06:00:00,18,0,LB-02,1308.397,19.0227,19.83,832.57,0.995848,18.9437,2
2026-01-19 06:00:00,18,0,LB-03,1390.114,7.668,20.1,831.86,0.995611,7.6343,1
2026-01-19 06:00:00,18,0,LB-04,1355.797,28.7721,19.83,831.06,0.995835,28.6523,2
2026-01-19 06:00:00,18,0,LB-05,1262.768,15.0884,20.25,832.24,0.995483,15.0203,1
2026-01-19 06:00:00,18,0,LB-06,1265.403,24.844,19.96,831.41,0.995733,24.738,2
2026-01-19 06:00:00,18,0,LB-07,1333.256,20.1275,20.59,831.72,0.995186,20.0306,2
2026-01-19 06:00:00,18,0,LB-08,1274.694,18.1329,20.1,832.2,0.995618,18.0534,2
2026-01-19 06:00:00,18,0,LB-09,1172.706,24.9645,20.19,831.96,0.99554,24.8532,2
2026-01-19 06:00:00,18,0,LB-10,1146.806,30.1232,20.13,832.53,0.995596,29.9906,2
2026-01-19 14:00:00,18,1,LB-01,1335.571,51.4757,26.7,831.62,0.989914,50.9565,4
2026-01-19 14:00:00,18,1,LB-02,1331.66,23.2631,26.32,832.13,0.990253,23.0364,2
2026-01-19 14:00:00,18,1,LB-03,1413.145,23.0316,26.61,832.18,0.990003,22.8014,2
2026-01-19 14:00:00,18,1,LB-04,1388.866,33.0693,26.68,832.27,0.989944,32.7367,3
2026-01-19 14:00:00,18,1,LB-05,1296.852,34.0835,26.72,832.34,0.989913,33.7397,3
2026-01-19 14:00:00,18,1,LB-06,1299.026,33.6235,26.91,831.75,0.989735,33.2783,3
2026-01-19 14:00:00,18,1,LB-07,1378.24,44.984,26.47,831.53,0.990113,44.5393,4
2026-01-19 14:00:00,18,1,LB-08,1291.407,16.713,26.57,832.84,0.990058,16.5469,1
2026-01-19 14:00:00,18,1,LB-09,1201.059,28.3532,26.75,832.46,0.989889,28.0665,2
2026-01-19 14:00:00,18,1,LB-10,1185.655,38.8492,26.81,832.01,0.989829,38.454,3
2026-01-19 22:00:00,18,2,LB-01,1358.884,23.3136,20.71,830.92,0.995073,23.1987,2
2026-01-19 22:00:00,18,2,LB-02,1344.159,12.4987,21.09,831.65,0.99476,12.4332,1
2026-01-19 22:00:00,18,2,LB-03,1439.011,25.8655,21.46,832.93,0.994457,25.7221,2
2026-01-19 22:00:00,18,2,LB-04,1396.772,7.9053,21.0,831.65,0.994831,7.8644,1
2026-01-19 22:00:00,18,2,LB-05,1303.091,6.2389,20.74,831.75,0.995063,6.2081,1
2026-01-19 22:00:00,18,2,LB-06,1307.625,8.5987,21.05,831.13,0.994786,8.5538,1
2026-01-19 22:00:00,18,2,LB-07,1400.066,21.826,21.0,831.93,0.994837,21.7134,2
2026-01-19 22:00:00,18,2,LB-08,1312.421,21.0145,20.9,831.99,0.994927,20.9079,2
2026-01-19 22:00:00,18,2,LB-09,1215.101,14.0415,21.28,831.79,0.99459,13.9655,1
2026-01-19 22:00:00,18,2,LB-10,1197.835,12.1801,21.03,831.43,0.994807,12.1168,1
2026-01-20 06:00:00,19,0,LB-01,1396.403,37.5182,20.2,831.6,0.995528,37.3504,3
2026-01-20 06:00:00,19,0,LB-02,1366.406,22.247,20.34,831.19,0.995403,22.1447,2
2026-01-20 06:00:00,19,0,LB-03,1473.419,34.4082,20.07,830.89,0.995627,34.2577,3
2026-01-20 06:00:00,19,0,LB-04,1421.939,25.1675,19.98,832.42,0.99572,25.0597,2
2026-01-20 06:00:00,19,0,LB-05,1317.759,14.6681,20.28,831.58,0.995458,14.6015,1
2026-01-20 06:00:00,19,0,LB-06,1329.867,22.2419,19.92,831.94,0.995767,22.1477,2
2026-01-20 06:00:00,19,0,LB-07,1420.465,20.3988,20.54,833.18,0.995251,20.3019,2
2026-01-20 06:00:00,19,0,LB-08,1354.89,42.4693,19.94,833.07,0.995767,42.2895,4
2026-01-20 06:00:00,19,0,LB-09,1241.626,26.5256,20.66,832.08,0.995134,26.3965,2
2026-01-20 06:00:00,19,0,LB-10,1214.706,16.8706,19.98,831.43,0.995715,16.7983,1
2026-01-20 14:00:00,19,1,LB-01,1424.969,28.5661,24.52,832.08,0.991808,28.3321,2
2026-01-20 14:00:00,19,1,LB-02,1402.894,36.4885,24.82,831.76,0.991537,36.1797,3
2026-01-20 14:00:00,19,1,LB-03,1499.789,26.3696,24.23,830.96,0.992031,26.1594,2
2026-01-20 14:00:00,19,1,LB-04,1461.443,39.5036,24.15,832.75,0.992136,39.1929,3
2026-01-20 14:00:00,19,1,LB-05,1370.921,53.1615,24.3,832.85,0.992009,52.7367,4
2026-01-20 14:00:00,19,1,LB-06,1353.759,23.8921,24.86,832.24,0.991511,23.6893,2
2026-01-20 14:00:00,19,1,LB-07,1443.922,23.4569,24.59,831.43,0.991732,23.263,2
2026-01-20 14:00:00,19,1,LB-08,1377.988,23.0974,24.07,831.59,0.992184,22.9169,2
2026-01-20 14:00:00,19,1,LB-09,1307.088,65.4618,24.65,832.42,0.991702,64.9186,5
2026-01-20 14:00:00,19,1,LB-10,1239.801,25.095,24.39,831.71,0.991908,24.8919,2
2026-01-20 22:00:00,19,2,LB-01,1435.032,10.063,21.85,832.84,0.994117,10.0038,1
2026-01-20 22:00:00,19,2,LB-02,1423.239,20.3452,21.76,831.99,0.994186,20.2269,2
2026-01-20 22:00:00,19,2,LB-03,1518.1,18.3117,22.19,832.64,0.993819,18.1986,2
2026-01-20 22:00:00,19,2,LB-04,1473.393,11.9504,21.58,831.55,0.99433,11.8826,1
2026-01-20 22:00:00,19,2,LB-05,1380.392,9.4717,21.14,832.35,0.994722,9.4217,1
2026-01-20 22:00:00,19,2,LB-06,1369.345,15.5868,22.01,832.58,0.993976,15.4929,1
2026-01-20 22:00:00,19,2,LB-07,1465.601,21.6793,21.67,831.03,0.994244,21.5545,2
2026-01-20 22:00:00,19,2,LB-08,1389.843,11.8548,22.12,831.44,0.993868,11.7821,1
2026-01-20 22:00:00,19,2,LB-09,1320.05,12.9619,21.67,832.26,0.994264,12.8876,1
2026-01-20 22:00:00,19,2,LB-10,1252.111,12.3102,21.51,832.1,0.9944,12.2413,1
2026-01-21 06:00:00,20,0,LB-01,1445.944,10.9125,18.87,831.32,0.996669,10.8761,1
2026-01-21 06:00:00,20,0,LB-02,1447.886,24.6466,18.73,831.74,0.99679,24.5675,2
2026-01-21 06:00:00,20,0,LB-03,1536.672,18.5716,19.32,831.91,0.996281,18.5026,2
2026-01-21 06:00:00,20,0,LB-04,1490.104,16.7109,18.72,833.31,0.99681,16.6576,1
2026-01-21 06:00:00,20,0,LB-05,1404.334,23.942,19.42,831.07,0.996187,23.8507,2
2026-01-21 06:00:00,20,0,LB-06,1386.961,17.6153,19.16,831.02,0.996417,17.5522,1
2026-01-21 06:00:00,20,0,LB-07,1491.281,25.6801,18.94,831.98,0.996615,25.5932,2
2026-01-21 06:00:00,20,0,LB-08,1442.905,53.0627,19.14,832.81,0.996449,52.8743,4
2026-01-21 06:00:00,20,0,LB-09,1336.225,16.1749,18.54,831.93,0.996956,16.1256,1
2026-01-21 06:00:00,20,0,LB-10,1270.094,17.9832,19.35,831.6,0.996252,17.9158,1
2026-01-21 14:00:00,20,1,LB-01,1492.868,46.9243,26.99,832.39,0.989678,46.4399,4
2026-01-21 14:00:00,20,1,LB-02,1457.358,9.4725,27.39,831.13,0.989303,9.3711,1
2026-01-21 14:00:00,20,1,LB-03,1566.934,30.2614,27.22,831.32,0.989457,29.9424,2
2026-01-21 14:00:00,20,1,LB-04,1524.962,34.8583,27.0,832.06,0.98966,34.4979,3
2026-01-21 14:00:00,20,1,LB-05,1434.443,30.1088,26.84,831.75,0.989795,29.8015,2
2026-01-21 14:00:00,20,1,LB-06,1396.036,9.0752,27.47,831.75,0.989252,8.9777,1
2026-01-21 14:00:00,20,1,LB-07,1543.556,52.2751,27.15,831.81,0.989527,51.7277,4
2026-01-21 14:00:00,20,1,LB-08,1464.253,21.3474,27.16,832.23,0.989529,21.1238,2
2026-01-21 14:00:00,20,1,LB-09,1382.724,46.499,26.99,831.42,0.989654,46.018,4
2026-01-21 14:00:00,20,1,LB-10,1300.91,30.8157,26.82,831.47,0.989804,30.5014,3
2026-01-21 22:00:00,20,2,LB-01,1502.707,9.8385,21.54,832.57,0.994379,9.7832,1
2026-01-21 22:00:00,20,2,LB-02,1472.042,14.684,21.26,831.65,0.994611,14.6049,1
2026-01-21 22:00:00,20,2,LB-03,1589.598,22.6648,21.42,831.65,0.994473,22.5396,2
2026-01-21 22:00:00,20,2,LB-04,1531.821,6.8589,21.54,832.53,0.994383,6.8204,1
2026-01-21 22:00:00,20,2,LB-05,1440.212,5.7692,21.06,831.9,0.994783,5.7391,0
2026-01-21 22:00:00,20,2,LB-06,1415.829,19.7932,21.38,832.22,0.99451,19.6845,2
2026-01-21 22:00:00,20,2,LB-07,1565.987,22.4308,21.35,832.15,0.994539,22.3083,2
2026-01-21 22:00:00,20,2,LB-08,1474.972,10.7189,21.12,832.02,0.994735,10.6624,1
2026-01-21 22:00:00,20,2,LB-09,1402.538,19.8141,21.25,831.02,0.994612,19.7074,2
2026-01-21 22:00:00,20,2,LB-10,1320.775,19.8655,21.5,832.02,0.994405,19.7543,2
2026-01-22 06:00:00,21,0,LB-01,1536.603,33.8962,20.27,831.32,0.995457,33.7422,3
2026-01-22 06:00:00,21,0,LB-02,1506.562,34.5193,20.39,832.08,0.995368,34.3594,3
2026-01-22 06:00:00,21,0,LB-03,1616.913,27.3144,20.86,832.29,0.994966,27.1769,2
2026-01-22 06:00:00,21,0,LB-04,1555.565,23.7434,20.59,832.08,0.995192,23.6292,2
2026-01-22 06:00:00,21,0,LB-05,1462.415,22.2024,20.87,832.87,0.994959,22.0905,2
2026-01-22 06:00:00,21,0,LB-06,1446.0,30.1708,21.01,832.66,0.994838,30.015,3
2026-01-22 06:00:00,21,0,LB-07,1584.055,18.0677,20.79,832.02,0.99502,17.9777,1
2026-01-22 06:00:00,21,0,LB-08,1493.142,18.1706,20.68,831.87,0.995112,18.0817,2
2026-01-22 06:00:00,21,0,LB-09,1440.038,37.5002,20.53,831.97,0.995248,37.322,3
2026-01-22 06:00:00,21,0,LB-10,1343.252,22.4763,20.48,831.69,0.995286,22.3704,2
2026-01-22 14:00:00,21,1,LB-01,1564.638,28.0347,27.94,832.44,0.988862,27.7224,2
2026-01-22 14:00:00,21,1,LB-02,1539.742,33.1803,27.52,832.95,0.989234,32.8231,3
2026-01-22 14:00:00,21,1,LB-03,1651.047,34.1339,27.12,832.93,0.989581,33.7783,3
2026-01-22 14:00:00,21,1,LB-04,1585.779,30.2147,27.65,832.38,0.989108,29.8856,2
2026-01-22 14:00:00,21,1,LB-05,1480.252,17.8372,27.99,830.95,0.988781,17.6371,1
2026-01-22 14:00:00,21,1,LB-06,1478.277,32.2765,27.8,830.96,0.988944,31.9197,3
2026-01-22 14:00:00,21,1,LB-07,1611.685,27.6303,28.14,832.38,0.98869,27.3179,2
2026-01-22 14:00:00,21,1,LB-08,1530.769,37.6266,27.62,832.34,0.989139,37.2179,3
2026-01-22 14:00:00,21,1,LB-09,1463.64,23.6019,28.01,832.56,0.988808,23.3378,2
2026-01-22 14:00:00,21,1,LB-10,1374.749,31.497,27.9,832.67,0.988901,31.1474,3
2026-01-22 22:00:00,21,2,LB-01,1571.354,6.7162,21.94,832.22,0.994035,6.6761,1
2026-01-22 22:00:00,21,2,LB-02,1560.899,21.1566,22.02,831.12,0.993945,21.0285,2
2026-01-22 22:00:00,21,2,LB-03,1664.301,13.2542,21.48,831.56,0.994416,13.1802,1
2026-01-22 22:00:00,21,2,LB-04,1598.561,12.7819,21.45,831.79,0.994452,12.711,1
2026-01-22 22:00:00,21,2,LB-05,1510.189,29.9368,22.14,832.28,0.993864,29.7531,2
2026-01-22 22:00:00,21,2,LB-06,1490.259,11.9822,21.64,833.49,0.994304,11.9139,1
2026-01-22 22:00:00,21,2,LB-07,1630.578,18.8926,22.22,832.32,0.993793,18.7753,2
2026-01-22 22:00:00,21,2,LB-08,1549.007,18.238,22.12,831.09,0.993856,18.1259,2
2026-01-22 22:00:00,21,2,LB-09,1481.342,17.7016,21.91,831.8,0.99405,17.5962,1
2026-01-22 22:00:00,21,2,LB-10,1394.51,19.7614,21.67,831.57,0.994258,19.6479,2
2026-01-23 06:00:00,22,0,LB-01,1587.163,15.8087,20.89,832.27,0.994937,15.7287,1
2026-01-23 06:00:00,22,0,LB-02,1585.841,24.9423,20.62,832.36,0.995174,24.8219,2
2026-01-23 06:00:00,22,0,LB-03,1701.858,37.5576,20.3,832.95,0.995456,37.3869,3
2026-01-23 06:00:00,22,0,LB-04,1626.265,27.704,20.8,831.57,0.995004,27.5656,2
2026-01-23 06:00:00,22,0,LB-05,1547.698,37.5093,20.96,831.08,0.99486,37.3165,3
2026-01-23 06:00:00,22,0,LB-06,1513.372,23.1136,20.67,833.09,0.995135,23.0011,2
2026-01-23 06:00:00,22,0,LB-07,1648.285,17.7076,20.87,832.53,0.994955,17.6183,1
2026-01-23 06:00:00,22,0,LB-08,1593.945,44.9378,20.83,832.51,0.994988,44.7125,4
2026-01-23 06:00:00,22,0,LB-09,1512.09,30.748,20.38,831.33,0.995368,30.6056,3
2026-01-23 06:00:00,22,0,LB-10,1426.126,31.6164,20.59,831.95,0.995193,31.4645,3
2026-01-23 14:00:00,22,1,LB-01,1614.669,27.5065,26.76,831.93,0.989872,27.2279,2
2026-01-23 14:00:00,22,1,LB-02,1612.427,26.5856,27.28,831.2,0.989397,26.3038,2
2026-01-23 14:00:00,22,1,LB-03,1718.871,17.0126,26.24,831.7,0.99031,16.8478,1
2026-01-23 14:00:00,22,1,LB-04,1653.747,27.4821,27.14,831.28,0.989519,27.194,2
2026-01-23 14:00:00,22,1,LB-05,1571.084,23.3858,26.73,832.36,0.989907,23.1498,2
2026-01-23 14:00:00,22,1,LB-06,1536.467,23.0952,27.45,831.31,0.989259,22.8471,2
2026-01-23 14:00:00,22,1,LB-07,1676.549,28.2634,26.78,830.45,0.989813,27.9755,2
2026-01-23 14:00:00,22,1,LB-08,1642.46,48.5156,26.62,832.24,0.989994,48.0301,4
2026-01-23 14:00:00,22,1,LB-09,1547.184,35.0942,26.9,830.97,0.989724,34.7336,3
2026-01-23 14:00:00,22,1,LB-10,1471.527,45.401,27.27,830.12,0.989377,44.9187,4
2026-01-23 22:00:00,22,2,LB-01,1637.813,23.1441,22.55,832.91,0.993517,22.9941,2
2026-01-23 22:00:00,22,2,LB-02,1632.852,20.4256,22.89,832.74,0.993224,20.2872,2
2026-01-23 22:00:00,22,2,LB-03,1742.392,23.5208,22.93,832.58,0.993188,23.3606,2
2026-01-23 22:00:00,22,2,LB-04,1661.926,8.1783,22.71,831.81,0.993362,8.124,1
2026-01-23 22:00:00,22,2,LB-05,1591.415,20.3315,22.56,832.19,0.993495,20.1992,2
2026-01-23 22:00:00,22,2,LB-06,1550.284,13.8171,22.45,832.95,0.993599,13.7286,1
2026-01-23 22:00:00,22,2,LB-07,1691.365,14.8166,22.34,833.29,0.993703,14.7233,1
2026-01-23 22:00:00,22,2,LB-08,1653.937,11.4766,22.65,833.04,0.993437,11.4013,1
2026-01-23 22:00:00,22,2,LB-09,1564.019,16.8348,22.36,831.68,0.99366,16.728,1
2026-01-23 22:00:00,22,2,LB-10,1502.264,30.7364,22.07,832.02,0.993913,30.5493,3
2026-01-24 06:00:00,23,0,LB-01,1653.408,15.5944,19.67,831.66,0.995982,15.5318,1
2026-01-24 06:00:00,23,0,LB-02,1689.535,56.6827,19.94,832.7,0.995755,56.4421,5
2026-01-24 06:00:00,23,0,LB-03,1768.899,26.5067,20.18,832.11,0.995545,26.3886,2
2026-01-24 06:00:00,23,0,LB-04,1690.723,28.7969,19.45,832.48,0.996182,28.6869,2
2026-01-24 06:00:00,23,0,LB-05,1607.669,16.2538,20.11,832.32,0.995607,16.1824,1
2026-01-24 06:00:00,23,0,LB-06,1581.214,30.9297,19.88,831.74,0.995798,30.7997,3
2026-01-24 06:00:00,23,0,LB-07,1704.087,12.7221,19.71,832.09,0.995954,12.6706,1
2026-01-24 06:00:00,23,0,LB-08,1666.089,12.1521,19.89,831.77,0.995793,12.101,1
2026-01-24 06:00:00,23,0,LB-09,1578.204,14.1855,19.77,831.28,0.995888,14.1272,1
2026-01-24 06:00:00,23,0,LB-10,1540.553,38.2889,19.58,830.65,0.996046,38.1376,3
2026-01-24 14:00:00,23,1,LB-01,1684.412,31.0038,25.62,832.47,0.990864,30.7205,3
2026-01-24 14:00:00,23,1,LB-02,1720.948,31.4129,25.73,832.19,0.990765,31.1228,3
2026-01-24 14:00:00,23,1,LB-03,1785.501,16.6024,26.18,832.05,0.990372,16.4426,1
2026-01-24 14:00:00,23,1,LB-04,1739.647,48.9243,25.49,831.5,0.990954,48.4817,4
2026-01-24 14:00:00,23,1,LB-05,1649.709,42.0399,25.44,831.58,0.991004,41.6616,3
2026-01-24 14:00:00,23,1,LB-06,1606.625,25.4112,25.57,832.83,0.990917,25.1804,2
2026-01-24 14:00:00,23,1,LB-07,1717.807,13.7194,25.31,832.41,0.991133,13.5978,1
2026-01-24 14:00:00,23,1,LB-08,1675.792,9.7027,25.26,831.9,0.991167,9.617,1
2026-01-24 14:00:00,23,1,LB-09,1596.598,18.3939,26.09,832.68,0.990467,18.2186,2
2026-01-24 14:00:00,23,1,LB-10,1563.715,23.1619,25.55,831.2,0.990897,22.9511,2
2026-01-24 22:00:00,23,2,LB-01,1703.335,18.9236,22.67,832.18,0.9934,18.7987,2
2026-01-24 22:00:00,23,2,LB-02,1737.377,16.4292,22.52,831.47,0.993518,16.3227,1
2026-01-24 22:00:00,23,2,LB-03,1804.547,19.0461,22.66,832.37,0.993411,18.9206,2
2026-01-24 22:00:00,23,2,LB-04,1753.05,13.4026,22.33,831.81,0.993688,13.318,1
2026-01-24 22:00:00,23,2,LB-05,1693.995,44.2864,22.15,833.01,0.993867,44.0148,4
2026-01-24 22:00:00,23,2,LB-06,1618.224,11.5985,22.11,832.06,0.993885,11.5276,1
2026-01-24 22:00:00,23,2,LB-07,1734.74,16.9334,22.68,832.38,0.993394,16.8216,1
2026-01-24 22:00:00,23,2,LB-08,1690.706,14.9147,22.01,832.04,0.993971,14.8248,1
2026-01-24 22:00:00,23,2,LB-09,1603.462,6.8641,22.58,830.75,0.993455,6.8192,1
2026-01-24 22:00:00,23,2,LB-10,1585.327,21.6122,22.43,832.27,0.993612,21.4741,2
2026-01-25 06:00:00,24,0,LB-01,1725.328,21.9924,20.89,832.32,0.994939,21.8811,2
2026-01-25 06:00:00,24,0,LB-02,1763.249,25.872,21.03,832.92,0.994823,25.7381,2
2026-01-25 06:00:00,24,0,LB-03,1819.242,14.6945,20.95,831.99,0.994879,14.6193,1
2026-01-25 06:00:00,24,0,LB-04,1780.631,27.5814,20.71,831.35,0.995084,27.4458,2
2026-01-25 06:00:00,24,0,LB-05,1732.664,38.6685,20.96,831.63,0.994867,38.47,3
2026-01-25 06:00:00,24,0,LB-06,1646.067,27.843,21.27,831.77,0.994605,27.6928,2
2026-01-25 06:00:00,24,0,LB-07,1753.458,18.7178,21.01,832.77,0.994841,18.6212,2
2026-01-25 06:00:00,24,0,LB-08,1707.115,16.409,20.63,832.85,0.995167,16.3297,1
2026-01-25 06:00:00,24,0,LB-09,1624.966,21.5041,21.41,832.12,0.994491,21.3856,2
2026-01-25 06:00:00,24,0,LB-10,1629.298,43.9708,20.83,833.19,0.994999,43.7509,4
2026-01-25 14:00:00,24,1,LB-01,1752.097,26.7689,26.04,830.71,0.990465,26.5137,2
2026-01-25 14:00:00,24,1,LB-02,1785.695,22.446,25.7,831.09,0.990766,22.2387,2
2026-01-25 14:00:00,24,1,LB-03,1843.309,24.0673,25.81,830.89,0.990667,23.8427,2
2026-01-25 14:00:00,24,1,LB-04,1844.821,64.1899,25.64,832.5,0.990844,63.6021,5
2026-01-25 14:00:00,24,1,LB-05,1741.708,9.0445,25.75,831.8,0.990735,8.9607,1
2026-01-25 14:00:00,24,1,LB-06,1670.26,24.1933,25.29,832.55,0.991148,23.9791,2
2026-01-25 14:00:00,24,1,LB-07,1787.623,34.1648,25.43,830.86,0.990991,33.8571,3
2026-01-25 14:00:00,24,1,LB-08,1714.759,7.6431,26.16,832.23,0.990397,7.5697,1
2026-01-25 14:00:00,24,1,LB-09,1674.404,49.4374,25.82,831.62,0.990677,48.9765,4
2026-01-25 14:00:00,24,1,LB-10,1647.335,18.0372,25.59,832.54,0.990889,17.8729,1
2026-01-25 22:00:00,24,2,LB-01,1770.58,18.4836,22.19,831.16,0.993798,18.369,2
2026-01-25 22:00:00,24,2,LB-02,1797.776,12.0809,22.19,831.03,0.9938,12.006,1
2026-01-25 22:00:00,24,2,LB-03,1855.766,12.4566,21.92,832.31,0.994051,12.3825,1
2026-01-25 22:00:00,24,2,LB-04,1852.361,7.54,22.02,833.13,0.993972,7.4945,1
2026-01-25 22:00:00,24,2,LB-05,1756.544,14.8358,22.21,831.61,0.993792,14.7437,1
2026-01-25 22:00:00,24,2,LB-06,1688.674,18.4139,21.71,831.74,0.99422,18.3075,2
2026-01-25 22:00:00,24,2,LB-07,1795.614,7.9916,21.96,833.06,0.994024,7.9439,1
2026-01-25 22:00:00,24,2,LB-08,1734.525,19.7666,22.34,831.73,0.993681,19.6416,2
2026-01-25 22:00:00,24,2,LB-09,1682.698,8.2939,22.11,831.79,0.993883,8.2432,1
2026-01-25 22:00:00,24,2,LB-10,1671.663,24.3276,22.48,830.99,0.993545,24.1706,2
2026-01-26 06:00:00,25,0,LB-01,1801.558,30.9779,21.03,832.34,0.994821,30.8175,3
2026-01-26 06:00:00,25,0,LB-02,1818.897,21.1211,21.76,833.19,0.9942,20.9986,2
2026-01-26 06:00:00,25,0,LB-03,1900.622,44.8565,21.48,832.5,0.994431,44.6067,4
2026-01-26 06:00:00,25,0,LB-04,1864.356,11.9947,21.17,832.74,0.994702,11.9312,1
2026-01-26 06:00:00,25,0,LB-05,1774.453,17.9091,20.97,832.15,0.994863,17.817,1
2026-01-26 06:00:00,25,0,LB-06,1710.105,21.4307,20.81,830.81,0.994986,21.3233,2
2026-01-26 06:00:00,25,0,LB-07,1808.066,12.4512,21.23,831.56,0.994635,12.3844,1
2026-01-26 06:00:00,25,0,LB-08,1770.649,36.1239,21.64,833.01,0.994298,35.9179,3
2026-01-26 06:00:00,25,0,LB-09,1720.484,37.7861,21.08,832.0,0.994771,37.5885,3
2026-01-26 06:00:00,25,0,LB-10,1683.323,11.6604,21.51,832.05,0.994399,11.5951,1
2026-01-26 14:00:00,25,1,LB-01,1820.616,19.0577,27.36,831.37,0.989333,18.8544,2
2026-01-26 14:00:00,25,1,LB-02,1849.558,30.6614,27.39,831.76,0.989315,30.3338,3
2026-01-26 14:00:00,25,1,LB-03,1937.507,36.8854,27.6,831.68,0.989134,36.4846,3
2026-01-26 14:00:00,25,1,LB-04,1875.532,11.1767,27.65,831.61,0.989092,11.0548,1
2026-01-26 14:00:00,25,1,LB-05,1785.807,11.3543,27.68,831.71,0.989066,11.2301,1
2026-01-26 14:00:00,25,1,LB-06,1751.256,41.1511,27.55,831.69,0.989181,40.7059,3
2026-01-26 14:00:00,25,1,LB-07,1844.747,36.6811,27.59,831.19,0.989131,36.2824,3
2026-01-26 14:00:00,25,1,LB-08,1788.581,17.932,28.2,832.22,0.988633,17.7282,1
2026-01-26 14:00:00,25,1,LB-09,1742.143,21.6594,27.64,830.01,0.989058,21.4224,2
2026-01-26 14:00:00,25,1,LB-10,1718.611,35.2878,27.47,831.96,0.989255,34.9086,3
2026-01-26 22:00:00,25,2,LB-01,1830.629,10.0128,23.11,830.46,0.992991,9.9426,1
2026-01-26 22:00:00,25,2,LB-02,1869.94,20.3812,23.53,831.98,0.992656,20.2315,2
2026-01-26 22:00:00,25,2,LB-03,1948.195,10.6874,23.76,832.52,0.992466,10.6068,1
2026-01-26 22:00:00,25,2,LB-04,1885.501,9.9692,23.24,832.65,0.992921,9.8986,1
2026-01-26 22:00:00,25,2,LB-05,1798.311,12.504,23.35,831.73,0.992809,12.4141,1
2026-01-26 22:00:00,25,2,LB-06,1755.204,3.9484,23.8,832.04,0.992429,3.9185,0
2026-01-26 22:00:00,25,2,LB-07,1866.043,21.2966,23.19,832.58,0.992962,21.1467,2
2026-01-26 22:00:00,25,2,LB-08,1796.726,8.1454,23.62,831.52,0.992574,8.0849,1
2026-01-26 22:00:00,25,2,LB-09,1759.853,17.7096,23.59,833.01,0.992627,17.579,1
2026-01-26 22:00:00,25,2,LB-10,1730.002,11.3913,23.66,832.03,0.992544,11.3064,1
2026-01-27 06:00:00,26,0,LB-01,1842.058,11.4291,20.66,831.09,0.995118,11.3733,1
2026-01-27 06:00:00,26,0,LB-02,1896.604,26.6643,20.79,832.64,0.995024,26.5317,2
2026-01-27 06:00:00,26,0,LB-03,1957.894,9.6993,20.68,831.08,0.995103,9.6519,1
2026-01-27 06:00:00,26,0,LB-04,1902.094,16.5931,20.79,831.89,0.995021,16.5104,1
2026-01-27 06:00:00,26,0,LB-05,1840.791,42.4798,20.89,831.77,0.994929,42.2644,4
2026-01-27 06:00:00,26,0,LB-06,1772.521,17.3164,20.36,832.48,0.995392,17.2366,1
2026-01-27 06:00:00,26,0,LB-07,1889.211,23.1678,20.5,832.25,0.995272,23.0583,2
2026-01-27 06:00:00,26,0,LB-08,1816.318,19.5916,20.74,831.03,0.995049,19.4946,2
2026-01-27 06:00:00,26,0,LB-09,1778.678,18.8253,20.36,831.48,0.995382,18.7384,2
2026-01-27 06:00:00,26,0,LB-10,1752.779,22.7772,20.41,832.44,0.995355,22.6714,2
2026-01-27 14:00:00,26,1,LB-01,1861.303,19.2457,26.42,831.88,0.990163,19.0564,2
2026-01-27 14:00:00,26,1,LB-02,1921.103,24.4993,26.22,833.19,0.990366,24.2632,2
2026-01-27 14:00:00,26,1,LB-03,1982.578,24.6837,26.66,832.1,0.989957,24.4358,2
2026-01-27 14:00:00,26,1,LB-04,1926.965,24.8701,25.75,831.99,0.990745,24.6399,2
2026-01-27 14:00:00,26,1,LB-05,1858.014,17.2226,26.75,832.55,0.989893,17.0485,1
2026-01-27 14:00:00,26,1,LB-06,1808.922,36.4009,26.8,831.87,0.98983,36.0307,3
2026-01-27 14:00:00,26,1,LB-07,1920.092,30.8807,26.52,830.5,0.990037,30.5731,3
2026-01-27 14:00:00,26,1,LB-08,1848.646,32.3278,26.51,831.7,0.99008,32.0071,3
2026-01-27 14:00:00,26,1,LB-09,1820.529,41.8513,26.26,832.49,0.990309,41.4458,3
2026-01-27 14:00:00,26,1,LB-10,1768.777,15.9976,26.25,831.86,0.99031,15.8426,1
2026-01-27 22:00:00,26,2,LB-01,1881.497,20.1937,22.71,831.6,0.993356,20.0595,2
2026-01-27 22:00:00,26,2,LB-02,1943.797,22.6935,22.96,831.55,0.99314,22.5378,2
2026-01-27 22:00:00,26,2,LB-03,1994.775,12.1969,22.86,832.43,0.993245,12.1145,1
2026-01-27 22:00:00,26,2,LB-04,1958.688,31.7237,23.06,830.87,0.993041,31.503,3
2026-01-27 22:00:00,26,2,LB-05,1876.338,18.3243,22.86,831.44,0.99323,18.2003,2
2026-01-27 22:00:00,26,2,LB-06,1827.502,18.5803,22.31,832.79,0.993723,18.4637,2
2026-01-27 22:00:00,26,2,LB-07,1929.921,9.8295,22.72,831.42,0.99335,9.7641,1
2026-01-27 22:00:00,26,2,LB-08,1877.875,29.2287,23.22,831.15,0.992907,29.0214,2
2026-01-27 22:00:00,26,2,LB-09,1842.117,21.588,22.69,832.05,0.993383,21.4452,2
2026-01-27 22:00:00,26,2,LB-10,1777.332,8.5548,22.62,833.06,0.993462,8.4989,1
2026-01-28 06:00:00,27,0,LB-01,1903.109,21.6122,20.5,831.97,0.995267,21.5099,2
2026-01-28 06:00:00,27,0,LB-02,1963.357,19.5606,20.53,831.76,0.995238,19.4674,2
2026-01-28 06:00:00,27,0,LB-03,2024.326,29.5508,20.31,832.32,0.995438,29.416,2
2026-01-28 06:00:00,27,0,LB-04,1995.043,36.3544,20.57,832.38,0.995216,36.1805,3
2026-01-28 06:00:00,27,0,LB-05,1901.061,24.7233,20.15,831.95,0.995574,24.6138,2
2026-01-28 06:00:00,27,0,LB-06,1833.527,6.0255,20.65,831.87,0.995142,5.9962,0
2026-01-28 06:00:00,27,0,LB-07,1960.321,30.3996,20.62,832.23,0.995165,30.2526,3
2026-01-28 06:00:00,27,0,LB-08,1900.987,23.1121,19.93,831.66,0.995759,23.0141,2
2026-01-28 06:00:00,27,0,LB-09,1867.65,25.533,20.98,831.04,0.994846,25.4014,2
2026-01-28 06:00:00,27,0,LB-10,1807.945,30.6134,20.55,830.99,0.995215,30.4669,3
2026-01-28 14:00:00,27,1,LB-01,1920.226,17.1166,26.74,832.05,0.989885,16.9434,1
2026-01-28 14:00:00,27,1,LB-02,1979.81,16.4532,26.34,832.19,0.990235,16.2926,1
2026-01-28 14:00:00,27,1,LB-03,2058.173,33.8479,26.81,831.49,0.989811,33.503,3
2026-01-28 14:00:00,27,1,LB-04,2017.25,22.2077,27.04,833.02,0.98965,21.9778,2
2026-01-28 14:00:00,27,1,LB-05,1925.94,24.8791,26.48,831.43,0.990096,24.6327,2
2026-01-28 14:00:00,27,1,LB-06,1865.317,31.7899,26.89,831.83,0.98975,31.464,3
2026-01-28 14:00:00,27,1,LB-07,1983.576,23.2547,27.08,831.72,0.989586,23.0125,2
2026-01-28 14:00:00,27,1,LB-08,1931.071,30.0842,26.95,831.09,0.989682,29.7738,2
2026-01-28 14:00:00,27,1,LB-09,1906.068,38.4177,26.97,832.6,0.989701,38.022,3
2026-01-28 14:00:00,27,1,LB-10,1830.953,23.008,27.03,832.17,0.989644,22.7697,2
2026-01-28 22:00:00,27,2,LB-01,1926.638,6.4126,21.56,832.27,0.99436,6.3765,1
2026-01-28 22:00:00,27,2,LB-02,1996.656,16.8454,21.28,832.07,0.994595,16.7543,1
2026-01-28 22:00:00,27,2,LB-03,2074.5,16.3267,21.53,832.12,0.994387,16.235,1
2026-01-28 22:00:00,27,2,LB-04,2040.611,23.3606,21.46,832.32,0.994447,23.2309,2
2026-01-28 22:00:00,27,2,LB-05,1941.452,15.512,21.4,831.59,0.994485,15.4265,1
2026-01-28 22:00:00,27,2,LB-06,1877.439,12.1213,21.18,831.28,0.994677,12.0567,1
2026-01-28 22:00:00,27,2,LB-07,2003.098,19.5219,21.54,832.15,0.994375,19.4121,2
2026-01-28 22:00:00,27,2,LB-08,1948.028,16.9571,21.31,831.89,0.994568,16.865,1
2026-01-28 22:00:00,27,2,LB-09,1929.06,22.9915,21.4,832.59,0.9945,22.8651,2
2026-01-28 22:00:00,27,2,LB-10,1844.568,13.6149,21.52,831.08,0.994379,13.5384,1
2026-01-29 06:00:00,28,0,LB-01,1945.522,18.8833,21.89,832.55,0.994078,18.7715,2
2026-01-29 06:00:00,28,0,LB-02,2029.554,32.8977,21.53,831.57,0.994379,32.7128,3
2026-01-29 06:00:00,28,0,LB-03,2091.903,17.4024,21.71,831.86,0.994224,17.3019,1
2026-01-29 06:00:00,28,0,LB-04,2051.837,11.2257,22.0,831.77,0.993975,11.1581,1
2026-01-29 06:00:00,28,0,LB-05,1956.016,14.5639,21.65,832.58,0.994287,14.4807,1
2026-01-29 06:00:00,28,0,LB-06,1883.385,5.9462,21.22,832.18,0.994651,5.9144,0
2026-01-29 06:00:00,28,0,LB-07,2051.514,48.4164,21.71,832.42,0.994233,48.1371,4
2026-01-29 06:00:00,28,0,LB-08,1973.236,25.2077,21.43,832.46,0.994473,25.0684,2
2026-01-29 06:00:00,28,0,LB-09,1955.015,25.9549,21.8,832.36,0.994156,25.8032,2
2026-01-29 06:00:00,28,0,LB-10,1879.673,35.1049,21.58,831.01,0.994328,34.9057,3
2026-01-29 14:00:00,28,1,LB-01,1989.974,44.452,28.15,831.83,0.988666,43.9482,4
2026-01-29 14:00:00,28,1,LB-02,2039.623,10.0691,27.84,831.61,0.988928,9.9576,1
2026-01-29 14:00:00,28,1,LB-03,2111.493,19.5901,28.28,832.05,0.988554,19.3659,2
2026-01-29 14:00:00,28,1,LB-04,2080.6,28.7634,27.93,832.27,0.988869,28.4432,2
2026-01-29 14:00:00,28,1,LB-05,2029.056,73.0392,27.86,830.7,0.98888,72.227,6
2026-01-29 14:00:00,28,1,LB-06,1902.173,18.7885,28.0,831.72,0.988792,18.578,2
2026-01-29 14:00:00,28,1,LB-07,2098.888,47.3743,27.85,831.77,0.988919,46.8493,4
2026-01-29 14:00:00,28,1,LB-08,2004.847,31.6114,27.19,832.49,0.989507,31.2798,3
2026-01-29 14:00:00,28,1,LB-09,1985.933,30.9185,28.13,831.56,0.988673,30.5683,3
2026-01-29 14:00:00,28,1,LB-10,1896.002,16.3295,27.94,832.82,0.988869,16.1477,1
2026-01-29 22:00:00,28,2,LB-01,2004.48,14.5058,20.32,831.84,0.995424,14.4394,1
2026-01-29 22:00:00,28,2,LB-02,2060.838,21.2157,20.6,832.39,0.995189,21.1136,2
2026-01-29 22:00:00,28,2,LB-03,2124.133,12.6408,19.91,832.09,0.995783,12.5875,1
2026-01-29 22:00:00,28,2,LB-04,2096.866,16.2657,20.3,832.22,0.995445,16.1916,1
2026-01-29 22:00:00,28,2,LB-05,2039.774,10.7184,20.27,831.09,0.995456,10.6697,1
2026-01-29 22:00:00,28,2,LB-06,1930.17,27.9968,20.46,832.89,0.995312,27.8656,2
2026-01-29 22:00:00,28,2,LB-07,2118.925,20.0368,20.14,831.98,0.995581,19.9482,2
2026-01-29 22:00:00,28,2,LB-08,2021.56,16.7129,20.48,831.94,0.995289,16.6342,1
2026-01-29 22:00:00,28,2,LB-09,2013.066,27.1333,19.96,831.09,0.995725,27.0173,2
2026-01-29 22:00:00,28,2,LB-10,1912.891,16.8885,20.18,831.59,0.995542,16.8132,1
2026-01-30 06:00:00,29,0,LB-01,2030.643,26.1636,20.33,832.21,0.995419,26.0438,2
2026-01-30 06:00:00,29,0,LB-02,2080.297,19.4588,20.76,832.17,0.995045,19.3623,2
2026-01-30 06:00:00,29,0,LB-03,2148.779,24.6456,20.25,831.64,0.995484,24.5343,2
2026-01-30 06:00:00,29,0,LB-04,2126.115,29.2492,20.31,832.41,0.995442,29.1159,2
2026-01-30 06:00:00,29,0,LB-05,2066.987,27.2132,20.62,832.72,0.995174,27.0819,2
2026-01-30 06:00:00,29,0,LB-06,1946.828,16.6582,20.62,831.92,0.995166,16.5776,1
2026-01-30 06:00:00,29,0,LB-07,2138.801,19.8763,20.38,831.09,0.99536,19.7841,2
2026-01-30 06:00:00,29,0,LB-08,2039.38,17.8203,20.6,832.19,0.995189,17.7346,1
2026-01-30 06:00:00,29,0,LB-09,2058.532,45.4659,20.57,832.44,0.995213,45.2482,4
2026-01-30 06:00:00,29,0,LB-10,1938.348,25.457,20.69,832.37,0.995114,25.3326,2
2026-01-30 14:00:00,29,1,LB-01,2051.302,20.6591,27.58,832.8,0.989179,20.4355,2
2026-01-30 14:00:00,29,1,LB-02,2127.543,47.2463,27.27,832.17,0.98943,46.7469,4
2026-01-30 14:00:00,29,1,LB-03,2185.491,36.712,27.52,831.32,0.989197,36.3154,3
2026-01-30 14:00:00,29,1,LB-04,2163.576,37.4609,27.79,832.6,0.988994,37.0486,3
2026-01-30 14:00:00,29,1,LB-05,2081.361,14.3742,27.76,831.82,0.989002,14.2162,1
2026-01-30 14:00:00,29,1,LB-06,1964.034,17.2061,27.31,832.13,0.9894,17.0237,1
2026-01-30 14:00:00,29,1,LB-07,2190.825,52.024,27.84,833.31,0.988967,51.45,4
2026-01-30 14:00:00,29,1,LB-08,2058.91,19.53,27.64,831.29,0.989086,19.3169,2
2026-01-30 14:00:00,29,1,LB-09,2093.742,35.2094,27.87,830.92,0.988885,34.8181,3
2026-01-30 14:00:00,29,1,LB-10,1981.584,43.2363,27.45,831.7,0.989268,42.7723,4
2026-01-30 22:00:00,29,2,LB-01,2057.091,5.7884,22.64,831.49,0.993418,5.7503,0
2026-01-30 22:00:00,29,2,LB-02,2148.27,20.7271,22.53,832.38,0.993526,20.5929,2
2026-01-30 22:00:00,29,2,LB-03,2199.671,14.1801,22.41,831.85,0.993619,14.0896,1
2026-01-30 22:00:00,29,2,LB-04,2183.905,20.3295,22.89,832.26,0.99321,20.1914,2
2026-01-30 22:00:00,29,2,LB-05,2100.06,18.6985,21.87,831.7,0.994082,18.5879,2
2026-01-30 22:00:00,29,2,LB-06,1983.328,19.2939,22.27,831.93,0.993739,19.1731,2
2026-01-30 22:00:00,29,2,LB-07,2204.293,13.4674,22.37,832.39,0.993666,13.3821,1
2026-01-30 22:00:00,29,2,LB-08,2071.149,12.2382,22.55,832.46,0.993511,12.1588,1
2026-01-30 22:00:00,29,2,LB-09,2123.707,29.9654,23.06,831.31,0.993048,29.7571,2
2026-01-30 22:00:00,29,2,LB-10,1993.345,11.7609,22.49,832.58,0.993562,11.6852,1
2026-01-31 06:00:00,30,0,LB-01,2081.048,23.9577,21.61,832.03,0.994314,23.8214,2
2026-01-31 06:00:00,30,0,LB-02,2181.219,32.949,20.79,831.74,0.995019,32.7849,3
2026-01-31 06:00:00,30,0,LB-03,2222.467,22.796,21.19,832.13,0.994676,22.6746,2
2026-01-31 06:00:00,30,0,LB-04,2199.915,16.0098,21.25,832.36,0.994626,15.9237,1
2026-01-31 06:00:00,30,0,LB-05,2123.069,23.0087,20.88,832.29,0.994947,22.8924,2
2026-01-31 06:00:00,30,0,LB-06,1992.74,9.4116,21.6,830.38,0.994302,9.358,1
2026-01-31 06:00:00,30,0,LB-07,2216.719,12.4266,21.33,832.02,0.994555,12.3589,1
2026-01-31 06:00:00,30,0,LB-08,2111.496,40.3474,21.12,832.42,0.994738,40.1351,3
2026-01-31 06:00:00,30,0,LB-09,2163.179,39.4724,20.87,831.88,0.994947,39.2729,3
2026-01-31 06:00:00,30,0,LB-10,2012.585,19.2406,21.13,832.36,0.99473,19.1392,2
2026-01-31 14:00:00,30,1,LB-01,2104.486,23.4374,27.41,831.92,0.989308,23.1868,2
2026-01-31 14:00:00,30,1,LB-02,2199.657,18.4375,27.5,832.81,0.989254,18.2394,2
2026-01-31 14:00:00,30,1,LB-03,2252.474,30.007,27.82,831.13,0.988927,29.6748,2
2026-01-31 14:00:00,30,1,LB-04,2233.957,34.0413,27.71,831.25,0.989031,33.6679,3
2026-01-31 14:00:00,30,1,LB-05,2195.733,72.6639,27.82,832.82,0.988979,71.8631,6
2026-01-31 14:00:00,30,1,LB-06,2021.967,29.2276,27.49,832.31,0.989244,28.9132,2
2026-01-31 14:00:00,30,1,LB-07,2253.037,36.3179,27.79,832.54,0.988995,35.9182,3
2026-01-31 14:00:00,30,1,LB-08,2127.2,15.7037,27.72,831.42,0.989021,15.5313,1
2026-01-31 14:00:00,30,1,LB-09,2177.604,14.4244,27.29,831.61,0.989399,14.2715,1
2026-01-31 14:00:00,30,1,LB-10,2063.928,51.3429,27.43,832.69,0.989307,50.7939,4
2026-01-31 22:00:00,30,2,LB-01,2128.073,23.5868,20.77,832.04,0.995034,23.4697,2
2026-01-31 22:00:00,30,2,LB-02,2211.182,11.525,21.07,832.45,0.994787,11.4649,1
2026-01-31 22:00:00,30,2,LB-03,2264.166,11.6921,21.54,832.86,0.994383,11.6265,1
2026-01-31 22:00:00,30,2,LB-04,2248.442,14.4859,21.26,832.57,0.994619,14.408,1
2026-01-31 22:00:00,30,2,LB-05,2203.997,8.2649,21.04,832.65,0.994811,8.222,1
2026-01-31 22:00:00,30,2,LB-06,2033.234,11.267,20.75,831.67,0.995051,11.2112,1
2026-01-31 22:00:00,30,2,LB-07,2274.055,21.0174,21.06,832.74,0.9948,20.9081,2
2026-01-31 22:00:00,30,2,LB-08,2137.557,10.3569,21.08,832.11,0.994769,10.3027,1
2026-01-31 22:00:00,30,2,LB-09,2194.721,17.1171,21.4,831.91,0.994495,17.0229,1
2026-01-31 22:00:00,30,2,LB-10,2087.829,23.9008,20.73,831.52,0.995063,23.7828,2
2026-02-01 06:00:00,31,0,LB-01,2161.503,33.4303,20.02,831.79,0.995678,33.2858,3
2026-02-01 06:00:00,31,0,LB-02,2229.225,18.043,20.05,832.06,0.99566,17.9647,1
2026-02-01 06:00:00,31,0,LB-03,2289.305,25.139,20.08,831.79,0.995625,25.0291,2
2026-02-01 06:00:00,31,0,LB-04,2266.556,18.1131,20.08,831.85,0.995632,18.034,2
2026-02-01 06:00:00,31,0,LB-05,2242.141,38.1438,19.86,831.81,0.995822,37.9845,3
2026-02-01 06:00:00,31,0,LB-06,2060.108,26.8731,20.21,831.41,0.995512,26.7525,2
2026-02-01 06:00:00,31,0,LB-07,2307.45,33.3959,20.33,831.05,0.995403,33.2424,3
2026-02-01 06:00:00,31,0,LB-08,2154.458,16.9013,20.33,832.2,0.995416,16.8239,1
2026-02-01 06:00:00,31,0,LB-09,2208.871,14.1497,20.49,831.96,0.995273,14.0828,1
2026-02-01 06:00:00,31,0,LB-10,2115.771,27.9414,19.94,832.14,0.99575,27.8227,2
2026-02-01 14:00:00,31,1,LB-01,2178.867,17.3637,27.72,832.42,0.98905,17.1736,1
2026-02-01 14:00:00,31,1,LB-02,2239.122,9.8972,27.6,832.51,0.989154,9.7899,1
2026-02-01 14:00:00,31,1,LB-03,2327.219,37.914,27.93,831.96,0.988854,37.4914,3
2026-02-01 14:00:00,31,1,LB-04,2309.553,42.9978,27.9,832.15,0.988889,42.52,4
2026-02-01 14:00:00,31,1,LB-05,2270.707,28.566,28.05,832.04,0.988758,28.2449,2
2026-02-01 14:00:00,31,1,LB-06,2099.352,39.244,27.77,832.53,0.989007,38.8126,3
2026-02-01 14:00:00,31,1,LB-07,2358.15,50.6993,27.92,832.46,0.988878,50.1354,4
2026-02-01 14:00:00,31,1,LB-08,2188.171,33.713,27.93,832.43,0.988873,33.3379,3
2026-02-01 14:00:00,31,1,LB-09,2237.51,28.6395,27.53,832.31,0.989214,28.3306,2
2026-02-01 14:00:00,31,1,LB-10,2142.24,26.4699,27.75,832.88,0.989035,26.1796,2
2026-02-01 22:00:00,31,2,LB-01,2201.79,22.9236,21.03,831.83,0.994814,22.8048,2
2026-02-01 22:00:00,31,2,LB-02,2256.907,17.7844,21.33,831.47,0.994549,17.6875,1
2026-02-01 22:00:00,31,2,LB-03,2340.428,13.209,21.19,831.63,0.99467,13.1386,1
2026-02-01 22:00:00,31,2,LB-04,2324.637,15.0837,21.62,830.87,0.994293,14.9976,1
2026-02-01 22:00:00,31,2,LB-05,2292.366,21.6588,21.45,832.09,0.994452,21.5386,2
2026-02-01 22:00:00,31,2,LB-06,2113.695,14.3434,21.29,831.46,0.994582,14.2657,1
2026-02-01 22:00:00,31,2,LB-07,2378.919,20.7688,21.5,830.99,0.994399,20.6524,2
2026-02-01 22:00:00,31,2,LB-08,2203.939,15.7677,21.21,831.45,0.99465,15.6833,1
2026-02-01 22:00:00,31,2,LB-09,2250.164,12.6541,21.36,832.04,0.994525,12.5848,1
2026-02-01 22:00:00,31,2,LB-10,2155.097,12.8568,21.51,831.12,0.994389,12.7847,1
2026-02-02 06:00:00,32,0,LB-01,2222.126,20.3357,20.64,833.95,0.995174,20.2375,2
2026-02-02 06:00:00,32,0,LB-02,2272.432,15.5256,20.72,832.5,0.995088,15.4493,1
2026-02-02 06:00:00,32,0,LB-03,2363.139,22.7106,20.46,831.46,0.995296,22.6038,2
2026-02-02 06:00:00,32,0,LB-04,2335.863,11.2265,20.26,831.74,0.995475,11.1757,1
2026-02-02 06:00:00,32,0,LB-05,2323.024,30.6578,20.37,831.68,0.995379,30.5161,3
2026-02-02 06:00:00,32,0,LB-06,2125.568,11.8734,20.18,831.73,0.995542,11.8205,1
2026-02-02 06:00:00,32,0,LB-07,2407.401,28.4821,20.79,832.13,0.995025,28.3404,2
2026-02-02 06:00:00,32,0,LB-08,2211.271,7.3322,20.54,831.66,0.995227,7.2972,1
2026-02-02 06:00:00,32,0,LB-09,2273.095,22.931,20.43,832.16,0.995331,22.824,2
2026-02-02 06:00:00,32,0,LB-10,2172.677,17.5801,20.65,832.4,0.995143,17.4947,1
2026-02-02 14:00:00,32,1,LB-01,2257.111,34.9856,27.1,832.57,0.98959,34.6214,3
2026-02-02 14:00:00,32,1,LB-02,2307.525,35.0932,27.28,832.18,0.989428,34.7222,3
2026-02-02 14:00:00,32,1,LB-03,2377.322,14.1826,26.95,831.61,0.989692,14.0364,1
2026-02-02 14:00:00,32,1,LB-04,2363.194,27.3303,27.2,831.58,0.98948,27.0428,2
2026-02-02 14:00:00,32,1,LB-05,2354.979,31.955,27.21,832.29,0.989487,31.6191,3
2026-02-02 14:00:00,32,1,LB-06,2168.45,42.8813,27.47,832.47,0.989264,42.4209,4
2026-02-02 14:00:00,32,1,LB-07,2437.792,30.3912,26.73,832.73,0.989911,30.0846,3
2026-02-02 14:00:00,32,1,LB-08,2237.363,26.0923,27.16,831.14,0.989501,25.8184,2
2026-02-02 14:00:00,32,1,LB-09,2303.734,30.6384,27.12,832.6,0.989577,30.319,3
2026-02-02 14:00:00,32,1,LB-10,2225.881,53.2039,26.55,831.61,0.990045,52.6743,4
2026-02-02 22:00:00,32,2,LB-01,2272.931,15.82,22.89,831.91,0.993208,15.7126,1
2026-02-02 22:00:00,32,2,LB-02,2329.901,22.3758,22.69,832.68,0.993397,22.2281,2
2026-02-02 22:00:00,32,2,LB-03,2390.09,12.7687,22.89,831.33,0.993202,12.6819,1
2026-02-02 22:00:00,32,2,LB-04,2379.672,16.4786,23.17,832.17,0.992968,16.3627,1
2026-02-02 22:00:00,32,2,LB-05,2368.528,13.5495,22.96,833.17,0.993168,13.4569,1
2026-02-02 22:00:00,32,2,LB-06,2194.339,25.8897,22.7,832.94,0.993387,25.7185,2
2026-02-02 22:00:00,32,2,LB-07,2465.909,28.1167,22.59,831.71,0.993463,27.9329,2
2026-02-02 22:00:00,32,2,LB-08,2249.55,12.1871,22.7,831.78,0.993368,12.1062,1
2026-02-02 22:00:00,32,2,LB-09,2317.84,14.1064,22.39,831.78,0.993638,14.0166,1
2026-02-02 22:00:00,32,2,LB-10,2240.092,14.2105,22.8,831.88,0.993285,14.1151,1
2026-02-03 06:00:00,33,0,LB-01,2301.063,28.1312,20.89,833.07,0.994945,27.989,2
2026-02-03 06:00:00,33,0,LB-02,2351.892,21.9906,21.1,832.62,0.994764,21.8754,2
2026-02-03 06:00:00,33,0,LB-03,2414.164,24.0738,21.13,832.18,0.994727,23.9468,2
2026-02-03 06:00:00,33,0,LB-04,2405.839,26.1665,21.49,831.29,0.994411,26.0203,2
2026-02-03 06:00:00,33,0,LB-05,2390.796,22.2674,21.6,831.66,0.994317,22.1409,2
2026-02-03 06:00:00,33,0,LB-06,2221.543,27.2031,21.21,832.89,0.994673,27.0582,2
2026-02-03 06:00:00,33,0,LB-07,2492.469,26.5609,21.69,832.48,0.994253,26.4083,2
2026-02-03 06:00:00,33,0,LB-08,2266.311,16.761,21.2,831.43,0.99466,16.6715,1
2026-02-03 06:00:00,33,0,LB-09,2342.662,24.8221,21.3,832.2,0.994581,24.6876,2
2026-02-03 06:00:00,33,0,LB-10,2255.416,15.3244,21.45,831.85,0.994447,15.2393,1
2026-02-03 14:00:00,33,1,LB-01,2332.772,31.7098,26.37,832.28,0.990216,31.3996,3
2026-02-03 14:00:00,33,1,LB-02,2397.58,45.6883,26.33,831.39,0.990224,45.2417,4
2026-02-03 14:00:00,33,1,LB-03,2435.308,21.1437,26.41,831.28,0.990156,20.9355,2
2026-02-03 14:00:00,33,1,LB-04,2459.637,53.7976,26.32,831.7,0.990244,53.2727,4
2026-02-03 14:00:00,33,1,LB-05,2416.623,25.8275,26.49,832.21,0.990104,25.5719,2
2026-02-03 14:00:00,33,1,LB-06,2273.893,52.3504,26.57,832.38,0.990045,51.8293,4
2026-02-03 14:00:00,33,1,LB-07,2540.693,48.223,26.77,831.94,0.989859,47.734,4
2026-02-03 14:00:00,33,1,LB-08,2288.929,22.6179,26.78,831.83,0.989845,22.3882,2
2026-02-03 14:00:00,33,1,LB-09,2383.628,40.9657,26.88,831.57,0.989758,40.5462,3
2026-02-03 14:00:00,33,1,LB-10,2270.117,14.7004,26.42,831.13,0.990145,14.5555,1
2026-02-03 22:00:00,33,2,LB-01,2350.028,17.2553,24.14,831.57,0.992119,17.1193,1
2026-02-03 22:00:00,33,2,LB-02,2406.099,8.5188,24.07,832.86,0.99221,8.4524,1
2026-02-03 22:00:00,33,2,LB-03,2455.308,20.0004,24.57,830.92,0.991738,19.8351,2
2026-02-03 22:00:00,33,2,LB-04,2474.211,14.5745,24.55,830.69,0.991755,14.4543,1
2026-02-03 22:00:00,33,2,LB-05,2427.439,10.816,24.53,830.64,0.991764,10.727,1
2026-02-03 22:00:00,33,2,LB-06,2293.26,19.3671,23.88,832.7,0.992371,19.2194,2
2026-02-03 22:00:00,33,2,LB-07,2558.246,17.5536,24.07,832.53,0.992205,17.4168,1
2026-02-03 22:00:00,33,2,LB-08,2310.026,21.0972,24.21,831.7,0.992063,20.9297,2
2026-02-03 22:00:00,33,2,LB-09,2404.632,21.0047,23.98,832.59,0.992279,20.8425,2
2026-02-03 22:00:00,33,2,LB-10,2281.438,11.3213,24.72,833.1,0.991653,11.2268,1
2026-02-04 06:00:00,34,0,LB-01,2363.765,13.7371,19.24,831.9,0.996351,13.687,1
2026-02-04 06:00:00,34,0,LB-02,2419.581,13.4822,19.46,832.13,0.996164,13.4305,1
2026-02-04 06:00:00,34,0,LB-03,2497.554,42.2459,19.66,831.45,0.995987,42.0763,4
2026-02-04 06:00:00,34,0,LB-04,2498.567,24.3561,19.37,832.61,0.996247,24.2647,2
2026-02-04 06:00:00,34,0,LB-05,2446.425,18.9857,19.34,832.05,0.996266,18.9148,2
2026-02-04 06:00:00,34,0,LB-06,2308.016,14.7562,19.98,831.0,0.995711,14.6929,1
2026-02-04 06:00:00,34,0,LB-07,2591.913,33.6672,19.58,832.24,0.996066,33.5348,3
2026-02-04 06:00:00,34,0,LB-08,2329.712,19.6852,19.25,831.92,0.996348,19.6133,2
2026-02-04 06:00:00,34,0,LB-09,2441.143,36.5104,20.05,831.33,0.995654,36.3517,3
2026-02-04 06:00:00,34,0,LB-10,2302.914,21.4765,19.46,831.69,0.996166,21.3942,2
2026-02-04 14:00:00,34,1,LB-01,2392.221,28.4558,27.64,832.75,0.989132,28.1466,2
2026-02-04 14:00:00,34,1,LB-02,2440.827,21.2457,27.67,833.04,0.989113,21.0144,2
2026-02-04 14:00:00,34,1,LB-03,2530.055,32.5011,27.66,832.31,0.989102,32.1469,3
2026-02-04 14:00:00,34,1,LB-04,2532.493,33.9258,27.57,832.5,0.989185,33.5589,3
2026-02-04 14:00:00,34,1,LB-05,2486.17,39.7453,28.1,831.54,0.9887,39.2962,3
2026-02-04 14:00:00,34,1,LB-06,2328.492,20.4758,27.5,831.4,0.989213,20.2549,2
2026-02-04 14:00:00,34,1,LB-07,2625.677,33.7631,27.95,832.44,0.988851,33.3867,3
2026-02-04 14:00:00,34,1,LB-08,2342.007,12.2956,27.54,831.77,0.989187,12.1626,1
2026-02-04 14:00:00,34,1,LB-09,2471.399,30.2557,27.55,832.25,0.989195,29.9288,2
2026-02-04 14:00:00,34,1,LB-10,2328.175,25.2603,27.44,832.53,0.989292,24.9898,2
2026-02-04 22:00:00,34,2,LB-01,2403.223,11.002,22.83,830.67,0.99324,10.9276,1
2026-02-04 22:00:00,34,2,LB-02,2459.482,18.6556,22.55,833.41,0.993524,18.5348,2
2026-02-04 22:00:00,34,2,LB-03,2565.051,34.9958,22.93,830.81,0.993154,34.7562,3
2026-02-04 22:00:00,34,2,LB-04,2546.578,14.085,23.0,832.14,0.993115,13.988,1
2026-02-04 22:00:00,34,2,LB-05,2509.16,22.99,22.74,831.11,0.993326,22.8366,2
2026-02-04 22:00:00,34,2,LB-06,2344.584,16.0919,22.69,831.53,0.993372,15.9852,1
2026-02-04 22:00:00,34,2,LB-07,2640.007,14.3302,22.48,831.15,0.993547,14.2377,1
2026-02-04 22:00:00,34,2,LB-08,2364.98,22.9727,22.22,831.34,0.99378,22.8298,2
2026-02-04 22:00:00,34,2,LB-09,2479.708,8.3096,22.48,831.86,0.993561,8.2561,1
2026-02-04 22:00:00,34,2,LB-10,2334.73,6.5557,22.2,833.17,0.99382,6.5152,1
2026-02-05 06:00:00,35,0,LB-01,2414.801,11.578,21.66,832.92,0.99428,11.5118,1
2026-02-05 06:00:00,35,0,LB-02,2475.15,15.668,21.04,831.95,0.9948,15.5865,1
2026-02-05 06:00:00,35,0,LB-03,2601.21,36.1596,21.1,833.02,0.994762,35.9702,3
2026-02-05 06:00:00,35,0,LB-04,2558.865,12.2872,21.38,831.48,0.994505,12.2197,1
2026-02-05 06:00:00,35,0,LB-05,2523.472,14.3119,20.88,832.22,0.994942,14.2395,1
2026-02-05 06:00:00,35,0,LB-06,2406.61,62.0261,20.91,831.76,0.994911,61.7104,5
2026-02-05 06:00:00,35,0,LB-07,2663.21,23.2037,21.24,832.94,0.994644,23.0794,2
2026-02-05 06:00:00,35,0,LB-08,2383.469,18.4889,21.36,831.38,0.994523,18.3876,2
2026-02-05 06:00:00,35,0,LB-09,2501.559,21.8508,20.67,831.89,0.99512,21.7442,2
2026-02-05 06:00:00,35,0,LB-10,2360.428,25.6979,21.25,832.52,0.994629,25.5599,2
2026-02-05 14:00:00,35,1,LB-01,2437.559,22.7579,27.91,832.14,0.98888,22.5049,2
2026-02-05 14:00:00,35,1,LB-02,2486.563,11.4123,27.81,831.91,0.98896,11.2863,1
2026-02-05 14:00:00,35,1,LB-03,2635.06,33.8501,27.99,831.63,0.988794,33.4707,3
2026-02-05 14:00:00,35,1,LB-04,2575.408,16.5424,27.8,832.08,0.988973,16.36,1
2026-02-05 14:00:00,35,1,LB-05,2587.715,64.2432,27.96,832.7,0.98885,63.5269,5
2026-02-05 14:00:00,35,1,LB-06,2430.569,23.9591,28.06,831.96,0.988747,23.6895,2
2026-02-05 14:00:00,35,1,LB-07,2695.549,32.3389,28.1,832.22,0.988719,31.9741,3
2026-02-05 14:00:00,35,1,LB-08,2410.132,26.6633,27.98,831.3,0.9888,26.3647,2
2026-02-05 14:00:00,35,1,LB-09,2542.659,41.1003,27.86,831.97,0.988914,40.6446,3
2026-02-05 14:00:00,35,1,LB-10,2402.606,42.1782,27.73,832.54,0.989047,41.7162,3
2026-02-05 22:00:00,35,2,LB-01,2458.94,21.3815,24.07,831.7,0.992185,21.2144,2
2026-02-05 22:00:00,35,2,LB-02,2501.516,14.9532,24.31,833.01,0.992004,14.8336,1
2026-02-05 22:00:00,35,2,LB-03,2651.514,16.4531,24.35,832.39,0.991956,16.3207,1
2026-02-05 22:00:00,35,2,LB-04,2593.267,17.8595,24.6,832.19,0.991739,17.7119,1
2026-02-05 22:00:00,35,2,LB-05,2599.715,11.9995,24.46,832.24,0.991857,11.9018,1
2026-02-05 22:00:00,35,2,LB-06,2446.45,15.8813,25.28,832.21,0.991149,15.7408,1
2026-02-05 22:00:00,35,2,LB-07,2722.908,27.3584,24.31,831.56,0.991974,27.1388,2
2026-02-05 22:00:00,35,2,LB-08,2418.629,8.4966,24.38,832.92,0.991941,8.4282,1
2026-02-05 22:00:00,35,2,LB-09,2557.068,14.4088,24.28,831.75,0.992009,14.2937,1
2026-02-05 22:00:00,35,2,LB-10,2417.308,14.7017,24.23,831.93,0.992054,14.5848,1
2026-02-06 06:00:00,36,0,LB-01,2476.321,17.381,22.05,831.88,0.993929,17.2755,1
2026-02-06 06:00:00,36,0,LB-02,2557.19,55.6741,21.86,831.51,0.994092,55.3452,5
2026-02-06 06:00:00,36,0,LB-03,2665.162,13.6488,22.1,831.77,0.993884,13.5653,1
2026-02-06 06:00:00,36,0,LB-04,2625.349,32.0819,22.02,832.38,0.993965,31.8883,3
2026-02-06 06:00:00,36,0,LB-05,2621.681,21.9656,22.12,832.76,0.993883,21.8313,2
2026-02-06 06:00:00,36,0,LB-06,2483.437,36.987,21.54,831.68,0.994367,36.7787,3
2026-02-06 06:00:00,36,0,LB-07,2734.391,11.4836,21.56,831.49,0.994351,11.4187,1
2026-02-06 06:00:00,36,0,LB-08,2449.593,30.9642,21.68,832.85,0.994263,30.7865,3
2026-02-06 06:00:00,36,0,LB-09,2576.78,19.7118,22.09,831.88,0.993899,19.5915,2
2026-02-06 06:00:00,36,0,LB-10,2446.389,29.0807,21.67,832.46,0.994266,28.9139,2
2026-02-06 14:00:00,36,1,LB-01,2504.342,28.0211,27.37,832.94,0.989368,27.7232,2
2026-02-06 14:00:00,36,1,LB-02,2585.834,28.6444,27.34,830.17,0.989318,28.3384,2
2026-02-06 14:00:00,36,1,LB-03,2687.995,22.8327,27.17,831.23,0.989495,22.5929,2
2026-02-06 14:00:00,36,1,LB-04,2656.793,31.4437,27.15,831.75,0.989526,31.1143,3
2026-02-06 14:00:00,36,1,LB-05,2657.157,35.4766,27.57,831.52,0.98916,35.0921,3
2026-02-06 14:00:00,36,1,LB-06,2506.181,22.7433,27.27,832.38,0.989442,22.5032,2
2026-02-06 14:00:00,36,1,LB-07,2774.912,40.5211,27.33,832.15,0.989379,40.0907,3
2026-02-06 14:00:00,36,1,LB-08,2492.681,43.0877,27.08,831.93,0.989592,42.6393,4
2026-02-06 14:00:00,36,1,LB-09,2611.136,34.3566,27.37,833.14,0.98937,33.9914,3
2026-02-06 14:00:00,36,1,LB-10,2461.978,15.5893,27.39,831.34,0.989306,15.4225,1
2026-02-06 22:00:00,36,2,LB-01,2522.979,18.6367,23.07,831.3,0.993047,18.5071,2
2026-02-06 22:00:00,36,2,LB-02,2606.964,21.13,23.19,832.67,0.992959,20.9813,2
2026-02-06 22:00:00,36,2,LB-03,2699.104,11.109,23.08,832.09,0.993047,11.0318,1
2026-02-06 22:00:00,36,2,LB-04,2672.859,16.0665,22.8,832.77,0.9933,15.9588,1
2026-02-06 22:00:00,36,2,LB-05,2678.806,21.6491,23.0,831.87,0.993116,21.5001,2
2026-02-06 22:00:00,36,2,LB-06,2536.13,29.9488,22.73,832.06,0.993349,29.7496,2
2026-02-06 22:00:00,36,2,LB-07,2787.323,12.4111,22.99,832.82,0.99314,12.326,1
2026-02-06 22:00:00,36,2,LB-08,2516.588,23.9076,23.47,832.05,0.992711,23.7334,2
2026-02-06 22:00:00,36,2,LB-09,2627.542,16.406,23.3,831.49,0.992846,16.2887,1
2026-02-06 22:00:00,36,2,LB-10,2474.394,12.4164,23.26,831.38,0.992881,12.328,1
2026-02-07 06:00:00,37,0,LB-01,2537.143,14.1639,22.62,832.3,0.993443,14.0711,1
2026-02-07 06:00:00,37,0,LB-02,2623.632,16.6672,22.57,832.34,0.993494,16.5588,1
2026-02-07 06:00:00,37,0,LB-03,2710.334,11.2304,22.89,831.13,0.993197,11.154,1
2026-02-07 06:00:00,37,0,LB-04,2687.678,14.8186,22.24,831.79,0.993764,14.7262,1
2026-02-07 06:00:00,37,0,LB-05,2710.422,31.6159,22.44,831.65,0.993596,31.4135,3
2026-02-07 06:00:00,37,0,LB-06,2551.365,15.2359,22.37,831.34,0.993644,15.1391,1
2026-02-07 06:00:00,37,0,LB-07,2801.772,14.4482,22.6,832.56,0.993469,14.3538,1
2026-02-07 06:00:00,37,0,LB-08,2530.649,14.0613,22.73,831.27,0.993332,13.9675,1
2026-02-07 06:00:00,37,0,LB-09,2650.605,23.0625,22.1,832.49,0.993902,22.9219,2
2026-02-07 06:00:00,37,0,LB-10,2497.394,22.9999,22.32,830.56,0.993678,22.8545,2
2026-02-07 14:00:00,37,1,LB-01,2564.239,27.0965,27.33,832.06,0.989381,26.8088,2
2026-02-07 14:00:00,37,1,LB-02,2644.047,20.4149,27.12,832.26,0.989568,20.202,2
2026-02-07 14:00:00,37,1,LB-03,2758.967,48.6321,27.47,831.92,0.989257,48.1097,4
2026-02-07 14:00:00,37,1,LB-04,2714.846,27.1679,26.93,831.81,0.989714,26.8885,2
2026-02-07 14:00:00,37,1,LB-05,2740.109,29.6865,27.09,831.45,0.989567,29.3768,2
2026-02-07 14:00:00,37,1,LB-06,2586.207,34.8421,27.28,831.51,0.989406,34.4729,3
2026-02-07 14:00:00,37,1,LB-07,2820.437,18.6653,27.34,832.89,0.989388,18.4672,2
2026-02-07 14:00:00,37,1,LB-08,2562.481,31.831,27.61,832.55,0.98915,31.4857,3
2026-02-07 14:00:00,37,1,LB-09,2675.696,25.0915,27.56,832.27,0.989188,24.8202,2
2026-02-07 14:00:00,37,1,LB-10,2538.27,40.8757,27.57,832.21,0.989176,40.4333,3
2026-02-07 22:00:00,37,2,LB-01,2586.975,22.7352,22.09,832.48,0.993907,22.5967,2
2026-02-07 22:00:00,37,2,LB-02,2657.924,13.877,23.11,831.48,0.993009,13.78,1
2026-02-07 22:00:00,37,2,LB-03,2777.975,19.0084,22.48,832.13,0.993562,18.886,2
2026-02-07 22:00:00,37,2,LB-04,2729.896,15.0505,22.59,832.18,0.993472,14.9523,1
2026-02-07 22:00:00,37,2,LB-05,2762.057,21.9481,22.74,831.68,0.993335,21.8018,2
2026-02-07 22:00:00,37,2,LB-06,2616.816,30.6083,22.52,831.5,0.993522,30.41,3
2026-02-07 22:00:00,37,2,LB-07,2836.376,15.9396,22.54,832.55,0.993517,15.8363,1
2026-02-07 22:00:00,37,2,LB-08,2582.281,19.8005,22.76,832.35,0.993329,19.6684,2
2026-02-07 22:00:00,37,2,LB-09,2691.652,15.9551,22.33,832.46,0.993702,15.8546,1
2026-02-07 22:00:00,37,2,LB-10,2548.241,9.9708,22.79,831.57,0.993287,9.9039,1
2026-02-08 06:00:00,38,0,LB-01,2603.095,16.1208,19.7,832.88,0.995964,16.0558,1
2026-02-08 06:00:00,38,0,LB-02,2671.12,13.1961,20.11,832.31,0.995606,13.1381,1
2026-02-08 06:00:00,38,0,LB-03,2788.742,10.767,20.43,832.88,0.995342,10.7169,1
2026-02-08 06:00:00,38,0,LB-04,2752.107,22.2111,19.76,832.39,0.995913,22.1203,2
2026-02-08 06:00:00,38,0,LB-05,2785.165,23.1081,19.59,831.68,0.996046,23.0167,2
2026-02-08 06:00:00,38,0,LB-06,2638.798,21.9822,19.75,832.19,0.995914,21.8924,2
2026-02-08 06:00:00,38,0,LB-07,2859.355,22.9789,19.69,832.58,0.995969,22.8862,2
2026-02-08 06:00:00,38,0,LB-08,2596.88,14.5985,19.73,832.52,0.995934,14.5391,1
2026-02-08 06:00:00,38,0,LB-09,2717.235,25.5838,19.67,832.59,0.995994,25.4813,2
2026-02-08 06:00:00,38,0,LB-10,2562.134,13.8934,20.0,832.97,0.995712,13.8338,1
2026-02-08 14:00:00,38,1,LB-01,2649.484,46.3887,28.13,832.01,0.988686,45.8639,4
2026-02-08 14:00:00,38,1,LB-02,2693.646,22.5262,28.34,831.28,0.98848,22.2667,2
2026-02-08 14:00:00,38,1,LB-03,2816.912,28.17,28.4,831.68,0.988442,27.8444,2
2026-02-08 14:00:00,38,1,LB-04,2785.933,33.8253,28.06,832.39,0.988758,33.445,3
2026-02-08 14:00:00,38,1,LB-05,2838.45,53.2847,28.56,832.7,0.988333,52.663,4
2026-02-08 14:00:00,38,1,LB-06,2660.981,22.183,28.53,830.59,0.988301,21.9235,2
2026-02-08 14:00:00,38,1,LB-07,2892.529,33.1739,28.7,832.27,0.9882,32.7824,3
2026-02-08 14:00:00,38,1,LB-08,2610.226,13.3464,28.31,830.92,0.988502,13.1929,1
2026-02-08 14:00:00,38,1,LB-09,2745.151,27.9157,29.07,832.34,0.987882,27.5774,2
2026-02-08 14:00:00,38,1,LB-10,2597.637,35.5026,28.29,832.53,0.988565,35.0966,3
2026-02-08 22:00:00,38,2,LB-01,2662.005,12.5206,22.33,832.1,0.993698,12.4417,1
2026-02-08 22:00:00,38,2,LB-02,2707.26,13.6137,22.4,832.13,0.993636,13.5271,1
2026-02-08 22:00:00,38,2,LB-03,2837.038,20.1259,22.39,832.19,0.993641,19.9979,2
2026-02-08 22:00:00,38,2,LB-04,2817.95,32.0171,22.48,832.03,0.993561,31.811,3
2026-02-08 22:00:00,38,2,LB-05,2858.284,19.8347,22.1,832.77,0.993903,19.7137,2
2026-02-08 22:00:00,38,2,LB-06,2680.013,19.0321,22.42,831.89,0.99361,18.9105,2
2026-02-08 22:00:00,38,2,LB-07,2906.459,13.93,22.74,832.05,0.993336,13.8371,1
2026-02-08 22:00:00,38,2,LB-08,2627.384,17.1586,22.34,832.58,0.99369,17.0503,1
2026-02-08 22:00:00,38,2,LB-09,2753.876,8.7245,22.49,831.47,0.993543,8.6682,1
2026-02-08 22:00:00,38,2,LB-10,2610.094,12.4572,22.39,832.11,0.993646,12.378,1
2026-02-09 06:00:00,39,0,LB-01,2702.379,40.3746,21.25,831.78,0.994625,40.1576,3
2026-02-09 06:00:00,39,0,LB-02,2721.341,14.0812,20.99,832.13,0.994848,14.0087,1
2026-02-09 06:00:00,39,0,LB-03,2855.813,18.7754,21.13,832.92,0.994742,18.6767,2
2026-02-09 06:00:00,39,0,LB-04,2837.094,19.1446,21.31,832.28,0.994576,19.0408,2
2026-02-09 06:00:00,39,0,LB-05,2898.079,39.7951,20.49,832.24,0.995279,39.6072,3
2026-02-09 06:00:00,39,0,LB-06,2700.751,20.7376,21.3,831.93,0.994582,20.6253,2
2026-02-09 06:00:00,39,0,LB-07,2933.818,27.3589,21.27,831.07,0.994597,27.2111,2
2026-02-09 06:00:00,39,0,LB-08,2654.366,26.9814,21.22,832.22,0.994652,26.8371,2
2026-02-09 06:00:00,39,0,LB-09,2773.639,19.7632,21.32,831.99,0.994563,19.6558,2
2026-02-09 06:00:00,39,0,LB-10,2641.118,31.0239,21.61,833.02,0.994325,30.8479,3
2026-02-09 14:00:00,39,1,LB-01,2729.726,27.3467,25.56,832.03,0.990906,27.098,2
2026-02-09 14:00:00,39,1,LB-02,2744.349,23.0082,25.17,832.42,0.991249,22.8069,2
2026-02-09 14:00:00,39,1,LB-03,2888.144,32.3306,25.52,832.11,0.990942,32.0378,3
2026-02-09 14:00:00,39,1,LB-04,2887.409,50.3143,25.54,831.72,0.990918,49.8573,4
2026-02-09 14:00:00,39,1,LB-05,2930.922,32.8423,25.32,831.75,0.991105,32.5502,3
2026-02-09 14:00:00,39,1,LB-06,2735.781,35.0308,25.84,831.96,0.990662,34.7036,3
2026-02-09 14:00:00,39,1,LB-07,2967.4,33.5822,25.61,832.69,0.990878,33.2759,3
2026-02-09 14:00:00,39,1,LB-08,2677.476,23.1104,25.34,831.79,0.991088,22.9044,2
2026-02-09 14:00:00,39,1,LB-09,2795.329,21.6898,25.57,831.86,0.99089,21.4922,2
2026-02-09 14:00:00,39,1,LB-10,2672.103,30.9857,25.96,831.81,0.990557,30.6931,3
2026-02-09 22:00:00,39,2,LB-01,2739.065,9.3392,21.82,832.31,0.994141,9.2845,1
2026-02-09 22:00:00,39,2,LB-02,2765.937,21.5883,21.74,832.08,0.994205,21.4632,2
2026-02-09 22:00:00,39,2,LB-03,2904.19,16.0466,21.92,832.2,0.994052,15.9511,1
2026-02-09 22:00:00,39,2,LB-04,2896.323,8.9141,22.21,831.2,0.99378,8.8586,1
2026-02-09 22:00:00,39,2,LB-05,2948.535,17.6135,21.77,831.89,0.994172,17.5108,1
2026-02-09 22:00:00,39,2,LB-06,2750.079,14.2979,22.18,831.39,0.99381,14.2094,1
2026-02-09 22:00:00,39,2,LB-07,2975.643,8.2425,22.11,832.37,0.993888,8.1921,1
2026-02-09 22:00:00,39,2,LB-08,2711.054,33.5782,22.31,831.35,0.993696,33.3665,3
2026-02-09 22:00:00,39,2,LB-09,2811.144,15.8155,22.17,832.39,0.993833,15.718,1
2026-02-09 22:00:00,39,2,LB-10,2700.392,28.2888,22.1,832.48,0.993897,28.1161,2
2026-02-10 06:00:00,40,0,LB-01,2756.985,17.9197,20.2,831.54,0.995521,17.8394,1
2026-02-10 06:00:00,40,0,LB-02,2789.008,23.0702,20.0,831.9,0.995695,22.9709,2
2026-02-10 06:00:00,40,0,LB-03,2924.893,20.703,19.99,832.69,0.995716,20.6143,2
2026-02-10 06:00:00,40,0,LB-04,2915.838,19.5158,19.77,831.83,0.995899,19.4358,2
2026-02-10 06:00:00,40,0,LB-05,2961.941,13.4058,20.15,831.79,0.99557,13.3464,1
2026-02-10 06:00:00,40,0,LB-06,2775.056,24.9766,20.38,832.02,0.995369,24.8609,2
2026-02-10 06:00:00,40,0,LB-07,3002.669,27.0267,20.67,831.17,0.99511,26.8946,2
2026-02-10 06:00:00,40,0,LB-08,2734.044,22.9892,20.55,831.44,0.995218,22.8793,2
2026-02-10 06:00:00,40,0,LB-09,2835.992,24.848,20.2,832.37,0.995529,24.7369,2
2026-02-10 06:00:00,40,0,LB-10,2733.736,33.3436,19.46,832.45,0.99617,33.2159,3
2026-02-10 14:00:00,40,1,LB-01,2780.28,23.295,27.77,831.42,0.98898,23.0383,2
2026-02-10 14:00:00,40,1,LB-02,2816.721,27.7132,27.06,832.53,0.989627,27.4258,2
2026-02-10 14:00:00,40,1,LB-03,2943.191,18.298,26.78,831.82,0.989847,18.1122,2
2026-02-10 14:00:00,40,1,LB-04,2946.325,30.4866,27.83,832.14,0.988948,30.1496,3
2026-02-10 14:00:00,40,1,LB-05,2994.062,32.1211,28.16,832.26,0.988663,31.7569,3
2026-02-10 14:00:00,40,1,LB-06,2788.48,13.4239,27.82,832.39,0.988965,13.2758,1
2026-02-10 14:00:00,40,1,LB-07,3031.63,28.9603,27.37,832.1,0.989346,28.6518,2
2026-02-10 14:00:00,40,1,LB-08,2769.213,35.1695,27.37,831.52,0.989327,34.7942,3
2026-02-10 14:00:00,40,1,LB-09,2853.72,17.7278,27.77,831.65,0.988984,17.5325,1
2026-02-10 14:00:00,40,1,LB-10,2764.685,30.9491,27.77,831.94,0.988992,30.6084,3
2026-02-10 22:00:00,40,2,LB-01,2806.758,26.4775,23.19,832.74,0.99296,26.2911,2
2026-02-10 22:00:00,40,2,LB-02,2841.282,24.5616,23.69,832.37,0.992531,24.3782,2
2026-02-10 22:00:00,40,2,LB-03,2948.039,4.8475,23.83,831.66,0.992392,4.8106,0
2026-02-10 22:00:00,40,2,LB-04,2974.215,27.8904,23.89,831.21,0.992331,27.6765,2
2026-02-10 22:00:00,40,2,LB-05,3012.051,17.9889,23.19,832.3,0.992958,17.8623,1
2026-02-10 22:00:00,40,2,LB-06,2808.754,20.2743,23.78,832.27,0.992449,20.1212,2
2026-02-10 22:00:00,40,2,LB-07,3037.864,6.2342,23.39,832.35,0.992786,6.1892,1
2026-02-10 22:00:00,40,2,LB-08,2789.909,20.6959,23.14,831.2,0.992978,20.5506,2
2026-02-10 22:00:00,40,2,LB-09,2863.253,9.5334,23.28,831.99,0.992869,9.4654,1
2026-02-10 22:00:00,40,2,LB-10,2780.508,15.8231,23.02,831.14,0.993083,15.7136,1
2026-02-11 06:00:00,41,0,LB-01,2815.128,8.3705,20.92,832.14,0.99491,8.3279,1
2026-02-11 06:00:00,41,0,LB-02,2876.505,35.2224,20.98,831.25,0.994849,35.041,3
2026-02-11 06:00:00,41,0,LB-03,2962.881,14.8419,20.73,830.09,0.995049,14.7684,1
2026-02-11 06:00:00,41,0,LB-04,2984.992,10.7769,21.09,832.36,0.994764,10.7205,1
2026-02-11 06:00:00,41,0,LB-05,3043.39,31.3393,21.03,832.25,0.994816,31.1768,3
2026-02-11 06:00:00,41,0,LB-06,2837.613,28.859,20.84,831.91,0.994973,28.7139,2
2026-02-11 06:00:00,41,0,LB-07,3065.246,27.3818,20.87,832.58,0.99496,27.2438,2
2026-02-11 06:00:00,41,0,LB-08,2814.075,24.1654,20.89,832.4,0.994937,24.0431,2
2026-02-11 06:00:00,41,0,LB-09,2896.555,33.3017,21.16,832.54,0.994709,33.1255,3
2026-02-11 06:00:00,41,0,LB-10,2810.688,30.1798,20.42,832.86,0.995349,30.0395,3
2026-02-11 14:00:00,41,1,LB-01,2848.666,33.5384,27.23,831.98,0.989462,33.185,3
2026-02-11 14:00:00,41,1,LB-02,2904.867,28.3618,26.98,831.96,0.989674,28.069,2
2026-02-11 14:00:00,41,1,LB-03,2990.421,27.5398,27.51,831.86,0.989215,27.2428,2
2026-02-11 14:00:00,41,1,LB-04,3038.297,53.305,27.27,831.25,0.989406,52.7403,4
2026-02-11 14:00:00,41,1,LB-05,3068.775,25.3847,27.33,831.36,0.989365,25.1148,2
2026-02-11 14:00:00,41,1,LB-06,2860.027,22.4143,27.34,832.39,0.989376,22.1762,2
2026-02-11 14:00:00,41,1,LB-07,3118.533,53.2876,27.7,831.38,0.989038,52.7035,4
2026-02-11 14:00:00,41,1,LB-08,2851.418,37.3436,27.64,832.64,0.989127,36.9376,3
2026-02-11 14:00:00,41,1,LB-09,2908.702,12.147,27.18,831.78,0.989499,12.0194,1
2026-02-11 14:00:00,41,1,LB-10,2829.728,19.0405,27.55,832.24,0.989193,18.8347,2
2026-02-11 22:00:00,41,2,LB-01,2885.079,36.413,21.6,830.61,0.994304,36.2056,3
2026-02-11 22:00:00,41,2,LB-02,2913.2,8.3333,21.89,831.85,0.994068,8.2838,1
2026-02-11 22:00:00,41,2,LB-03,3004.259,13.8389,21.88,831.82,0.994075,13.7569,1
2026-02-11 22:00:00,41,2,LB-04,3051.118,12.8205,21.65,832.34,0.994284,12.7472,1
2026-02-11 22:00:00,41,2,LB-05,3091.815,23.0402,22.13,832.46,0.993872,22.899,2
2026-02-11 22:00:00,41,2,LB-06,2886.901,26.8732,21.44,831.86,0.99446,26.7243,2
2026-02-11 22:00:00,41,2,LB-07,3131.697,13.1635,22.1,831.78,0.99389,13.0831,1
2026-02-11 22:00:00,41,2,LB-08,2865.741,14.3224,22.07,831.65,0.993909,14.2352,1
2026-02-11 22:00:00,41,2,LB-09,2920.673,11.9708,21.56,831.77,0.994356,11.9033,1
2026-02-11 22:00:00,41,2,LB-10,2857.643,27.9147,21.86,832.71,0.994105,27.7501,2
2026-02-12 06:00:00,42,0,LB-01,2916.006,30.9267,20.82,831.9,0.994995,30.772,3
2026-02-12 06:00:00,42,0,LB-02,2931.257,18.057,20.8,833.69,0.99503,17.9673,1
2026-02-12 06:00:00,42,0,LB-03,3012.119,7.8599,20.61,832.02,0.995172,7.822,1
2026-02-12 06:00:00,42,0,LB-04,3070.528,19.4106,20.85,831.6,0.994961,19.3127,2
2026-02-12 06:00:00,42,0,LB-05,3120.773,28.9584,20.75,831.24,0.995041,28.8148,2
2026-02-12 06:00:00,42,0,LB-06,2913.823,26.9219,20.94,832.3,0.994893,26.7844,2
2026-02-12 06:00:00,42,0,LB-07,3142.349,10.6518,20.82,832.32,0.994998,10.5985,1
2026-02-12 06:00:00,42,0,LB-08,2879.025,13.2841,20.91,832.04,0.994919,13.2166,1
2026-02-12 06:00:00,42,0,LB-09,2953.183,32.5104,20.89,831.95,0.994933,32.3457,3
2026-02-12 06:00:00,42,0,LB-10,2903.063,45.4196,20.74,832.43,0.995069,45.1956,4
2026-02-12 14:00:00,42,1,LB-01,2944.274,28.2676,27.86,831.85,0.988912,27.9542,2
2026-02-12 14:00:00,42,1,LB-02,2954.013,22.7564,27.64,831.74,0.989102,22.5084,2
2026-02-12 14:00:00,42,1,LB-03,3035.676,23.5561,27.26,832.05,0.989441,23.3074,2
2026-02-12 14:00:00,42,1,LB-04,3101.089,30.5603,26.79,831.86,0.98984,30.2498,3
2026-02-12 14:00:00,42,1,LB-05,3151.432,30.6584,27.46,832.06,0.98927,30.3294,3
2026-02-12 14:00:00,42,1,LB-06,2966.598,52.7757,27.56,832.91,0.989202,52.2058,4
2026-02-12 14:00:00,42,1,LB-07,3171.438,29.089,27.5,831.21,0.989212,28.7752,2
2026-02-12 14:00:00,42,1,LB-08,2908.645,29.6201,27.43,831.91,0.989292,29.3029,2
2026-02-12 14:00:00,42,1,LB-09,2986.118,32.9346,27.27,831.15,0.989408,32.5857,3
2026-02-12 14:00:00,42,1,LB-10,2942.964,39.9011,27.34,832.43,0.989378,39.4773,3
2026-02-12 22:00:00,42,2,LB-01,2960.663,16.389,22.46,832.72,0.993595,16.284,1
2026-02-12 22:00:00,42,2,LB-02,2973.146,19.1326,22.18,831.02,0.993809,19.0141,2
2026-02-12 22:00:00,42,2,LB-03,3055.803,20.1272,22.31,831.97,0.993712,20.0007,2
2026-02-12 22:00:00,42,2,LB-04,3123.11,22.0212,22.35,833.22,0.993697,21.8824,2
2026-02-12 22:00:00,42,2,LB-05,3164.158,12.7257,21.9,831.36,0.99405,12.65,1
2026-02-12 22:00:00,42,2,LB-06,2995.227,28.6286,22.14,831.5,0.993851,28.4526,2
2026-02-12 22:00:00,42,2,LB-07,3184.568,13.1308,22.19,832.15,0.993814,13.0496,1
2026-02-12 22:00:00,42,2,LB-08,2919.29,10.6448,22.01,832.13,0.993973,10.5807,1
2026-02-12 22:00:00,42,2,LB-09,2998.146,12.0283,22.51,831.34,0.99353,11.9505,1
2026-02-12 22:00:00,42,2,LB-10,2966.781,23.8168,22.13,832.6,0.993875,23.6709,2
2026-02-13 06:00:00,43,0,LB-01,2981.565,20.9021,22.72,832.61,0.993365,20.7634,2
2026-02-13 06:00:00,43,0,LB-02,2990.283,17.1368,22.49,831.33,0.993547,17.0263,1
2026-02-13 06:00:00,43,0,LB-03,3077.277,21.474,22.18,832.54,0.993831,21.3415,2
2026-02-13 06:00:00,43,0,LB-04,3154.084,30.9741,22.16,832.73,0.993853,30.7837,3
2026-02-13 06:00:00,43,0,LB-05,3177.409,13.2516,21.83,831.68,0.994117,13.1736,1
2026-02-13 06:00:00,43,0,LB-06,3009.297,14.0704,22.22,832.21,0.993788,13.983,1
2026-02-13 06:00:00,43,0,LB-07,3212.098,27.5299,22.05,831.94,0.99393,27.3628,2
2026-02-13 06:00:00,43,0,LB-08,2951.221,31.9317,21.8,833.22,0.994163,31.7453,3
2026-02-13 06:00:00,43,0,LB-09,3008.232,10.0864,22.23,832.81,0.993795,10.0239,1
2026-02-13 06:00:00,43,0,LB-10,3000.687,33.9067,22.17,832.33,0.993839,33.6978,3
2026-02-13 14:00:00,43,1,LB-01,3012.749,31.1846,27.04,832.49,0.989639,30.8615,3
2026-02-13 14:00:00,43,1,LB-02,3037.317,47.0337,27.72,831.97,0.989037,46.5181,4
2026-02-13 14:00:00,43,1,LB-03,3090.089,12.8125,27.48,830.98,0.989218,12.6744,1
2026-02-13 14:00:00,43,1,LB-04,3178.284,24.1999,27.46,831.1,0.989245,23.9397,2
2026-02-13 14:00:00,43,1,LB-05,3207.198,29.7893,27.45,832.29,0.989284,29.47,2
2026-02-13 14:00:00,43,1,LB-06,3047.554,38.2568,27.58,832.61,0.989177,37.8427,3
2026-02-13 14:00:00,43,1,LB-07,3232.218,20.1196,27.24,832.62,0.989471,19.9078,2
2026-02-13 14:00:00,43,1,LB-08,2978.505,27.2839,27.6,831.49,0.989134,26.9874,2
2026-02-13 14:00:00,43,1,LB-09,3072.987,64.7541,27.44,831.4,0.989267,64.0591,5
2026-02-13 14:00:00,43,1,LB-10,3024.745,24.0582,27.06,832.87,0.989632,23.8088,2
2026-02-13 22:00:00,43,2,LB-01,3029.46,16.7108,23.15,831.48,0.992973,16.5934,1
2026-02-13 22:00:00,43,2,LB-02,3058.129,20.8128,23.38,831.83,0.992787,20.6627,2
2026-02-13 22:00:00,43,2,LB-03,3110.364,20.275,23.4,831.08,0.992751,20.128,2
2026-02-13 22:00:00,43,2,LB-04,3199.675,21.3907,23.51,831.86,0.992675,21.234,2
2026-02-13 22:00:00,43,2,LB-05,3221.037,13.8381,23.64,831.35,0.992549,13.735,1
2026-02-13 22:00:00,43,2,LB-06,3057.844,10.2894,23.3,830.96,0.992835,10.2157,1
2026-02-13 22:00:00,43,2,LB-07,3244.226,12.0085,22.88,831.37,0.993208,11.9269,1
2026-02-13 22:00:00,43,2,LB-08,2989.713,11.2075,23.17,830.29,0.99294,11.1284,1
2026-02-13 22:00:00,43,2,LB-09,3091.863,18.8767,22.89,831.75,0.993208,18.7484,2
2026-02-13 22:00:00,43,2,LB-10,3041.764,17.0185,23.46,831.99,0.992717,16.8946,1
2026-02-14 06:00:00,44,0,LB-01,3068.701,39.2408,20.39,831.84,0.995362,39.0588,3
2026-02-14 06:00:00,44,0,LB-02,3084.382,26.2522,20.56,831.9,0.995218,26.1267,2
2026-02-14 06:00:00,44,0,LB-03,3139.254,28.8898,20.69,831.85,0.995104,28.7484,2
2026-02-14 06:00:00,44,0,LB-04,3242.507,42.8328,20.96,831.12,0.994863,42.6128,4
2026-02-14 06:00:00,44,0,LB-05,3256.507,35.4708,20.89,832.57,0.994945,35.2914,3
2026-02-14 06:00:00,44,0,LB-06,3078.445,20.6011,21.32,831.75,0.994558,20.489,2
2026-02-14 06:00:00,44,0,LB-07,3256.687,12.461,20.77,831.52,0.995028,12.399,1
2026-02-14 06:00:00,44,0,LB-08,3022.346,32.6336,20.92,833.05,0.994921,32.4678,3
2026-02-14 06:00:00,44,0,LB-09,3100.315,8.4514,20.93,831.88,0.994895,8.4082,1
2026-02-14 06:00:00,44,0,LB-10,3061.845,20.0806,20.91,833.15,0.994934,19.9788,2
2026-02-14 14:00:00,44,1,LB-01,3108.615,39.9135,27.57,832.18,0.989178,39.4816,3
2026-02-14 14:00:00,44,1,LB-02,3098.477,14.0956,28.44,833.46,0.988462,13.9329,1
2026-02-14 14:00:00,44,1,LB-03,3154.566,15.3116,28.11,832.67,0.988719,15.1388,1
2026-02-14 14:00:00,44,1,LB-04,3258.879,16.3712,28.21,832.57,0.988634,16.1852,1
2026-02-14 14:00:00,44,1,LB-05,3284.816,28.309,27.93,833.29,0.988896,27.9947,2
2026-02-14 14:00:00,44,1,LB-06,3117.56,39.1153,28.0,832.48,0.98881,38.6775,3
2026-02-14 14:00:00,44,1,LB-07,3281.473,24.7854,28.17,832.13,0.988651,24.5041,2
2026-02-14 14:00:00,44,1,LB-08,3072.525,50.1788,28.13,833.68,0.988732,49.6134,4
2026-02-14 14:00:00,44,1,LB-09,3118.191,17.8767,28.2,831.94,0.988626,17.6734,1
2026-02-14 14:00:00,44,1,LB-10,3084.269,22.4247,28.29,832.79,0.988566,22.1683,2
2026-02-14 22:00:00,44,2,LB-01,3116.857,8.242,23.0,831.97,0.993114,8.1853,1
2026-02-14 22:00:00,44,2,LB-02,3119.305,20.828,22.48,831.72,0.993555,20.6937,2
2026-02-14 22:00:00,44,2,LB-03,3172.555,17.9898,22.22,831.71,0.993784,17.878,1
2026-02-14 22:00:00,44,2,LB-04,3279.443,20.5644,22.84,832.71,0.993263,20.4259,2
2026-02-14 22:00:00,44,2,LB-05,3300.297,15.4809,22.87,831.06,0.993211,15.3758,1
2026-02-14 22:00:00,44,2,LB-06,3136.503,18.9435,22.51,831.52,0.99353,18.821,2
2026-02-14 22:00:00,44,2,LB-07,3307.378,25.9052,22.78,831.79,0.993306,25.7318,2
2026-02-14 22:00:00,44,2,LB-08,3083.996,11.4712,22.68,832.65,0.993404,11.3956,1
2026-02-14 22:00:00,44,2,LB-09,3137.212,19.021,22.4,831.8,0.993628,18.8998,2
2026-02-14 22:00:00,44,2,LB-10,3097.785,13.5161,22.69,831.55,0.993378,13.4266,1
2026-02-15 06:00:00,45,0,LB-01,3146.583,29.7266,19.97,831.13,0.995718,29.5993,2
2026-02-15 06:00:00,45,0,LB-02,3138.523,19.218,20.11,832.18,0.995603,19.1335,2
2026-02-15 06:00:00,45,0,LB-03,3215.727,43.1719,20.4,831.31,0.995349,42.9711,4
2026-02-15 06:00:00,45,0,LB-04,3296.711,17.2684,20.22,832.91,0.99552,17.191,1
2026-02-15 06:00:00,45,0,LB-05,3309.955,9.6581,20.27,831.65,0.995462,9.6142,1
2026-02-15 06:00:00,45,0,LB-06,3151.642,15.1383,19.66,832.4,0.995998,15.0778,1
2026-02-15 06:00:00,45,0,LB-07,3318.973,11.5947,20.29,830.61,0.995437,11.5418,1
2026-02-15 06:00:00,45,0,LB-08,3128.701,44.7045,20.05,832.31,0.995662,44.5105,4
2026-02-15 06:00:00,45,0,LB-09,3148.704,11.4922,20.3,833.15,0.995457,11.44,1
2026-02-15 06:00:00,45,0,LB-10,3106.993,9.208,20.86,832.42,0.994963,9.1616,1
2026-02-15 14:00:00,45,1,LB-01,3173.126,26.5429,28.57,833.71,0.988352,26.2337,2
2026-02-15 14:00:00,45,1,LB-02,3163.635,25.1124,28.11,832.7,0.988726,24.8292,2
2026-02-15 14:00:00,45,1,LB-03,3239.835,24.1078,28.01,832.89,0.988812,23.8381,2
2026-02-15 14:00:00,45,1,LB-04,3318.746,22.0347,28.36,831.67,0.988476,21.7807,2
2026-02-15 14:00:00,45,1,LB-05,3351.363,41.4079,28.38,832.29,0.988477,40.9307,3
2026-02-15 14:00:00,45,1,LB-06,3170.915,19.2731,28.1,830.94,0.988682,19.0549,2
2026-02-15 14:00:00,45,1,LB-07,3348.529,29.5566,28.03,833.0,0.988802,29.2256,2
2026-02-15 14:00:00,45,1,LB-08,3163.282,34.5815,27.96,832.78,0.988851,34.1959,3
2026-02-15 14:00:00,45,1,LB-09,3171.197,22.4928,28.19,831.4,0.988617,22.2367,2
2026-02-15 14:00:00,45,1,LB-10,3142.425,35.4322,28.03,831.43,0.988758,35.0339,3
2026-02-15 22:00:00,45,2,LB-01,3185.867,12.7412,23.73,832.35,0.992489,12.6455,1
2026-02-15 22:00:00,45,2,LB-02,3173.884,10.249,23.23,831.02,0.992903,10.1763,1
2026-02-15 22:00:00,45,2,LB-03,3261.618,21.7826,23.5,831.77,0.992678,21.6231,2
2026-02-15 22:00:00,45,2,LB-04,3334.821,16.075,23.23,832.24,0.992924,15.9613,1
2026-02-15 22:00:00,45,2,LB-05,3366.558,15.1946,23.41,831.75,0.992753,15.0845,1
2026-02-15 22:00:00,45,2,LB-06,3184.84,13.9254,23.06,832.69,0.993073,13.8289,1
2026-02-15 22:00:00,45,2,LB-07,3373.218,24.6885,23.75,831.76,0.992464,24.5025,2
2026-02-15 22:00:00,45,2,LB-08,3176.491,13.2088,23.42,832.6,0.992764,13.1132,1
2026-02-15 22:00:00,45,2,LB-09,3182.947,11.7502,23.07,831.38,0.993041,11.6684,1
2026-02-15 22:00:00,45,2,LB-10,3159.139,16.7138,23.45,830.76,0.992705,16.5919,1
2026-02-16 06:00:00,46,0,LB-01,3191.953,6.0857,20.42,832.71,0.995348,6.0574,1
2026-02-16 06:00:00,46,0,LB-02,3190.031,16.146,21.0,831.34,0.994831,16.0626,1
2026-02-16 06:00:00,46,0,LB-03,3293.672,32.0539,20.16,832.37,0.995563,31.9116,3
2026-02-16 06:00:00,46,0,LB-04,3369.966,35.1451,20.3,831.64,0.995434,34.9846,3
2026-02-16 06:00:00,46,0,LB-05,3393.534,26.9767,20.61,832.0,0.995174,26.8465,2
2026-02-16 06:00:00,46,0,LB-06,3202.409,17.5691,20.77,832.69,0.995041,17.482,1
2026-02-16 06:00:00,46,0,LB-07,3405.896,32.678,20.44,830.28,0.995301,32.5244,3
2026-02-16 06:00:00,46,0,LB-08,3216.046,39.5547,21.02,832.57,0.99483,39.3502,3
2026-02-16 06:00:00,46,0,LB-09,3194.954,12.007,20.5,831.91,0.995271,11.9502,1
2026-02-16 06:00:00,46,0,LB-10,3175.146,16.0063,20.28,833.11,0.995473,15.9338,1
2026-02-16 14:00:00,46,1,LB-01,3252.881,60.9282,27.22,830.31,0.989427,60.284,5
2026-02-16 14:00:00,46,1,LB-02,3204.974,14.9439,26.89,833.25,0.989787,14.7913,1
2026-02-16 14:00:00,46,1,LB-03,3332.229,38.5571,27.54,832.64,0.989211,38.1411,3
2026-02-16 14:00:00,46,1,LB-04,3399.281,29.3149,27.2,831.57,0.989482,29.0066,2
2026-02-16 14:00:00,46,1,LB-05,3416.136,22.6018,27.4,832.88,0.98934,22.3609,2
2026-02-16 14:00:00,46,1,LB-06,3241.484,39.0749,27.48,832.15,0.989255,38.655,3
2026-02-16 14:00:00,46,1,LB-07,3433.019,27.1236,27.01,832.54,0.989663,26.8432,2
2026-02-16 14:00:00,46,1,LB-08,3250.176,34.1304,27.5,832.27,0.989237,33.7631,3
2026-02-16 14:00:00,46,1,LB-09,3212.146,17.1914,27.21,831.48,0.989467,17.0103,1
2026-02-16 14:00:00,46,1,LB-10,3200.651,25.5056,27.47,831.56,0.989242,25.2312,2
2026-02-16 22:00:00,46,2,LB-01,3274.962,22.0812,22.65,832.27,0.993424,21.936,2
2026-02-16 22:00:00,46,2,LB-02,3218.955,13.9805,22.62,832.17,0.993442,13.8888,1
2026-02-16 22:00:00,46,2,LB-03,3345.784,13.5553,22.76,832.11,0.993324,13.4648,1
2026-02-16 22:00:00,46,2,LB-04,3410.952,11.6712,22.87,832.12,0.993227,11.5922,1
2026-02-16 22:00:00,46,2,LB-05,3442.382,26.2461,23.08,832.12,0.993051,26.0638,2
2026-02-16 22:00:00,46,2,LB-06,3252.661,11.1768,22.17,832.22,0.993835,11.1079,1
2026-02-16 22:00:00,46,2,LB-07,3444.333,11.3138,23.13,832.86,0.993016,11.2348,1
2026-02-16 22:00:00,46,2,LB-08,3261.808,11.6321,22.74,831.41,0.993326,11.5545,1
2026-02-16 22:00:00,46,2,LB-09,3228.793,16.647,22.8,831.72,0.993279,16.5351,1
2026-02-16 22:00:00,46,2,LB-10,3216.599,15.9478,22.79,831.8,0.99329,15.8408,1
2026-02-17 06:00:00,47,0,LB-01,3284.119,9.1571,20.34,832.25,0.995408,9.115,1
2026-02-17 06:00:00,47,0,LB-02,3230.421,11.4664,20.6,832.08,0.995183,11.4112,1
2026-02-17 06:00:00,47,0,LB-03,3353.616,7.8318,20.08,831.5,0.995622,7.7975,1
2026-02-17 06:00:00,47,0,LB-04,3424.701,13.7489,19.73,832.62,0.995937,13.693,1
2026-02-17 06:00:00,47,0,LB-05,3466.65,24.2673,19.97,830.91,0.995719,24.1634,2
2026-02-17 06:00:00,47,0,LB-06,3286.795,34.1338,20.0,832.5,0.995705,33.9872,3
2026-02-17 06:00:00,47,0,LB-07,3466.145,21.812,20.38,832.55,0.995382,21.7112,2
2026-02-17 06:00:00,47,0,LB-08,3275.325,13.5163,20.3,833.16,0.995454,13.4548,1
2026-02-17 06:00:00,47,0,LB-09,3237.965,9.1725,20.26,832.9,0.995484,9.1311,1
2026-02-17 06:00:00,47,0,LB-10,3238.211,21.6122,19.99,832.02,0.995711,21.5195,2
2026-02-17 14:00:00,47,1,LB-01,3313.06,28.9407,28.72,832.18,0.988183,28.5987,2
2026-02-17 14:00:00,47,1,LB-02,3271.172,40.751,29.34,831.68,0.987631,40.2469,3
2026-02-17 14:00:00,47,1,LB-03,3377.018,23.4019,28.91,832.16,0.988017,23.1215,2
2026-02-17 14:00:00,47,1,LB-04,3439.22,14.5193,28.89,831.9,0.988022,14.3454,1
2026-02-17 14:00:00,47,1,LB-05,3497.682,31.0318,29.26,831.8,0.987702,30.6501,3
2026-02-17 14:00:00,47,1,LB-06,3325.27,38.4754,29.03,832.28,0.987915,38.0104,3
2026-02-17 14:00:00,47,1,LB-07,3502.562,36.4169,29.09,831.56,0.98784,35.974,3
2026-02-17 14:00:00,47,1,LB-08,3315.108,39.7833,28.79,833.11,0.988149,39.3118,3
2026-02-17 14:00:00,47,1,LB-09,3292.844,54.8789,29.52,831.61,0.987475,54.1915,5
2026-02-17 14:00:00,47,1,LB-10,3272.287,34.0763,29.31,832.33,0.987674,33.6563,3
2026-02-17 22:00:00,47,2,LB-01,3336.431,23.3712,23.47,831.32,0.9927,23.2006,2
2026-02-17 22:00:00,47,2,LB-02,3287.183,16.0107,23.0,833.58,0.993142,15.9008,1
2026-02-17 22:00:00,47,2,LB-03,3383.701,6.6836,23.38,832.77,0.9928,6.6355,1
2026-02-17 22:00:00,47,2,LB-04,3450.785,11.5643,23.06,832.12,0.993068,11.4841,1
2026-02-17 22:00:00,47,2,LB-05,3515.788,18.1064,23.23,831.58,0.992912,17.9781,1
2026-02-17 22:00:00,47,2,LB-06,3350.611,25.3409,22.91,833.38,0.993214,25.1689,2
2026-02-17 22:00:00,47,2,LB-07,3531.718,29.1564,23.27,831.96,0.992878,28.9488,2
2026-02-17 22:00:00,47,2,LB-08,3331.932,16.8245,22.85,832.37,0.993247,16.7109,1
2026-02-17 22:00:00,47,2,LB-09,3301.963,9.119,23.12,831.84,0.99301,9.0553,1
2026-02-17 22:00:00,47,2,LB-10,3282.95,10.662,23.43,832.33,0.99275,10.5847,1
2026-02-18 06:00:00,48,0,LB-01,3369.828,33.3973,20.74,832.69,0.995068,33.2326,3
2026-02-18 06:00:00,48,0,LB-02,3309.23,22.0472,20.45,832.08,0.995311,21.9438,2
2026-02-18 06:00:00,48,0,LB-03,3414.487,30.7853,20.23,832.37,0.995506,30.647,3
2026-02-18 06:00:00,48,0,LB-04,3481.593,30.8079,20.8,831.45,0.995008,30.6541,3
2026-02-18 06:00:00,48,0,LB-05,3527.107,11.3193,20.66,832.25,0.995134,11.2643,1
2026-02-18 06:00:00,48,0,LB-06,3376.749,26.1379,20.91,832.4,0.994919,26.0051,2
2026-02-18 06:00:00,48,0,LB-07,3564.529,32.8105,20.24,831.26,0.995483,32.6624,3
2026-02-18 06:00:00,48,0,LB-08,3351.273,19.3408,20.89,832.11,0.994937,19.2429,2
2026-02-18 06:00:00,48,0,LB-09,3327.942,25.9784,20.33,831.78,0.995411,25.8592,2
2026-02-18 06:00:00,48,0,LB-10,3315.662,32.713,20.31,832.18,0.995435,32.5636,3
2026-02-18 14:00:00,48,1,LB-01,3420.079,50.251,28.6,832.04,0.988282,49.6622,4
2026-02-18 14:00:00,48,1,LB-02,3325.507,16.2766,27.68,831.37,0.989058,16.0985,1
2026-02-18 14:00:00,48,1,LB-03,3441.066,26.5797,28.47,832.24,0.988396,26.2713,2
2026-02-18 14:00:00,48,1,LB-04,3506.695,25.1022,27.74,832.15,0.989031,24.8269,2
2026-02-18 14:00:00,48,1,LB-05,3547.95,20.8432,27.88,831.37,0.988882,20.6114,2
2026-02-18 14:00:00,48,1,LB-06,3425.912,49.1632,28.17,832.07,0.988657,48.6055,4
2026-02-18 14:00:00,48,1,LB-07,3599.058,34.5286,28.57,831.71,0.988295,34.1244,3
2026-02-18 14:00:00,48,1,LB-08,3373.63,22.3569,28.52,832.26,0.988358,22.0966,2
2026-02-18 14:00:00,48,1,LB-09,3370.196,42.2549,27.68,831.16,0.989053,41.7924,3
2026-02-18 14:00:00,48,1,LB-10,3339.415,23.7528,27.8,832.37,0.988977,23.4909,2
2026-02-18 22:00:00,48,2,LB-01,3437.696,17.6165,23.73,832.11,0.992483,17.4841,1
2026-02-18 22:00:00,48,2,LB-02,3341.652,16.1447,23.49,831.83,0.992687,16.0267,1
2026-02-18 22:00:00,48,2,LB-03,3462.422,21.3553,23.48,832.55,0.992708,21.1996,2
2026-02-18 22:00:00,48,2,LB-04,3518.066,11.3708,23.78,832.88,0.992462,11.285,1
2026-02-18 22:00:00,48,2,LB-05,3556.099,8.1481,23.3,831.56,0.992852,8.0899,1
2026-02-18 22:00:00,48,2,LB-06,3436.543,10.6305,23.49,832.7,0.992703,10.5529,1
2026-02-18 22:00:00,48,2,LB-07,3605.818,6.7607,23.68,832.25,0.99253,6.7102,1
2026-02-18 22:00:00,48,2,LB-08,3407.149,33.5186,23.81,832.32,0.992423,33.2646,3
2026-02-18 22:00:00,48,2,LB-09,3386.569,16.3724,23.51,832.0,0.992678,16.2525,1
2026-02-18 22:00:00,48,2,LB-10,3350.48,11.0651,24.0,830.25,0.992222,10.979,1
2026-02-19 06:00:00,49,0,LB-01,3462.683,24.9869,21.36,830.18,0.994504,24.8495,2
2026-02-19 06:00:00,49,0,LB-02,3390.932,49.2802,21.3,831.95,0.994579,49.0131,4
2026-02-19 06:00:00,49,0,LB-03,3493.513,31.0917,21.35,832.53,0.994542,30.922,3
2026-02-19 06:00:00,49,0,LB-04,3534.976,16.9107,21.51,832.94,0.994415,16.8163,1
2026-02-19 06:00:00,49,0,LB-05,3565.526,9.4278,21.36,832.03,0.994525,9.3762,1
2026-02-19 06:00:00,49,0,LB-06,3453.674,17.1309,21.16,832.3,0.994707,17.0403,1
2026-02-19 06:00:00,49,0,LB-07,3622.394,16.5753,21.79,831.81,0.994152,16.4784,1
2026-02-19 06:00:00,49,0,LB-08,3438.229,31.0805,21.3,832.17,0.99458,30.912,3
2026-02-19 06:00:00,49,0,LB-09,3409.616,23.0473,21.37,832.71,0.994528,22.9211,2
2026-02-19 06:00:00,49,0,LB-10,3374.786,24.3062,21.1,831.39,0.994741,24.1783,2
2026-02-19 14:00:00,49,1,LB-01,3493.264,30.5811,28.61,832.46,0.988282,30.2227,3
2026-02-19 14:00:00,49,1,LB-02,3422.993,32.0611,29.69,831.14,0.987309,31.6542,3
2026-02-19 14:00:00,49,1,LB-03,3524.932,31.4188,28.75,832.48,0.988167,31.0471,3
2026-02-19 14:00:00,49,1,LB-04,3560.513,25.5367,28.84,832.35,0.988085,25.2324,2
2026-02-19 14:00:00,49,1,LB-05,3588.326,22.8001,28.91,832.07,0.988016,22.5268,2
2026-02-19 14:00:00,49,1,LB-06,3483.471,29.797,29.05,832.05,0.987894,29.4363,2
2026-02-19 14:00:00,49,1,LB-07,3645.662,23.2683,28.89,831.07,0.987999,22.9891,2
2026-02-19 14:00:00,49,1,LB-08,3459.483,21.2543,28.4,832.56,0.988467,21.0091,2
2026-02-19 14:00:00,49,1,LB-09,3456.719,47.1029,28.77,832.27,0.988139,46.5442,4
2026-02-19 14:00:00,49,1,LB-10,3402.404,27.6178,29.29,831.67,0.987675,27.2774,2
2026-02-19 22:00:00,49,2,LB-01,3516.432,23.1682,24.84,831.6,0.991523,22.9718,2
2026-02-19 22:00:00,49,2,LB-02,3441.797,18.8045,24.61,831.22,0.991714,18.6487,2
2026-02-19 22:00:00,49,2,LB-03,3537.584,12.6514,24.58,831.42,0.991739,12.5469,1
2026-02-19 22:00:00,49,2,LB-04,3587.713,27.1996,24.73,832.55,0.991632,26.9719,2
2026-02-19 22:00:00,49,2,LB-05,3603.73,15.4038,24.93,832.59,0.991464,15.2723,1
2026-02-19 22:00:00,49,2,LB-06,3495.391,11.9201,24.82,831.85,0.991538,11.8192,1
2026-02-19 22:00:00,49,2,LB-07,3654.45,8.7885,24.74,832.54,0.991623,8.7149,1
2026-02-19 22:00:00,49,2,LB-08,3475.354,15.8704,24.76,832.78,0.991615,15.7373,1
2026-02-19 22:00:00,49,2,LB-09,3481.05,24.3315,24.97,831.65,0.99141,24.1224,2
2026-02-19 22:00:00,49,2,LB-10,3414.866,12.462,24.59,832.73,0.991761,12.3594,1
2026-02-20 06:00:00,50,0,LB-01,3546.441,30.0086,22.28,831.35,0.993729,29.8204,2
2026-02-20 06:00:00,50,0,LB-02,3457.165,15.3681,22.13,831.42,0.993855,15.2736,1
2026-02-20 06:00:00,50,0,LB-03,3547.652,10.0683,22.55,833.61,0.993525,10.0031,1
2026-02-20 06:00:00,50,0,LB-04,3607.717,20.0047,21.98,831.84,0.993996,19.8846,2
2026-02-20 06:00:00,50,0,LB-05,3619.872,16.1415,22.6,832.27,0.993466,16.0361,1
2026-02-20 06:00:00,50,0,LB-06,3511.519,16.1287,22.74,831.88,0.993338,16.0213,1
2026-02-20 06:00:00,50,0,LB-07,3676.346,21.8955,22.23,831.74,0.993774,21.7591,2
2026-02-20 06:00:00,50,0,LB-08,3488.878,13.5243,22.44,832.0,0.993599,13.4377,1
2026-02-20 06:00:00,50,0,LB-09,3512.268,31.2177,22.38,833.08,0.993669,31.0201,3
2026-02-20 06:00:00,50,0,LB-10,3442.755,27.889,22.23,831.46,0.99377,27.7153,2
2026-02-20 14:00:00,50,1,LB-01,3580.059,33.6187,30.62,831.31,0.986508,33.1651,3
2026-02-20 14:00:00,50,1,LB-02,3501.513,44.3476,30.33,832.13,0.986787,43.7616,4
2026-02-20 14:00:00,50,1,LB-03,3576.127,28.4751,30.26,831.48,0.986829,28.1001,2
2026-02-20 14:00:00,50,1,LB-04,3659.123,51.4061,30.32,832.71,0.986815,50.7283,4
2026-02-20 14:00:00,50,1,LB-05,3648.318,28.4462,29.97,832.54,0.987108,28.0795,2
2026-02-20 14:00:00,50,1,LB-06,3542.115,30.5959,30.07,831.25,0.986985,30.1977,3
2026-02-20 14:00:00,50,1,LB-07,3705.942,29.5958,30.37,832.93,0.986781,29.2046,2
2026-02-20 14:00:00,50,1,LB-08,3517.407,28.529,30.52,831.97,0.986617,28.1472,2
2026-02-20 14:00:00,50,1,LB-09,3532.209,19.9405,30.09,832.32,0.986997,19.6812,2
2026-02-20 14:00:00,50,1,LB-10,3479.046,36.2912,29.89,830.4,0.987113,35.8235,3
2026-02-20 22:00:00,50,2,LB-01,3592.2,12.1403,23.5,830.13,0.992652,12.0511,1
2026-02-20 22:00:00,50,2,LB-02,3510.986,9.4734,24.02,832.06,0.992236,9.3998,1
2026-02-20 22:00:00,50,2,LB-03,3598.845,22.7184,23.66,832.0,0.992545,22.5491,2
2026-02-20 22:00:00,50,2,LB-04,3682.116,22.9923,23.96,832.28,0.992292,22.8151,2
2026-02-20 22:00:00,50,2,LB-05,3661.067,12.7493,24.06,830.96,0.992177,12.6495,1
2026-02-20 22:00:00,50,2,LB-06,3560.769,18.6539,23.74,832.55,0.992484,18.5137,2
2026-02-20 22:00:00,50,2,LB-07,3716.51,10.5684,24.06,831.55,0.992189,10.4859,1
2026-02-20 22:00:00,50,2,LB-08,3526.321,8.9141,23.69,832.3,0.992521,8.8475,1
2026-02-20 22:00:00,50,2,LB-09,3557.099,24.8902,23.77,830.91,0.99243,24.7018,2
2026-02-20 22:00:00,50,2,LB-10,3489.495,10.4487,23.79,831.61,0.99243,10.3696,1
2026-02-21 06:00:00,51,0,LB-01,3634.648,42.4486,21.64,831.44,0.994279,42.2057,4
2026-02-21 06:00:00,51,0,LB-02,3537.224,26.2376,21.78,833.15,0.99418,26.0849,2
2026-02-21 06:00:00,51,0,LB-03,3618.317,19.472,21.5,831.97,0.994409,19.3631,2
2026-02-21 06:00:00,51,0,LB-04,3717.625,35.5091,21.93,832.55,0.994043,35.2975,3
2026-02-21 06:00:00,51,0,LB-05,3670.038,8.9709,22.04,831.76,0.993939,8.9165,1
2026-02-21 06:00:00,51,0,LB-06,3572.417,11.6475,21.86,832.29,0.994098,11.5788,1
2026-02-21 06:00:00,51,0,LB-07,3735.956,19.4454,21.81,832.09,0.994142,19.3315,2
2026-02-21 06:00:00,51,0,LB-08,3551.144,24.8232,21.76,832.05,0.994182,24.6788,2
2026-02-21 06:00:00,51,0,LB-09,3583.555,26.456,21.62,831.46,0.994296,26.3051,2
2026-02-21 06:00:00,51,0,LB-10,3513.928,24.4324,21.52,830.48,0.994366,24.2948,2
2026-02-21 14:00:00,51,1,LB-01,3649.953,15.3051,27.53,832.08,0.989209,15.14,1
2026-02-21 14:00:00,51,1,LB-02,3566.311,29.087,27.26,832.93,0.989464,28.7805,2
2026-02-21 14:00:00,51,1,LB-03,3638.899,20.5814,27.54,831.56,0.989187,20.3589,2
2026-02-21 14:00:00,51,1,LB-04,3743.846,26.2212,27.45,831.52,0.989262,25.9396,2
2026-02-21 14:00:00,51,1,LB-05,3711.478,41.4397,27.37,831.42,0.989331,40.9975,3
2026-02-21 14:00:00,51,1,LB-06,3641.324,68.9068,27.25,831.11,0.98942,68.1778,6
2026-02-21 14:00:00,51,1,LB-07,3804.677,68.721,27.31,831.82,0.989392,67.992,6
2026-02-21 14:00:00,51,1,LB-08,3573.47,22.3254,27.53,832.84,0.989226,22.0849,2
2026-02-21 14:00:00,51,1,LB-09,3603.72,20.1652,27.11,831.2,0.98955,19.9545,2
2026-02-21 14:00:00,51,1,LB-10,3539.27,25.3425,27.19,831.56,0.989482,25.076,2
2026-02-21 22:00:00,51,2,LB-01,3664.756,14.8025,21.51,830.68,0.99438,14.7193,1
2026-02-21 22:00:00,51,2,LB-02,3595.008,28.6967,20.89,832.14,0.994937,28.5514,2
2026-02-21 22:00:00,51,2,LB-03,3669.291,30.3921,21.4,831.45,0.994488,30.2246,3
2026-02-21 22:00:00,51,2,LB-04,3759.48,15.6343,21.34,832.1,0.994544,15.549,1
2026-02-21 22:00:00,51,2,LB-05,3724.856,13.3781,21.13,831.67,0.994723,13.3075,1
2026-02-21 22:00:00,51,2,LB-06,3656.12,14.7961,21.3,831.73,0.994573,14.7158,1
2026-02-21 22:00:00,51,2,LB-07,3821.139,16.4629,21.62,832.82,0.994314,16.3693,1
2026-02-21 22:00:00,51,2,LB-08,3596.382,22.9122,20.89,831.51,0.994925,22.796,2
2026-02-21 22:00:00,51,2,LB-09,3619.234,15.5142,21.58,832.06,0.994338,15.4264,1
2026-02-21 22:00:00,51,2,LB-10,3548.726,9.4562,21.21,831.35,0.994648,9.4056,1
2026-02-22 06:00:00,52,0,LB-01,3690.512,25.756,20.41,831.79,0.995343,25.636,2
2026-02-22 06:00:00,52,0,LB-02,3614.005,18.9978,20.56,831.92,0.995216,18.9069,2
2026-02-22 06:00:00,52,0,LB-03,3676.558,7.2667,20.58,832.45,0.995206,7.2319,1
2026-02-22 06:00:00,52,0,LB-04,3779.851,20.3703,20.65,831.82,0.995136,20.2712,2
2026-02-22 06:00:00,52,0,LB-05,3740.271,15.4151,20.2,830.42,0.99551,15.3459,1
2026-02-22 06:00:00,52,0,LB-06,3671.454,15.3339,20.26,831.19,0.995468,15.2644,1
2026-02-22 06:00:00,52,0,LB-07,3844.391,23.2521,20.51,832.35,0.995265,23.142,2
2026-02-22 06:00:00,52,0,LB-08,3626.149,29.7663,20.81,831.5,0.995001,29.6175,2
2026-02-22 06:00:00,52,0,LB-09,3654.617,35.3832,20.26,831.45,0.995474,35.2231,3
2026-02-22 06:00:00,52,0,LB-10,3582.336,33.6101,20.45,832.79,0.995323,33.4529,3
2026-02-22 14:00:00,52,1,LB-01,3720.516,30.004,29.44,832.36,0.987562,29.6309,2
2026-02-22 14:00:00,52,1,LB-02,3626.8,12.7943,29.47,832.41,0.987538,12.6349,1
2026-02-22 14:00:00,52,1,LB-03,3704.854,28.2964,29.13,831.91,0.987817,27.9517,2
2026-02-22 14:00:00,52,1,LB-04,3810.341,30.4904,29.61,831.49,0.987389,30.1059,3
2026-02-22 14:00:00,52,1,LB-05,3767.82,27.5492,29.52,831.62,0.987474,27.2041,2
2026-02-22 14:00:00,52,1,LB-06,3709.543,38.0892,29.12,831.72,0.98782,37.6252,3
2026-02-22 14:00:00,52,1,LB-07,3879.935,35.5439,29.15,832.55,0.987821,35.111,3
2026-02-22 14:00:00,52,1,LB-08,3660.672,34.5237,28.9,830.42,0.987972,34.1084,3
2026-02-22 14:00:00,52,1,LB-09,3696.783,42.166,29.13,833.08,0.987852,41.6538,3
2026-02-22 14:00:00,52,1,LB-10,3603.753,21.4168,29.08,832.03,0.987869,21.157,2
2026-02-22 22:00:00,52,2,LB-01,3744.993,24.4768,24.48,831.42,0.991823,24.2767,2
2026-02-22 22:00:00,52,2,LB-02,3653.436,26.6361,24.21,832.49,0.992077,26.4251,2
2026-02-22 22:00:00,52,2,LB-03,3725.92,21.0664,24.1,831.94,0.992163,20.9013,2
2026-02-22 22:00:00,52,2,LB-04,3839.967,29.6258,24.22,833.08,0.992079,29.3911,2
2026-02-22 22:00:00,52,2,LB-05,3773.73,5.9098,23.86,831.65,0.992366,5.8647,0
2026-02-22 22:00:00,52,2,LB-06,3717.992,8.4488,23.92,832.35,0.992324,8.3839,1
2026-02-22 22:00:00,52,2,LB-07,3889.429,9.4936,23.76,830.7,0.992437,9.4218,1
2026-02-22 22:00:00,52,2,LB-08,3675.948,15.2757,24.28,831.15,0.991996,15.1534,1
2026-02-22 22:00:00,52,2,LB-09,3710.686,13.9027,23.96,832.36,0.992296,13.7956,1
2026-02-22 22:00:00,52,2,LB-10,3612.124,8.3709,24.27,831.71,0.992013,8.3041,1
2026-02-23 06:00:00,53,0,LB-01,3766.073,21.0803,22.62,831.65,0.993441,20.942,2
2026-02-23 06:00:00,53,0,LB-02,3677.968,24.5323,22.91,831.94,0.99319,24.3653,2
2026-02-23 06:00:00,53,0,LB-03,3741.842,15.9216,22.9,832.07,0.9932,15.8133,1
2026-02-23 06:00:00,53,0,LB-04,3856.704,16.7371,22.71,831.27,0.993356,16.6259,1
2026-02-23 06:00:00,53,0,LB-05,3807.401,33.6709,22.63,832.48,0.993439,33.4499,3
2026-02-23 06:00:00,53,0,LB-06,3751.481,33.49,23.29,831.75,0.992864,33.251,3
2026-02-23 06:00:00,53,0,LB-07,3933.091,43.6623,22.63,831.73,0.99343,43.3754,4
2026-02-23 06:00:00,53,0,LB-08,3712.609,36.661,22.29,832.65,0.993736,36.4314,3
2026-02-23 06:00:00,53,0,LB-09,3731.741,21.0548,23.22,832.09,0.992925,20.9058,2
2026-02-23 06:00:00,53,0,LB-10,3628.843,16.7193,22.95,832.03,0.993159,16.6049,1
2026-02-23 14:00:00,53,1,LB-01,3783.64,17.5672,27.93,832.61,0.988877,17.3718,1
2026-02-23 14:00:00,53,1,LB-02,3727.753,49.7845,28.11,832.57,0.988715,49.2227,4
2026-02-23 14:00:00,53,1,LB-03,3784.839,42.9975,28.08,831.91,0.988724,42.5127,4
2026-02-23 14:00:00,53,1,LB-04,3879.096,22.3924,28.39,832.81,0.988486,22.1345,2
2026-02-23 14:00:00,53,1,LB-05,3836.052,28.6515,28.39,831.67,0.988455,28.3207,2
2026-02-23 14:00:00,53,1,LB-06,3761.227,9.7457,28.2,832.2,0.988626,9.6349,1
2026-02-23 14:00:00,53,1,LB-07,3953.675,20.584,28.24,831.7,0.988586,20.3491,2
2026-02-23 14:00:00,53,1,LB-08,3744.944,32.3351,28.24,832.49,0.988606,31.9667,3
2026-02-23 14:00:00,53,1,LB-09,3751.682,19.941,28.3,831.53,0.988523,19.7122,2
2026-02-23 14:00:00,53,1,LB-10,3675.54,46.6962,28.47,831.29,0.988376,46.1534,4
2026-02-23 22:00:00,53,2,LB-01,3799.02,15.3799,24.05,832.33,0.992219,15.2602,1
2026-02-23 22:00:00,53,2,LB-02,3739.647,11.8944,23.75,831.45,0.992462,11.8048,1
2026-02-23 22:00:00,53,2,LB-03,3792.661,7.8215,23.93,831.79,0.992306,7.7614,1
2026-02-23 22:00:00,53,2,LB-04,3903.94,24.8443,23.4,832.34,0.992779,24.665,2
2026-02-23 22:00:00,53,2,LB-05,3853.075,17.0232,23.85,832.53,0.992396,16.8938,1
2026-02-23 22:00:00,53,2,LB-06,3781.52,20.2931,23.08,831.15,0.993034,20.1517,2
2026-02-23 22:00:00,53,2,LB-07,3984.529,30.8533,23.3,831.62,0.992849,30.6327,3
2026-02-23 22:00:00,53,2,LB-08,3754.043,9.0988,24.02,832.28,0.992244,9.0283,1
2026-02-23 22:00:00,53,2,LB-09,3773.966,22.2837,23.88,831.85,0.992352,22.1132,2
2026-02-23 22:00:00,53,2,LB-10,3692.484,16.9445,23.64,831.82,0.992557,16.8184,1
2026-02-24 06:00:00,54,0,LB-01,3813.691,14.6707,21.34,831.66,0.99454,14.5906,1
2026-02-24 06:00:00,54,0,LB-02,3774.5,34.8524,21.07,831.89,0.994773,34.6702,3
2026-02-24 06:00:00,54,0,LB-03,3813.367,20.7063,21.37,831.81,0.994515,20.5927,2
2026-02-24 06:00:00,54,0,LB-04,3935.906,31.9659,20.92,831.53,0.9949,31.8029,3
2026-02-24 06:00:00,54,0,LB-05,3876.768,23.6928,21.18,831.02,0.994674,23.5666,2
2026-02-24 06:00:00,54,0,LB-06,3798.061,16.5405,21.5,832.83,0.994417,16.4481,1
2026-02-24 06:00:00,54,0,LB-07,4017.752,33.2237,21.29,832.32,0.994589,33.0439,3
2026-02-24 06:00:00,54,0,LB-08,3789.175,35.1325,20.84,831.1,0.994965,34.9556,3
2026-02-24 06:00:00,54,0,LB-09,3794.114,20.1481,21.14,832.67,0.994724,20.0418,2
2026-02-24 06:00:00,54,0,LB-10,3708.612,16.1278,20.96,832.04,0.994874,16.0451,1
2026-02-24 14:00:00,54,1,LB-01,3844.581,30.8901,27.82,832.41,0.988966,30.5492,3
2026-02-24 14:00:00,54,1,LB-02,3813.98,39.4808,28.08,832.23,0.988736,39.0361,3
2026-02-24 14:00:00,54,1,LB-03,3864.777,51.4098,28.12,832.19,0.988701,50.8289,4
2026-02-24 14:00:00,54,1,LB-04,3954.62,18.7139,28.22,832.64,0.988623,18.501,2
2026-02-24 14:00:00,54,1,LB-05,3914.677,37.9089,27.71,831.46,0.989035,37.4932,3
2026-02-24 14:00:00,54,1,LB-06,3818.42,20.3596,27.86,831.83,0.988912,20.1339,2
2026-02-24 14:00:00,54,1,LB-07,4031.472,13.7193,28.07,831.73,0.988734,13.5647,1
2026-02-24 14:00:00,54,1,LB-08,3834.206,45.0305,28.15,831.18,0.98865,44.5194,4
2026-02-24 14:00:00,54,1,LB-09,3821.094,26.9808,28.42,831.73,0.988429,26.6686,2
2026-02-24 14:00:00,54,1,LB-10,3725.308,16.6957,27.77,833.16,0.989029,16.5125,1
2026-02-24 22:00:00,54,2,LB-01,3861.77,17.1892,23.01,831.24,0.993095,17.0705,1
2026-02-24 22:00:00,54,2,LB-02,3843.063,29.0823,23.13,832.99,0.993015,28.8792,2
2026-02-24 22:00:00,54,2,LB-03,3884.967,20.1895,23.32,833.04,0.992857,20.0453,2
2026-02-24 22:00:00,54,2,LB-04,3966.528,11.9074,23.23,832.45,0.992928,11.8232,1
2026-02-24 22:00:00,54,2,LB-05,3925.721,11.0437,23.2,832.84,0.992955,10.9659,1
2026-02-24 22:00:00,54,2,LB-06,3832.815,14.3948,23.25,832.1,0.992898,14.2925,1
2026-02-24 22:00:00,54,2,LB-07,4045.858,14.386,23.28,832.3,0.992877,14.2836,1
2026-02-24 22:00:00,54,2,LB-08,3873.552,39.3461,23.45,832.41,0.992737,39.0603,3
2026-02-24 22:00:00,54,2,LB-09,3847.472,26.3779,22.97,832.26,0.993145,26.1971,2
2026-02-24 22:00:00,54,2,LB-10,3746.317,21.009,23.68,831.29,0.992512,20.8517,2
2026-02-25 06:00:00,55,0,LB-01,3880.473,18.7025,21.26,832.07,0.994616,18.6018,2
2026-02-25 06:00:00,55,0,LB-02,3862.869,19.806,21.26,832.3,0.994618,19.6994,2
2026-02-25 06:00:00,55,0,LB-03,3914.725,29.7584,20.77,832.17,0.995042,29.6108,2
2026-02-25 06:00:00,55,0,LB-04,3991.72,25.1925,21.01,831.44,0.994819,25.0619,2
2026-02-25 06:00:00,55,0,LB-05,3948.301,22.5797,21.25,832.38,0.994631,22.4585,2
2026-02-25 06:00:00,55,0,LB-06,3853.614,20.7992,21.14,832.48,0.994728,20.6895,2
2026-02-25 06:00:00,55,0,LB-07,4054.695,8.8377,20.88,832.86,0.994956,8.7931,1
2026-02-25 06:00:00,55,0,LB-08,3883.497,9.9451,20.77,830.89,0.995022,9.8956,1
2026-02-25 06:00:00,55,0,LB-09,3858.668,11.1956,21.08,831.69,0.994764,11.137,1
2026-02-25 06:00:00,55,0,LB-10,3767.236,20.9194,20.71,832.42,0.995092,20.8167,2
2026-02-25 14:00:00,55,1,LB-01,3928.356,47.8831,28.62,830.99,0.988234,47.3197,4
2026-02-25 14:00:00,55,1,LB-02,3895.102,32.2333,28.24,832.93,0.98862,31.8665,3
2026-02-25 14:00:00,55,1,LB-03,3944.161,29.4356,28.13,833.44,0.988723,29.1037,2
2026-02-25 14:00:00,55,1,LB-04,4010.26,18.5395,28.5,832.01,0.988368,18.3238,2
2026-02-25 14:00:00,55,1,LB-05,3966.983,18.682,27.93,831.44,0.988847,18.4736,2
2026-02-25 14:00:00,55,1,LB-06,3886.244,32.6292,28.41,832.36,0.988452,32.2524,3
2026-02-25 14:00:00,55,1,LB-07,4070.071,15.3752,28.41,832.03,0.988443,15.1975,1
2026-02-25 14:00:00,55,1,LB-08,3897.928,14.4309,28.08,831.37,0.988708,14.268,1
2026-02-25 14:00:00,55,1,LB-09,3878.888,20.2201,28.47,831.69,0.988382,19.9852,2
2026-02-25 14:00:00,55,1,LB-10,3808.417,41.1809,28.23,832.1,0.988597,40.7113,3
2026-02-25 22:00:00,55,2,LB-01,3952.152,23.7966,22.46,832.47,0.993584,23.6439,2
2026-02-25 22:00:00,55,2,LB-02,3918.673,23.5707,22.53,833.05,0.993538,23.4184,2
2026-02-25 22:00:00,55,2,LB-03,3957.039,12.8779,22.21,832.2,0.9938,12.7981,1
2026-02-25 22:00:00,55,2,LB-04,4029.98,19.7206,22.38,833.74,0.993675,19.5959,2
2026-02-25 22:00:00,55,2,LB-05,3980.09,13.1072,22.26,832.07,0.993753,13.0253,1
2026-02-25 22:00:00,55,2,LB-06,3900.609,14.3652,22.27,831.43,0.993734,14.2752,1
2026-02-25 22:00:00,55,2,LB-07,4091.021,20.9501,22.5,832.23,0.993551,20.815,2
2026-02-25 22:00:00,55,2,LB-08,3913.987,16.059,22.79,831.79,0.993294,15.9513,1
2026-02-25 22:00:00,55,2,LB-09,3897.386,18.4983,22.64,831.58,0.993421,18.3766,2
2026-02-25 22:00:00,55,2,LB-10,3824.785,16.3685,22.73,831.67,0.993339,16.2595,1
2026-02-26 06:00:00,56,0,LB-01,3961.636,9.4839,21.78,832.15,0.994168,9.4286,1
2026-02-26 06:00:00,56,0,LB-02,3933.875,15.2028,21.94,832.32,0.994034,15.1121,1
2026-02-26 06:00:00,56,0,LB-03,4002.607,45.5689,22.44,832.38,0.993607,45.2775,4
2026-02-26 06:00:00,56,0,LB-04,4040.901,10.9211,22.63,832.41,0.993437,10.8494,1
2026-02-26 06:00:00,56,0,LB-05,3996.724,16.634,22.53,831.95,0.993518,16.5262,1
2026-02-26 06:00:00,56,0,LB-06,3925.754,25.1454,22.35,830.76,0.993655,24.9858,2
2026-02-26 06:00:00,56,0,LB-07,4125.744,34.7235,22.27,832.53,0.993753,34.5065,3
2026-02-26 06:00:00,56,0,LB-08,3929.183,15.1963,22.43,832.62,0.993616,15.0993,1
2026-02-26 06:00:00,56,0,LB-09,3923.541,26.1544,22.36,831.92,0.993668,25.9888,2
2026-02-26 06:00:00,56,0,LB-10,3872.677,47.8919,22.48,833.57,0.993585,47.5846,4
2026-02-26 14:00:00,56,1,LB-01,3996.352,34.7156,27.21,832.1,0.989486,34.3505,3
2026-02-26 14:00:00,56,1,LB-02,3954.983,21.1079,27.55,832.62,0.989201,20.8799,2
2026-02-26 14:00:00,56,1,LB-03,4017.353,14.7452,27.26,831.01,0.989411,14.5891,1
2026-02-26 14:00:00,56,1,LB-04,4078.499,37.5976,27.45,832.04,0.989271,37.1942,3
2026-02-26 14:00:00,56,1,LB-05,4030.085,33.3608,27.41,832.11,0.989309,33.0042,3
2026-02-26 14:00:00,56,1,LB-06,3953.003,27.2486,27.49,831.56,0.989226,26.955,2
2026-02-26 14:00:00,56,1,LB-07,4139.601,13.8571,27.26,830.97,0.989411,13.7103,1
2026-02-26 14:00:00,56,1,LB-08,3960.926,31.7424,27.24,831.49,0.989439,31.4072,3
2026-02-26 14:00:00,56,1,LB-09,3955.337,31.7964,27.27,832.5,0.98944,31.4606,3
2026-02-26 14:00:00,56,1,LB-10,3890.449,17.7722,27.74,831.74,0.989019,17.5771,1
2026-02-26 22:00:00,56,2,LB-01,4012.95,16.5978,23.85,831.92,0.992379,16.4713,1
2026-02-26 22:00:00,56,2,LB-02,3967.488,12.5047,23.34,831.86,0.99282,12.4149,1
2026-02-26 22:00:00,56,2,LB-03,4026.472,9.1193,23.82,832.57,0.992416,9.0501,1
2026-02-26 22:00:00,56,2,LB-04,4105.606,27.1069,23.41,832.48,0.992766,26.9109,2
2026-02-26 22:00:00,56,2,LB-05,4043.284,13.1991,23.82,832.03,0.992407,13.0989,1
2026-02-26 22:00:00,56,2,LB-06,3975.322,22.3197,23.54,830.26,0.992621,22.155,2
2026-02-26 22:00:00,56,2,LB-07,4150.274,10.6731,23.79,832.33,0.992443,10.5925,1
2026-02-26 22:00:00,56,2,LB-08,3976.567,15.6409,23.2,832.31,0.992948,15.5306,1
2026-02-26 22:00:00,56,2,LB-09,3981.512,26.1749,23.49,831.69,0.99269,25.9836,2
2026-02-26 22:00:00,56,2,LB-10,3910.339,19.8897,23.67,832.09,0.992535,19.7412,2
2026-02-27 06:00:00,57,0,LB-01,4032.827,19.8776,22.1,832.43,0.993894,19.7562,2
2026-02-27 06:00:00,57,0,LB-02,3992.459,24.9708,21.6,830.72,0.994308,24.8286,2
2026-02-27 06:00:00,57,0,LB-03,4058.546,32.0736,21.71,831.87,0.994228,31.8884,3
2026-02-27 06:00:00,57,0,LB-04,4132.448,26.8417,21.72,832.81,0.994225,26.6867,2
2026-02-27 06:00:00,57,0,LB-05,4089.51,46.2262,21.72,831.92,0.994219,45.959,4
2026-02-27 06:00:00,57,0,LB-06,3998.126,22.8033,21.37,830.94,0.994503,22.678,2
2026-02-27 06:00:00,57,0,LB-07,4163.899,13.6249,21.63,831.81,0.994297,13.5472,1
2026-02-27 06:00:00,57,0,LB-08,3992.909,16.3424,21.24,832.2,0.994637,16.2548,1
2026-02-27 06:00:00,57,0,LB-09,3996.233,14.7213,21.43,832.74,0.994475,14.64,1
2026-02-27 06:00:00,57,0,LB-10,3926.193,15.8537,21.7,832.65,0.99424,15.7624,1
2026-02-27 14:00:00,57,1,LB-01,4052.262,19.4349,27.58,831.25,0.98914,19.2239,2
2026-02-27 14:00:00,57,1,LB-02,4008.387,15.9278,27.57,832.64,0.989182,15.7555,1
2026-02-27 14:00:00,57,1,LB-03,4080.87,22.324,27.67,832.68,0.9891,22.0807,2
2026-02-27 14:00:00,57,1,LB-04,4166.375,33.927,27.66,832.45,0.989103,33.5573,3
2026-02-27 14:00:00,57,1,LB-05,4113.476,23.9661,27.19,831.44,0.989485,23.7142,2
2026-02-27 14:00:00,57,1,LB-06,4039.555,41.4292,27.53,831.89,0.989197,40.9817,3
2026-02-27 14:00:00,57,1,LB-07,4190.003,26.104,27.51,832.34,0.98923,25.8229,2
2026-02-27 14:00:00,57,1,LB-08,4009.875,16.9658,27.48,831.06,0.98922,16.7829,1
2026-02-27 14:00:00,57,1,LB-09,4024.277,28.0434,27.22,831.96,0.989467,27.748,2
2026-02-27 14:00:00,57,1,LB-10,3948.392,22.1987,27.84,831.8,0.98893,21.953,2
2026-02-27 22:00:00,57,2,LB-01,4070.374,18.1118,22.74,832.59,0.99335,17.9913,1
2026-02-27 22:00:00,57,2,LB-02,4025.501,17.1145,22.11,831.54,0.993878,17.0097,1
2026-02-27 22:00:00,57,2,LB-03,4090.451,9.5818,22.5,831.11,0.993532,9.5199,1
2026-02-27 22:00:00,57,2,LB-04,4181.315,14.9404,22.52,831.65,0.99352,14.8436,1
2026-02-27 22:00:00,57,2,LB-05,4134.301,20.8249,22.69,832.5,0.993388,20.6872,2
2026-02-27 22:00:00,57,2,LB-06,4054.313,14.758,22.99,831.61,0.993118,14.6564,1
2026-02-27 22:00:00,57,2,LB-07,4209.68,19.6765,22.58,832.31,0.993484,19.5483,2
2026-02-27 22:00:00,57,2,LB-08,4033.237,23.3626,22.6,831.48,0.993455,23.2097,2
2026-02-27 22:00:00,57,2,LB-09,4028.968,4.6916,22.53,831.81,0.99352,4.6612,0
2026-02-27 22:00:00,57,2,LB-10,3958.284,9.8926,22.55,831.79,0.993497,9.8283,1
2026-02-28 06:00:00,58,0,LB-01,4088.403,18.0295,21.46,831.93,0.994445,17.9294,1
2026-02-28 06:00:00,58,0,LB-02,4037.562,12.0612,21.3,831.67,0.994574,11.9957,1
2026-02-28 06:00:00,58,0,LB-03,4107.681,17.2293,21.72,831.15,0.994203,17.1294,1
2026-02-28 06:00:00,58,0,LB-04,4209.748,28.4331,21.29,832.64,0.994595,28.2794,2
2026-02-28 06:00:00,58,0,LB-05,4170.06,35.7587,21.26,832.38,0.994623,35.5664,3
2026-02-28 06:00:00,58,0,LB-06,4074.376,20.0631,22.11,831.17,0.993872,19.9402,2
2026-02-28 06:00:00,58,0,LB-07,4223.5,13.8203,21.38,832.48,0.994522,13.7446,1
2026-02-28 06:00:00,58,0,LB-08,4058.224,24.9865,21.46,832.05,0.994444,24.8477,2
2026-02-28 06:00:00,58,0,LB-09,4045.701,16.733,21.33,831.5,0.994549,16.6418,1
2026-02-28 06:00:00,58,0,LB-10,3998.554,40.2693,21.33,832.31,0.99456,40.0503,3
2026-02-28 14:00:00,58,1,LB-01,4115.606,27.2026,29.08,831.78,0.987859,26.8724,2
2026-02-28 14:00:00,58,1,LB-02,4085.497,47.9349,29.38,831.44,0.987584,47.3398,4
2026-02-28 14:00:00,58,1,LB-03,4126.86,19.1792,28.91,831.62,0.988002,18.949,2
2026-02-28 14:00:00,58,1,LB-04,4264.275,54.5265,29.21,832.7,0.987775,53.8599,4
2026-02-28 14:00:00,58,1,LB-05,4210.306,40.2461,29.54,832.78,0.987486,39.7424,3
2026-02-28 14:00:00,58,1,LB-06,4100.3,25.9237,29.3,830.99,0.98764,25.6032,2
2026-02-28 14:00:00,58,1,LB-07,4248.838,25.3384,29.38,833.06,0.987633,25.025,2
2026-02-28 14:00:00,58,1,LB-08,4097.186,38.9621,29.66,832.37,0.987372,38.4701,3
2026-02-28 14:00:00,58,1,LB-09,4061.251,15.5497,29.43,834.28,0.987634,15.3574,1
2026-02-28 14:00:00,58,1,LB-10,4021.501,22.9479,29.02,831.48,0.987901,22.6702,2
2026-02-28 22:00:00,58,2,LB-01,4139.525,23.9189,23.77,832.09,0.992453,23.7384,2
2026-02-28 22:00:00,58,2,LB-02,4093.021,7.5233,24.15,832.2,0.992125,7.4641,1
2026-02-28 22:00:00,58,2,LB-03,4140.932,14.0724,24.4,832.88,0.991923,13.9587,1
2026-02-28 22:00:00,58,2,LB-04,4281.361,17.0862,23.99,832.53,0.99227,16.9541,1
2026-02-28 22:00:00,58,2,LB-05,4236.316,26.0107,23.07,831.21,0.993041,25.8297,2
2026-02-28 22:00:00,58,2,LB-06,4117.637,17.3368,24.34,832.36,0.99197,17.1976,1
2026-02-28 22:00:00,58,2,LB-07,4262.096,13.2579,23.88,830.95,0.992337,13.1563,1
2026-02-28 22:00:00,58,2,LB-08,4120.097,22.9109,23.87,832.84,0.992377,22.7362,2
2026-02-28 22:00:00,58,2,LB-09,4078.968,17.7168,24.22,832.42,0.992068,17.5763,1
2026-02-28 22:00:00,58,2,LB-10,4034.303,12.8016,23.93,831.87,0.992308,12.7031,1
2026-03-01 06:00:00,59,0,LB-01,4160.907,21.3824,20.78,832.43,0.995036,21.2763,2
2026-03-01 06:00:00,59,0,LB-02,4127.638,34.6175,20.17,831.68,0.995551,34.4635,3
2026-03-01 06:00:00,59,0,LB-03,4165.265,24.333,20.42,832.53,0.995343,24.2197,2
2026-03-01 06:00:00,59,0,LB-04,4297.733,16.372,20.31,831.16,0.995421,16.2971,1
2026-03-01 06:00:00,59,0,LB-05,4253.397,17.0803,20.45,832.55,0.995317,17.0003,1
2026-03-01 06:00:00,59,0,LB-06,4128.508,10.8717,20.97,832.26,0.99487,10.8159,1
2026-03-01 06:00:00,59,0,LB-07,4274.069,11.9729,20.69,831.93,0.995108,11.9143,1
2026-03-01 06:00:00,59,0,LB-08,4149.794,29.6972,20.15,833.23,0.995586,29.5661,2
2026-03-01 06:00:00,59,0,LB-09,4090.736,11.7682,20.06,831.4,0.995641,11.7169,1
2026-03-01 06:00:00,59,0,LB-10,4054.468,20.1649,20.22,833.24,0.995522,20.0746,2
2026-03-01 14:00:00,59,1,LB-01,4218.78,57.8723,28.07,831.82,0.988737,57.2205,5
2026-03-01 14:00:00,59,1,LB-02,4151.562,23.9238,28.24,831.16,0.988568,23.6503,2
2026-03-01 14:00:00,59,1,LB-03,4188.272,23.0068,27.76,831.58,0.988993,22.7536,2
2026-03-01 14:00:00,59,1,LB-04,4318.641,20.9085,27.71,832.2,0.989055,20.6796,2
2026-03-01 14:00:00,59,1,LB-05,4278.494,25.0975,27.86,832.5,0.988933,24.8198,2
2026-03-01 14:00:00,59,1,LB-06,4163.288,34.78,27.85,832.27,0.988938,34.3952,3
2026-03-01 14:00:00,59,1,LB-07,4295.176,21.1068,28.27,831.1,0.98854,20.8649,2
2026-03-01 14:00:00,59,1,LB-08,4167.305,17.5112,27.69,831.03,0.989044,17.3193,1
2026-03-01 14:00:00,59,1,LB-09,4124.096,33.3603,27.98,831.83,0.988808,32.9869,3
2026-03-01 14:00:00,59,1,LB-10,4081.935,27.4673,27.94,832.5,0.988867,27.1615,2
2026-03-01 22:00:00,59,2,LB-01,4234.781,16.0014,23.03,832.68,0.993103,15.891,1
2026-03-01 22:00:00,59,2,LB-02,4177.296,25.7346,23.06,832.36,0.993067,25.5562,2
2026-03-01 22:00:00,59,2,LB-03,4204.632,16.3597,23.12,832.47,0.993018,16.2455,1
2026-03-01 22:00:00,59,2,LB-04,4326.929,8.2875,23.64,831.47,0.992551,8.2258,1
2026-03-01 22:00:00,59,2,LB-05,4291.064,12.5696,22.9,831.79,0.993202,12.4842,1
2026-03-01 22:00:00,59,2,LB-06,4179.062,15.774,23.42,832.08,0.992757,15.6597,1
2026-03-01 22:00:00,59,2,LB-07,4311.446,16.2701,23.56,832.33,0.992634,16.1502,1
2026-03-01 22:00:00,59,2,LB-08,4182.754,15.4482,23.06,831.65,0.993054,15.3409,1
2026-03-01 22:00:00,59,2,LB-09,4135.77,11.6738,23.04,833.23,0.9931,11.5933,1
2026-03-01 22:00:00,59,2,LB-10,4094.486,12.5511,22.86,832.37,0.993244,12.4663,1
2026-03-02 06:00:00,60,0,LB-01,4258.807,24.0259,22.31,831.86,0.993704,23.8746,2
2026-03-02 06:00:00,60,0,LB-02,4192.666,15.3699,21.92,832.29,0.994048,15.2784,1
2026-03-02 06:00:00,60,0,LB-03,4222.534,17.9026,21.9,832.66,0.99407,17.7964,1
2026-03-02 06:00:00,60,0,LB-04,4346.7,19.7712,21.55,832.51,0.99437,19.6599,2
2026-03-02 06:00:00,60,0,LB-05,4309.657,18.5935,22.06,832.77,0.993941,18.4808,2
2026-03-02 06:00:00,60,0,LB-06,4203.041,23.9791,21.91,832.29,0.994057,23.8366,2
2026-03-02 06:00:00,60,0,LB-07,4343.169,31.723,21.97,831.96,0.994,31.5327,3
2026-03-02 06:00:00,60,0,LB-08,4206.676,23.922,22.19,832.14,0.993815,23.7741,2
2026-03-02 06:00:00,60,0,LB-09,4151.105,15.3349,21.81,832.08,0.994143,15.2451,1
2026-03-02 06:00:00,60,0,LB-10,4142.629,48.1428,22.22,831.82,0.993787,47.8436,4
2026-03-02 14:00:00,60,1,LB-01,4318.99,60.1833,30.3,832.45,0.986825,59.3904,5
2026-03-02 14:00:00,60,1,LB-02,4226.974,34.3078,29.82,832.2,0.987232,33.8697,3
2026-03-02 14:00:00,60,1,LB-03,4239.987,17.4526,30.61,832.28,0.986548,17.2179,1
2026-03-02 14:00:00,60,1,LB-04,4377.142,30.4417,29.65,832.99,0.987405,30.0583,3
2026-03-02 14:00:00,60,1,LB-05,4340.079,30.4221,29.98,832.9,0.987113,30.03,3
2026-03-02 14:00:00,60,1,LB-06,4247.193,44.152,29.72,831.46,0.987296,43.5911,4
2026-03-02 14:00:00,60,1,LB-07,4370.55,27.3814,30.31,832.59,0.986817,27.0204,2
2026-03-02 14:00:00,60,1,LB-08,4225.337,18.6615,29.85,832.06,0.987196,18.4226,2
2026-03-02 14:00:00,60,1,LB-09,4178.297,27.192,29.44,831.99,0.987552,26.8535,2
2026-03-02 14:00:00,60,1,LB-10,4159.285,16.6562,30.11,832.52,0.986989,16.4395,1
2026-03-02 22:00:00,60,2,LB-01,4331.652,12.6617,24.72,831.71,0.991628,12.5557,1
2026-03-02 22:00:00,60,2,LB-02,4242.719,15.7448,24.86,830.75,0.991487,15.6108,1
2026-03-02 22:00:00,60,2,LB-03,4272.291,32.304,25.01,832.18,0.991386,32.0257,3
2026-03-02 22:00:00,60,2,LB-04,4400.574,23.4321,24.74,831.13,0.991595,23.2352,2
2026-03-02 22:00:00,60,2,LB-05,4364.834,24.7548,24.49,831.79,0.991822,24.5524,2
2026-03-02 22:00:00,60,2,LB-06,4252.826,5.633,25.3,831.14,0.991111,5.5829,0
2026-03-02 22:00:00,60,2,LB-07,4384.684,14.1335,24.92,831.89,0.991459,14.0128,1
2026-03-02 22:00:00,60,2,LB-08,4236.863,11.5262,24.5,832.24,0.991825,11.432,1
2026-03-02 22:00:00,60,2,LB-09,4194.812,16.515,24.63,832.23,0.99171,16.3781,1
2026-03-02 22:00:00,60,2,LB-10,4184.979,25.6935,24.43,831.17,0.991866,25.4845,2
2026-03-03 06:00:00,61,0,LB-01,4348.425,16.773,22.61,831.12,0.993439,16.663,1
2026-03-03 06:00:00,61,0,LB-02,4260.59,17.8715,22.02,832.21,0.993965,17.7637,1
2026-03-03 06:00:00,61,0,LB-03,4312.086,39.7949,22.8,832.37,0.99329,39.5279,3
2026-03-03 06:00:00,61,0,LB-04,4452.84,52.2659,22.48,831.49,0.993552,51.9289,4
2026-03-03 06:00:00,61,0,LB-05,4395.407,30.5731,22.66,832.34,0.993415,30.3718,3
2026-03-03 06:00:00,61,0,LB-06,4272.35,19.524,22.05,832.29,0.99394,19.4057,2
2026-03-03 06:00:00,61,0,LB-07,4410.723,26.0386,22.55,832.54,0.993511,25.8696,2
2026-03-03 06:00:00,61,0,LB-08,4272.457,35.594,22.18,832.6,0.993827,35.3743,3
2026-03-03 06:00:00,61,0,LB-09,4213.515,18.7024,23.01,832.62,0.993121,18.5737,2
2026-03-03 06:00:00,61,0,LB-10,4200.014,15.0357,22.58,831.59,0.993472,14.9375,1
2026-03-03 14:00:00,61,1,LB-01,4388.493,40.0677,28.92,831.3,0.987978,39.586,3
2026-03-03 14:00:00,61,1,LB-02,4276.684,16.0932,29.01,830.66,0.987886,15.8983,1
2026-03-03 14:00:00,61,1,LB-03,4352.904,40.8181,29.51,832.39,0.987503,40.308,3
2026-03-03 14:00:00,61,1,LB-04,4488.752,35.9121,29.44,832.16,0.987559,35.4653,3
2026-03-03 14:00:00,61,1,LB-05,4443.59,48.1822,28.79,832.75,0.988136,47.6105,4
2026-03-03 14:00:00,61,1,LB-06,4291.529,19.1789,29.1,831.5,0.987832,18.9456,2
2026-03-03 14:00:00,61,1,LB-07,4425.619,14.896,29.37,833.08,0.987641,14.7119,1
2026-03-03 14:00:00,61,1,LB-08,4305.169,32.7115,29.15,831.71,0.987793,32.3122,3
2026-03-03 14:00:00,61,1,LB-09,4229.802,16.2879,28.94,831.51,0.987971,16.0919,1
2026-03-03 14:00:00,61,1,LB-10,4231.683,31.6691,29.49,831.46,0.987491,31.273,3
2026-03-03 22:00:00,61,2,LB-01,4406.849,18.3568,24.54,831.78,0.99178,18.2059,2
2026-03-03 22:00:00,61,2,LB-02,4304.922,28.2384,24.46,832.44,0.99186,28.0085,2
2026-03-03 22:00:00,61,2,LB-03,4372.579,19.6755,24.87,831.92,0.9915,19.5082,2
2026-03-03 22:00:00,61,2,LB-04,4496.779,8.0272,25.03,832.61,0.991372,7.9579,1
2026-03-03 22:00:00,61,2,LB-05,4461.046,17.4564,24.35,831.69,0.991944,17.3158,1
2026-03-03 22:00:00,61,2,LB-06,4310.549,19.0192,24.59,831.63,0.991736,18.862,2
2026-03-03 22:00:00,61,2,LB-07,4465.492,39.873,24.66,831.89,0.991677,39.5412,3
2026-03-03 22:00:00,61,2,LB-08,4321.641,16.4727,24.68,832.25,0.99167,16.3354,1
2026-03-03 22:00:00,61,2,LB-09,4238.746,8.9435,25.12,831.92,0.991287,8.8656,1
2026-03-03 22:00:00,61,2,LB-10,4248.709,17.0259,24.98,832.66,0.991419,16.8798,1
2026-03-04 06:00:00,62,0,LB-01,4422.547,15.6979,21.62,831.87,0.9943,15.6084,1
2026-03-04 06:00:00,62,0,LB-02,4317.658,12.7361,21.34,830.56,0.994525,12.6664,1
2026-03-04 06:00:00,62,0,LB-03,4395.141,22.5618,21.48,832.16,0.994426,22.436,2
2026-03-04 06:00:00,62,0,LB-04,4525.334,28.5547,21.24,832.36,0.99464,28.4017,2
2026-03-04 06:00:00,62,0,LB-05,4481.35,20.3044,21.75,831.91,0.994187,20.1864,2
2026-03-04 06:00:00,62,0,LB-06,4327.764,17.215,21.17,833.02,0.994706,17.1239,1
2026-03-04 06:00:00,62,0,LB-07,4491.679,26.1876,21.45,832.26,0.994453,26.0423,2
2026-03-04 06:00:00,62,0,LB-08,4346.712,25.0707,21.04,832.2,0.994803,24.9404,2
2026-03-04 06:00:00,62,0,LB-09,4257.563,18.8166,21.62,832.06,0.994306,18.7095,2
2026-03-04 06:00:00,62,0,LB-10,4279.37,30.6605,21.79,832.33,0.994159,30.4814,3
2026-03-04 14:00:00,62,1,LB-01,4448.038,25.4911,31.0,831.92,0.986202,25.1394,2
2026-03-04 14:00:00,62,1,LB-02,4330.571,12.9127,31.2,832.1,0.986032,12.7323,1
2026-03-04 14:00:00,62,1,LB-03,4443.0,47.859,31.7,833.07,0.98563,47.1712,4
2026-03-04 14:00:00,62,1,LB-04,4538.225,12.8915,31.08,831.69,0.986127,12.7126,1
2026-03-04 14:00:00,62,1,LB-05,4549.362,68.0117,30.83,832.73,0.986371,67.0848,6
2026-03-04 14:00:00,62,1,LB-06,4358.095,30.3311,31.04,831.82,0.986161,29.9114,2
2026-03-04 14:00:00,62,1,LB-07,4522.902,31.2231,31.31,832.99,0.985969,30.785,3
2026-03-04 14:00:00,62,1,LB-08,4399.609,52.8966,31.11,832.3,0.986119,52.1623,4
2026-03-04 14:00:00,62,1,LB-09,4294.632,37.0695,31.24,831.93,0.985989,36.5501,3
2026-03-04 14:00:00,62,1,LB-10,4325.876,46.5061,31.13,830.78,0.986047,45.8572,4
2026-03-04 22:00:00,62,2,LB-01,4474.328,26.2896,23.27,831.87,0.992879,26.1024,2
2026-03-04 22:00:00,62,2,LB-02,4352.353,21.782,24.26,831.92,0.992029,21.6083,2
2026-03-04 22:00:00,62,2,LB-03,4451.873,8.8728,24.27,831.48,0.992012,8.8019,1
2026-03-04 22:00:00,62,2,LB-04,4554.372,16.1471,23.46,833.25,0.992741,16.0298,1
2026-03-04 22:00:00,62,2,LB-05,4566.453,17.0907,23.81,830.98,0.992401,16.9609,1
2026-03-04 22:00:00,62,2,LB-06,4381.616,23.5212,23.91,831.94,0.992328,23.3408,2
2026-03-04 22:00:00,62,2,LB-07,4546.029,23.127,23.94,831.62,0.992296,22.9488,2
2026-03-04 22:00:00,62,2,LB-08,4404.697,5.0887,23.66,831.94,0.992548,5.0508,0
2026-03-04 22:00:00,62,2,LB-09,4316.463,21.8312,23.86,832.15,0.992376,21.6648,2
2026-03-04 22:00:00,62,2,LB-10,4341.194,15.3183,23.79,832.09,0.992436,15.2024,1
2026-03-05 06:00:00,63,0,LB-01,4504.321,29.9933,22.89,832.34,0.993218,29.7899,2
2026-03-05 06:00:00,63,0,LB-02,4387.313,34.9605,22.88,831.44,0.993213,34.7232,3
2026-03-05 06:00:00,63,0,LB-03,4463.228,11.3552,23.08,831.59,0.993042,11.2762,1
2026-03-05 06:00:00,63,0,LB-04,4570.995,16.6225,23.14,832.0,0.992991,16.506,1
2026-03-05 06:00:00,63,0,LB-05,4597.627,31.1742,22.9,831.65,0.993198,30.9622,3
2026-03-05 06:00:00,63,0,LB-06,4405.263,23.6474,22.89,831.27,0.993201,23.4866,2
2026-03-05 06:00:00,63,0,LB-07,4572.969,26.9401,22.88,832.48,0.993222,26.7575,2
2026-03-05 06:00:00,63,0,LB-08,4415.911,11.2132,23.11,832.19,0.993026,11.135,1
2026-03-05 06:00:00,63,0,LB-09,4329.478,13.0142,22.93,832.03,0.993174,12.9254,1
2026-03-05 06:00:00,63,0,LB-10,4380.196,39.0015,23.12,832.34,0.993021,38.7293,3
2026-03-05 14:00:00,63,1,LB-01,4530.308,25.9865,30.0,832.55,0.987087,25.6509,2
2026-03-05 14:00:00,63,1,LB-02,4425.14,37.8268,29.8,832.21,0.987247,37.3444,3
2026-03-05 14:00:00,63,1,LB-03,4477.024,13.7954,29.74,832.22,0.987303,13.6202,1
2026-03-05 14:00:00,63,1,LB-04,4603.098,32.1029,30.36,832.22,0.986762,31.6779,3
2026-03-05 14:00:00,63,1,LB-05,4650.525,52.8983,29.68,832.83,0.987369,52.2302,4
2026-03-05 14:00:00,63,1,LB-06,4434.868,29.6052,29.57,833.01,0.987469,29.2342,2
2026-03-05 14:00:00,63,1,LB-07,4581.67,8.7007,30.1,831.41,0.986966,8.5873,1
2026-03-05 14:00:00,63,1,LB-08,4453.35,37.4398,29.77,831.62,0.987255,36.9626,3
2026-03-05 14:00:00,63,1,LB-09,4355.332,25.8546,29.63,832.22,0.987397,25.5288,2
2026-03-05 14:00:00,63,1,LB-10,4412.769,32.5728,29.49,832.08,0.987513,32.1661,3
2026-03-05 22:00:00,63,2,LB-01,4548.041,17.7334,23.51,831.8,0.992672,17.6034,1
2026-03-05 22:00:00,63,2,LB-02,4436.993,11.8527,24.01,832.28,0.992246,11.7608,1
2026-03-05 22:00:00,63,2,LB-03,4494.675,17.6509,23.77,832.45,0.992462,17.5178,1
2026-03-05 22:00:00,63,2,LB-04,4613.869,10.7718,23.89,832.35,0.992351,10.6894,1
2026-03-05 22:00:00,63,2,LB-05,4675.117,24.592,23.49,832.13,0.992693,24.4123,2
2026-03-05 22:00:00,63,2,LB-06,4454.134,19.2657,23.77,831.55,0.992447,19.1202,2
2026-03-05 22:00:00,63,2,LB-07,4597.308,15.6375,23.83,832.16,0.992403,15.5187,1
2026-03-05 22:00:00,63,2,LB-08,4465.791,12.4401,24.32,831.0,0.991961,12.3401,1
2026-03-05 22:00:00,63,2,LB-09,4366.101,10.7692,23.78,831.52,0.992433,10.6877,1
2026-03-05 22:00:00,63,2,LB-10,4426.38,13.6114,24.07,831.7,0.99219,13.505,1
2026-03-06 06:00:00,64,0,LB-01,4562.865,14.8237,22.12,832.35,0.99388,14.7329,1
2026-03-06 06:00:00,64,0,LB-02,4467.089,30.0968,22.02,831.95,0.993959,29.915,2
2026-03-06 06:00:00,64,0,LB-03,4507.744,13.0695,22.44,831.79,0.993594,12.9858,1
2026-03-06 06:00:00,64,0,LB-04,4622.142,8.2729,21.89,831.02,0.994059,8.2238,1
2026-03-06 06:00:00,64,0,LB-05,4697.988,22.8706,22.69,832.01,0.993382,22.7192,2
2026-03-06 06:00:00,64,0,LB-06,4463.953,9.8186,22.11,831.25,0.993869,9.7584,1
2026-03-06 06:00:00,64,0,LB-07,4622.39,25.0825,22.37,831.52,0.993654,24.9234,2
2026-03-06 06:00:00,64,0,LB-08,4486.921,21.1302,21.92,832.02,0.994043,21.0043,2
2026-03-06 06:00:00,64,0,LB-09,4409.148,43.0467,21.84,831.59,0.994109,42.7931,4
2026-03-06 06:00:00,64,0,LB-10,4455.775,29.3952,22.01,831.54,0.993963,29.2178,2
2026-03-06 14:00:00,64,1,LB-01,4581.818,18.9528,30.09,832.63,0.987007,18.7066,2
2026-03-06 14:00:00,64,1,LB-02,4496.729,29.64,30.24,831.38,0.986839,29.2499,2
2026-03-06 14:00:00,64,1,LB-03,4564.61,56.866,30.06,831.89,0.987013,56.1275,5
2026-03-06 14:00:00,64,1,LB-04,4669.377,47.2352,29.66,831.61,0.987348,46.6376,4
2026-03-06 14:00:00,64,1,LB-05,4722.676,24.6876,29.93,831.99,0.987132,24.3699,2
2026-03-06 14:00:00,64,1,LB-06,4500.822,36.8694,29.74,831.14,0.987268,36.4,3
2026-03-06 14:00:00,64,1,LB-07,4655.144,32.7543,30.25,832.46,0.986866,32.3242,3
2026-03-06 14:00:00,64,1,LB-08,4538.308,51.3877,29.89,831.78,0.987158,50.7278,4
2026-03-06 14:00:00,64,1,LB-09,4430.091,20.9427,29.81,832.93,0.987264,20.6759,2
2026-03-06 14:00:00,64,1,LB-10,4475.385,19.6103,30.19,831.95,0.986901,19.3534,2
2026-03-06 22:00:00,64,2,LB-01,4600.064,18.2461,24.39,833.19,0.991937,18.099,2
2026-03-06 22:00:00,64,2,LB-02,4510.861,14.1316,24.22,832.81,0.992074,14.0196,1
2026-03-06 22:00:00,64,2,LB-03,4578.526,13.9158,24.18,832.51,0.992104,13.806,1
2026-03-06 22:00:00,64,2,LB-04,4683.699,14.3212,24.22,831.65,0.992055,14.2074,1
2026-03-06 22:00:00,64,2,LB-05,4734.235,11.5593,23.93,831.41,0.992304,11.4703,1
2026-03-06 22:00:00,64,2,LB-06,4517.536,16.7141,23.68,832.06,0.992525,16.5892,1
2026-03-06 22:00:00,64,2,LB-07,4669.861,14.7165,23.98,831.85,0.992266,14.6027,1
2026-03-06 22:00:00,64,2,LB-08,4552.796,14.488,23.79,833.3,0.992461,14.3787,1
2026-03-06 22:00:00,64,2,LB-09,4445.938,15.8473,24.1,831.97,0.992165,15.7231,1
2026-03-06 22:00:00,64,2,LB-10,4492.343,16.9573,24.03,831.49,0.992217,16.8253,1
2026-03-07 06:00:00,65,0,LB-01,4616.916,16.8523,21.09,832.76,0.994768,16.7641,1
2026-03-07 06:00:00,65,0,LB-02,4540.765,29.9037,21.4,832.65,0.994499,29.7392,2
2026-03-07 06:00:00,65,0,LB-03,4603.433,24.9076,21.26,832.45,0.99462,24.7736,2
2026-03-07 06:00:00,65,0,LB-04,4710.819,27.1205,21.4,831.39,0.994485,26.971,2
2026-03-07 06:00:00,65,0,LB-05,4762.683,28.4478,21.28,831.6,0.994589,28.2939,2
2026-03-07 06:00:00,65,0,LB-06,4531.803,14.2666,21.48,831.72,0.994425,14.1871,1
2026-03-07 06:00:00,65,0,LB-07,4684.801,14.9397,21.44,832.15,0.994464,14.857,1
2026-03-07 06:00:00,65,0,LB-08,4571.645,18.8489,21.4,831.77,0.994495,18.7452,2
2026-03-07 06:00:00,65,0,LB-09,4470.843,24.9046,21.36,831.31,0.994517,24.7681,2
2026-03-07 06:00:00,65,0,LB-10,4540.951,48.6087,21.22,831.73,0.994645,48.3484,4
2026-03-07 14:00:00,65,1,LB-01,4648.313,31.397,28.49,831.6,0.98836,31.0316,3
2026-03-07 14:00:00,65,1,LB-02,4557.114,16.3492,28.6,832.15,0.988283,16.1576,1
2026-03-07 14:00:00,65,1,LB-03,4625.275,21.8412,28.44,831.74,0.988414,21.5881,2
2026-03-07 14:00:00,65,1,LB-04,4739.526,28.707,28.61,831.91,0.988269,28.3703,2
2026-03-07 14:00:00,65,1,LB-05,4807.466,44.7835,28.53,831.82,0.988335,44.2611,4
2026-03-07 14:00:00,65,1,LB-06,4598.592,66.7889,27.87,832.37,0.988917,66.0486,6
2026-03-07 14:00:00,65,1,LB-07,4716.3,31.4998,28.71,832.29,0.988196,31.128,3
2026-03-07 14:00:00,65,1,LB-08,4601.977,30.3319,28.23,833.2,0.98863,29.987,2
2026-03-07 14:00:00,65,1,LB-09,4497.341,26.4985,28.27,832.37,0.988573,26.1957,2
2026-03-07 14:00:00,65,1,LB-10,4558.903,17.9516,28.12,831.72,0.988686,17.7485,1
2026-03-07 22:00:00,65,2,LB-01,4663.215,14.9018,23.88,831.58,0.992351,14.7878,1
2026-03-07 22:00:00,65,2,LB-02,4583.872,26.7578,24.33,832.79,0.991986,26.5433,2
2026-03-07 22:00:00,65,2,LB-03,4647.161,21.8861,24.3,833.26,0.992018,21.7114,2
2026-03-07 22:00:00,65,2,LB-04,4761.68,22.1541,23.73,832.22,0.992486,21.9876,2
2026-03-07 22:00:00,65,2,LB-05,4819.56,12.0944,24.22,832.09,0.992065,11.9984,1
2026-03-07 22:00:00,65,2,LB-06,4606.949,8.3571,23.79,830.98,0.992414,8.2938,1
2026-03-07 22:00:00,65,2,LB-07,4726.668,10.3674,23.42,832.62,0.992766,10.2924,1
2026-03-07 22:00:00,65,2,LB-08,4618.807,16.8295,23.68,831.91,0.992525,16.7037,1
2026-03-07 22:00:00,65,2,LB-09,4513.176,15.835,23.83,831.84,0.992394,15.7145,1
2026-03-07 22:00:00,65,2,LB-10,4570.621,11.718,24.09,831.44,0.992165,11.6262,1
2026-03-08 06:00:00,66,0,LB-01,4689.193,25.9785,22.51,830.85,0.993519,25.8101,2
2026-03-08 06:00:00,66,0,LB-02,4614.192,30.3206,22.85,831.4,0.993235,30.1154,3
2026-03-08 06:00:00,66,0,LB-03,4672.586,25.4256,22.47,832.85,0.993584,25.2624,2
2026-03-08 06:00:00,66,0,LB-04,4785.811,24.1304,23.23,832.42,0.992924,23.9596,2
2026-03-08 06:00:00,66,0,LB-05,4851.709,32.1481,22.25,831.79,0.993754,31.9473,3
2026-03-08 06:00:00,66,0,LB-06,4628.858,21.9085,22.82,831.98,0.99327,21.7611,2
2026-03-08 06:00:00,66,0,LB-07,4745.144,18.4765,22.49,832.07,0.993559,18.3575,2
2026-03-08 06:00:00,66,0,LB-08,4653.705,34.8985,22.81,830.91,0.993258,34.6632,3
2026-03-08 06:00:00,66,0,LB-09,4538.382,25.2057,22.17,832.34,0.993834,25.0503,2
2026-03-08 06:00:00,66,0,LB-10,4594.018,23.3968,22.28,832.51,0.993739,23.2504,2
2026-03-08 14:00:00,66,1,LB-01,4719.28,30.0865,28.77,832.21,0.988138,29.7296,2
2026-03-08 14:00:00,66,1,LB-02,4650.452,36.2601,28.71,832.0,0.988181,35.8315,3
2026-03-08 14:00:00,66,1,LB-03,4686.304,13.718,28.69,831.92,0.988195,13.5561,1
2026-03-08 14:00:00,66,1,LB-04,4807.973,22.1625,28.62,832.3,0.988271,21.9026,2
2026-03-08 14:00:00,66,1,LB-05,4900.346,48.6374,28.55,831.56,0.98831,48.0688,4
2026-03-08 14:00:00,66,1,LB-06,4667.331,38.4733,28.51,831.8,0.988355,38.0253,3
2026-03-08 14:00:00,66,1,LB-07,4785.908,40.764,28.73,831.66,0.988157,40.2812,3
2026-03-08 14:00:00,66,1,LB-08,4676.015,22.3095,28.66,831.34,0.988206,22.0464,2
2026-03-08 14:00:00,66,1,LB-09,4561.824,23.4421,28.67,831.2,0.988193,23.1653,2
2026-03-08 14:00:00,66,1,LB-10,4625.649,31.6314,28.84,832.96,0.9881,31.255,3
2026-03-08 22:00:00,66,2,LB-01,4742.949,23.6697,26.18,832.0,0.99037,23.4417,2
2026-03-08 22:00:00,66,2,LB-02,4661.642,11.1899,25.53,831.67,0.990921,11.0883,1
2026-03-08 22:00:00,66,2,LB-03,4715.467,29.1625,25.2,832.22,0.991218,28.9064,2
2026-03-08 22:00:00,66,2,LB-04,4837.795,29.8217,25.09,831.85,0.991309,29.5625,2
2026-03-08 22:00:00,66,2,LB-05,4919.417,19.0708,25.56,832.24,0.990915,18.8975,2
2026-03-08 22:00:00,66,2,LB-06,4680.19,12.8589,25.24,831.97,0.991186,12.7456,1
2026-03-08 22:00:00,66,2,LB-07,4817.54,31.6319,25.68,832.13,0.990807,31.3411,3
2026-03-08 22:00:00,66,2,LB-08,4697.585,21.5705,25.38,831.55,0.991055,21.3775,2
2026-03-08 22:00:00,66,2,LB-09,4568.632,6.8079,25.0,830.78,0.99136,6.749,1
2026-03-08 22:00:00,66,2,LB-10,4636.415,10.7658,25.6,830.89,0.990851,10.6673,1
2026-03-09 06:00:00,67,0,LB-01,4767.473,24.5234,22.84,832.34,0.99326,24.3581,2
2026-03-09 06:00:00,67,0,LB-02,4688.266,26.6239,22.59,832.15,0.993474,26.4502,2
2026-03-09 06:00:00,67,0,LB-03,4723.862,8.3953,23.11,831.4,0.99301,8.3366,1
2026-03-09 06:00:00,67,0,LB-04,4863.732,25.937,22.77,830.94,0.993299,25.7632,2
2026-03-09 06:00:00,67,0,LB-05,4938.078,18.6608,22.53,832.47,0.993531,18.5401,2
2026-03-09 06:00:00,67,0,LB-06,4713.997,33.8071,22.94,831.21,0.993154,33.5757,3
2026-03-09 06:00:00,67,0,LB-07,4838.302,20.7621,23.01,832.33,0.993111,20.6191,2
2026-03-09 06:00:00,67,0,LB-08,4727.063,29.4779,22.25,831.39,0.993751,29.2937,2
2026-03-09 06:00:00,67,0,LB-09,4606.997,38.3654,22.66,831.66,0.993403,38.1123,3
2026-03-09 06:00:00,67,0,LB-10,4648.777,12.3621,22.92,832.58,0.993196,12.278,1
2026-03-09 14:00:00,67,1,LB-01,4795.666,28.1934,29.43,832.71,0.987587,27.8434,2
2026-03-09 14:00:00,67,1,LB-02,4706.201,17.935,29.21,831.77,0.987746,17.7152,1
2026-03-09 14:00:00,67,1,LB-03,4760.256,36.3941,29.33,831.92,0.987648,35.9446,3
2026-03-09 14:00:00,67,1,LB-04,4900.096,36.3642,29.31,832.14,0.98767,35.9159,3
2026-03-09 14:00:00,67,1,LB-05,4977.828,39.7508,29.53,832.07,0.987475,39.253,3
2026-03-09 14:00:00,67,1,LB-06,4750.809,36.8125,29.59,830.51,0.987377,36.3478,3
2026-03-09 14:00:00,67,1,LB-07,4867.816,29.5141,29.29,830.72,0.987641,29.1494,2
2026-03-09 14:00:00,67,1,LB-08,4745.498,18.4346,29.54,831.17,0.987443,18.2032,2
2026-03-09 14:00:00,67,1,LB-09,4641.888,34.8911,29.11,831.93,0.987833,34.4665,3
2026-03-09 14:00:00,67,1,LB-10,4663.419,14.6419,28.87,831.79,0.988044,14.4668,1
2026-03-09 22:00:00,67,2,LB-01,4816.203,20.5364,24.92,832.37,0.991463,20.3611,2
2026-03-09 22:00:00,67,2,LB-02,4726.762,20.5612,24.84,833.38,0.991557,20.3876,2
2026-03-09 22:00:00,67,2,LB-03,4770.682,10.4263,24.69,832.1,0.99166,10.3393,1
2026-03-09 22:00:00,67,2,LB-04,4918.221,18.1244,24.52,832.3,0.991809,17.9759,1
2026-03-09 22:00:00,67,2,LB-05,4985.438,7.6099,25.09,832.04,0.99131,7.5438,1
2026-03-09 22:00:00,67,2,LB-06,4760.342,9.533,25.02,831.39,0.991357,9.4506,1
2026-03-09 22:00:00,67,2,LB-07,4895.334,27.5171,25.07,831.5,0.991319,27.2782,2
2026-03-09 22:00:00,67,2,LB-08,4775.591,30.0929,24.71,832.0,0.991637,29.8412,2
2026-03-09 22:00:00,67,2,LB-09,4652.617,10.7291,24.69,832.16,0.991658,10.6396,1
2026-03-09 22:00:00,67,2,LB-10,4680.677,17.2574,24.94,832.58,0.991451,17.1099,1
2026-03-10 06:00:00,68,0,LB-01,4832.946,16.7431,23.54,831.82,0.99265,16.62,1
2026-03-10 06:00:00,68,0,LB-02,4751.522,24.7601,23.78,832.4,0.99245,24.5732,2
2026-03-10 06:00:00,68,0,LB-03,4800.912,30.23,23.35,831.57,0.99281,30.0126,3
2026-03-10 06:00:00,68,0,LB-04,4943.324,25.103,23.51,831.77,0.992675,24.9191,2
2026-03-10 06:00:00,68,0,LB-05,4995.666,10.2273,23.83,832.16,0.992401,10.1496,1
2026-03-10 06:00:00,68,0,LB-06,4779.836,19.4933,23.47,831.29,0.992695,19.3509,2
2026-03-10 06:00:00,68,0,LB-07,4935.555,40.2216,23.5,832.07,0.992684,39.9273,3
2026-03-10 06:00:00,68,0,LB-08,4793.63,18.0392,23.67,832.85,0.992554,17.9049,1
2026-03-10 06:00:00,68,0,LB-09,4682.647,30.0295,23.49,832.47,0.992702,29.8104,2
2026-03-10 06:00:00,68,0,LB-10,4702.081,21.4042,23.47,832.18,0.992714,21.2483,2
2026-03-10 14:00:00,68,1,LB-01,4876.15,43.2042,27.22,833.48,0.989508,42.7509,4
2026-03-10 14:00:00,68,1,LB-02,4766.867,15.3443,27.53,831.06,0.989183,15.1783,1
2026-03-10 14:00:00,68,1,LB-03,4832.339,31.4263,27.6,831.85,0.989143,31.0851,3
2026-03-10 14:00:00,68,1,LB-04,4970.43,27.1065,27.13,831.8,0.989543,26.8231,2
2026-03-10 14:00:00,68,1,LB-05,5020.417,24.7517,27.57,832.17,0.989171,24.4837,2
2026-03-10 14:00:00,68,1,LB-06,4805.711,25.8753,27.7,832.53,0.989068,25.5924,2
2026-03-10 14:00:00,68,1,LB-07,4980.643,45.0876,27.7,832.74,0.989079,44.5952,4
2026-03-10 14:00:00,68,1,LB-08,4827.363,33.7337,27.5,831.46,0.989217,33.37,3
2026-03-10 14:00:00,68,1,LB-09,4728.841,46.194,27.6,831.88,0.989141,45.6924,4
2026-03-10 14:00:00,68,1,LB-10,4742.631,40.5498,27.36,832.53,0.989367,40.1186,3
2026-03-10 22:00:00,68,2,LB-01,4885.973,9.823,23.68,831.93,0.992525,9.7495,1
2026-03-10 22:00:00,68,2,LB-02,4785.869,19.0024,23.58,832.35,0.99262,18.8622,2
2026-03-10 22:00:00,68,2,LB-03,4848.349,16.0104,23.47,831.35,0.992702,15.8936,1
2026-03-10 22:00:00,68,2,LB-04,4989.857,19.4265,24.25,831.48,0.992029,19.2717,2
2026-03-10 22:00:00,68,2,LB-05,5032.126,11.7082,24.01,831.44,0.992237,11.6173,1
2026-03-10 22:00:00,68,2,LB-06,4826.084,20.373,24.05,831.74,0.992201,20.2141,2
2026-03-10 22:00:00,68,2,LB-07,5009.923,29.2802,23.61,831.59,0.992578,29.0629,2
2026-03-10 22:00:00,68,2,LB-08,4849.705,22.3416,24.09,831.89,0.992176,22.1668,2
2026-03-10 22:00:00,68,2,LB-09,4745.333,16.4924,24.07,830.47,0.992161,16.3631,1
2026-03-10 22:00:00,68,2,LB-10,4761.883,19.2528,23.92,831.52,0.992313,19.1048,2
2026-03-11 06:00:00,69,0,LB-01,4898.618,12.6452,23.48,832.42,0.992709,12.553,1
2026-03-11 06:00:00,69,0,LB-02,4834.067,48.1978,22.73,831.71,0.993343,47.8769,4
2026-03-11 06:00:00,69,0,LB-03,4868.975,20.6259,22.64,831.67,0.993422,20.4902,2
2026-03-11 06:00:00,69,0,LB-04,5007.658,17.8009,22.91,831.1,0.993174,17.6794,1
2026-03-11 06:00:00,69,0,LB-05,5054.921,22.7957,22.88,832.13,0.993224,22.6412,2
2026-03-11 06:00:00,69,0,LB-06,4836.719,10.6348,22.64,832.07,0.993429,10.5649,1
2026-03-11 06:00:00,69,0,LB-07,5030.66,20.7375,22.87,831.63,0.99322,20.5969,2
2026-03-11 06:00:00,69,0,LB-08,4870.961,21.2559,22.93,831.68,0.993173,21.1108,2
2026-03-11 06:00:00,69,0,LB-09,4772.065,26.7316,22.81,831.42,0.993273,26.5518,2
2026-03-11 06:00:00,69,0,LB-10,4784.103,22.2196,22.52,832.32,0.993533,22.0759,2
2026-03-11 14:00:00,69,1,LB-01,4919.134,20.5159,28.2,832.12,0.988631,20.2826,2
2026-03-11 14:00:00,69,1,LB-02,4855.462,21.395,28.03,832.17,0.988773,21.1548,2
2026-03-11 14:00:00,69,1,LB-03,4905.198,36.2225,28.73,831.29,0.988148,35.7932,3
2026-03-11 14:00:00,69,1,LB-04,5036.212,28.5541,28.4,832.5,0.98847,28.2249,2
2026-03-11 14:00:00,69,1,LB-05,5081.693,26.7721,28.63,831.99,0.98825,26.4575,2
2026-03-11 14:00:00,69,1,LB-06,4866.123,29.4042,28.91,832.05,0.98801,29.0516,2
2026-03-11 14:00:00,69,1,LB-07,5051.1,20.4395,28.32,831.63,0.988507,20.2045,2
2026-03-11 14:00:00,69,1,LB-08,4883.634,12.6729,28.79,831.6,0.9881,12.5221,1
2026-03-11 14:00:00,69,1,LB-09,4792.795,20.7301,28.37,831.51,0.988465,20.491,2
2026-03-11 14:00:00,69,1,LB-10,4819.967,35.8644,28.55,831.48,0.98831,35.4451,3
2026-03-11 22:00:00,69,2,LB-01,4931.083,11.9487,24.29,831.93,0.992002,11.8531,1
2026-03-11 22:00:00,69,2,LB-02,4875.178,19.7164,24.06,831.9,0.992199,19.5626,2
2026-03-11 22:00:00,69,2,LB-03,4926.016,20.8185,23.86,831.62,0.992364,20.6596,2
2026-03-11 22:00:00,69,2,LB-04,5060.006,23.7939,24.09,832.27,0.992176,23.6078,2
2026-03-11 22:00:00,69,2,LB-05,5094.756,13.0631,23.81,832.52,0.992426,12.9642,1
2026-03-11 22:00:00,69,2,LB-06,4872.838,6.7147,23.88,832.89,0.992374,6.6635,1
2026-03-11 22:00:00,69,2,LB-07,5066.874,15.7746,23.68,831.74,0.99252,15.6566,1
2026-03-11 22:00:00,69,2,LB-08,4897.579,13.945,24.02,832.14,0.992236,13.8367,1
2026-03-11 22:00:00,69,2,LB-09,4815.537,22.7418,24.15,832.15,0.992122,22.5626,2
2026-03-11 22:00:00,69,2,LB-10,4858.787,38.8192,23.85,832.06,0.992383,38.5235,3
2026-03-12 06:00:00,70,0,LB-01,4950.527,19.444,22.73,831.09,0.993336,19.3144,2
2026-03-12 06:00:00,70,0,LB-02,4911.802,36.624,22.32,832.13,0.993705,36.3934,3
2026-03-12 06:00:00,70,0,LB-03,4943.913,17.8964,22.61,832.74,0.993463,17.7794,1
2026-03-12 06:00:00,70,0,LB-04,5086.63,26.6242,22.12,831.13,0.993863,26.4608,2
2026-03-12 06:00:00,70,0,LB-05,5118.899,24.143,22.67,831.97,0.993401,23.9837,2
2026-03-12 06:00:00,70,0,LB-06,4898.053,25.2152,22.47,831.69,0.993567,25.0529,2
2026-03-12 06:00:00,70,0,LB-07,5087.432,20.5572,22.4,831.2,0.99362,20.4261,2
2026-03-12 06:00:00,70,0,LB-08,4929.452,31.8728,22.42,831.45,0.993602,31.6689,3
2026-03-12 06:00:00,70,0,LB-09,4843.998,28.4616,22.35,832.15,0.993679,28.2817,2
2026-03-12 06:00:00,70,0,LB-10,4873.177,14.39,23.01,831.09,0.99309,14.2906,1
2026-03-12 14:00:00,70,1,LB-01,4979.726,29.1993,28.13,832.77,0.988708,28.8696,2
2026-03-12 14:00:00,70,1,LB-02,4929.18,17.3779,28.5,832.27,0.988375,17.1759,1
2026-03-12 14:00:00,70,1,LB-03,4974.753,30.8407,28.56,832.2,0.988321,30.4805,3
2026-03-12 14:00:00,70,1,LB-04,5107.544,20.9144,28.75,833.15,0.98818,20.6672,2
2026-03-12 14:00:00,70,1,LB-05,5148.927,30.0271,28.79,832.09,0.988117,29.6702,2
2026-03-12 14:00:00,70,1,LB-06,4934.049,35.9956,28.72,831.64,0.988161,35.5695,3
2026-03-12 14:00:00,70,1,LB-07,5117.059,29.6272,28.92,831.77,0.987997,29.2716,2
2026-03-12 14:00:00,70,1,LB-08,4956.041,26.589,28.74,831.85,0.988157,26.2741,2
2026-03-12 14:00:00,70,1,LB-09,4904.031,60.0328,28.97,831.78,0.987951,59.3095,5
2026-03-12 14:00:00,70,1,LB-10,4924.117,50.9409,29.2,831.89,0.987755,50.3171,4
2026-03-12 22:00:00,70,2,LB-01,4995.374,15.6484,24.41,833.53,0.991931,15.5221,1
2026-03-12 22:00:00,70,2,LB-02,4948.099,18.9191,24.61,832.27,0.991728,18.7626,2
2026-03-12 22:00:00,70,2,LB-03,4994.233,19.4793,24.88,831.62,0.991487,19.3134,2
2026-03-12 22:00:00,70,2,LB-04,5126.439,18.8945,25.27,831.4,0.991142,18.7271,2
2026-03-12 22:00:00,70,2,LB-05,5159.335,10.4088,24.27,831.13,0.992006,10.3256,1
2026-03-12 22:00:00,70,2,LB-06,4956.692,22.6438,24.85,832.42,0.991527,22.4519,2
2026-03-12 22:00:00,70,2,LB-07,5137.327,20.2686,25.23,832.01,0.991195,20.0901,2
2026-03-12 22:00:00,70,2,LB-08,4985.011,28.9709,24.57,832.62,0.991772,28.7325,2
2026-03-12 22:00:00,70,2,LB-09,4916.801,12.7702,24.63,832.47,0.99172,12.6644,1
2026-03-12 22:00:00,70,2,LB-10,4934.432,10.3146,25.06,833.21,0.991361,10.2255,1
2026-03-13 06:00:00,71,0,LB-01,5015.498,20.1233,23.07,832.06,0.99306,19.9837,2
2026-03-13 06:00:00,71,0,LB-02,4959.788,11.6886,23.11,831.23,0.99301,11.6069,1
2026-03-13 06:00:00,71,0,LB-03,5007.949,13.7168,22.95,831.94,0.993159,13.623,1
2026-03-13 06:00:00,71,0,LB-04,5141.078,14.639,23.02,832.23,0.993105,14.538,1
2026-03-13 06:00:00,71,0,LB-05,5171.342,12.0064,23.02,831.51,0.993091,11.9235,1
2026-03-13 06:00:00,71,0,LB-06,4976.79,20.0974,23.11,832.08,0.993017,19.9571,2
2026-03-13 06:00:00,71,0,LB-07,5174.557,37.2293,22.75,832.94,0.993344,36.9815,3
2026-03-13 06:00:00,71,0,LB-08,5001.579,16.5676,22.66,831.56,0.993402,16.4583,1
2026-03-13 06:00:00,71,0,LB-09,4946.145,29.3441,23.45,831.55,0.992721,29.1305,2
2026-03-13 06:00:00,71,0,LB-10,4955.772,21.3395,23.05,832.12,0.993077,21.1918,2
2026-03-13 14:00:00,71,1,LB-01,5042.914,27.4166,29.77,831.19,0.987241,27.0668,2
2026-03-13 14:00:00,71,1,LB-02,5006.336,46.5479,29.94,832.48,0.987136,45.9491,4
2026-03-13 14:00:00,71,1,LB-03,5038.342,30.3924,30.2,832.92,0.986923,29.9949,2
2026-03-13 14:00:00,71,1,LB-04,5161.971,20.8934,29.86,832.59,0.987208,20.6261,2
2026-03-13 14:00:00,71,1,LB-05,5191.521,20.1789,29.84,832.68,0.987229,19.9212,2
2026-03-13 14:00:00,71,1,LB-06,5034.302,57.5121,29.94,831.19,0.987099,56.7701,5
2026-03-13 14:00:00,71,1,LB-07,5204.061,29.5043,29.78,832.71,0.987283,29.1291,2
2026-03-13 14:00:00,71,1,LB-08,5044.057,42.4777,30.03,832.54,0.987058,41.928,3
2026-03-13 14:00:00,71,1,LB-09,4969.362,23.2164,29.97,832.85,0.987121,22.9174,2
2026-03-13 14:00:00,71,1,LB-10,4979.503,23.731,30.1,831.34,0.98696,23.4215,2
2026-03-13 22:00:00,71,2,LB-01,5054.539,11.6252,25.2,831.74,0.991208,11.5229,1
2026-03-13 22:00:00,71,2,LB-02,5029.479,23.1429,25.41,831.17,0.991014,22.9349,2
2026-03-13 22:00:00,71,2,LB-03,5048.223,9.881,25.32,833.59,0.99115,9.7936,1
2026-03-13 22:00:00,71,2,LB-04,5175.846,13.8751,25.55,832.33,0.990919,13.7491,1
2026-03-13 22:00:00,71,2,LB-05,5207.16,15.6395,25.11,832.08,0.991298,15.5034,1
2026-03-13 22:00:00,71,2,LB-06,5049.024,14.7225,25.26,831.32,0.991151,14.5922,1
2026-03-13 22:00:00,71,2,LB-07,5228.198,24.1368,25.17,832.83,0.991262,23.9259,2
2026-03-13 22:00:00,71,2,LB-08,5057.947,13.8899,25.83,832.07,0.990676,13.7604,1
2026-03-13 22:00:00,71,2,LB-09,4985.867,16.5055,25.14,832.83,0.991283,16.3617,1
2026-03-13 22:00:00,71,2,LB-10,5004.817,25.3144,25.36,831.88,0.991079,25.0885,2
2026-03-14 06:00:00,72,0,LB-01,5084.474,29.9346,23.14,832.79,0.99301,29.7254,2
2026-03-14 06:00:00,72,0,LB-02,5068.994,39.515,23.4,831.46,0.992757,39.2288,3
2026-03-14 06:00:00,72,0,LB-03,5063.087,14.8639,23.75,832.14,0.992474,14.752,1
2026-03-14 06:00:00,72,0,LB-04,5191.49,15.6438,23.93,832.54,0.992323,15.5237,1
2026-03-14 06:00:00,72,0,LB-05,5228.962,21.8018,23.77,831.9,0.992449,21.6372,2
2026-03-14 06:00:00,72,0,LB-06,5082.931,33.9068,23.75,831.62,0.992458,33.6511,3
2026-03-14 06:00:00,72,0,LB-07,5252.978,24.7804,23.47,831.97,0.992709,24.5997,2
2026-03-14 06:00:00,72,0,LB-08,5072.608,14.6608,23.55,831.13,0.992625,14.5527,1
2026-03-14 06:00:00,72,0,LB-09,5010.856,24.9884,23.32,832.54,0.992852,24.8098,2
2026-03-14 06:00:00,72,0,LB-10,5032.397,27.58,23.43,831.34,0.992736,27.3797,2
2026-03-14 14:00:00,72,1,LB-01,5112.772,28.2982,30.99,831.92,0.986204,27.9078,2
2026-03-14 14:00:00,72,1,LB-02,5099.973,30.9797,30.31,832.16,0.986803,30.5708,3
2026-03-14 14:00:00,72,1,LB-03,5078.893,15.8065,30.81,832.45,0.986382,15.5913,1
2026-03-14 14:00:00,72,1,LB-04,5215.008,23.5177,30.66,831.71,0.986489,23.2,2
2026-03-14 14:00:00,72,1,LB-05,5257.591,28.6287,30.44,832.03,0.986686,28.2476,2
2026-03-14 14:00:00,72,1,LB-06,5111.827,28.8957,30.49,832.17,0.986648,28.5099,2
2026-03-14 14:00:00,72,1,LB-07,5286.913,33.9353,30.67,831.64,0.986476,33.4763,3
2026-03-14 14:00:00,72,1,LB-08,5107.863,35.2551,30.55,832.42,0.986603,34.7828,3
2026-03-14 14:00:00,72,1,LB-09,5034.554,23.6984,30.66,831.73,0.986487,23.3781,2
2026-03-14 14:00:00,72,1,LB-10,5075.183,42.7861,30.43,831.61,0.98668,42.2162,4
2026-03-14 22:00:00,72,2,LB-01,5128.668,15.8955,23.8,832.04,0.992426,15.7751,1
2026-03-14 22:00:00,72,2,LB-02,5116.193,16.2199,24.18,831.54,0.992089,16.0916,1
2026-03-14 22:00:00,72,2,LB-03,5098.526,19.6329,23.82,831.6,0.992399,19.4837,2
2026-03-14 22:00:00,72,2,LB-04,5229.294,14.2868,24.19,831.52,0.992076,14.1736,1
2026-03-14 22:00:00,72,2,LB-05,5277.833,20.2427,23.99,831.38,0.992248,20.0858,2
2026-03-14 22:00:00,72,2,LB-06,5122.854,11.0275,23.75,832.42,0.992477,10.9446,1
2026-03-14 22:00:00,72,2,LB-07,5301.3,14.3864,24.33,832.1,0.99197,14.2709,1
2026-03-14 22:00:00,72,2,LB-08,5117.448,9.5855,23.48,832.25,0.992704,9.5155,1
2026-03-14 22:00:00,72,2,LB-09,5051.378,16.8237,24.42,832.19,0.991893,16.6873,1
2026-03-14 22:00:00,72,2,LB-10,5085.554,10.371,23.86,832.17,0.992372,10.2919,1
2026-03-15 06:00:00,73,0,LB-01,5162.805,34.1368,22.6,831.13,0.993448,33.9131,3
2026-03-15 06:00:00,73,0,LB-02,5135.759,19.5661,22.88,832.45,0.993229,19.4336,2
2026-03-15 06:00:00,73,0,LB-03,5116.187,17.6607,22.47,832.7,0.99358,17.5474,1
2026-03-15 06:00:00,73,0,LB-04,5248.748,19.4539,22.65,833.46,0.993439,19.3263,2
2026-03-15 06:00:00,73,0,LB-05,5307.839,30.0056,23.03,832.32,0.993091,29.7983,2
2026-03-15 06:00:00,73,0,LB-06,5148.252,25.3977,22.82,832.25,0.993277,25.227,2
2026-03-15 06:00:00,73,0,LB-07,5321.271,19.9708,23.09,832.1,0.993036,19.8317,2
2026-03-15 06:00:00,73,0,LB-08,5137.641,20.1927,22.73,833.1,0.993369,20.0588,2
2026-03-15 06:00:00,73,0,LB-09,5080.786,29.4081,22.73,832.33,0.993355,29.2126,2
2026-03-15 06:00:00,73,0,LB-10,5106.41,20.8561,23.21,832.6,0.992944,20.7089,2
2026-03-15 14:00:00,73,1,LB-01,5193.325,30.52,29.29,833.69,0.987736,30.1457,3
2026-03-15 14:00:00,73,1,LB-02,5169.736,33.9771,28.47,832.28,0.988402,33.583,3
2026-03-15 14:00:00,73,1,LB-03,5148.604,32.4176,29.06,831.1,0.987853,32.0238,3
2026-03-15 14:00:00,73,1,LB-04,5273.292,24.5437,28.86,830.83,0.988023,24.2498,2
2026-03-15 14:00:00,73,1,LB-05,5323.867,16.0276,28.79,831.73,0.988107,15.837,1
2026-03-15 14:00:00,73,1,LB-06,5180.389,32.1365,28.93,831.61,0.98798,31.7502,3
2026-03-15 14:00:00,73,1,LB-07,5347.166,25.895,29.21,831.81,0.987745,25.5777,2
2026-03-15 14:00:00,73,1,LB-08,5177.0,39.359,28.69,832.17,0.988202,38.8947,3
2026-03-15 14:00:00,73,1,LB-09,5134.761,53.9754,28.89,831.66,0.988017,53.3286,4
2026-03-15 14:00:00,73,1,LB-10,5129.108,22.6975,29.11,831.49,0.987824,22.4211,2
2026-03-15 22:00:00,73,2,LB-01,5215.447,22.1229,23.92,832.12,0.992321,21.9531,2
2026-03-15 22:00:00,73,2,LB-02,5190.415,20.6781,23.88,832.52,0.992367,20.5202,2
2026-03-15 22:00:00,73,2,LB-03,5168.567,19.9631,24.12,832.84,0.992169,19.8067,2
2026-03-15 22:00:00,73,2,LB-04,5293.017,19.7252,23.66,830.88,0.992528,19.5778,2
2026-03-15 22:00:00,73,2,LB-05,5336.956,13.0896,23.8,831.48,0.992419,12.9904,1
2026-03-15 22:00:00,73,2,LB-06,5186.505,6.1165,24.31,832.22,0.991992,6.0675,1
2026-03-15 22:00:00,73,2,LB-07,5356.371,9.2053,23.91,832.09,0.992329,9.1347,1
2026-03-15 22:00:00,73,2,LB-08,5193.135,16.1355,24.02,832.06,0.992234,16.0102,1
2026-03-15 22:00:00,73,2,LB-09,5153.015,18.2537,23.61,832.71,0.992601,18.1187,2
2026-03-15 22:00:00,73,2,LB-10,5148.133,19.0252,23.63,831.64,0.992563,18.8837,2
2026-03-16 06:00:00,74,0,LB-01,5235.057,19.6091,21.15,831.48,0.994705,19.5053,2
2026-03-16 06:00:00,74,0,LB-02,5207.651,17.2367,21.52,832.07,0.994393,17.14,1
2026-03-16 06:00:00,74,0,LB-03,5185.971,17.404,21.63,832.51,0.994307,17.3049,1
2026-03-16 06:00:00,74,0,LB-04,5314.792,21.7751,22.09,832.01,0.993896,21.6422,2
2026-03-16 06:00:00,74,0,LB-05,5367.211,30.2549,21.88,832.05,0.994081,30.0759,3
2026-03-16 06:00:00,74,0,LB-06,5210.207,23.7019,21.14,831.54,0.994712,23.5766,2
2026-03-16 06:00:00,74,0,LB-07,5400.334,43.9636,21.73,832.6,0.994221,43.7095,4
2026-03-16 06:00:00,74,0,LB-08,5220.28,27.1444,21.58,830.84,0.99432,26.9902,2
2026-03-16 06:00:00,74,0,LB-09,5183.145,30.1303,21.81,831.74,0.994136,29.9536,2
2026-03-16 06:00:00,74,0,LB-10,5176.626,28.4937,21.66,831.85,0.994269,28.3304,2
2026-03-16 14:00:00,74,1,LB-01,5261.665,26.6082,29.64,832.68,0.9874,26.2729,2
2026-03-16 14:00:00,74,1,LB-02,5222.082,14.4312,29.71,832.48,0.987335,14.2484,1
2026-03-16 14:00:00,74,1,LB-03,5217.447,31.4759,29.45,831.1,0.987521,31.0831,3
2026-03-16 14:00:00,74,1,LB-04,5337.57,22.7774,29.9,832.33,0.987165,22.4851,2
2026-03-16 14:00:00,74,1,LB-05,5399.175,31.9637,29.96,831.83,0.987099,31.5513,3
2026-03-16 14:00:00,74,1,LB-06,5223.55,13.3429,29.62,831.62,0.987385,13.1746,1
2026-03-16 14:00:00,74,1,LB-07,5438.649,38.3145,29.78,831.86,0.987256,37.8262,3
2026-03-16 14:00:00,74,1,LB-08,5244.119,23.8398,29.97,832.01,0.987092,23.5321,2
2026-03-16 14:00:00,74,1,LB-09,5202.972,19.8269,29.67,831.91,0.987352,19.5761,2
2026-03-16 14:00:00,74,1,LB-10,5208.539,31.9127,29.64,831.53,0.987363,31.5094,3
2026-03-16 22:00:00,74,2,LB-01,5270.065,8.4006,25.29,831.89,0.991133,8.3261,1
2026-03-16 22:00:00,74,2,LB-02,5231.991,9.9089,24.77,831.45,0.991575,9.8254,1
2026-03-16 22:00:00,74,2,LB-03,5247.901,30.4536,25.04,832.31,0.991358,30.1904,3
2026-03-16 22:00:00,74,2,LB-04,5352.303,14.7326,24.93,831.68,0.991443,14.6066,1
2026-03-16 22:00:00,74,2,LB-05,5427.903,28.7282,25.29,831.72,0.991136,28.4736,2
2026-03-16 22:00:00,74,2,LB-06,5236.123,12.5727,25.26,830.92,0.99114,12.4613,1
2026-03-16 22:00:00,74,2,LB-07,5449.359,10.7096,25.25,831.09,0.991157,10.6149,1
2026-03-16 22:00:00,74,2,LB-08,5253.227,9.108,25.04,832.78,0.991371,9.0294,1
2026-03-16 22:00:00,74,2,LB-09,5222.144,19.1716,25.19,831.79,0.991224,19.0033,2
2026-03-16 22:00:00,74,2,LB-10,5238.072,29.5327,25.31,831.63,0.991113,29.2702,2
2026-03-17 06:00:00,75,0,LB-01,5278.375,8.3094,22.31,832.92,0.99372,8.2572,1
2026-03-17 06:00:00,75,0,LB-02,5251.709,19.7181,21.94,831.9,0.994025,19.6003,2
2026-03-17 06:00:00,75,0,LB-03,5267.719,19.8178,22.09,832.31,0.993902,19.697,2
2026-03-17 06:00:00,75,0,LB-04,5368.521,16.2188,22.19,832.83,0.993828,16.1187,1
2026-03-17 06:00:00,75,0,LB-05,5455.643,27.7399,22.02,831.39,0.993954,27.5722,2
2026-03-17 06:00:00,75,0,LB-06,5267.051,30.9281,21.63,831.13,0.994281,30.7512,3
2026-03-17 06:00:00,75,0,LB-07,5471.507,22.1483,22.15,831.44,0.993844,22.012,2
2026-03-17 06:00:00,75,0,LB-08,5261.336,8.109,21.82,832.23,0.994136,8.0615,1
2026-03-17 06:00:00,75,0,LB-09,5257.185,35.0409,21.9,832.06,0.994067,34.833,3
2026-03-17 06:00:00,75,0,LB-10,5286.256,48.1845,21.89,832.48,0.994075,47.899,4
2026-03-17 14:00:00,75,1,LB-01,5293.209,14.8341,29.32,831.84,0.987653,14.6509,1
2026-03-17 14:00:00,75,1,LB-02,5301.878,50.1687,29.39,833.19,0.98763,49.5481,4
2026-03-17 14:00:00,75,1,LB-03,5291.968,24.2492,29.67,832.4,0.987368,23.9429,2
2026-03-17 14:00:00,75,1,LB-04,5393.956,25.4348,29.82,832.61,0.987239,25.1102,2
2026-03-17 14:00:00,75,1,LB-05,5498.166,42.5234,29.73,832.07,0.987305,41.9835,3
2026-03-17 14:00:00,75,1,LB-06,5293.25,26.1996,29.42,830.84,0.987538,25.8731,2
2026-03-17 14:00:00,75,1,LB-07,5509.529,38.0223,29.28,831.86,0.987684,37.554,3
2026-03-17 14:00:00,75,1,LB-08,5303.682,42.3451,29.33,830.64,0.987603,41.8202,3
2026-03-17 14:00:00,75,1,LB-09,5269.823,12.6378,29.38,832.01,0.987604,12.4812,1
2026-03-17 14:00:00,75,1,LB-10,5295.755,9.4984,29.6,830.5,0.987368,9.3784,1
2026-03-17 22:00:00,75,2,LB-01,5305.352,12.1435,24.13,831.28,0.992129,12.0479,1
2026-03-17 22:00:00,75,2,LB-02,5315.03,13.152,24.6,831.6,0.991728,13.0432,1
2026-03-17 22:00:00,75,2,LB-03,5307.95,15.982,24.82,830.9,0.991523,15.8465,1
2026-03-17 22:00:00,75,2,LB-04,5402.165,8.2084,25.05,831.94,0.991348,8.1374,1
2026-03-17 22:00:00,75,2,LB-05,5511.433,13.2664,24.78,833.45,0.991613,13.1551,1
2026-03-17 22:00:00,75,2,LB-06,5308.076,14.826,24.49,833.2,0.991851,14.7052,1
2026-03-17 22:00:00,75,2,LB-07,5524.618,15.0885,24.44,831.83,0.99187,14.9658,1
2026-03-17 22:00:00,75,2,LB-08,5319.064,15.3827,24.52,832.0,0.991805,15.2566,1
2026-03-17 22:00:00,75,2,LB-09,5284.155,14.3322,24.65,831.73,0.991684,14.213,1
2026-03-17 22:00:00,75,2,LB-10,5304.741,8.9868,24.57,832.45,0.991766,8.9128,1
2026-03-18 06:00:00,76,0,LB-01,5335.502,30.1498,23.08,831.47,0.993038,29.9399,2
2026-03-18 06:00:00,76,0,LB-02,5339.311,24.2806,23.34,831.83,0.992816,24.1062,2
2026-03-18 06:00:00,76,0,LB-03,5332.291,24.3412,22.69,832.32,0.993389,24.1803,2
2026-03-18 06:00:00,76,0,LB-04,5414.047,11.8822,22.7,832.17,0.993373,11.8035,1
2026-03-18 06:00:00,76,0,LB-05,5537.477,26.0439,23.22,832.11,0.992926,25.8597,2
2026-03-18 06:00:00,76,0,LB-06,5333.044,24.9679,22.55,832.27,0.993508,24.8058,2
2026-03-18 06:00:00,76,0,LB-07,5544.105,19.4878,22.85,832.26,0.99325,19.3562,2
2026-03-18 06:00:00,76,0,LB-08,5357.087,38.0224,23.32,831.94,0.992837,37.7501,3
2026-03-18 06:00:00,76,0,LB-09,5298.016,13.8611,23.6,832.76,0.992615,13.7588,1
2026-03-18 06:00:00,76,0,LB-10,5337.026,32.2848,22.94,831.96,0.993169,32.0643,3
2026-03-18 14:00:00,76,1,LB-01,5375.309,39.8068,28.96,831.76,0.987957,39.3274,3
2026-03-18 14:00:00,76,1,LB-02,5390.717,51.4061,29.11,831.93,0.987834,50.7808,4
2026-03-18 14:00:00,76,1,LB-03,5356.951,24.6602,29.01,830.92,0.987896,24.3617,2
2026-03-18 14:00:00,76,1,LB-04,5456.581,42.5338,29.61,831.8,0.987397,41.9977,3
2026-03-18 14:00:00,76,1,LB-05,5557.991,20.5147,29.14,832.08,0.987815,20.2648,2
2026-03-18 14:00:00,76,1,LB-06,5366.251,33.2069,28.94,831.93,0.987983,32.8079,3
2026-03-18 14:00:00,76,1,LB-07,5568.103,23.9978,29.13,830.87,0.987783,23.7046,2
2026-03-18 14:00:00,76,1,LB-08,5382.187,25.1004,29.54,831.89,0.987465,24.7858,2
2026-03-18 14:00:00,76,1,LB-09,5353.248,55.2319,29.06,831.8,0.987873,54.5621,5
2026-03-18 14:00:00,76,1,LB-10,5355.893,18.8668,28.86,832.77,0.988075,18.6418,2
2026-03-18 22:00:00,76,2,LB-01,5395.923,20.6139,25.62,831.29,0.990837,20.4251,2
2026-03-18 22:00:00,76,2,LB-02,5409.602,18.8856,26.17,831.91,0.990376,18.7038,2
2026-03-18 22:00:00,76,2,LB-03,5369.249,12.2977,25.66,831.67,0.990811,12.1847,1
2026-03-18 22:00:00,76,2,LB-04,5469.81,13.2296,26.2,832.16,0.990355,13.102,1
2026-03-18 22:00:00,76,2,LB-05,5580.501,22.5093,26.09,831.78,0.990447,22.2943,2
2026-03-18 22:00:00,76,2,LB-06,5378.281,12.0297,25.83,831.36,0.990662,11.9173,1
2026-03-18 22:00:00,76,2,LB-07,5578.536,10.4331,25.97,832.37,0.990558,10.3346,1
2026-03-18 22:00:00,76,2,LB-08,5398.013,15.8255,25.88,831.14,0.990608,15.6769,1
2026-03-18 22:00:00,76,2,LB-09,5372.339,19.0909,25.93,831.96,0.990585,18.9111,2
2026-03-18 22:00:00,76,2,LB-10,5372.393,16.5001,25.93,831.01,0.990567,16.3444,1
2026-03-19 06:00:00,77,0,LB-01,5419.362,23.4394,23.39,832.51,0.992786,23.2703,2
2026-03-19 06:00:00,77,0,LB-02,5436.164,26.5617,23.35,832.79,0.992823,26.3711,2
2026-03-19 06:00:00,77,0,LB-03,5397.265,28.0162,23.66,832.35,0.992553,27.8076,2
2026-03-19 06:00:00,77,0,LB-04,5481.566,11.7562,23.44,831.56,0.992724,11.6706,1
2026-03-19 06:00:00,77,0,LB-05,5621.907,41.4057,23.51,832.07,0.992677,41.1025,3
2026-03-19 06:00:00,77,0,LB-06,5415.24,36.9597,23.45,831.51,0.992716,36.6905,3
2026-03-19 06:00:00,77,0,LB-07,5594.656,16.1198,23.43,832.56,0.992754,16.003,1
2026-03-19 06:00:00,77,0,LB-08,5431.27,33.2574,23.39,832.35,0.992783,33.0173,3
2026-03-19 06:00:00,77,0,LB-09,5396.767,24.4279,23.56,832.27,0.992637,24.2481,2
2026-03-19 06:00:00,77,0,LB-10,5402.609,30.2153,23.43,832.27,0.992751,29.9963,2
2026-03-19 14:00:00,77,1,LB-01,5460.706,41.3437,29.86,831.92,0.987184,40.8139,3
2026-03-19 14:00:00,77,1,LB-02,5451.594,15.43,29.81,832.5,0.987252,15.2333,1
2026-03-19 14:00:00,77,1,LB-03,5414.922,17.6564,29.84,831.54,0.98719,17.4302,1
2026-03-19 14:00:00,77,1,LB-04,5510.641,29.0747,29.75,831.01,0.987254,28.7041,2
2026-03-19 14:00:00,77,1,LB-05,5667.024,45.1171,29.89,832.03,0.987163,44.538,4
2026-03-19 14:00:00,77,1,LB-06,5422.53,7.2901,29.66,832.49,0.987377,7.1981,1
2026-03-19 14:00:00,77,1,LB-07,5612.257,17.6008,29.62,830.86,0.987364,17.3784,1
2026-03-19 14:00:00,77,1,LB-08,5446.271,15.0013,30.32,831.31,0.986773,14.8029,1
2026-03-19 14:00:00,77,1,LB-09,5424.111,27.3444,30.45,832.48,0.986698,26.9807,2
2026-03-19 14:00:00,77,1,LB-10,5448.75,46.1419,29.52,832.4,0.987495,45.5649,4
2026-03-19 22:00:00,77,2,LB-01,5477.252,16.5464,25.36,831.25,0.991062,16.3985,1
2026-03-19 22:00:00,77,2,LB-02,5461.617,10.0231,24.89,831.77,0.991482,9.9377,1
2026-03-19 22:00:00,77,2,LB-03,5432.95,18.0283,25.14,832.38,0.991277,17.871,1
2026-03-19 22:00:00,77,2,LB-04,5521.01,10.3692,25.3,830.79,0.991101,10.2769,1
2026-03-19 22:00:00,77,2,LB-05,5691.935,24.9109,25.27,832.15,0.991158,24.6907,2
2026-03-19 22:00:00,77,2,LB-06,5437.575,15.0444,25.16,832.26,0.991253,14.9128,1
2026-03-19 22:00:00,77,2,LB-07,5622.804,10.547,24.97,832.54,0.991424,10.4565,1
2026-03-19 22:00:00,77,2,LB-08,5462.546,16.2749,25.18,832.2,0.991239,16.1323,1
2026-03-19 22:00:00,77,2,LB-09,5446.041,21.9298,25.67,833.56,0.990844,21.729,2
2026-03-19 22:00:00,77,2,LB-10,5473.862,25.1112,24.99,831.28,0.991383,24.8948,2
2026-03-20 06:00:00,78,0,LB-01,5498.345,21.0929,23.47,831.43,0.9927,20.9389,2
2026-03-20 06:00:00,78,0,LB-02,5488.764,27.147,23.24,833.13,0.992925,26.9549,2
2026-03-20 06:00:00,78,0,LB-03,5447.973,15.0231,23.35,832.35,0.992818,14.9152,1
2026-03-20 06:00:00,78,0,LB-04,5538.996,17.9864,23.13,832.03,0.993001,17.8605,1
2026-03-20 06:00:00,78,0,LB-05,5736.163,44.2287,23.2,832.03,0.992947,43.9167,4
2026-03-20 06:00:00,78,0,LB-06,5459.761,22.186,23.25,832.78,0.992911,22.0287,2
2026-03-20 06:00:00,78,0,LB-07,5642.93,20.1257,23.43,831.96,0.992742,19.9796,2
2026-03-20 06:00:00,78,0,LB-08,5484.789,22.243,23.02,831.58,0.993089,22.0893,2
2026-03-20 06:00:00,78,0,LB-09,5485.151,39.1099,23.1,831.34,0.993018,38.8369,3
2026-03-20 06:00:00,78,0,LB-10,5513.673,39.8112,22.83,832.24,0.993266,39.5431,3
2026-03-20 14:00:00,78,1,LB-01,5552.11,53.7643,30.34,832.17,0.986783,53.0537,4
2026-03-20 14:00:00,78,1,LB-02,5522.291,33.5264,30.47,831.89,0.986659,33.0791,3
2026-03-20 14:00:00,78,1,LB-03,5474.307,26.3338,30.79,832.24,0.986389,25.9754,2
2026-03-20 14:00:00,78,1,LB-04,5553.395,14.3986,30.79,832.07,0.986384,14.2025,1
2026-03-20 14:00:00,78,1,LB-05,5761.56,25.3971,30.8,831.79,0.986366,25.0509,2
2026-03-20 14:00:00,78,1,LB-06,5473.693,13.9324,30.98,831.61,0.986207,13.7402,1
2026-03-20 14:00:00,78,1,LB-07,5661.223,18.2939,31.19,832.9,0.986072,18.0391,2
2026-03-20 14:00:00,78,1,LB-08,5523.803,39.0134,30.34,831.34,0.986752,38.4965,3
2026-03-20 14:00:00,78,1,LB-09,5533.545,48.3942,30.35,831.22,0.986741,47.7526,4
2026-03-20 14:00:00,78,1,LB-10,5529.679,16.0059,30.22,831.95,0.986873,15.7958,1
2026-03-20 22:00:00,78,2,LB-01,5559.337,7.2273,26.14,832.45,0.990412,7.158,1
2026-03-20 22:00:00,78,2,LB-02,5538.302,16.011,26.27,831.12,0.990273,15.8553,1
2026-03-20 22:00:00,78,2,LB-03,5485.145,10.8384,25.76,831.46,0.990725,10.7379,1
2026-03-20 22:00:00,78,2,LB-04,5581.626,28.2311,26.55,831.72,0.990046,27.95,2
2026-03-20 22:00:00,78,2,LB-05,5771.483,9.923,26.21,832.31,0.990356,9.8273,1
2026-03-20 22:00:00,78,2,LB-06,5489.52,15.8264,26.67,831.68,0.989936,15.6671,1
2026-03-20 22:00:00,78,2,LB-07,5676.748,15.525,26.14,831.41,0.990388,15.3757,1
2026-03-20 22:00:00,78,2,LB-08,5540.61,16.8076,26.02,831.47,0.9905,16.6479,1
2026-03-20 22:00:00,78,2,LB-09,5553.388,19.8435,26.36,832.39,0.990221,19.6494,2
2026-03-20 22:00:00,78,2,LB-10,5543.912,14.2337,26.63,831.32,0.989967,14.0909,1
2026-03-21 06:00:00,79,0,LB-01,5585.708,26.371,23.75,832.5,0.992475,26.1726,2
2026-03-21 06:00:00,79,0,LB-02,5559.948,21.6466,23.21,832.31,0.992937,21.4937,2
2026-03-21 06:00:00,79,0,LB-03,5508.039,22.8934,23.5,831.96,0.992685,22.726,2
2026-03-21 06:00:00,79,0,LB-04,5602.937,21.3109,22.99,832.52,0.993136,21.1647,2
2026-03-21 06:00:00,79,0,LB-05,5788.601,17.1178,23.38,831.13,0.992776,16.9942,1
2026-03-21 06:00:00,79,0,LB-06,5523.686,34.1663,23.47,831.57,0.992698,33.9168,3
2026-03-21 06:00:00,79,0,LB-07,5687.358,10.6095,23.41,831.94,0.992758,10.5327,1
2026-03-21 06:00:00,79,0,LB-08,5562.812,22.2014,23.39,831.55,0.992774,22.041,2
2026-03-21 06:00:00,79,0,LB-09,5570.116,16.7279,23.24,832.58,0.992919,16.6094,1
2026-03-21 06:00:00,79,0,LB-10,5571.643,27.7311,23.53,831.18,0.992647,27.5272,2
2026-03-21 14:00:00,79,1,LB-01,5617.634,31.9257,30.4,831.88,0.986716,31.5017,3
2026-03-21 14:00:00,79,1,LB-02,5576.981,17.0327,29.95,832.62,0.987132,16.8135,1
2026-03-21 14:00:00,79,1,LB-03,5536.943,28.9042,30.1,831.85,0.986981,28.5279,2
2026-03-21 14:00:00,79,1,LB-04,5630.846,27.9092,30.24,831.6,0.98685,27.5422,2
2026-03-21 14:00:00,79,1,LB-05,5813.624,25.0223,30.2,831.71,0.986887,24.6941,2
2026-03-21 14:00:00,79,1,LB-06,5544.94,21.2538,30.12,832.16,0.986971,20.9769,2
2026-03-21 14:00:00,79,1,LB-07,5703.17,15.8124,30.69,832.13,0.986478,15.5986,1
2026-03-21 14:00:00,79,1,LB-08,5598.074,35.2626,29.72,833.03,0.987338,34.8161,3
2026-03-21 14:00:00,79,1,LB-09,5590.663,20.5465,29.97,832.39,0.987108,20.2816,2
2026-03-21 14:00:00,79,1,LB-10,5629.727,58.0838,30.29,831.94,0.986816,57.318,5
2026-03-21 22:00:00,79,2,LB-01,5630.586,12.9518,25.81,831.12,0.99067,12.831,1
2026-03-21 22:00:00,79,2,LB-02,5589.453,12.4718,25.86,832.12,0.990651,12.3552,1
2026-03-21 22:00:00,79,2,LB-03,5559.035,22.0919,26.18,832.17,0.990377,21.8794,2
2026-03-21 22:00:00,79,2,LB-04,5648.156,17.3103,25.7,832.05,0.990784,17.1507,1
2026-03-21 22:00:00,79,2,LB-05,5832.731,19.1079,25.85,831.72,0.99065,18.9293,2
2026-03-21 22:00:00,79,2,LB-06,5558.119,13.1791,25.51,832.04,0.990949,13.0598,1
2026-03-21 22:00:00,79,2,LB-07,5709.396,6.2253,25.7,832.11,0.990785,6.1679,1
2026-03-21 22:00:00,79,2,LB-08,5622.46,24.3859,25.52,832.22,0.990943,24.165,2
2026-03-21 22:00:00,79,2,LB-09,5611.017,20.3541,25.59,833.68,0.990915,20.1692,2
2026-03-21 22:00:00,79,2,LB-10,5649.089,19.3613,25.22,832.27,0.991202,19.191,2
2026-03-22 06:00:00,80,0,LB-01,5657.776,27.1901,24.36,832.6,0.99195,26.9712,2
2026-03-22 06:00:00,80,0,LB-02,5608.426,18.9737,24.5,831.63,0.991811,18.8184,2
2026-03-22 06:00:00,80,0,LB-03,5590.154,31.1192,24.49,832.49,0.991842,30.8654,3
2026-03-22 06:00:00,80,0,LB-04,5679.866,31.7093,24.12,832.3,0.992152,31.4605,3
2026-03-22 06:00:00,80,0,LB-05,5849.975,17.2435,24.02,832.53,0.992243,17.1097,1
2026-03-22 06:00:00,80,0,LB-06,5579.107,20.9879,23.9,831.55,0.99233,20.8269,2
2026-03-22 06:00:00,80,0,LB-07,5747.511,38.1158,24.15,831.2,0.992105,37.8149,3
2026-03-22 06:00:00,80,0,LB-08,5636.127,13.6667,24.28,832.25,0.992012,13.5575,1
2026-03-22 06:00:00,80,0,LB-09,5636.209,25.1921,24.37,832.24,0.991939,24.989,2
2026-03-22 06:00:00,80,0,LB-10,5669.065,19.9766,24.09,831.98,0.992176,19.8203,2
2026-03-22 14:00:00,80,1,LB-01,5687.045,29.2696,31.3,831.75,0.985935,28.8579,2
2026-03-22 14:00:00,80,1,LB-02,5619.975,11.5483,31.22,832.23,0.986018,11.3868,1
2026-03-22 14:00:00,80,1,LB-03,5603.341,13.1872,31.53,831.37,0.985724,12.9989,1
2026-03-22 14:00:00,80,1,LB-04,5718.203,38.3373,30.91,832.46,0.986296,37.8119,3
2026-03-22 14:00:00,80,1,LB-05,5873.919,23.9437,30.83,832.77,0.986376,23.6175,2
2026-03-22 14:00:00,80,1,LB-06,5615.125,36.0185,31.23,833.14,0.986044,35.5158,3
2026-03-22 14:00:00,80,1,LB-07,5772.608,25.0962,31.5,831.77,0.985759,24.7388,2
2026-03-22 14:00:00,80,1,LB-08,5667.815,31.688,31.82,830.83,0.985449,31.2269,3
2026-03-22 14:00:00,80,1,LB-09,5664.837,28.6278,31.35,831.86,0.985895,28.224,2
2026-03-22 14:00:00,80,1,LB-10,5735.043,65.9783,31.46,831.24,0.985783,65.0403,5
2026-03-22 22:00:00,80,2,LB-01,5696.074,9.0285,23.24,832.07,0.992908,8.9644,1
2026-03-22 22:00:00,80,2,LB-02,5636.878,16.9034,23.3,830.74,0.992832,16.7823,1
2026-03-22 22:00:00,80,2,LB-03,5628.797,25.4556,23.45,832.5,0.992738,25.2707,2
2026-03-22 22:00:00,80,2,LB-04,5730.977,12.7735,23.8,832.14,0.992427,12.6767,1
2026-03-22 22:00:00,80,2,LB-05,5896.521,22.6022,23.69,832.22,0.992524,22.4332,2
2026-03-22 22:00:00,80,2,LB-06,5626.85,11.7242,23.25,831.97,0.992895,11.6409,1
2026-03-22 22:00:00,80,2,LB-07,5779.348,6.7399,23.5,831.96,0.992682,6.6906,1
2026-03-22 22:00:00,80,2,LB-08,5699.248,31.4329,23.75,832.27,0.992473,31.1963,3
2026-03-22 22:00:00,80,2,LB-09,5681.835,16.9984,23.34,832.15,0.992823,16.8764,1
2026-03-22 22:00:00,80,2,LB-10,5751.265,16.2218,23.53,831.89,0.992654,16.1027,1
2026-03-23 06:00:00,81,0,LB-01,5710.709,14.6351,22.49,831.89,0.993557,14.5408,1
2026-03-23 06:00:00,81,0,LB-02,5654.253,17.3747,22.56,832.3,0.993502,17.2618,1
2026-03-23 06:00:00,81,0,LB-03,5639.087,10.29,23.11,832.98,0.993036,10.2183,1
2026-03-23 06:00:00,81,0,LB-04,5760.66,29.6838,22.48,831.81,0.993557,29.4925,2
2026-03-23 06:00:00,81,0,LB-05,5913.243,16.7219,22.43,833.18,0.993621,16.6153,1
2026-03-23 06:00:00,81,0,LB-06,5650.118,23.2684,22.94,832.05,0.993164,23.1093,2
2026-03-23 06:00:00,81,0,LB-07,5805.701,26.3531,22.34,832.4,0.993692,26.1868,2
2026-03-23 06:00:00,81,0,LB-08,5720.374,21.1264,22.47,832.41,0.993575,20.9906,2
2026-03-23 06:00:00,81,0,LB-09,5689.422,7.5868,22.73,831.82,0.993346,7.5364,1
2026-03-23 06:00:00,81,0,LB-10,5769.684,18.4185,22.42,831.75,0.993612,18.3009,2
2026-03-23 14:00:00,81,1,LB-01,5756.34,45.6313,29.85,831.8,0.987192,45.0468,4
2026-03-23 14:00:00,81,1,LB-02,5701.96,47.7069,30.0,831.82,0.987067,47.0899,4
2026-03-23 14:00:00,81,1,LB-03,5660.047,20.9599,29.69,830.94,0.987302,20.6938,2
2026-03-23 14:00:00,81,1,LB-04,5774.293,13.6329,29.71,832.01,0.987321,13.46,1
2026-03-23 14:00:00,81,1,LB-05,5947.101,33.8581,29.87,831.15,0.987154,33.4232,3
2026-03-23 14:00:00,81,1,LB-06,5682.087,31.9694,30.01,832.04,0.987057,31.5556,3
2026-03-23 14:00:00,81,1,LB-07,5850.456,44.755,30.14,830.93,0.986913,44.1693,4
2026-03-23 14:00:00,81,1,LB-08,5733.646,13.2724,29.99,831.51,0.987065,13.1007,1
2026-03-23 14:00:00,81,1,LB-09,5719.042,29.6205,29.91,832.55,0.987167,29.2404,2
2026-03-23 14:00:00,81,1,LB-10,5810.103,40.4191,29.5,832.5,0.987519,39.9146,3
2026-03-23 22:00:00,81,2,LB-01,5773.517,17.1769,26.5,832.14,0.9901,17.0069,1
2026-03-23 22:00:00,81,2,LB-02,5727.702,25.7426,26.19,831.77,0.99036,25.4944,2
2026-03-23 22:00:00,81,2,LB-03,5671.976,11.9297,26.39,832.7,0.990207,11.8129,1
2026-03-23 22:00:00,81,2,LB-04,5785.483,11.1894,26.11,833.26,0.990461,11.0826,1
2026-03-23 22:00:00,81,2,LB-05,5958.734,11.6334,26.57,832.62,0.990046,11.5176,1
2026-03-23 22:00:00,81,2,LB-06,5693.34,11.2524,26.44,832.39,0.990159,11.1417,1
2026-03-23 22:00:00,81,2,LB-07,5860.864,10.408,25.98,832.38,0.990551,10.3097,1
2026-03-23 22:00:00,81,2,LB-08,5761.113,27.4661,26.34,832.8,0.990249,27.1983,2
2026-03-23 22:00:00,81,2,LB-09,5759.822,40.7797,26.44,832.58,0.990161,40.3785,3
2026-03-23 22:00:00,81,2,LB-10,5826.063,15.9598,26.13,832.1,0.990418,15.8069,1
2026-03-24 06:00:00,82,0,LB-01,5797.407,23.8902,23.34,832.67,0.992836,23.7191,2
2026-03-24 06:00:00,82,0,LB-02,5749.08,21.3772,23.39,832.56,0.992789,21.2231,2
2026-03-24 06:00:00,82,0,LB-03,5696.257,24.2807,23.67,831.89,0.992538,24.0995,2
2026-03-24 06:00:00,82,0,LB-04,5808.059,22.5767,23.86,832.93,0.99239,22.4049,2
2026-03-24 06:00:00,82,0,LB-05,5979.613,20.8785,23.95,833.96,0.99233,20.7184,2
2026-03-24 06:00:00,82,0,LB-06,5716.612,23.2719,23.81,831.3,0.992404,23.0952,2
2026-03-24 06:00:00,82,0,LB-07,5900.183,39.3199,23.29,831.96,0.992865,39.0394,3
2026-03-24 06:00:00,82,0,LB-08,5786.975,25.8626,23.47,832.02,0.992706,25.6739,2
2026-03-24 06:00:00,82,0,LB-09,5776.072,16.2497,24.04,831.64,0.992208,16.123,1
2026-03-24 06:00:00,82,0,LB-10,5861.286,35.2237,23.72,832.16,0.992497,34.9594,3
2026-03-24 14:00:00,82,1,LB-01,5834.682,37.2744,29.37,832.29,0.987618,36.8129,3
2026-03-24 14:00:00,82,1,LB-02,5771.827,22.7474,29.51,831.52,0.987479,22.4626,2
2026-03-24 14:00:00,82,1,LB-03,5724.521,28.2637,29.18,832.24,0.987786,27.9185,2
2026-03-24 14:00:00,82,1,LB-04,5843.247,35.1873,29.29,832.59,0.987704,34.7547,3
2026-03-24 14:00:00,82,1,LB-05,6009.425,29.8124,29.3,831.55,0.987664,29.4446,2
2026-03-24 14:00:00,82,1,LB-06,5758.291,41.6798,29.39,831.53,0.987582,41.1622,3
2026-03-24 14:00:00,82,1,LB-07,5920.6,20.4166,29.13,831.37,0.987801,20.1675,2
2026-03-24 14:00:00,82,1,LB-08,5816.065,29.0901,29.55,832.37,0.987465,28.7255,2
2026-03-24 14:00:00,82,1,LB-09,5808.284,32.212,29.69,832.04,0.987341,31.8043,3
2026-03-24 14:00:00,82,1,LB-10,5879.787,18.5003,29.48,831.31,0.987499,18.269,2
2026-03-24 22:00:00,82,2,LB-01,5851.227,16.5452,25.02,831.91,0.991372,16.4025,1
2026-03-24 22:00:00,82,2,LB-02,5797.189,25.3617,25.17,832.13,0.991244,25.1396,2
2026-03-24 22:00:00,82,2,LB-03,5745.587,21.066,25.37,831.55,0.991057,20.8776,2
2026-03-24 22:00:00,82,2,LB-04,5860.447,17.2003,25.18,831.87,0.991228,17.0494,1
2026-03-24 22:00:00,82,2,LB-05,6016.762,7.3371,25.0,831.99,0.991387,7.2739,1
2026-03-24 22:00:00,82,2,LB-06,5788.096,29.805,25.0,830.77,0.991366,29.5477,2
2026-03-24 22:00:00,82,2,LB-07,5932.865,12.2652,25.43,831.96,0.991017,12.155,1
2026-03-24 22:00:00,82,2,LB-08,5830.411,14.3456,25.08,832.9,0.991337,14.2213,1
2026-03-24 22:00:00,82,2,LB-09,5814.564,6.2801,24.97,831.92,0.991418,6.2262,1
2026-03-24 22:00:00,82,2,LB-10,5886.723,6.9366,25.05,831.69,0.991339,6.8765,1
2026-03-25 06:00:00,83,0,LB-01,5872.897,21.6701,24.17,831.73,0.992097,21.4989,2
2026-03-25 06:00:00,83,0,LB-02,5806.166,8.977,24.32,831.99,0.991973,8.9049,1
2026-03-25 06:00:00,83,0,LB-03,5780.689,35.102,23.96,831.69,0.992277,34.8309,3
2026-03-25 06:00:00,83,0,LB-04,5884.769,24.3216,23.8,832.47,0.992438,24.1377,2
2026-03-25 06:00:00,83,0,LB-05,6035.936,19.1735,24.21,832.06,0.992069,19.0214,2
2026-03-25 06:00:00,83,0,LB-06,5814.781,26.6842,24.24,832.0,0.992048,26.472,2
2026-03-25 06:00:00,83,0,LB-07,5969.66,36.7952,24.3,832.35,0.992001,36.5008,3
2026-03-25 06:00:00,83,0,LB-08,5845.151,14.7406,24.48,831.65,0.991828,14.6201,1
2026-03-25 06:00:00,83,0,LB-09,5837.165,22.6012,24.24,832.32,0.992054,22.4216,2
2026-03-25 06:00:00,83,0,LB-10,5895.959,9.2358,24.37,831.33,0.991922,9.1612,1
2026-03-25 14:00:00,83,1,LB-01,5886.599,13.7021,30.45,832.3,0.986689,13.5197,1
2026-03-25 14:00:00,83,1,LB-02,5826.024,19.8588,30.79,831.9,0.986385,19.5884,2
2026-03-25 14:00:00,83,1,LB-03,5811.367,30.6782,30.71,831.75,0.986448,30.2625,3
2026-03-25 14:00:00,83,1,LB-04,5938.325,53.5566,30.48,831.95,0.986648,52.8416,4
2026-03-25 14:00:00,83,1,LB-05,6060.605,24.6687,31.12,832.75,0.986126,24.3265,2
2026-03-25 14:00:00,83,1,LB-06,5831.528,16.747,31.1,832.11,0.986119,16.5146,1
2026-03-25 14:00:00,83,1,LB-07,5989.63,19.9697,30.91,831.19,0.98625,19.6951,2
2026-03-25 14:00:00,83,1,LB-08,5898.079,52.9274,30.58,832.59,0.986582,52.2172,4
2026-03-25 14:00:00,83,1,LB-09,5888.547,51.382,30.84,831.55,0.986322,50.6792,4
2026-03-25 14:00:00,83,1,LB-10,5924.29,28.3309,31.14,832.52,0.986102,27.9371,2
2026-03-25 22:00:00,83,2,LB-01,5895.974,9.3746,24.99,831.57,0.99139,9.2939,1
2026-03-25 22:00:00,83,2,LB-02,5841.459,15.4346,24.45,832.83,0.991883,15.3093,1
2026-03-25 22:00:00,83,2,LB-03,5828.613,17.2459,25.02,832.81,0.991391,17.0974,1
2026-03-25 22:00:00,83,2,LB-04,5951.941,13.6154,24.98,831.62,0.991394,13.4982,1
2026-03-25 22:00:00,83,2,LB-05,6088.474,27.8696,25.29,831.65,0.991131,27.6224,2
2026-03-25 22:00:00,83,2,LB-06,5864.848,33.3204,24.99,832.8,0.991417,33.0344,3
2026-03-25 22:00:00,83,2,LB-07,6013.744,24.1136,25.0,832.08,0.991389,23.906,2
2026-03-25 22:00:00,83,2,LB-08,5906.038,7.9597,24.92,831.59,0.991454,7.8917,1
2026-03-25 22:00:00,83,2,LB-09,5896.454,7.907,24.56,830.85,0.991746,7.8418,1
2026-03-25 22:00:00,83,2,LB-10,5936.024,11.7345,25.06,831.57,0.991326,11.6327,1
2026-03-26 06:00:00,84,0,LB-01,5911.786,15.8122,25.02,831.75,0.99137,15.6757,1
2026-03-26 06:00:00,84,0,LB-02,5863.352,21.8928,24.77,832.21,0.991595,21.7088,2
2026-03-26 06:00:00,84,0,LB-03,5860.035,31.4224,24.62,832.7,0.99173,31.1625,3
2026-03-26 06:00:00,84,0,LB-04,5967.021,15.0808,24.59,832.15,0.991744,14.9563,1
2026-03-26 06:00:00,84,0,LB-05,6104.833,16.359,24.59,832.31,0.991749,16.224,1
2026-03-26 06:00:00,84,0,LB-06,5904.89,40.0416,24.8,832.34,0.99157,39.704,3
2026-03-26 06:00:00,84,0,LB-07,6032.226,18.4826,24.3,831.96,0.991997,18.3347,2
2026-03-26 06:00:00,84,0,LB-08,5954.321,48.2821,24.63,832.5,0.991715,47.8821,4
2026-03-26 06:00:00,84,0,LB-09,5905.232,8.7774,24.54,832.86,0.991805,8.7055,1
2026-03-26 06:00:00,84,0,LB-10,5956.699,20.6747,24.45,832.34,0.991873,20.5067,2
2026-03-26 14:00:00,84,1,LB-01,5960.612,48.8256,29.86,831.57,0.987175,48.1994,4
2026-03-26 14:00:00,84,1,LB-02,5872.544,9.1923,30.14,832.86,0.986977,9.0726,1
2026-03-26 14:00:00,84,1,LB-03,5885.056,25.0203,30.11,831.89,0.986971,24.6943,2
2026-03-26 14:00:00,84,1,LB-04,5980.488,13.4663,29.92,832.66,0.987158,13.2934,1
2026-03-26 14:00:00,84,1,LB-05,6133.917,29.084,30.1,831.32,0.986964,28.7048,2
2026-03-26 14:00:00,84,1,LB-06,5946.432,41.5426,29.94,831.35,0.987101,41.0067,3
2026-03-26 14:00:00,84,1,LB-07,6047.479,15.2529,29.77,831.91,0.987262,15.0586,1
2026-03-26 14:00:00,84,1,LB-08,5982.23,27.9097,30.09,832.21,0.986999,27.5469,2
2026-03-26 14:00:00,84,1,LB-09,5921.289,16.0573,30.17,832.41,0.986937,15.8476,1
2026-03-26 14:00:00,84,1,LB-10,5989.832,33.1333,29.61,830.92,0.987374,32.715,3
2026-03-26 22:00:00,84,2,LB-01,5971.713,11.1019,26.01,832.09,0.990522,10.9967,1
2026-03-26 22:00:00,84,2,LB-02,5891.274,18.7295,25.99,831.67,0.990523,18.552,2
2026-03-26 22:00:00,84,2,LB-03,5903.165,18.1092,25.87,831.58,0.990632,17.9395,1
2026-03-26 22:00:00,84,2,LB-04,5996.078,15.5902,25.66,832.19,0.990824,15.4472,1
2026-03-26 22:00:00,84,2,LB-05,6148.868,14.9508,25.46,831.85,0.990987,14.8161,1
2026-03-26 22:00:00,84,2,LB-06,5971.997,25.5651,25.75,831.36,0.990724,25.328,2
2026-03-26 22:00:00,84,2,LB-07,6063.001,15.5218,25.59,831.84,0.990877,15.3802,1
2026-03-26 22:00:00,84,2,LB-08,6011.182,28.9514,25.36,832.35,0.991089,28.6934,2
2026-03-26 22:00:00,84,2,LB-09,5952.965,31.6762,25.51,832.48,0.990963,31.39,3
2026-03-26 22:00:00,84,2,LB-10,6005.241,15.4091,25.98,832.16,0.990546,15.2634,1
2026-03-27 06:00:00,85,0,LB-01,6003.231,31.5181,24.34,830.78,0.991935,31.2639,3
2026-03-27 06:00:00,85,0,LB-02,5900.435,9.1618,24.06,831.03,0.99218,9.0902,1
2026-03-27 06:00:00,85,0,LB-03,5936.724,33.5587,24.26,832.37,0.992038,33.2915,3
2026-03-27 06:00:00,85,0,LB-04,6024.75,28.6715,23.93,831.71,0.992303,28.4509,2
2026-03-27 06:00:00,85,0,LB-05,6166.653,17.7851,24.34,832.47,0.991966,17.6422,1
2026-03-27 06:00:00,85,0,LB-06,5997.052,25.0543,24.52,832.82,0.99182,24.8493,2
2026-03-27 06:00:00,85,0,LB-07,6103.634,40.6325,24.44,833.24,0.991897,40.3032,3
2026-03-27 06:00:00,85,0,LB-08,6026.166,14.9846,24.6,832.35,0.991739,14.8608,1
2026-03-27 06:00:00,85,0,LB-09,5966.941,13.9762,23.76,832.35,0.992468,13.8709,1
2026-03-27 06:00:00,85,0,LB-10,6025.492,20.251,24.57,832.18,0.991763,20.0842,2
2026-03-27 14:00:00,85,1,LB-01,6043.982,40.7501,30.08,832.12,0.987001,40.2204,3
2026-03-27 14:00:00,85,1,LB-02,5922.38,21.9446,29.8,831.29,0.987218,21.6642,2
2026-03-27 14:00:00,85,1,LB-03,5982.843,46.1194,29.91,832.47,0.98716,45.5273,4
2026-03-27 14:00:00,85,1,LB-04,6046.641,21.8919,29.61,831.84,0.987397,21.616,2
2026-03-27 14:00:00,85,1,LB-05,6194.791,28.1382,29.87,832.12,0.987186,27.7776,2
2026-03-27 14:00:00,85,1,LB-06,6033.22,36.1682,30.08,832.93,0.98703,35.6991,3
2026-03-27 14:00:00,85,1,LB-07,6131.513,27.8797,29.82,832.02,0.987221,27.5234,2
2026-03-27 14:00:00,85,1,LB-08,6060.649,34.4823,29.81,832.45,0.987248,34.0426,3
2026-03-27 14:00:00,85,1,LB-09,5984.646,17.7049,30.0,832.03,0.98707,17.476,1
2026-03-27 14:00:00,85,1,LB-10,6060.113,34.6208,30.04,831.0,0.987004,34.1709,3
2026-03-27 22:00:00,85,2,LB-01,6060.506,16.5242,26.97,831.68,0.989681,16.3537,1
2026-03-27 22:00:00,85,2,LB-02,5936.594,14.2142,27.18,831.98,0.989507,14.065,1
2026-03-27 22:00:00,85,2,LB-03,6005.744,22.9012,27.54,832.66,0.989209,22.6541,2
2026-03-27 22:00:00,85,2,LB-04,6056.337,9.6955,27.02,831.85,0.989639,9.595,1
2026-03-27 22:00:00,85,2,LB-05,6234.761,39.9694,27.22,830.59,0.989439,39.5473,3
2026-03-27 22:00:00,85,2,LB-06,6041.134,7.9142,27.58,832.27,0.989165,7.8284,1
2026-03-27 22:00:00,85,2,LB-07,6158.141,26.6273,27.3,832.54,0.989413,26.3454,2
2026-03-27 22:00:00,85,2,LB-08,6089.404,28.7551,27.06,833.23,0.989637,28.4571,2
2026-03-27 22:00:00,85,2,LB-09,5991.143,6.4966,27.2,832.6,0.989501,6.4284,1
2026-03-27 22:00:00,85,2,LB-10,6072.663,12.5497,27.33,833.11,0.989403,12.4167,1
2026-03-28 06:00:00,86,0,LB-01,6083.149,22.643,25.26,831.98,0.991169,22.4431,2
2026-03-28 06:00:00,86,0,LB-02,5949.779,13.1845,25.35,832.0,0.991084,13.067,1
2026-03-28 06:00:00,86,0,LB-03,6023.53,17.7862,25.06,831.95,0.991333,17.632,1
2026-03-28 06:00:00,86,0,LB-04,6076.893,20.5561,25.4,832.21,0.991047,20.3721,2
2026-03-28 06:00:00,86,0,LB-05,6258.664,23.9032,25.15,831.79,0.991252,23.694,2
2026-03-28 06:00:00,86,0,LB-06,6064.683,23.5487,25.02,831.54,0.991362,23.3453,2
2026-03-28 06:00:00,86,0,LB-07,6196.919,38.7786,25.12,832.17,0.991293,38.4409,3
2026-03-28 06:00:00,86,0,LB-08,6110.106,20.702,24.52,832.65,0.991817,20.5326,2
2026-03-28 06:00:00,86,0,LB-09,6004.423,13.28,24.89,832.72,0.991496,13.167,1
2026-03-28 06:00:00,86,0,LB-10,6102.449,29.7857,25.33,831.01,0.991079,29.52,2
2026-03-28 14:00:00,86,1,LB-01,6113.384,30.2352,31.63,830.6,0.985605,29.8,2
2026-03-28 14:00:00,86,1,LB-02,5981.776,31.9971,31.53,831.85,0.985742,31.5409,3
2026-03-28 14:00:00,86,1,LB-03,6043.613,20.0826,31.32,831.93,0.985922,19.7998,2
2026-03-28 14:00:00,86,1,LB-04,6091.099,14.2061,31.04,832.74,0.98619,14.0099,1
2026-03-28 14:00:00,86,1,LB-05,6297.88,39.2166,31.37,831.81,0.985876,38.6627,3
2026-03-28 14:00:00,86,1,LB-06,6084.575,19.8925,31.75,831.38,0.985535,19.6047,2
2026-03-28 14:00:00,86,1,LB-07,6234.385,37.4659,31.16,832.03,0.986067,36.9439,3
2026-03-28 14:00:00,86,1,LB-08,6143.152,33.0462,31.76,832.64,0.985566,32.5692,3
2026-03-28 14:00:00,86,1,LB-09,6029.079,24.6563,31.86,830.91,0.985422,24.2968,2
2026-03-28 14:00:00,86,1,LB-10,6119.269,16.8206,31.49,832.35,0.98579,16.5816,1
2026-03-28 22:00:00,86,2,LB-01,6126.05,12.6661,26.11,832.66,0.990447,12.545,1
2026-03-28 22:00:00,86,2,LB-02,5993.901,12.1249,25.53,833.57,0.990963,12.0153,1
2026-03-28 22:00:00,86,2,LB-03,6051.957,8.3439,25.9,832.0,0.990614,8.2655,1
2026-03-28 22:00:00,86,2,LB-04,6110.451,19.3522,25.38,831.94,0.991062,19.1793,2
2026-03-28 22:00:00,86,2,LB-05,6324.895,27.0146,25.19,832.91,0.991244,26.7781,2
2026-03-28 22:00:00,86,2,LB-06,6102.465,17.8899,25.65,831.52,0.990817,17.7256,1
2026-03-28 22:00:00,86,2,LB-07,6250.907,16.5219,25.5,830.29,0.990923,16.372,1
2026-03-28 22:00:00,86,2,LB-08,6155.022,11.8701,25.63,832.16,0.99085,11.7615,1
2026-03-28 22:00:00,86,2,LB-09,6043.196,14.1173,25.33,831.68,0.991098,13.9917,1
2026-03-28 22:00:00,86,2,LB-10,6136.18,16.9103,25.64,832.59,0.990848,16.7555,1
2026-03-29 06:00:00,87,0,LB-01,6146.197,20.1473,24.42,831.73,0.991882,19.9837,2
2026-03-29 06:00:00,87,0,LB-02,6021.401,27.4999,24.54,832.5,0.991792,27.2742,2
2026-03-29 06:00:00,87,0,LB-03,6070.198,18.241,24.67,832.23,0.991679,18.0892,2
2026-03-29 06:00:00,87,0,LB-04,6149.409,38.9577,24.2,832.26,0.992084,38.6493,3
2026-03-29 06:00:00,87,0,LB-05,6338.973,14.0777,24.05,832.4,0.992218,13.9682,1
2026-03-29 06:00:00,87,0,LB-06,6127.312,24.8473,24.42,831.52,0.99188,24.6456,2
2026-03-29 06:00:00,87,0,LB-07,6271.875,20.968,24.54,831.85,0.991781,20.7956,2
2026-03-29 06:00:00,87,0,LB-08,6176.673,21.6509,24.44,831.54,0.991861,21.4747,2
2026-03-29 06:00:00,87,0,LB-09,6071.121,27.9242,24.23,831.68,0.992048,27.7022,2
2026-03-29 06:00:00,87,0,LB-10,6160.89,24.7105,24.31,831.72,0.991976,24.5122,2
2026-03-29 14:00:00,87,1,LB-01,6184.987,38.7895,32.85,831.74,0.984594,38.1919,3
2026-03-29 14:00:00,87,1,LB-02,6078.837,57.4359,32.76,832.13,0.984685,56.5563,5
2026-03-29 14:00:00,87,1,LB-03,6113.838,43.6405,32.42,831.91,0.984973,42.9847,4
2026-03-29 14:00:00,87,1,LB-04,6166.188,16.7789,32.18,831.63,0.985164,16.53,1
2026-03-29 14:00:00,87,1,LB-05,6369.093,30.1203,32.42,831.53,0.984957,29.6672,2
2026-03-29 14:00:00,87,1,LB-06,6153.172,25.86,32.62,831.62,0.984785,25.4666,2
2026-03-29 14:00:00,87,1,LB-07,6289.316,17.4406,32.36,832.13,0.985032,17.1796,1
2026-03-29 14:00:00,87,1,LB-08,6196.053,19.3805,32.35,831.4,0.985015,19.0901,2
2026-03-29 14:00:00,87,1,LB-09,6089.895,18.7746,32.55,830.99,0.984823,18.4897,2
2026-03-29 14:00:00,87,1,LB-10,6174.816,13.9263,32.2,831.44,0.985141,13.7194,1
2026-03-29 22:00:00,87,2,LB-01,6206.279,21.2923,25.7,833.02,0.990803,21.0965,2
2026-03-29 22:00:00,87,2,LB-02,6106.427,27.5899,25.64,832.85,0.990858,27.3377,2
2026-03-29 22:00:00,87,2,LB-03,6122.216,8.3782,25.15,831.42,0.991248,8.3049,1
2026-03-29 22:00:00,87,2,LB-04,6176.764,10.5756,25.66,832.46,0.990827,10.4786,1
2026-03-29 22:00:00,87,2,LB-05,6399.581,30.4882,25.13,830.87,0.991252,30.2215,3
2026-03-29 22:00:00,87,2,LB-06,6161.973,8.8002,25.32,832.12,0.991112,8.722,1
2026-03-29 22:00:00,87,2,LB-07,6302.333,13.0177,25.86,832.34,0.990658,12.896,1
2026-03-29 22:00:00,87,2,LB-08,6231.724,35.6705,25.45,831.29,0.990985,35.3489,3
2026-03-29 22:00:00,87,2,LB-09,6105.274,15.3788,25.85,831.53,0.990642,15.2349,1
2026-03-29 22:00:00,87,2,LB-10,6182.337,7.5208,25.69,830.58,0.99076,7.4513,1
2026-03-30 06:00:00,88,0,LB-01,6245.877,39.5983,23.02,832.37,0.993105,39.3253,3
2026-03-30 06:00:00,88,0,LB-02,6137.376,30.949,22.8,832.09,0.993288,30.7413,3
2026-03-30 06:00:00,88,0,LB-03,6143.906,21.6897,22.65,832.7,0.993429,21.5471,2
2026-03-30 06:00:00,88,0,LB-04,6207.586,30.8224,22.77,831.96,0.993314,30.6163,3
2026-03-30 06:00:00,88,0,LB-05,6439.627,40.0455,22.43,832.76,0.993614,39.7898,3
2026-03-30 06:00:00,88,0,LB-06,6183.646,21.6737,23.12,831.36,0.993,21.522,2
2026-03-30 06:00:00,88,0,LB-07,6337.446,35.1132,22.42,831.33,0.993609,34.8888,3
2026-03-30 06:00:00,88,0,LB-08,6261.692,29.9685,22.89,832.34,0.993219,29.7652,2
2026-03-30 06:00:00,88,0,LB-09,6120.995,15.7214,22.41,832.58,0.993633,15.6213,1
2026-03-30 06:00:00,88,0,LB-10,6191.25,8.9129,22.73,832.49,0.993355,8.8537,1
2026-03-30 14:00:00,88,1,LB-01,6274.864,28.9869,30.65,831.53,0.986494,28.5954,2
2026-03-30 14:00:00,88,1,LB-02,6174.808,37.4328,30.52,832.87,0.986647,36.933,3
2026-03-30 14:00:00,88,1,LB-03,6198.543,54.6373,30.64,832.37,0.986523,53.9009,4
2026-03-30 14:00:00,88,1,LB-04,6246.554,38.9681,30.28,831.41,0.986805,38.4539,3
2026-03-30 14:00:00,88,1,LB-05,6456.771,17.1441,30.58,831.85,0.986559,16.9137,1
2026-03-30 14:00:00,88,1,LB-06,6209.796,26.1498,30.6,831.58,0.986534,25.7977,2
2026-03-30 14:00:00,88,1,LB-07,6380.234,42.788,30.56,832.69,0.986604,42.2148,4
2026-03-30 14:00:00,88,1,LB-08,6312.502,50.8098,30.58,832.64,0.986584,50.1281,4
2026-03-30 14:00:00,88,1,LB-09,6134.872,13.876,30.48,832.04,0.986654,13.6908,1
2026-03-30 14:00:00,88,1,LB-10,6210.252,19.0016,30.75,832.88,0.986448,18.7441,2
2026-03-30 22:00:00,88,2,LB-01,6285.841,10.9768,26.32,833.65,0.99029,10.8702,1
2026-03-30 22:00:00,88,2,LB-02,6188.971,14.1627,27.07,831.09,0.989577,14.0151,1
2026-03-30 22:00:00,88,2,LB-03,6214.083,15.54,26.34,831.68,0.990221,15.388,1
2026-03-30 22:00:00,88,2,LB-04,6258.956,12.4022,26.69,831.49,0.989919,12.2772,1
2026-03-30 22:00:00,88,2,LB-05,6467.248,10.4776,26.08,832.0,0.990453,10.3776,1
2026-03-30 22:00:00,88,2,LB-06,6225.871,16.0748,26.54,832.32,0.990063,15.9151,1
2026-03-30 22:00:00,88,2,LB-07,6393.293,13.0582,26.81,831.24,0.989809,12.9251,1
2026-03-30 22:00:00,88,2,LB-08,6344.568,32.0664,26.32,832.12,0.990255,31.7539,3
2026-03-30 22:00:00,88,2,LB-09,6154.199,19.3272,26.61,832.1,0.99,19.134,2
2026-03-30 22:00:00,88,2,LB-10,6245.988,35.7364,25.89,832.06,0.990623,35.4013,3
2026-03-31 06:00:00,89,0,LB-01,6301.962,16.1203,24.8,832.9,0.991579,15.9845,1
2026-03-31 06:00:00,89,0,LB-02,6211.477,22.5059,24.31,832.05,0.991983,22.3254,2
2026-03-31 06:00:00,89,0,LB-03,6243.488,29.4045,24.12,831.55,0.992143,29.1735,2
2026-03-31 06:00:00,89,0,LB-04,6297.96,39.004,24.47,831.33,0.991832,38.6854,3
2026-03-31 06:00:00,89,0,LB-05,6483.521,16.2722,24.16,831.4,0.9921,16.1436,1
2026-03-31 06:00:00,89,0,LB-06,6250.799,24.9276,23.98,831.53,0.992265,24.7348,2
2026-03-31 06:00:00,89,0,LB-07,6409.211,15.9184,24.65,832.95,0.991715,15.7865,1
2026-03-31 06:00:00,89,0,LB-08,6387.194,42.6258,24.38,831.25,0.991913,42.2811,4
2026-03-31 06:00:00,89,0,LB-09,6175.379,21.1807,24.28,831.92,0.992007,21.0114,2
2026-03-31 06:00:00,89,0,LB-10,6256.807,10.8185,23.75,833.37,0.992493,10.7373,1
2026-03-31 14:00:00,89,1,LB-01,6324.438,22.4763,31.36,832.48,0.985904,22.1595,2
2026-03-31 14:00:00,89,1,LB-02,6249.05,37.5732,31.01,832.26,0.986205,37.0548,3
2026-03-31 14:00:00,89,1,LB-03,6282.179,38.6916,31.17,830.94,0.986019,38.1506,3
2026-03-31 14:00:00,89,1,LB-04,6345.459,47.4988,31.17,831.63,0.986043,46.8359,4
2026-03-31 14:00:00,89,1,LB-05,6506.584,23.0638,31.04,832.9,0.986195,22.7454,2
2026-03-31 14:00:00,89,1,LB-06,6282.967,32.1686,31.27,831.53,0.985955,31.7168,3
2026-03-31 14:00:00,89,1,LB-07,6420.08,10.8684,31.24,832.17,0.986002,10.7163,1
2026-03-31 14:00:00,89,1,LB-08,6407.348,20.1541,30.87,831.66,0.986307,19.8782,2
2026-03-31 14:00:00,89,1,LB-09,6184.3,8.9207,31.07,832.6,0.986164,8.7972,1
2026-03-31 14:00:00,89,1,LB-10,6285.389,28.582,30.91,832.16,0.986284,28.19,2
2026-03-31 22:00:00,89,2,LB-01,6344.977,20.5389,27.56,833.13,0.989205,20.3172,2
2026-03-31 22:00:00,89,2,LB-02,6256.915,7.8647,27.42,830.89,0.98927,7.7803,1
2026-03-31 22:00:00,89,2,LB-03,6290.643,8.4635,26.79,832.49,0.989852,8.3776,1
2026-03-31 22:00:00,89,2,LB-04,6364.017,18.5574,27.62,832.0,0.989129,18.3557,2
2026-03-31 22:00:00,89,2,LB-05,6525.904,19.3191,27.43,832.08,0.989293,19.1123,2
2026-03-31 22:00:00,89,2,LB-06,6306.462,23.4944,27.32,832.92,0.98941,23.2456,2
2026-03-31 22:00:00,89,2,LB-07,6447.414,27.334,27.26,832.59,0.989451,27.0457,2
2026-03-31 22:00:00,89,2,LB-08,6425.674,18.3259,27.51,832.45,0.98923,18.1285,2
2026-03-31 22:00:00,89,2,LB-09,6196.573,12.2727,27.53,832.51,0.989219,12.1404,1
2026-03-31 22:00:00,89,2,LB-10,6298.153,12.7645,27.57,832.02,0.989167,12.6262,1
2026-04-01 06:00:00,90,0,LB-01,6360.553,15.5762,23.83,832.45,0.992407,15.458,1
2026-04-01 06:00:00,90,0,LB-02,6281.096,24.1811,23.85,831.41,0.992374,23.9967,2
2026-04-01 06:00:00,90,0,LB-03,6317.528,26.8852,23.28,832.04,0.992874,26.6936,2
2026-04-01 06:00:00,90,0,LB-04,6418.617,54.6007,23.44,831.98,0.992735,54.204,5
2026-04-01 06:00:00,90,0,LB-05,6541.553,15.6497,23.74,832.33,0.992485,15.5321,1
2026-04-01 06:00:00,90,0,LB-06,6327.036,20.5742,23.58,831.98,0.992615,20.4223,2
2026-04-01 06:00:00,90,0,LB-07,6479.695,32.2814,23.71,832.25,0.992507,32.0395,3
2026-04-01 06:00:00,90,0,LB-08,6452.582,26.908,24.06,832.21,0.992207,26.6983,2
2026-04-01 06:00:00,90,0,LB-09,6218.313,21.7399,23.44,832.2,0.992738,21.5821,2
2026-04-01 06:00:00,90,0,LB-10,6316.647,18.4935,23.73,831.89,0.992486,18.3545,2
2026-04-01 14:00:00,90,1,LB-01,6412.433,51.8795,31.54,832.76,0.98576,51.1407,4
2026-04-01 14:00:00,90,1,LB-02,6308.922,27.8264,31.34,831.78,0.985904,27.4341,2
2026-04-01 14:00:00,90,1,LB-03,6353.034,35.506,31.45,832.59,0.985833,35.003,3
2026-04-01 14:00:00,90,1,LB-04,6466.775,48.1576,31.1,832.25,0.98612,47.4891,4
2026-04-01 14:00:00,90,1,LB-05,6565.397,23.8438,31.58,832.22,0.98571,23.5031,2
2026-04-01 14:00:00,90,1,LB-06,6335.424,8.3887,31.35,832.48,0.985912,8.2705,1
2026-04-01 14:00:00,90,1,LB-07,6506.908,27.2134,30.69,832.47,0.986487,26.8456,2
2026-04-01 14:00:00,90,1,LB-08,6475.25,22.6676,31.54,832.64,0.985758,22.3447,2
2026-04-01 14:00:00,90,1,LB-09,6240.293,21.9805,30.94,831.82,0.986249,21.6782,2
2026-04-01 14:00:00,90,1,LB-10,6358.858,42.2112,31.19,832.07,0.986045,41.6221,3
2026-04-01 22:00:00,90,2,LB-01,6430.299,17.8666,26.69,831.62,0.989921,17.6865,1
2026-04-01 22:00:00,90,2,LB-02,6324.421,15.499,26.19,831.35,0.990343,15.3493,1
2026-04-01 22:00:00,90,2,LB-03,6358.861,5.8272,26.6,831.69,0.989998,5.7689,0
2026-04-01 22:00:00,90,2,LB-04,6477.208,10.4335,26.63,831.56,0.989972,10.3289,1
2026-04-01 22:00:00,90,2,LB-05,6588.826,23.429,26.04,832.48,0.9905,23.2064,2
2026-04-01 22:00:00,90,2,LB-06,6345.673,10.2487,26.31,832.23,0.990267,10.1489,1
2026-04-01 22:00:00,90,2,LB-07,6523.513,16.6047,26.19,831.91,0.990362,16.4446,1
2026-04-01 22:00:00,90,2,LB-08,6487.288,12.0385,26.71,832.17,0.98992,11.9172,1
2026-04-01 22:00:00,90,2,LB-09,6248.648,8.3546,26.54,832.3,0.990064,8.2716,1
2026-04-01 22:00:00,90,2,LB-10,6375.348,16.4903,25.9,832.54,0.990622,16.3356,1
2026-04-02 06:00:00,91,0,LB-01,6447.819,17.5203,25.24,831.23,0.991164,17.3655,1
2026-04-02 06:00:00,91,0,LB-02,6347.723,23.3012,25.51,831.28,0.990931,23.0899,2
2026-04-02 06:00:00,91,0,LB-03,6371.725,12.8641,25.41,833.27,0.991063,12.7491,1
2026-04-02 06:00:00,91,0,LB-04,6490.245,13.037,25.6,831.61,0.990867,12.9179,1
2026-04-02 06:00:00,91,0,LB-05,6601.233,12.407,25.47,832.26,0.990986,12.2952,1
2026-04-02 06:00:00,91,0,LB-06,6385.621,39.9479,25.56,832.37,0.990913,39.5849,3
2026-04-02 06:00:00,91,0,LB-07,6555.156,31.6428,25.42,831.28,0.991012,31.3584,3
2026-04-02 06:00:00,91,0,LB-08,6507.568,20.2795,25.48,832.25,0.990977,20.0965,2
2026-04-02 06:00:00,91,0,LB-09,6273.041,24.3934,25.86,832.29,0.990655,24.1655,2
2026-04-02 06:00:00,91,0,LB-10,6394.022,18.674,25.33,832.3,0.991113,18.508,2
2026-04-02 14:00:00,91,1,LB-01,6476.745,28.9251,29.67,831.12,0.987324,28.5585,2
2026-04-02 14:00:00,91,1,LB-02,6388.844,41.1215,29.98,831.16,0.987061,40.5894,3
2026-04-02 14:00:00,91,1,LB-03,6387.759,16.0337,29.96,832.71,0.987124,15.8272,1
2026-04-02 14:00:00,91,1,LB-04,6527.971,37.7254,30.02,831.24,0.98703,37.2361,3
2026-04-02 14:00:00,91,1,LB-05,6636.875,35.6421,30.07,832.26,0.987014,35.1793,3
2026-04-02 14:00:00,91,1,LB-06,6409.479,23.8579,29.67,831.35,0.987336,23.5558,2
2026-04-02 14:00:00,91,1,LB-07,6596.559,41.4037,29.87,830.85,0.987148,40.8715,3
2026-04-02 14:00:00,91,1,LB-08,6555.675,48.1067,29.51,831.71,0.987483,47.5046,4
2026-04-02 14:00:00,91,1,LB-09,6291.924,18.8823,30.21,832.05,0.986888,18.6347,2
2026-04-02 14:00:00,91,1,LB-10,6406.571,12.5486,30.11,832.19,0.986982,12.3852,1
2026-04-02 22:00:00,91,2,LB-01,6493.778,17.0331,26.11,832.51,0.990445,16.8703,1
2026-04-02 22:00:00,91,2,LB-02,6401.198,12.354,26.81,831.39,0.989808,12.228,1
2026-04-02 22:00:00,91,2,LB-03,6413.028,25.269,26.09,832.23,0.990457,25.0278,2
2026-04-02 22:00:00,91,2,LB-04,6549.379,21.4082,26.62,832.24,0.989997,21.194,2
2026-04-02 22:00:00,91,2,LB-05,6658.595,21.7197,26.6,832.23,0.990011,21.5027,2
2026-04-02 22:00:00,91,2,LB-06,6431.065,21.5863,26.39,832.9,0.990208,21.3749,2
2026-04-02 22:00:00,91,2,LB-07,6610.028,13.4681,26.45,833.19,0.990163,13.3356,1
2026-04-02 22:00:00,91,2,LB-08,6567.109,11.4344,26.48,831.89,0.990111,11.3214,1
2026-04-02 22:00:00,91,2,LB-09,6312.009,20.0852,26.28,832.88,0.990302,19.8904,2
2026-04-02 22:00:00,91,2,LB-10,6416.049,9.4779,26.43,832.38,0.990164,9.3846,1
2026-04-03 06:00:00,92,0,LB-01,6509.861,16.0832,24.29,832.71,0.992016,15.9548,1
2026-04-03 06:00:00,92,0,LB-02,6436.09,34.8919,24.09,832.15,0.992178,34.619,3
2026-04-03 06:00:00,92,0,LB-03,6440.602,27.5741,23.8,831.82,0.992422,27.3651,2
2026-04-03 06:00:00,92,0,LB-04,6568.576,19.1973,23.94,832.38,0.992313,19.0497,2
2026-04-03 06:00:00,92,0,LB-05,6685.324,26.7292,24.1,832.51,0.992175,26.52,2
2026-04-03 06:00:00,92,0,LB-06,6461.669,30.6041,24.42,831.58,0.991879,30.3556,3
2026-04-03 06:00:00,92,0,LB-07,6629.579,19.5515,23.61,831.17,0.992577,19.4063,2
2026-04-03 06:00:00,92,0,LB-08,6606.49,39.3807,24.68,831.13,0.991647,39.0517,3
2026-04-03 06:00:00,92,0,LB-09,6334.446,22.4377,24.61,832.79,0.991743,22.2524,2
2026-04-03 06:00:00,92,0,LB-10,6420.411,4.3629,23.95,831.84,0.992293,4.3292,0
2026-04-03 14:00:00,92,1,LB-01,6542.887,33.0263,31.72,831.96,0.985574,32.5498,3
2026-04-03 14:00:00,92,1,LB-02,6477.118,41.0276,31.26,831.83,0.985976,40.4522,3
2026-04-03 14:00:00,92,1,LB-03,6456.361,15.7588,31.63,832.04,0.985659,15.5328,1
2026-04-03 14:00:00,92,1,LB-04,6598.036,29.4593,31.21,831.93,0.986018,29.0474,2
2026-04-03 14:00:00,92,1,LB-05,6706.536,21.2119,31.71,831.46,0.985571,20.9059,2
2026-04-03 14:00:00,92,1,LB-06,6489.577,27.9076,31.39,830.64,0.985821,27.5119,2
2026-04-03 14:00:00,92,1,LB-07,6647.525,17.9457,31.25,833.06,0.986026,17.6949,1
2026-04-03 14:00:00,92,1,LB-08,6638.715,32.2257,32.09,832.49,0.98528,31.7513,3
2026-04-03 14:00:00,92,1,LB-09,6353.961,19.5148,32.11,832.06,0.985245,19.2269,2
2026-04-03 14:00:00,92,1,LB-10,6445.788,25.3766,31.57,832.29,0.985721,25.0143,2
2026-04-03 22:00:00,92,2,LB-01,6550.047,7.1597,26.46,831.75,0.990124,7.089,1
2026-04-03 22:00:00,92,2,LB-02,6502.983,25.8653,25.75,831.53,0.990731,25.6255,2
2026-04-03 22:00:00,92,2,LB-03,6470.357,13.9962,25.98,831.17,0.990523,13.8636,1
2026-04-03 22:00:00,92,2,LB-04,6606.63,8.594,25.98,831.53,0.990532,8.5126,1
2026-04-03 22:00:00,92,2,LB-05,6731.87,25.3334,25.71,831.8,0.990775,25.0997,2
2026-04-03 22:00:00,92,2,LB-06,6499.264,9.6873,26.02,831.13,0.990488,9.5951,1
2026-04-03 22:00:00,92,2,LB-07,6663.351,15.8266,25.61,831.44,0.990849,15.6817,1
2026-04-03 22:00:00,92,2,LB-08,6651.994,13.2784,26.01,831.68,0.990508,13.1524,1
2026-04-03 22:00:00,92,2,LB-09,6374.649,20.6879,26.24,833.17,0.990345,20.4882,2
2026-04-03 22:00:00,92,2,LB-10,6468.246,22.4575,26.0,831.38,0.990516,22.2445,2
2026-04-04 06:00:00,93,0,LB-01,6572.302,22.2549,23.43,832.97,0.992763,22.0938,2
2026-04-04 06:00:00,93,0,LB-02,6522.948,19.9649,23.74,831.58,0.99247,19.8145,2
2026-04-04 06:00:00,93,0,LB-03,6482.414,12.0574,23.46,831.84,0.992716,11.9695,1
2026-04-04 06:00:00,93,0,LB-04,6622.895,16.2651,23.69,831.77,0.992512,16.1433,1
2026-04-04 06:00:00,93,0,LB-05,6751.72,19.8506,23.69,832.09,0.992521,19.7021,2
2026-04-04 06:00:00,93,0,LB-06,6526.014,26.7499,23.99,831.74,0.992253,26.5426,2
2026-04-04 06:00:00,93,0,LB-07,6691.655,28.3037,23.85,831.28,0.992366,28.0877,2
2026-04-04 06:00:00,93,0,LB-08,6660.65,8.6556,23.91,832.4,0.992337,8.5893,1
2026-04-04 06:00:00,93,0,LB-09,6395.476,20.8269,24.18,831.5,0.992092,20.6622,2
2026-04-04 06:00:00,93,0,LB-10,6485.461,17.2154,23.8,831.95,0.992425,17.085,1
2026-04-04 14:00:00,93,1,LB-01,6612.586,40.2839,30.12,832.26,0.986976,39.7593,3
2026-04-04 14:00:00,93,1,LB-02,6548.23,25.2825,30.22,831.33,0.986854,24.9501,2
2026-04-04 14:00:00,93,1,LB-03,6520.795,38.3802,29.94,833.05,0.987154,37.8871,3
2026-04-04 14:00:00,93,1,LB-04,6643.98,21.0851,29.99,831.38,0.987056,20.8121,2
2026-04-04 14:00:00,93,1,LB-05,6780.17,28.4495,29.9,831.54,0.987138,28.0836,2
2026-04-04 14:00:00,93,1,LB-06,6551.603,25.5884,30.14,831.3,0.986925,25.2538,2
2026-04-04 14:00:00,93,1,LB-07,6716.022,24.3668,29.95,831.45,0.98709,24.0523,2
2026-04-04 14:00:00,93,1,LB-08,6694.78,34.1308,29.94,832.75,0.987144,33.692,3
2026-04-04 14:00:00,93,1,LB-09,6422.243,26.767,30.23,832.28,0.986878,26.4157,2
2026-04-04 14:00:00,93,1,LB-10,6525.491,40.0297,29.66,832.33,0.987369,39.5241,3
2026-04-04 22:00:00,93,2,LB-01,6638.341,25.755,26.13,832.74,0.990428,25.5084,2
2026-04-04 22:00:00,93,2,LB-02,6567.224,18.9936,26.19,832.84,0.990377,18.8109,2
2026-04-04 22:00:00,93,2,LB-03,6535.577,14.7828,25.96,832.3,0.990568,14.6434,1
2026-04-04 22:00:00,93,2,LB-04,6658.42,14.4406,25.88,831.81,0.990625,14.3053,1
2026-04-04 22:00:00,93,2,LB-05,6788.969,8.7996,25.45,831.63,0.990992,8.7203,1
2026-04-04 22:00:00,93,2,LB-06,6584.651,33.0485,26.27,832.65,0.99031,32.7282,3
2026-04-04 22:00:00,93,2,LB-07,6736.168,20.1459,25.88,830.96,0.990607,19.9566,2
2026-04-04 22:00:00,93,2,LB-08,6708.084,13.3038,26.12,832.62,0.990441,13.1767,1
2026-04-04 22:00:00,93,2,LB-09,6438.144,15.9012,26.2,831.94,0.990348,15.7478,1
2026-04-04 22:00:00,93,2,LB-10,6535.105,9.6143,25.83,831.61,0.990666,9.5245,1
2026-04-05 06:00:00,94,0,LB-01,6663.706,25.3658,24.85,832.93,0.991538,25.1512,2
2026-04-05 06:00:00,94,0,LB-02,6589.471,22.2475,25.14,833.86,0.991309,22.0542,2
2026-04-05 06:00:00,94,0,LB-03,6557.801,22.2233,24.56,831.3,0.991758,22.0402,2
2026-04-05 06:00:00,94,0,LB-04,6671.133,12.7125,24.48,832.59,0.991851,12.6089,1
2026-04-05 06:00:00,94,0,LB-05,6794.427,5.4579,24.43,831.99,0.991882,5.4136,0
2026-04-05 06:00:00,94,0,LB-06,6631.4,46.7487,24.49,832.03,0.991827,46.3666,4
2026-04-05 06:00:00,94,0,LB-07,6757.696,21.5283,24.3,831.94,0.991988,21.3558,2
2026-04-05 06:00:00,94,0,LB-08,6724.212,16.1274,25.45,831.84,0.991,15.9822,1
2026-04-05 06:00:00,94,0,LB-09,6462.572,24.4277,24.72,832.51,0.991638,24.2234,2
2026-04-05 06:00:00,94,0,LB-10,6553.218,18.1132,24.84,831.47,0.991518,17.9596,1
2026-04-05 14:00:00,94,1,LB-01,6695.875,32.1689,32.62,832.36,0.98481,31.6803,3
2026-04-05 14:00:00,94,1,LB-02,6608.573,19.1012,32.57,831.99,0.984839,18.8116,2
2026-04-05 14:00:00,94,1,LB-03,6585.192,27.3909,32.49,832.71,0.984941,26.9784,2
2026-04-05 14:00:00,94,1,LB-04,6689.113,17.9806,32.78,830.96,0.984619,17.7041,1
2026-04-05 14:00:00,94,1,LB-05,6812.367,17.9401,32.33,831.8,0.985047,17.6719,1
2026-04-05 14:00:00,94,1,LB-06,6654.036,22.6366,32.4,831.94,0.984991,22.2969,2
2026-04-05 14:00:00,94,1,LB-07,6791.407,33.7106,32.39,831.05,0.984964,33.2037,3
2026-04-05 14:00:00,94,1,LB-08,6764.337,40.1257,32.46,832.38,0.984949,39.5218,3
2026-04-05 14:00:00,94,1,LB-09,6476.65,14.0782,32.79,832.71,0.984676,13.8625,1
2026-04-05 14:00:00,94,1,LB-10,6585.334,32.1154,32.22,832.26,0.985157,31.6388,3
2026-04-05 22:00:00,94,2,LB-01,6709.347,13.4722,26.4,833.16,0.990208,13.3402,1
2026-04-05 22:00:00,94,2,LB-02,6617.932,9.3595,27.38,832.02,0.989335,9.2597,1
2026-04-05 22:00:00,94,2,LB-03,6604.029,18.8369,27.1,831.92,0.989575,18.6405,2
2026-04-05 22:00:00,94,2,LB-04,6698.797,9.6839,26.51,830.91,0.990063,9.5877,1
2026-04-05 22:00:00,94,2,LB-05,6827.951,15.5837,26.85,832.65,0.989804,15.4248,1
2026-04-05 22:00:00,94,2,LB-06,6671.094,17.0582,26.67,831.94,0.989946,16.8867,1
2026-04-05 22:00:00,94,2,LB-07,6803.794,12.3876,27.02,832.29,0.989652,12.2595,1
2026-04-05 22:00:00,94,2,LB-08,6785.819,21.4818,27.02,829.98,0.989591,21.2582,2
2026-04-05 22:00:00,94,2,LB-09,6481.094,4.4443,26.88,832.3,0.989771,4.3988,0
2026-04-05 22:00:00,94,2,LB-10,6598.107,12.7736,27.02,832.4,0.989656,12.6414,1
2026-04-06 06:00:00,95,0,LB-01,6736.912,27.5647,22.75,831.44,0.993318,27.3805,2
2026-04-06 06:00:00,95,0,LB-02,6644.762,26.83,22.83,831.99,0.993259,26.6492,2
2026-04-06 06:00:00,95,0,LB-03,6652.394,48.3658,23.18,831.81,0.992953,48.025,4
2026-04-06 06:00:00,95,0,LB-04,6718.15,19.3531,23.13,832.16,0.993008,19.2178,2
2026-04-06 06:00:00,95,0,LB-05,6854.338,26.3872,23.14,830.65,0.992972,26.2017,2
2026-04-06 06:00:00,95,0,LB-06,6708.238,37.1437,22.97,832.47,0.993149,36.8892,3
2026-04-06 06:00:00,95,0,LB-07,6835.805,32.0107,23.11,831.45,0.993014,31.7871,3
2026-04-06 06:00:00,95,0,LB-08,6798.202,12.383,22.77,832.05,0.993314,12.3002,1
2026-04-06 06:00:00,95,0,LB-09,6495.159,14.065,23.01,832.18,0.993112,13.9681,1
2026-04-06 06:00:00,95,0,LB-10,6620.159,22.0516,22.45,832.15,0.993591,21.9102,2
2026-04-06 14:00:00,95,1,LB-01,6763.73,26.8179,30.95,831.91,0.986246,26.449,2
2026-04-06 14:00:00,95,1,LB-02,6662.656,17.8934,30.81,831.62,0.986352,17.6492,1
2026-04-06 14:00:00,95,1,LB-03,6703.494,51.0993,31.21,831.01,0.985986,50.3832,4
2026-04-06 14:00:00,95,1,LB-04,6757.745,39.5941,31.25,831.68,0.985973,39.0387,3
2026-04-06 14:00:00,95,1,LB-05,6880.614,26.276,30.72,831.94,0.986439,25.9196,2
2026-04-06 14:00:00,95,1,LB-06,6731.313,23.0753,31.42,831.4,0.985822,22.7481,2
2026-04-06 14:00:00,95,1,LB-07,6863.084,27.2791,31.33,831.92,0.985914,26.8949,2
2026-04-06 14:00:00,95,1,LB-08,6834.074,35.8723,31.4,831.93,0.985853,35.3648,3
2026-04-06 14:00:00,95,1,LB-09,6537.117,41.9578,31.39,833.63,0.985924,41.3672,3
2026-04-06 14:00:00,95,1,LB-10,6645.734,25.5753,31.69,832.31,0.985619,25.2075,2
2026-04-06 22:00:00,95,2,LB-01,6773.064,9.3339,27.43,831.76,0.989283,9.2339,1
2026-04-06 22:00:00,95,2,LB-02,6675.881,13.2259,27.58,831.84,0.989155,13.0824,1
2026-04-06 22:00:00,95,2,LB-03,6742.04,38.5462,27.16,831.63,0.989516,38.1421,3
2026-04-06 22:00:00,95,2,LB-04,6777.393,19.6485,27.34,832.04,0.989371,19.4396,2
2026-04-06 22:00:00,95,2,LB-05,6894.856,14.242,27.2,831.32,0.989468,14.092,1
2026-04-06 22:00:00,95,2,LB-06,6769.681,38.3676,27.48,831.54,0.989234,37.9545,3
2026-04-06 22:00:00,95,2,LB-07,6871.484,8.3997,27.21,832.8,0.989501,8.3115,1
2026-04-06 22:00:00,95,2,LB-08,6853.363,19.2885,27.07,832.17,0.989606,19.088,2
2026-04-06 22:00:00,95,2,LB-09,6561.286,24.1688,27.51,831.23,0.989205,23.9079,2
2026-04-06 22:00:00,95,2,LB-10,6657.533,11.7987,27.52,832.29,0.98922,11.6715,1
2026-04-07 06:00:00,96,0,LB-01,6802.048,28.9842,24.97,831.06,0.991399,28.7349,2
2026-04-07 06:00:00,96,0,LB-02,6705.317,29.4355,24.74,832.0,0.991617,29.1888,2
2026-04-07 06:00:00,96,0,LB-03,6777.958,35.918,24.42,831.94,0.991893,35.6268,3
2026-04-07 06:00:00,96,0,LB-04,6808.488,31.0952,25.27,831.5,0.991148,30.8199,3
2026-04-07 06:00:00,96,0,LB-05,6910.832,15.9762,24.64,831.74,0.991695,15.8435,1
2026-04-07 06:00:00,96,0,LB-06,6786.465,16.784,25.22,831.91,0.9912,16.6363,1
2026-04-07 06:00:00,96,0,LB-07,6888.743,17.2588,24.45,832.29,0.991867,17.1184,1
2026-04-07 06:00:00,96,0,LB-08,6869.217,15.854,25.14,831.6,0.991263,15.7155,1
2026-04-07 06:00:00,96,0,LB-09,6589.916,28.6295,24.64,831.44,0.991693,28.3916,2
2026-04-07 06:00:00,96,0,LB-10,6669.551,12.0182,24.77,832.89,0.991603,11.9172,1
2026-04-07 14:00:00,96,1,LB-01,6843.342,41.2937,30.55,831.49,0.986572,40.7392,3
2026-04-07 14:00:00,96,1,LB-02,6743.372,38.055,30.33,831.69,0.986777,37.5518,3
2026-04-07 14:00:00,96,1,LB-03,6818.256,40.2985,30.66,831.45,0.986478,39.7536,3
2026-04-07 14:00:00,96,1,LB-04,6830.841,22.3527,30.65,832.03,0.986509,22.0511,2
2026-04-07 14:00:00,96,1,LB-05,6950.982,40.1496,30.35,832.15,0.986772,39.6185,3
2026-04-07 14:00:00,96,1,LB-06,6810.207,23.7421,30.61,833.07,0.986575,23.4234,2
2026-04-07 14:00:00,96,1,LB-07,6911.555,22.812,30.85,832.24,0.986341,22.5004,2
2026-04-07 14:00:00,96,1,LB-08,6900.912,31.6948,30.38,832.27,0.986744,31.2747,3
2026-04-07 14:00:00,96,1,LB-09,6612.021,22.1054,30.51,831.15,0.986598,21.8091,2
2026-04-07 14:00:00,96,1,LB-10,6705.981,36.4298,30.11,832.54,0.986992,35.9559,3
2026-04-07 22:00:00,96,2,LB-01,6856.678,13.3361,28.04,832.44,0.988776,13.1864,1
2026-04-07 22:00:00,96,2,LB-02,6767.968,24.5959,27.83,832.54,0.98896,24.3243,2
2026-04-07 22:00:00,96,2,LB-03,6828.803,10.5469,27.8,832.86,0.988991,10.4308,1
2026-04-07 22:00:00,96,2,LB-04,6844.018,13.1772,27.58,832.53,0.989175,13.0346,1
2026-04-07 22:00:00,96,2,LB-05,6966.879,15.8973,27.98,831.29,0.988799,15.7192,1
2026-04-07 22:00:00,96,2,LB-06,6844.356,34.1486,27.71,831.71,0.989037,33.7742,3
2026-04-07 22:00:00,96,2,LB-07,6936.119,24.5643,27.53,831.2,0.989179,24.2985,2
2026-04-07 22:00:00,96,2,LB-08,6913.646,12.7346,28.44,831.74,0.988412,12.5871,1
2026-04-07 22:00:00,96,2,LB-09,6627.627,15.6055,28.02,831.12,0.988755,15.4301,1
2026-04-07 22:00:00,96,2,LB-10,6716.076,10.0956,27.34,831.57,0.989358,9.9882,1
2026-04-08 06:00:00,97,0,LB-01,6901.434,44.7561,26.56,831.9,0.990036,44.3101,4
2026-04-08 06:00:00,97,0,LB-02,6790.797,22.8294,26.41,831.53,0.990164,22.6049,2
2026-04-08 06:00:00,97,0,LB-03,6847.709,18.9055,26.1,831.46,0.990425,18.7245,2
2026-04-08 06:00:00,97,0,LB-04,6874.545,30.5264,26.6,831.89,0.990001,30.2212,3
2026-04-08 06:00:00,97,0,LB-05,7001.156,34.2763,26.46,831.46,0.990115,33.9375,3
2026-04-08 06:00:00,97,0,LB-06,6857.079,12.7235,26.4,832.34,0.990189,12.5987,1
2026-04-08 06:00:00,97,0,LB-07,6962.847,26.7279,26.29,831.99,0.990274,26.4679,2
2026-04-08 06:00:00,97,0,LB-08,6931.698,18.0515,26.23,832.16,0.990335,17.8771,1
2026-04-08 06:00:00,97,0,LB-09,6649.63,22.0032,26.38,832.29,0.990204,21.7877,2
2026-04-08 06:00:00,97,0,LB-10,6743.893,27.8172,26.36,832.29,0.990218,27.545,2
2026-04-08 14:00:00,97,1,LB-01,6945.446,44.0123,33.03,832.1,0.98445,43.328,4
2026-04-08 14:00:00,97,1,LB-02,6827.575,36.7781,33.45,832.01,0.984077,36.1925,3
2026-04-08 14:00:00,97,1,LB-03,6870.311,22.6027,33.26,833.27,0.984294,22.2477,2
2026-04-08 14:00:00,97,1,LB-04,6902.383,27.838,33.58,833.59,0.984027,27.3933,2
2026-04-08 14:00:00,97,1,LB-05,7021.271,20.1151,32.87,832.27,0.984597,19.8053,2
2026-04-08 14:00:00,97,1,LB-06,6882.984,25.905,32.41,831.44,0.984957,25.5153,2
2026-04-08 14:00:00,97,1,LB-07,6992.724,29.8773,32.64,831.99,0.98478,29.4225,2
2026-04-08 14:00:00,97,1,LB-08,6951.836,20.1385,33.21,832.4,0.984303,19.8223,2
2026-04-08 14:00:00,97,1,LB-09,6696.698,47.0681,33.05,831.49,0.984406,46.3342,4
2026-04-08 14:00:00,97,1,LB-10,6758.914,15.021,33.05,831.23,0.984398,14.7866,1
2026-04-08 22:00:00,97,2,LB-01,6960.489,15.0429,26.47,831.98,0.990122,14.8943,1
2026-04-08 22:00:00,97,2,LB-02,6846.236,18.6611,26.35,831.95,0.990226,18.4787,2
2026-04-08 22:00:00,97,2,LB-03,6882.56,12.2482,25.57,832.21,0.9909,12.1368,1
2026-04-08 22:00:00,97,2,LB-04,6914.125,11.7421,25.6,832.55,0.990882,11.635,1
2026-04-08 22:00:00,97,2,LB-05,7050.707,29.4362,25.87,832.29,0.990647,29.1609,2
2026-04-08 22:00:00,97,2,LB-06,6912.726,29.7414,26.31,832.52,0.990269,29.452,2
2026-04-08 22:00:00,97,2,LB-07,7002.359,9.6348,26.63,832.64,0.990001,9.5384,1
2026-04-08 22:00:00,97,2,LB-08,6962.189,10.3529,26.32,832.09,0.990247,10.2519,1
2026-04-08 22:00:00,97,2,LB-09,6713.578,16.8798,26.65,831.53,0.989954,16.7102,1
2026-04-08 22:00:00,97,2,LB-10,6771.022,12.1075,26.2,831.89,0.990351,11.9907,1
2026-04-09 06:00:00,98,0,LB-01,6968.709,8.2197,26.17,831.57,0.990369,8.1405,1
2026-04-09 06:00:00,98,0,LB-02,6870.213,23.9767,26.19,831.16,0.99034,23.7451,2
2026-04-09 06:00:00,98,0,LB-03,6910.192,27.6326,26.16,832.96,0.99041,27.3676,2
2026-04-09 06:00:00,98,0,LB-04,6928.643,14.5185,26.36,831.44,0.990203,14.3763,1
2026-04-09 06:00:00,98,0,LB-05,7102.739,52.0317,25.88,832.43,0.99064,51.5447,4
2026-04-09 06:00:00,98,0,LB-06,6924.667,11.9411,26.5,832.12,0.990096,11.8228,1
2026-04-09 06:00:00,98,0,LB-07,7019.07,16.7112,26.44,832.6,0.990164,16.5468,1
2026-04-09 06:00:00,98,0,LB-08,6999.175,36.986,26.17,832.85,0.990402,36.6311,3
2026-04-09 06:00:00,98,0,LB-09,6732.293,18.7154,26.23,832.1,0.990331,18.5344,2
2026-04-09 06:00:00,98,0,LB-10,6773.651,2.6292,26.51,832.04,0.990084,2.6031,0
2026-04-09 14:00:00,98,1,LB-01,7010.526,41.817,30.83,830.83,0.986315,41.2447,3
2026-04-09 14:00:00,98,1,LB-02,6912.277,42.0643,30.49,832.34,0.986651,41.5028,3
2026-04-09 14:00:00,98,1,LB-03,6944.967,34.7744,30.67,831.61,0.986477,34.3042,3
2026-04-09 14:00:00,98,1,LB-04,6936.136,7.4925,30.55,832.08,0.986593,7.392,1
2026-04-09 14:00:00,98,1,LB-05,7126.623,23.8846,30.97,831.65,0.986217,23.5554,2
2026-04-09 14:00:00,98,1,LB-06,6956.395,31.7283,30.5,832.75,0.986659,31.305,3
2026-04-09 14:00:00,98,1,LB-07,7054.857,35.7872,30.45,831.82,0.986676,35.3104,3
2026-04-09 14:00:00,98,1,LB-08,7059.336,60.1611,30.42,832.32,0.986715,59.3618,5
2026-04-09 14:00:00,98,1,LB-09,6740.802,8.509,30.14,831.49,0.986929,8.3978,1
2026-04-09 14:00:00,98,1,LB-10,6833.364,59.7133,31.25,830.84,0.985946,58.874,5
2026-04-09 22:00:00,98,2,LB-01,7026.564,16.0382,26.49,832.21,0.990104,15.8795,1
2026-04-09 22:00:00,98,2,LB-02,6928.81,16.5329,27.2,831.27,0.989469,16.3588,1
2026-04-09 22:00:00,98,2,LB-03,6957.777,12.8107,26.69,832.37,0.989942,12.6819,1
2026-04-09 22:00:00,98,2,LB-04,6950.013,13.8771,26.59,832.2,0.990022,13.7386,1
2026-04-09 22:00:00,98,2,LB-05,7145.959,19.3358,26.69,831.91,0.989932,19.1411,2
2026-04-09 22:00:00,98,2,LB-06,6975.728,19.3328,27.15,831.75,0.989524,19.1303,2
2026-04-09 22:00:00,98,2,LB-07,7063.932,9.0747,27.05,831.27,0.989604,8.9804,1
2026-04-09 22:00:00,98,2,LB-08,7080.113,20.7767,26.34,832.33,0.990237,20.5739,2
2026-04-09 22:00:00,98,2,LB-09,6769.264,28.4618,26.86,831.21,0.989761,28.1704,2
2026-04-09 22:00:00,98,2,LB-10,6843.689,10.3248,26.4,832.36,0.990192,10.2236,1
2026-04-10 06:00:00,99,0,LB-01,7056.377,29.813,24.29,831.58,0.991991,29.5742,2
2026-04-10 06:00:00,99,0,LB-02,6950.059,21.2492,24.71,831.99,0.991642,21.0716,2
2026-04-10 06:00:00,99,0,LB-03,6966.968,9.1904,24.65,831.72,0.991689,9.114,1
2026-04-10 06:00:00,99,0,LB-04,6980.252,30.2393,24.17,832.19,0.992112,30.0008,3
2026-04-10 06:00:00,99,0,LB-05,7186.133,40.1737,24.53,832.52,0.991802,39.8444,3
2026-04-10 06:00:00,99,0,LB-06,6990.819,15.0912,24.73,830.89,0.991604,14.9645,1
2026-04-10 06:00:00,99,0,LB-07,7085.44,21.5076,24.42,831.79,0.991883,21.333,2
2026-04-10 06:00:00,99,0,LB-08,7102.729,22.6156,24.78,832.44,0.991584,22.4253,2
2026-04-10 06:00:00,99,0,LB-09,6810.478,41.2138,24.44,832.03,0.991872,40.8788,3
2026-04-10 06:00:00,99,0,LB-10,6868.702,25.0129,25.09,832.86,0.991331,24.796,2
2026-04-10 14:00:00,99,1,LB-01,7091.723,35.3459,32.8,831.71,0.984633,34.8027,3
2026-04-10 14:00:00,99,1,LB-02,6973.594,23.5347,33.16,833.44,0.984388,23.1672,2
2026-04-10 14:00:00,99,1,LB-03,6999.344,32.3764,33.11,831.09,0.984343,31.8695,3
2026-04-10 14:00:00,99,1,LB-04,7003.266,23.0144,33.11,831.23,0.98435,22.6542,2
2026-04-10 14:00:00,99,1,LB-05,7222.094,35.9618,32.76,832.07,0.984678,35.4108,3
2026-04-10 14:00:00,99,1,LB-06,7040.476,49.6574,32.95,831.26,0.984484,48.8869,4
2026-04-10 14:00:00,99,1,LB-07,7116.431,30.9916,32.81,831.51,0.984621,30.515,3
2026-04-10 14:00:00,99,1,LB-08,7123.783,21.0546,33.26,832.06,0.98425,20.723,2
2026-04-10 14:00:00,99,1,LB-09,6847.499,37.021,32.76,832.53,0.984694,36.4544,3
2026-04-10 14:00:00,99,1,LB-10,6887.469,18.7666,33.25,832.69,0.984278,18.4715,2
2026-04-10 22:00:00,99,2,LB-01,7108.846,17.1229,27.6,832.28,0.989149,16.9371,1
2026-04-10 22:00:00,99,2,LB-02,6995.107,21.5132,28.0,832.85,0.988825,21.2728,2
2026-04-10 22:00:00,99,2,LB-03,7026.159,26.8146,28.06,832.53,0.988765,26.5134,2
2026-04-10 22:00:00,99,2,LB-04,7022.827,19.5611,27.6,832.21,0.989146,19.3488,2
2026-04-10 22:00:00,99,2,LB-05,7232.745,10.6501,27.77,831.83,0.988993,10.5329,1
2026-04-10 22:00:00,99,2,LB-06,7062.488,22.0111,28.03,832.72,0.988793,21.7644,2
2026-04-10 22:00:00,99,2,LB-07,7128.043,11.6119,27.74,831.45,0.989008,11.4842,1
2026-04-10 22:00:00,99,2,LB-08,7142.972,19.1889,27.77,831.92,0.988992,18.9776,2
2026-04-10 22:00:00,99,2,LB-09,6852.256,4.7575,27.97,832.46,0.988832,4.7043,0
2026-04-10 22:00:00,99,2,LB-10,6903.052,15.5836,28.22,831.25,0.988589,15.4058,1
2026-04-11 06:00:00,100,0,LB-01,7122.437,13.5914,23.48,831.92,0.992703,13.4922,1
2026-04-11 06:00:00,100,0,LB-02,7010.526,15.4185,23.66,831.92,0.992548,15.3036,1
2026-04-11 06:00:00,100,0,LB-03,7064.375,38.2156,23.59,831.56,0.992598,37.9328,3
2026-04-11 06:00:00,100,0,LB-04,7034.041,11.2138,23.15,832.21,0.992987,11.1352,1
2026-04-11 06:00:00,100,0,LB-05,7249.15,16.4049,23.35,832.13,0.992813,16.2871,1
2026-04-11 06:00:00,100,0,LB-06,7108.346,45.8581,23.39,831.45,0.992766,45.5264,4
2026-04-11 06:00:00,100,0,LB-07,7162.475,34.4325,23.62,831.88,0.992576,34.1769,3
2026-04-11 06:00:00,100,0,LB-08,7178.84,35.8681,23.16,832.1,0.992982,35.6163,3
2026-04-11 06:00:00,100,0,LB-09,6863.388,11.1321,23.37,831.21,0.992778,11.0517,1
2026-04-11 06:00:00,100,0,LB-10,6911.49,8.4373,23.66,832.54,0.992553,8.3745,1
2026-04-11 14:00:00,100,1,LB-01,7139.233,16.796,31.85,832.6,0.985487,16.5522,1
2026-04-11 14:00:00,100,1,LB-02,7021.76,11.2337,31.18,831.72,0.986039,11.0769,1
2026-04-11 14:00:00,100,1,LB-03,7105.467,41.0924,31.37,831.59,0.98587,40.5118,3
2026-04-11 14:00:00,100,1,LB-04,7071.735,37.6934,31.67,832.56,0.98564,37.1521,3
2026-04-11 14:00:00,100,1,LB-05,7281.107,31.9575,31.38,832.62,0.985892,31.5066,3
2026-04-11 14:00:00,100,1,LB-06,7131.738,23.3927,31.24,831.67,0.98598,23.0647,2
2026-04-11 14:00:00,100,1,LB-07,7188.987,26.5112,31.46,831.97,0.985805,26.1349,2
2026-04-11 14:00:00,100,1,LB-08,7214.202,35.3623,31.95,831.06,0.985349,34.8442,3
2026-04-11 14:00:00,100,1,LB-09,6883.831,20.4427,31.77,832.44,0.985554,20.1474,2
2026-04-11 14:00:00,100,1,LB-10,6939.493,28.0034,31.42,832.64,0.985862,27.6075,2
2026-04-11 22:00:00,100,2,LB-01,7151.698,12.4649,27.01,832.62,0.989669,12.3361,1
2026-04-11 22:00:00,100,2,LB-02,7032.202,10.4423,26.95,832.67,0.989718,10.3349,1
2026-04-11 22:00:00,100,2,LB-03,7116.692,11.2255,26.81,832.21,0.989831,11.1113,1
2026-04-11 22:00:00,100,2,LB-04,7089.733,17.9978,26.29,832.72,0.990294,17.8231,1
2026-04-11 22:00:00,100,2,LB-05,7298.365,17.2577,27.04,831.97,0.989631,17.0788,1
2026-04-11 22:00:00,100,2,LB-06,7149.69,17.9518,27.02,831.95,0.989644,17.7659,1
2026-04-11 22:00:00,100,2,LB-07,7210.314,21.3274,26.8,832.05,0.989838,21.1107,2
2026-04-11 22:00:00,100,2,LB-08,7226.009,11.8062,26.6,832.37,0.990016,11.6883,1
2026-04-11 22:00:00,100,2,LB-09,6903.276,19.4451,27.12,833.2,0.989588,19.2427,2
2026-04-11 22:00:00,100,2,LB-10,6962.977,23.4843,26.97,832.07,0.989685,23.2421,2
2026-04-12 06:00:00,101,0,LB-01,7165.091,13.3926,24.8,831.62,0.991551,13.2794,1
2026-04-12 06:00:00,101,0,LB-02,7048.119,15.9169,25.32,830.94,0.991092,15.7751,1
2026-04-12 06:00:00,101,0,LB-03,7131.633,14.9402,24.32,832.11,0.991982,14.8204,1
2026-04-12 06:00:00,101,0,LB-04,7124.741,35.0084,25.32,830.86,0.991092,34.6965,3
2026-04-12 06:00:00,101,0,LB-05,7317.201,18.836,24.83,830.88,0.991517,18.6762,2
2026-04-12 06:00:00,101,0,LB-06,7164.016,14.3259,24.49,831.88,0.991827,14.2088,1
2026-04-12 06:00:00,101,0,LB-07,7233.849,23.5347,25.14,834.0,0.991307,23.3302,2
2026-04-12 06:00:00,101,0,LB-08,7257.456,31.4477,24.8,831.84,0.991558,31.1822,3
2026-04-12 06:00:00,101,0,LB-09,6934.207,30.9307,24.86,831.33,0.991495,30.6676,3
2026-04-12 06:00:00,101,0,LB-10,6991.623,28.646,24.81,831.24,0.99154,28.4036,2
2026-04-12 14:00:00,101,1,LB-01,7189.744,24.6534,32.02,832.21,0.985325,24.2916,2
2026-04-12 14:00:00,101,1,LB-02,7082.038,33.9191,32.03,832.46,0.985331,33.4215,3
2026-04-12 14:00:00,101,1,LB-03,7159.338,27.7059,32.46,831.23,0.984911,27.2879,2
2026-04-12 14:00:00,101,1,LB-04,7162.477,37.7362,32.04,831.95,0.985296,37.1814,3
2026-04-12 14:00:00,101,1,LB-05,7358.166,40.9658,32.23,832.14,0.985146,40.3573,3
2026-04-12 14:00:00,101,1,LB-06,7209.606,45.5904,32.25,832.98,0.985152,44.9135,4
2026-04-12 14:00:00,101,1,LB-07,7281.247,47.3979,32.34,832.15,0.985046,46.6891,4
2026-04-12 14:00:00,101,1,LB-08,7273.58,16.1241,31.77,831.31,0.985515,15.8905,1
2026-04-12 14:00:00,101,1,LB-09,6965.889,31.6821,32.28,831.74,0.985084,31.2095,3
2026-04-12 14:00:00,101,1,LB-10,7026.899,35.2759,32.26,833.06,0.985148,34.752,3
2026-04-12 22:00:00,101,2,LB-01,7216.801,27.0569,27.21,832.52,0.98949,26.7726,2
2026-04-12 22:00:00,101,2,LB-02,7099.331,17.2937,28.05,831.0,0.98873,17.0988,1
2026-04-12 22:00:00,101,2,LB-03,7178.696,19.3578,27.37,831.29,0.989326,19.1512,2
2026-04-12 22:00:00,101,2,LB-04,7180.159,17.682,28.01,832.77,0.988812,17.4842,1
2026-04-12 22:00:00,101,2,LB-05,7377.042,18.8755,27.15,831.16,0.989507,18.6774,2
2026-04-12 22:00:00,101,2,LB-06,7222.92,13.3134,27.89,832.15,0.988899,13.1656,1
2026-04-12 22:00:00,101,2,LB-07,7313.66,32.413,27.39,831.71,0.98932,32.0669,3
2026-04-12 22:00:00,101,2,LB-08,7283.478,9.8975,27.71,831.25,0.989032,9.7889,1
2026-04-12 22:00:00,101,2,LB-09,6984.376,18.4869,27.71,831.72,0.989039,18.2842,2
2026-04-12 22:00:00,101,2,LB-10,7040.92,14.0205,27.77,831.21,0.988976,13.8659,1
2026-04-13 06:00:00,102,0,LB-01,7254.126,37.3247,26.4,832.02,0.990177,36.9581,3
2026-04-13 06:00:00,102,0,LB-02,7133.156,33.8245,26.75,832.3,0.989882,33.4823,3
2026-04-13 06:00:00,102,0,LB-03,7194.885,16.189,26.78,830.52,0.989815,16.0241,1
2026-04-13 06:00:00,102,0,LB-04,7207.897,27.7382,26.22,833.07,0.990362,27.4709,2
2026-04-13 06:00:00,102,0,LB-05,7388.504,11.4618,26.78,831.45,0.989841,11.3453,1
2026-04-13 06:00:00,102,0,LB-06,7254.857,31.9373,26.5,831.57,0.990085,31.6207,3
2026-04-13 06:00:00,102,0,LB-07,7331.745,18.0857,26.47,831.69,0.990109,17.9068,1
2026-04-13 06:00:00,102,0,LB-08,7296.073,12.5947,26.76,833.08,0.989893,12.4674,1
2026-04-13 06:00:00,102,0,LB-09,7000.82,16.4439,26.54,832.5,0.99007,16.2807,1
2026-04-13 06:00:00,102,0,LB-10,7075.49,34.5707,26.66,831.51,0.989943,34.2231,3
2026-04-13 14:00:00,102,1,LB-01,7273.967,19.8411,33.44,831.72,0.984083,19.5253,2
2026-04-13 14:00:00,102,1,LB-02,7189.469,56.3128,33.38,832.31,0.984154,55.4205,5
2026-04-13 14:00:00,102,1,LB-03,7224.824,29.9383,33.3,831.23,0.984183,29.4648,2
2026-04-13 14:00:00,102,1,LB-04,7217.037,9.1394,32.65,831.86,0.984765,9.0002,1
2026-04-13 14:00:00,102,1,LB-05,7403.729,15.2251,32.42,830.89,0.984934,14.9957,1
2026-04-13 14:00:00,102,1,LB-06,7306.025,51.1674,33.34,831.88,0.984173,50.3575,4
2026-04-13 14:00:00,102,1,LB-07,7359.695,27.9492,32.99,832.05,0.98448,27.5154,2
2026-04-13 14:00:00,102,1,LB-08,7325.826,29.7534,33.19,832.12,0.98431,29.2866,2
2026-04-13 14:00:00,102,1,LB-09,7030.868,30.048,32.86,833.03,0.984626,29.586,2
2026-04-13 14:00:00,102,1,LB-10,7120.89,45.3993,33.0,832.94,0.984502,44.6957,4
2026-04-13 22:00:00,102,2,LB-01,7297.747,23.78,26.79,831.6,0.989834,23.5383,2
2026-04-13 22:00:00,102,2,LB-02,7219.437,29.9683,26.63,832.12,0.989986,29.6682,2
2026-04-13 22:00:00,102,2,LB-03,7234.073,9.2489,27.1,831.94,0.989576,9.1525,1
2026-04-13 22:00:00,102,2,LB-04,7231.211,14.1746,27.19,832.23,0.989506,14.0258,1
2026-04-13 22:00:00,102,2,LB-05,7420.315,16.5859,26.59,831.75,0.990011,16.4202,1
2026-04-13 22:00:00,102,2,LB-06,7319.637,13.6123,27.05,830.8,0.989592,13.4707,1
2026-04-13 22:00:00,102,2,LB-07,7368.446,8.751,26.58,832.55,0.990039,8.6638,1
2026-04-13 22:00:00,102,2,LB-08,7339.496,13.6702,27.14,832.06,0.989539,13.5272,1
2026-04-13 22:00:00,102,2,LB-09,7047.561,16.6931,26.62,832.67,0.990005,16.5262,1
2026-04-13 22:00:00,102,2,LB-10,7134.782,13.8923,26.48,831.61,0.990104,13.7549,1
2026-04-14 06:00:00,103,0,LB-01,7310.759,13.012,25.6,831.42,0.990855,12.893,1
2026-04-14 06:00:00,103,0,LB-02,7243.934,24.4973,25.92,832.24,0.990603,24.2671,2
2026-04-14 06:00:00,103,0,LB-03,7244.691,10.6185,25.74,832.7,0.990768,10.5205,1
2026-04-14 06:00:00,103,0,LB-04,7249.585,18.3739,25.64,833.01,0.99086,18.2059,2
2026-04-14 06:00:00,103,0,LB-05,7435.545,15.2306,25.67,831.65,0.990804,15.0905,1
2026-04-14 06:00:00,103,0,LB-06,7332.202,12.565,25.7,831.71,0.99078,12.4492,1
2026-04-14 06:00:00,103,0,LB-07,7381.257,12.8109,25.77,832.23,0.99073,12.6921,1
2026-04-14 06:00:00,103,0,LB-08,7351.299,11.8025,25.77,832.43,0.990735,11.6932,1
2026-04-14 06:00:00,103,0,LB-09,7073.959,26.3985,25.54,830.68,0.990895,26.1582,2
2026-04-14 06:00:00,103,0,LB-10,7174.637,39.8546,25.55,831.35,0.9909,39.4919,3
2026-04-14 14:00:00,103,1,LB-01,7352.584,41.8257,31.95,831.65,0.985371,41.2138,3
2026-04-14 14:00:00,103,1,LB-02,7277.536,33.6019,31.45,831.34,0.985789,33.1244,3
2026-04-14 14:00:00,103,1,LB-03,7282.452,37.7607,32.09,832.31,0.985272,37.2045,3
2026-04-14 14:00:00,103,1,LB-04,7283.624,34.0386,31.66,831.82,0.985623,33.5493,3
2026-04-14 14:00:00,103,1,LB-05,7464.244,28.6991,31.18,831.44,0.986032,28.2982,2
2026-04-14 14:00:00,103,1,LB-06,7394.95,62.7486,31.45,831.84,0.985811,61.8583,5
2026-04-14 14:00:00,103,1,LB-07,7400.025,18.7685,31.75,832.73,0.985576,18.4978,2
2026-04-14 14:00:00,103,1,LB-08,7363.84,12.541,31.75,831.34,0.985526,12.3595,1
2026-04-14 14:00:00,103,1,LB-09,7091.342,17.3827,31.25,834.02,0.986056,17.1403,1
2026-04-14 14:00:00,103,1,LB-10,7202.647,28.0102,31.87,831.89,0.985445,27.6025,2
2026-04-14 22:00:00,103,2,LB-01,7360.083,7.4989,26.61,833.73,0.990043,7.4242,1
2026-04-14 22:00:00,103,2,LB-02,7295.209,17.6724,26.54,831.33,0.99004,17.4963,1
2026-04-14 22:00:00,103,2,LB-03,7304.952,22.5002,26.79,830.86,0.989818,22.2711,2
2026-04-14 22:00:00,103,2,LB-04,7288.973,5.349,26.71,831.5,0.989896,5.295,0
2026-04-14 22:00:00,103,2,LB-05,7478.033,13.7886,26.71,832.24,0.989917,13.6495,1
2026-04-14 22:00:00,103,2,LB-06,7407.66,12.7098,27.32,832.77,0.989405,12.5752,1
2026-04-14 22:00:00,103,2,LB-07,7424.61,24.5854,26.47,832.73,0.990139,24.3429,2
2026-04-14 22:00:00,103,2,LB-08,7386.357,22.5177,26.98,832.16,0.989679,22.2853,2
2026-04-14 22:00:00,103,2,LB-09,7095.875,4.5332,26.81,831.94,0.989825,4.4871,0
2026-04-14 22:00:00,103,2,LB-10,7218.219,15.5717,26.52,832.84,0.990099,15.4175,1
2026-04-15 06:00:00,104,0,LB-01,7394.823,34.7393,25.48,831.6,0.99097,34.4256,3
2026-04-15 06:00:00,104,0,LB-02,7305.722,10.5138,25.39,832.9,0.991071,10.42,1
2026-04-15 06:00:00,104,0,LB-03,7327.204,22.2525,25.04,831.93,0.991353,22.0601,2
2026-04-15 06:00:00,104,0,LB-04,7302.03,13.057,25.38,833.25,0.99109,12.9406,1
2026-04-15 06:00:00,104,0,LB-05,7519.677,41.6443,25.25,831.97,0.991174,41.2768,3
2026-04-15 06:00:00,104,0,LB-06,7424.308,16.6475,24.94,831.99,0.991441,16.505,1
2026-04-15 06:00:00,104,0,LB-07,7453.661,29.051,25.01,831.48,0.991373,28.8004,2
2026-04-15 06:00:00,104,0,LB-08,7422.7,36.3426,25.2,833.63,0.991249,36.0246,3
2026-04-15 06:00:00,104,0,LB-09,7122.517,26.6419,25.15,833.23,0.991283,26.4096,2
2026-04-15 06:00:00,104,0,LB-10,7242.163,23.944,24.82,831.43,0.991533,23.7413,2
2026-04-15 14:00:00,104,1,LB-01,7408.052,13.2297,32.01,831.99,0.985327,13.0356,1
2026-04-15 14:00:00,104,1,LB-02,7344.909,39.1867,32.49,832.32,0.98492,38.5958,3
2026-04-15 14:00:00,104,1,LB-03,7356.046,28.8415,32.44,831.01,0.98492,28.4066,2
2026-04-15 14:00:00,104,1,LB-04,7325.653,23.6234,32.42,832.17,0.984979,23.2686,2
2026-04-15 14:00:00,104,1,LB-05,7535.693,16.0152,32.48,831.34,0.984893,15.7733,1
2026-04-15 14:00:00,104,1,LB-06,7454.281,29.9735,32.21,832.01,0.985152,29.5284,2
2026-04-15 14:00:00,104,1,LB-07,7478.811,25.1495,32.4,830.55,0.984942,24.7708,2
2026-04-15 14:00:00,104,1,LB-08,7458.278,35.5782,32.14,831.6,0.9852,35.0516,3
2026-04-15 14:00:00,104,1,LB-09,7140.387,17.8699,32.74,832.09,0.984696,17.5965,1
2026-04-15 14:00:00,104,1,LB-10,7261.652,19.4897,32.63,832.53,0.984812,19.1937,2
2026-04-15 22:00:00,104,2,LB-01,7426.456,18.4037,26.77,833.04,0.98989,18.2176,2
2026-04-15 22:00:00,104,2,LB-02,7364.241,19.3322,26.25,833.09,0.990336,19.1454,2
2026-04-15 22:00:00,104,2,LB-03,7367.705,11.659,26.41,831.86,0.990168,11.5444,1
2026-04-15 22:00:00,104,2,LB-04,7345.077,19.4239,26.45,832.86,0.990154,19.2326,2
2026-04-15 22:00:00,104,2,LB-05,7550.824,15.1311,26.46,832.88,0.990152,14.9821,1
2026-04-15 22:00:00,104,2,LB-06,7467.634,13.3524,26.07,832.12,0.990472,13.2252,1
2026-04-15 22:00:00,104,2,LB-07,7492.492,13.6807,26.38,832.48,0.990209,13.5468,1
2026-04-15 22:00:00,104,2,LB-08,7475.985,17.7073,26.25,831.74,0.990307,17.5357,1
2026-04-15 22:00:00,104,2,LB-09,7156.998,16.6108,26.45,831.46,0.990125,16.4468,1
2026-04-15 22:00:00,104,2,LB-10,7272.333,10.6807,26.43,832.47,0.990165,10.5756,1
2026-04-16 06:00:00,105,0,LB-01,7436.902,10.4465,24.99,831.45,0.991388,10.3565,1
2026-04-16 06:00:00,105,0,LB-02,7393.293,29.052,25.58,831.04,0.990868,28.7867,2
2026-04-16 06:00:00,105,0,LB-03,7386.941,19.236,24.99,832.19,0.991404,19.0706,2
2026-04-16 06:00:00,105,0,LB-04,7359.475,14.3981,25.14,831.96,0.991268,14.2724,1
2026-04-16 06:00:00,105,0,LB-05,7563.758,12.934,24.2,831.88,0.992075,12.8315,1
2026-04-16 06:00:00,105,0,LB-06,7480.67,13.0361,25.36,831.34,0.99106,12.9196,1
2026-04-16 06:00:00,105,0,LB-07,7515.466,22.9745,24.42,831.34,0.99188,22.788,2
2026-04-16 06:00:00,105,0,LB-08,7495.36,19.3745,25.24,832.51,0.991196,19.204,2
2026-04-16 06:00:00,105,0,LB-09,7183.408,26.4098,25.25,832.22,0.991176,26.1767,2
2026-04-16 06:00:00,105,0,LB-10,7300.385,28.0517,25.36,831.84,0.991072,27.8013,2
2026-04-16 14:00:00,105,1,LB-01,7452.144,15.2419,31.79,832.55,0.985539,15.0215,1
2026-04-16 14:00:00,105,1,LB-02,7424.445,31.1518,32.26,831.82,0.985101,30.6877,3
2026-04-16 14:00:00,105,1,LB-03,7404.603,17.6625,31.79,832.13,0.985526,17.4069,1
2026-04-16 14:00:00,105,1,LB-04,7399.819,40.3438,32.04,832.0,0.9853,39.7507,3
2026-04-16 14:00:00,105,1,LB-05,7592.954,29.1963,31.88,831.93,0.985435,28.771,2
2026-04-16 14:00:00,105,1,LB-06,7494.462,13.7926,31.96,832.95,0.985409,13.5914,1
2026-04-16 14:00:00,105,1,LB-07,7535.77,20.3036,31.96,831.85,0.985369,20.0065,2
2026-04-16 14:00:00,105,1,LB-08,7515.464,20.1038,31.82,831.71,0.985483,19.8119,2
2026-04-16 14:00:00,105,1,LB-09,7223.311,39.903,32.42,833.39,0.985025,39.3055,3
2026-04-16 14:00:00,105,1,LB-10,7327.576,27.1913,31.96,832.08,0.985376,26.7937,2
2026-04-16 22:00:00,105,2,LB-01,7470.068,17.9241,27.02,832.4,0.989653,17.7387,1
2026-04-16 22:00:00,105,2,LB-02,7447.275,22.8301,27.38,830.94,0.989304,22.5859,2
2026-04-16 22:00:00,105,2,LB-03,7425.79,21.1863,26.77,832.31,0.989872,20.9717,2
2026-04-16 22:00:00,105,2,LB-04,7427.278,27.4592,26.82,832.33,0.989825,27.1798,2
2026-04-16 22:00:00,105,2,LB-05,7601.642,8.6878,26.74,831.31,0.989874,8.5998,1
2026-04-16 22:00:00,105,2,LB-06,7508.395,13.9324,26.7,832.82,0.989945,13.7924,1
2026-04-16 22:00:00,105,2,LB-07,7545.0,9.2304,26.75,832.65,0.989896,9.1372,1
2026-04-16 22:00:00,105,2,LB-08,7524.959,9.4955,26.61,831.27,0.989982,9.4003,1
2026-04-16 22:00:00,105,2,LB-09,7230.471,7.1599,26.75,832.14,0.989881,7.0874,1
2026-04-16 22:00:00,105,2,LB-10,7346.755,19.1793,26.85,833.39,0.989828,18.9842,2
2026-04-17 06:00:00,106,0,LB-01,7499.278,29.2093,26.63,831.13,0.989961,28.916,2
2026-04-17 06:00:00,106,0,LB-02,7484.857,37.5813,26.31,831.85,0.990258,37.2152,3
2026-04-17 06:00:00,106,0,LB-03,7441.143,15.3537,25.89,832.9,0.990638,15.21,1
2026-04-17 06:00:00,106,0,LB-04,7460.244,32.9659,25.93,833.16,0.990612,32.6565,3
2026-04-17 06:00:00,106,0,LB-05,7617.16,15.5187,26.64,831.4,0.98996,15.3629,1
2026-04-17 06:00:00,106,0,LB-06,7535.93,27.535,26.65,832.66,0.989978,27.2591,2
2026-04-17 06:00:00,106,0,LB-07,7558.096,13.0956,26.54,831.83,0.990053,12.9654,1
2026-04-17 06:00:00,106,0,LB-08,7557.998,33.0385,26.28,832.44,0.99029,32.7177,3
2026-04-17 06:00:00,106,0,LB-09,7247.894,17.4229,26.31,832.39,0.990264,17.2533,1
2026-04-17 06:00:00,106,0,LB-10,7377.009,30.2538,26.38,833.33,0.99023,29.9582,2
2026-04-17 14:00:00,106,1,LB-01,7539.362,40.0841,32.85,833.24,0.984649,39.4688,3
2026-04-17 14:00:00,106,1,LB-02,7506.993,22.1366,32.91,832.31,0.984562,21.7949,2
2026-04-17 14:00:00,106,1,LB-03,7463.882,22.7382,32.46,832.64,0.984961,22.3963,2
2026-04-17 14:00:00,106,1,LB-04,7485.196,24.9514,33.22,832.3,0.984294,24.5595,2
2026-04-17 14:00:00,106,1,LB-05,7671.633,54.4725,32.85,832.43,0.984617,53.6346,4
2026-04-17 14:00:00,106,1,LB-06,7560.375,24.4454,32.82,832.08,0.984629,24.0697,2
2026-04-17 14:00:00,106,1,LB-07,7579.578,21.4827,32.7,832.05,0.984735,21.1548,2
2026-04-17 14:00:00,106,1,LB-08,7573.341,15.3435,33.0,832.32,0.984484,15.1054,1
2026-04-17 14:00:00,106,1,LB-09,7278.615,30.721,32.68,832.13,0.984757,30.2527,3
2026-04-17 14:00:00,106,1,LB-10,7408.759,31.7497,32.94,832.18,0.984533,31.2586,3
2026-04-17 22:00:00,106,2,LB-01,7552.024,12.6624,26.48,832.92,0.990136,12.5375,1
2026-04-17 22:00:00,106,2,LB-02,7517.142,10.1486,26.97,831.99,0.989684,10.0439,1
2026-04-17 22:00:00,106,2,LB-03,7484.082,20.2004,26.92,832.54,0.989745,19.9932,2
2026-04-17 22:00:00,106,2,LB-04,7498.175,12.9793,26.95,832.26,0.989715,12.8458,1
2026-04-17 22:00:00,106,2,LB-05,7693.467,21.8345,26.64,832.25,0.989981,21.6157,2
2026-04-17 22:00:00,106,2,LB-06,7580.595,20.2192,26.99,833.29,0.989702,20.011,2
2026-04-17 22:00:00,106,2,LB-07,7586.73,7.1513,26.57,832.36,0.990045,7.0801,1
2026-04-17 22:00:00,106,2,LB-08,7614.963,41.622,26.65,831.94,0.989963,41.2042,3
2026-04-17 22:00:00,106,2,LB-09,7299.947,21.3329,26.97,832.83,0.989707,21.1133,2
2026-04-17 22:00:00,106,2,LB-10,7421.317,12.5585,26.92,831.78,0.989729,12.4296,1
2026-04-18 06:00:00,107,0,LB-01,7592.641,40.6171,24.86,832.17,0.991512,40.2724,3
2026-04-18 06:00:00,107,0,LB-02,7535.335,18.1927,24.45,831.58,0.991859,18.0446,2
2026-04-18 06:00:00,107,0,LB-03,7517.463,33.3811,24.62,831.97,0.991717,33.1046,3
2026-04-18 06:00:00,107,0,LB-04,7531.289,33.1137,24.38,833.55,0.991955,32.8473,3
2026-04-18 06:00:00,107,0,LB-05,7715.423,21.9552,24.83,833.27,0.991558,21.7698,2
2026-04-18 06:00:00,107,0,LB-06,7593.439,12.8441,24.66,831.95,0.99168,12.7372,1
2026-04-18 06:00:00,107,0,LB-07,7607.994,21.2648,24.55,832.68,0.99179,21.0902,2
2026-04-18 06:00:00,107,0,LB-08,7650.217,35.2536,24.49,831.58,0.991823,34.9653,3
2026-04-18 06:00:00,107,0,LB-09,7325.19,25.2427,24.67,831.9,0.991672,25.0324,2
2026-04-18 06:00:00,107,0,LB-10,7453.367,32.0501,24.28,832.36,0.992018,31.7942,3
2026-04-18 14:00:00,107,1,LB-01,7599.221,6.5797,33.54,831.4,0.983981,6.4743,1
2026-04-18 14:00:00,107,1,LB-02,7577.104,41.7692,33.94,831.81,0.98365,41.0863,3
2026-04-18 14:00:00,107,1,LB-03,7529.82,12.3565,33.75,831.85,0.983814,12.1565,1
2026-04-18 14:00:00,107,1,LB-04,7553.995,22.7063,34.13,832.32,0.983503,22.3317,2
2026-04-18 14:00:00,107,1,LB-05,7737.187,21.7648,33.97,832.98,0.983665,21.4092,2
2026-04-18 14:00:00,107,1,LB-06,7624.184,30.7454,33.78,831.78,0.983786,30.2469,3
2026-04-18 14:00:00,107,1,LB-07,7634.425,26.431,33.74,832.77,0.983855,26.0043,2
2026-04-18 14:00:00,107,1,LB-08,7669.32,19.1035,33.79,831.43,0.983761,18.7933,2
2026-04-18 14:00:00,107,1,LB-09,7364.832,39.6423,33.66,831.49,0.983878,39.0032,3
2026-04-18 14:00:00,107,1,LB-10,7504.844,51.4767,33.61,831.93,0.983943,50.6502,4
2026-04-18 22:00:00,107,2,LB-01,7610.911,11.6897,27.79,832.02,0.988978,11.5608,1
2026-04-18 22:00:00,107,2,LB-02,7590.391,13.287,27.58,831.76,0.989155,13.1429,1
2026-04-18 22:00:00,107,2,LB-03,7558.368,28.5482,27.6,831.96,0.989145,28.2383,2
2026-04-18 22:00:00,107,2,LB-04,7579.84,25.8452,27.63,832.92,0.98914,25.5645,2
2026-04-18 22:00:00,107,2,LB-05,7754.619,17.4313,27.33,831.17,0.989357,17.2458,1
2026-04-18 22:00:00,107,2,LB-06,7633.274,9.0898,27.44,831.44,0.989268,8.9923,1
2026-04-18 22:00:00,107,2,LB-07,7649.209,14.7831,27.44,831.28,0.98926,14.6244,1
2026-04-18 22:00:00,107,2,LB-08,7694.657,25.3363,27.69,831.53,0.989055,25.059,2
2026-04-18 22:00:00,107,2,LB-09,7377.507,12.6751,27.32,831.51,0.989369,12.5403,1
2026-04-18 22:00:00,107,2,LB-10,7515.579,10.7348,27.69,832.5,0.989075,10.6175,1
2026-04-19 06:00:00,108,0,LB-01,7628.109,17.1979,26.39,831.16,0.990173,17.0289,1
2026-04-19 06:00:00,108,0,LB-02,7601.517,11.1266,26.24,831.61,0.990313,11.0188,1
2026-04-19 06:00:00,108,0,LB-03,7580.512,22.144,25.95,831.6,0.990558,21.9349,2
2026-04-19 06:00:00,108,0,LB-04,7623.505,43.6647,26.39,832.0,0.990191,43.2364,4
2026-04-19 06:00:00,108,0,LB-05,7775.115,20.4965,26.57,832.22,0.990038,20.2923,2
2026-04-19 06:00:00,108,0,LB-06,7642.624,9.3504,25.89,831.37,0.990609,9.2626,1
2026-04-19 06:00:00,108,0,LB-07,7664.616,15.4071,26.23,832.11,0.990331,15.2582,1
2026-04-19 06:00:00,108,0,LB-08,7739.482,44.825,26.4,832.01,0.990178,44.3847,4
2026-04-19 06:00:00,108,0,LB-09,7403.599,26.0918,26.03,832.36,0.990512,25.8443,2
2026-04-19 06:00:00,108,0,LB-10,7550.346,34.7675,26.82,831.3,0.9898,34.4129,3
2026-04-19 14:00:00,108,1,LB-01,7669.437,41.3285,32.4,831.88,0.984986,40.708,3
2026-04-19 14:00:00,108,1,LB-02,7661.41,59.8925,31.98,831.93,0.98535,59.0151,5
2026-04-19 14:00:00,108,1,LB-03,7612.663,32.1513,32.73,831.87,0.984697,31.6593,3
2026-04-19 14:00:00,108,1,LB-04,7651.287,27.7823,32.13,831.48,0.985203,27.3712,2
2026-04-19 14:00:00,108,1,LB-05,7816.495,41.3799,31.93,832.48,0.985415,40.7764,3
2026-04-19 14:00:00,108,1,LB-06,7659.683,17.0583,32.19,831.28,0.985146,16.8049,1
2026-04-19 14:00:00,108,1,LB-07,7683.854,19.2381,32.45,833.09,0.98499,18.9493,2
2026-04-19 14:00:00,108,1,LB-08,7762.504,23.0221,32.54,831.35,0.984842,22.6731,2
2026-04-19 14:00:00,108,1,LB-09,7424.302,20.7025,32.41,831.37,0.984959,20.3911,2
2026-04-19 14:00:00,108,1,LB-10,7566.743,16.3967,32.52,832.4,0.9849,16.1491,1
2026-04-19 22:00:00,108,2,LB-01,7681.644,12.2069,28.17,832.25,0.988656,12.0684,1
2026-04-19 22:00:00,108,2,LB-02,7687.188,25.7783,28.06,831.97,0.988743,25.4881,2
2026-04-19 22:00:00,108,2,LB-03,7633.614,20.9507,27.7,831.33,0.989039,20.7211,2
2026-04-19 22:00:00,108,2,LB-04,7661.619,10.3315,27.61,832.16,0.989141,10.2193,1
2026-04-19 22:00:00,108,2,LB-05,7827.635,11.1394,28.22,832.69,0.988624,11.0127,1
2026-04-19 22:00:00,108,2,LB-06,7689.658,29.9753,28.12,831.74,0.988686,29.6362,2
2026-04-19 22:00:00,108,2,LB-07,7708.405,24.5512,28.38,832.88,0.988494,24.2687,2
2026-04-19 22:00:00,108,2,LB-08,7785.202,22.6983,28.14,833.58,0.988719,22.4422,2
2026-04-19 22:00:00,108,2,LB-09,7443.19,18.8882,28.09,832.22,0.988729,18.6753,2
2026-04-19 22:00:00,108,2,LB-10,7575.216,8.4728,27.96,832.24,0.988837,8.3782,1
2026-04-20 06:00:00,109,0,LB-01,7695.89,14.2459,26.16,832.69,0.990401,14.1091,1
2026-04-20 06:00:00,109,0,LB-02,7710.623,23.4346,26.68,831.25,0.989917,23.1983,2
2026-04-20 06:00:00,109,0,LB-03,7650.973,17.3588,26.23,831.8,0.990324,17.1908,1
2026-04-20 06:00:00,109,0,LB-04,7706.139,44.5205,26.06,831.19,0.990457,44.0956,4
2026-04-20 06:00:00,109,0,LB-05,7860.18,32.5454,26.3,831.34,0.990248,32.2281,3
2026-04-20 06:00:00,109,0,LB-06,7709.868,20.2103,26.54,832.77,0.990075,20.0097,2
2026-04-20 06:00:00,109,0,LB-07,7739.561,31.1556,26.72,831.08,0.989884,30.8404,3
2026-04-20 06:00:00,109,0,LB-08,7811.464,26.2619,26.48,831.58,0.990103,26.002,2
2026-04-20 06:00:00,109,0,LB-09,7463.866,20.6759,26.26,832.0,0.990299,20.4754,2
2026-04-20 06:00:00,109,0,LB-10,7596.786,21.5698,26.72,831.84,0.9899,21.352,2
2026-04-20 14:00:00,109,1,LB-01,7730.337,34.4476,32.6,831.3,0.984795,33.9239,3
2026-04-20 14:00:00,109,1,LB-02,7758.118,47.4947,32.84,831.43,0.984585,46.7626,4
2026-04-20 14:00:00,109,1,LB-03,7735.593,84.62,32.45,832.49,0.984968,83.348,7
2026-04-20 14:00:00,109,1,LB-04,7733.776,27.6368,32.43,831.58,0.984948,27.2208,2
2026-04-20 14:00:00,109,1,LB-05,7884.816,24.636,32.92,831.93,0.98454,24.2551,2
2026-04-20 14:00:00,109,1,LB-06,7727.512,17.6437,32.42,832.71,0.985,17.379,1
2026-04-20 14:00:00,109,1,LB-07,7763.444,23.8837,32.91,832.99,0.984586,23.5156,2
2026-04-20 14:00:00,109,1,LB-08,7834.847,23.3826,32.68,831.67,0.984739,23.0258,2
2026-04-20 14:00:00,109,1,LB-09,7479.869,16.0027,32.55,832.14,0.984861,15.7605,1
2026-04-20 14:00:00,109,1,LB-10,7626.158,29.3722,32.7,832.86,0.984765,28.9247,2
2026-04-20 22:00:00,109,2,LB-01,7741.545,11.2071,27.48,832.15,0.989249,11.0866,1
2026-04-20 22:00:00,109,2,LB-02,7777.235,19.1173,26.98,831.76,0.989676,18.9199,2
2026-04-20 22:00:00,109,2,LB-03,7769.87,34.2776,27.47,832.21,0.989259,33.9094,3
2026-04-20 22:00:00,109,2,LB-04,7746.814,13.0378,27.4,831.55,0.989302,12.8983,1
2026-04-20 22:00:00,109,2,LB-05,7910.283,25.4668,27.32,830.3,0.989345,25.1955,2
2026-04-20 22:00:00,109,2,LB-06,7744.409,16.8975,27.51,831.84,0.989213,16.7153,1
2026-04-20 22:00:00,109,2,LB-07,7783.637,20.1931,27.46,831.43,0.98925,19.976,2
2026-04-20 22:00:00,109,2,LB-08,7852.922,18.0753,27.8,832.56,0.988984,17.8762,1
2026-04-20 22:00:00,109,2,LB-09,7485.379,5.5108,27.53,832.03,0.989204,5.4513,0
2026-04-20 22:00:00,109,2,LB-10,7641.972,15.8145,27.61,830.28,0.989089,15.6419,1
2026-04-21 06:00:00,110,0,LB-01,7769.391,27.8461,25.13,832.42,0.991284,27.6034,2
2026-04-21 06:00:00,110,0,LB-02,7824.91,47.675,25.18,832.71,0.991252,47.258,4
2026-04-21 06:00:00,110,0,LB-03,7814.01,44.1395,25.27,832.24,0.991163,43.7495,4
2026-04-21 06:00:00,110,0,LB-04,7770.002,23.1887,25.03,830.78,0.991338,22.9878,2
2026-04-21 06:00:00,110,0,LB-05,7929.005,18.7225,25.1,832.04,0.991301,18.5596,2
2026-04-21 06:00:00,110,0,LB-06,7768.596,24.1866,25.26,832.09,0.991164,23.9729,2
2026-04-21 06:00:00,110,0,LB-07,7801.209,17.5713,24.95,832.48,0.99144,17.4209,1
2026-04-21 06:00:00,110,0,LB-08,7889.682,36.76,25.33,831.97,0.991102,36.4329,3
2026-04-21 06:00:00,110,0,LB-09,7505.593,20.2134,24.92,832.38,0.991467,20.0409,2
2026-04-21 06:00:00,110,0,LB-10,7647.575,5.603,25.73,831.9,0.990755,5.5512,0
2026-04-21 14:00:00,110,1,LB-01,7796.236,26.845,32.15,832.07,0.985211,26.448,2
2026-04-21 14:00:00,110,1,LB-02,7856.734,31.8244,31.98,831.47,0.985335,31.3577,3
2026-04-21 14:00:00,110,1,LB-03,7843.919,29.909,32.29,831.23,0.985059,29.4621,2
2026-04-21 14:00:00,110,1,LB-04,7812.775,42.773,31.89,832.66,0.985459,42.151,4
2026-04-21 14:00:00,110,1,LB-05,7968.651,39.6458,32.1,832.62,0.985269,39.0617,3
2026-04-21 14:00:00,110,1,LB-06,7782.291,13.6953,32.03,832.47,0.985328,13.4944,1
2026-04-21 14:00:00,110,1,LB-07,7832.844,31.6354,32.43,832.3,0.984978,31.1602,3
2026-04-21 14:00:00,110,1,LB-08,7920.088,30.4062,32.27,832.83,0.985133,29.9542,2
2026-04-21 14:00:00,110,1,LB-09,7527.755,22.162,31.88,832.04,0.985444,21.8394,2
2026-04-21 14:00:00,110,1,LB-10,7675.061,27.4852,31.64,833.16,0.98569,27.0919,2
2026-04-21 22:00:00,110,2,LB-01,7807.709,11.4732,29.61,832.21,0.987408,11.3287,1
2026-04-21 22:00:00,110,2,LB-02,7880.646,23.9113,29.23,830.91,0.987703,23.6173,2
2026-04-21 22:00:00,110,2,LB-03,7853.146,9.2276,29.25,831.57,0.987704,9.1142,1
2026-04-21 22:00:00,110,2,LB-04,7822.683,9.9073,29.4,832.1,0.98759,9.7844,1
2026-04-21 22:00:00,110,2,LB-05,7979.927,11.2758,29.66,830.94,0.987329,11.133,1
2026-04-21 22:00:00,110,2,LB-06,7794.354,12.0623,29.4,831.9,0.98758,11.9125,1
2026-04-21 22:00:00,110,2,LB-07,7847.895,15.0513,30.04,831.64,0.987018,14.8559,1
2026-04-21 22:00:00,110,2,LB-08,7929.198,9.11,29.21,831.93,0.98775,8.9984,1
2026-04-21 22:00:00,110,2,LB-09,7554.695,26.9397,29.44,831.7,0.987544,26.6042,2
2026-04-21 22:00:00,110,2,LB-10,7696.004,20.9433,29.53,832.57,0.987494,20.6814,2
2026-04-22 06:00:00,111,0,LB-01,7837.582,29.8737,26.37,831.48,0.990192,29.5808,2
2026-04-22 06:00:00,111,0,LB-02,7909.319,28.6738,26.38,832.45,0.990212,28.3932,2
2026-04-22 06:00:00,111,0,LB-03,7876.287,23.1412,25.9,833.17,0.990641,22.9246,2
2026-04-22 06:00:00,111,0,LB-04,7835.563,12.8807,25.98,832.76,0.99056,12.7591,1
2026-04-22 06:00:00,111,0,LB-05,7996.087,16.1599,26.31,831.54,0.99025,16.0023,1
2026-04-22 06:00:00,111,0,LB-06,7808.287,13.9335,26.35,832.01,0.990225,13.7973,1
2026-04-22 06:00:00,111,0,LB-07,7865.605,17.71,25.76,832.54,0.990742,17.5461,1
2026-04-22 06:00:00,111,0,LB-08,7947.153,17.9551,26.34,831.41,0.990218,17.7795,1
2026-04-22 06:00:00,111,0,LB-09,7572.31,17.6151,25.78,831.17,0.990698,17.4512,1
2026-04-22 06:00:00,111,0,LB-10,7735.053,39.0496,25.74,831.42,0.990737,38.6879,3
2026-04-22 14:00:00,111,1,LB-01,7868.807,31.2244,34.51,831.57,0.98314,30.6979,3
2026-04-22 14:00:00,111,1,LB-02,7930.634,21.3144,34.11,831.61,0.983494,20.9626,2
2026-04-22 14:00:00,111,1,LB-03,7942.775,66.4873,34.87,832.83,0.982886,65.3495,5
2026-04-22 14:00:00,111,1,LB-04,7856.399,20.8355,34.29,831.52,0.983329,20.4881,2
2026-04-22 14:00:00,111,1,LB-05,8024.014,27.9277,34.03,831.24,0.983546,27.4681,2
2026-04-22 14:00:00,111,1,LB-06,7826.119,17.832,34.25,832.01,0.983389,17.5358,1
2026-04-22 14:00:00,111,1,LB-07,7913.06,47.4546,34.67,832.27,0.983032,46.6493,4
2026-04-22 14:00:00,111,1,LB-08,7969.544,22.3911,34.6,832.03,0.983087,22.0124,2
2026-04-22 14:00:00,111,1,LB-09,7580.543,8.2332,34.55,832.5,0.983151,8.0945,1
2026-04-22 14:00:00,111,1,LB-10,7751.277,16.2231,34.41,832.59,0.983276,15.9518,1
2026-04-22 22:00:00,111,2,LB-01,7898.882,30.0752,29.35,831.84,0.987626,29.7031,2
2026-04-22 22:00:00,111,2,LB-02,7953.805,23.1707,28.77,831.98,0.988131,22.8957,2
2026-04-22 22:00:00,111,2,LB-03,7960.188,17.4135,28.17,831.13,0.988623,17.2154,1
2026-04-22 22:00:00,111,2,LB-04,7872.009,15.6098,28.38,832.26,0.988475,15.4299,1
2026-04-22 22:00:00,111,2,LB-05,8036.728,12.7132,28.39,831.86,0.988457,12.5665,1
2026-04-22 22:00:00,111,2,LB-06,7831.18,5.0608,28.88,832.52,0.988048,5.0003,0
2026-04-22 22:00:00,111,2,LB-07,7935.341,22.2811,28.94,830.63,0.987941,22.0125,2
2026-04-22 22:00:00,111,2,LB-08,7987.255,17.7103,28.51,831.27,0.98834,17.5038,1
2026-04-22 22:00:00,111,2,LB-09,7602.299,21.7558,28.68,831.56,0.988195,21.499,2
2026-04-22 22:00:00,111,2,LB-10,7762.497,11.2209,28.37,831.6,0.988467,11.0915,1
2026-04-23 06:00:00,112,0,LB-01,7911.561,12.6791,25.68,831.32,0.990787,12.5623,1
2026-04-23 06:00:00,112,0,LB-02,7987.998,34.1935,25.71,831.08,0.990754,33.8774,3
2026-04-23 06:00:00,112,0,LB-03,7984.743,24.5546,25.82,830.77,0.990656,24.3251,2
2026-04-23 06:00:00,112,0,LB-04,7895.051,23.0426,26.03,831.77,0.990498,22.8236,2
2026-04-23 06:00:00,112,0,LB-05,8070.897,34.1692,25.65,832.59,0.990842,33.8563,3
2026-04-23 06:00:00,112,0,LB-06,7852.256,21.0758,25.73,831.43,0.990746,20.8807,2
2026-04-23 06:00:00,112,0,LB-07,7968.451,33.1099,25.36,831.99,0.99108,32.8145,3
2026-04-23 06:00:00,112,0,LB-08,8053.782,66.5276,25.25,832.31,0.991178,65.9407,5
2026-04-23 06:00:00,112,0,LB-09,7612.518,10.2195,25.16,832.23,0.991253,10.1301,1
2026-04-23 06:00:00,112,0,LB-10,7775.002,12.5045,25.32,831.55,0.991106,12.3933,1
2026-04-23 14:00:00,112,1,LB-01,7940.662,29.1008,33.67,832.34,0.9839,28.6323,2
2026-04-23 14:00:00,112,1,LB-02,8025.881,37.8831,33.85,831.42,0.983714,37.2662,3
2026-04-23 14:00:00,112,1,LB-03,8021.548,36.8053,34.17,832.5,0.983477,36.1972,3
2026-04-23 14:00:00,112,1,LB-04,7918.117,23.0658,33.37,831.62,0.984137,22.6999,2
2026-04-23 14:00:00,112,1,LB-05,8102.437,31.5404,33.69,832.86,0.983903,31.0327,3
2026-04-23 14:00:00,112,1,LB-06,7873.773,21.5168,33.77,831.77,0.983794,21.1681,2
2026-04-23 14:00:00,112,1,LB-07,8005.831,37.3798,33.66,832.88,0.983937,36.7793,3
2026-04-23 14:00:00,112,1,LB-08,8084.528,30.7462,33.84,832.26,0.983757,30.2468,3
2026-04-23 14:00:00,112,1,LB-09,7642.29,29.7715,33.62,831.82,0.983928,29.293,2
2026-04-23 14:00:00,112,1,LB-10,7814.787,39.7847,33.08,831.23,0.984376,39.1631,3
2026-04-23 22:00:00,112,2,LB-01,7953.847,13.1845,28.64,831.72,0.988233,13.0294,1
2026-04-23 22:00:00,112,2,LB-02,8035.119,9.2376,28.07,832.0,0.988735,9.1336,1
2026-04-23 22:00:00,112,2,LB-03,8040.447,18.8984,28.25,831.18,0.98856,18.6822,2
2026-04-23 22:00:00,112,2,LB-04,7946.319,28.202,28.55,831.12,0.988297,27.8719,2
2026-04-23 22:00:00,112,2,LB-05,8121.992,19.5544,28.48,831.94,0.988378,19.3272,2
2026-04-23 22:00:00,112,2,LB-06,7892.592,18.8197,28.5,831.74,0.988357,18.6006,2
2026-04-23 22:00:00,112,2,LB-07,8023.925,18.0939,27.97,832.07,0.988822,17.8916,1
2026-04-23 22:00:00,112,2,LB-08,8097.001,12.4726,28.34,833.78,0.988552,12.3299,1
2026-04-23 22:00:00,112,2,LB-09,7658.381,16.0916,27.86,832.7,0.988935,15.9136,1
2026-04-23 22:00:00,112,2,LB-10,7829.646,14.8594,28.48,831.77,0.98838,14.6867,1
2026-04-24 06:00:00,113,0,LB-01,7966.828,12.9813,26.23,832.24,0.99033,12.8557,1
2026-04-24 06:00:00,113,0,LB-02,8059.409,24.2897,26.74,831.46,0.989875,24.0438,2
2026-04-24 06:00:00,113,0,LB-03,8080.309,39.8624,26.75,831.16,0.989854,39.458,3
2026-04-24 06:00:00,113,0,LB-04,7973.656,27.3365,26.64,832.28,0.989982,27.0627,2
2026-04-24 06:00:00,113,0,LB-05,8143.918,21.9266,26.86,832.66,0.989801,21.703,2
2026-04-24 06:00:00,113,0,LB-06,7917.299,24.7066,26.85,831.47,0.98978,24.4541,2
2026-04-24 06:00:00,113,0,LB-07,8054.747,30.8228,26.51,831.45,0.990075,30.5169,3
2026-04-24 06:00:00,113,0,LB-08,8128.386,31.385,26.66,831.67,0.989945,31.0695,3
2026-04-24 06:00:00,113,0,LB-09,7672.372,13.991,26.79,833.18,0.98987,13.8493,1
2026-04-24 06:00:00,113,0,LB-10,7842.656,13.0097,26.47,831.37,0.990105,12.8809,1
2026-04-24 14:00:00,113,1,LB-01,7999.96,33.1326,32.83,832.19,0.984629,32.6233,3
2026-04-24 14:00:00,113,1,LB-02,8103.258,43.8494,32.59,832.63,0.984851,43.1851,4
2026-04-24 14:00:00,113,1,LB-03,8091.108,10.799,32.97,832.41,0.984515,10.6318,1
2026-04-24 14:00:00,113,1,LB-04,7994.546,20.8908,32.93,833.04,0.984573,20.5685,2
2026-04-24 14:00:00,113,1,LB-05,8171.322,27.4036,33.23,831.58,0.984257,26.9722,2
2026-04-24 14:00:00,113,1,LB-06,7962.145,44.8463,32.62,831.99,0.984796,44.1645,4
2026-04-24 14:00:00,113,1,LB-07,8094.23,39.4822,32.68,832.56,0.984769,38.8808,3
2026-04-24 14:00:00,113,1,LB-08,8168.168,39.7822,32.65,831.43,0.984749,39.1755,3
2026-04-24 14:00:00,113,1,LB-09,7706.563,34.1909,32.89,832.09,0.984565,33.6632,3
2026-04-24 14:00:00,113,1,LB-10,7861.87,19.2146,32.98,832.1,0.98449,18.9166,2
2026-04-24 22:00:00,113,2,LB-01,8009.193,9.2322,28.5,832.43,0.988375,9.1248,1
2026-04-24 22:00:00,113,2,LB-02,8118.34,15.0816,28.95,832.01,0.987977,14.9002,1
2026-04-24 22:00:00,113,2,LB-03,8120.688,29.58,28.59,832.65,0.988307,29.2341,2
2026-04-24 22:00:00,113,2,LB-04,8014.252,19.7058,28.68,831.9,0.988209,19.4735,2
2026-04-24 22:00:00,113,2,LB-05,8189.575,18.2534,29.22,832.16,0.987748,18.0298,2
2026-04-24 22:00:00,113,2,LB-06,7973.14,10.9953,29.06,831.29,0.987858,10.8618,1
2026-04-24 22:00:00,113,2,LB-07,8106.153,11.9235,28.77,832.49,0.988143,11.7822,1
2026-04-24 22:00:00,113,2,LB-08,8188.553,20.3851,28.88,832.89,0.988066,20.1418,2
2026-04-24 22:00:00,113,2,LB-09,7720.6,14.0363,28.58,831.84,0.988294,13.872,1
2026-04-24 22:00:00,113,2,LB-10,7874.233,12.363,28.72,832.19,0.988184,12.2169,1
2026-04-25 06:00:00,114,0,LB-01,8038.052,28.8598,27.42,831.79,0.989294,28.5508,2
2026-04-25 06:00:00,114,0,LB-02,8136.944,18.6041,27.54,832.59,0.989211,18.4034,2
2026-04-25 06:00:00,114,0,LB-03,8145.456,24.7678,27.21,832.1,0.98948,24.5073,2
2026-04-25 06:00:00,114,0,LB-04,8038.839,24.5867,27.83,832.84,0.988967,24.3154,2
2026-04-25 06:00:00,114,0,LB-05,8216.02,26.4446,27.65,832.24,0.989106,26.1565,2
2026-04-25 06:00:00,114,0,LB-06,7985.692,12.5513,27.54,831.99,0.9892,12.4157,1
2026-04-25 06:00:00,114,0,LB-07,8124.848,18.6947,27.37,832.46,0.98935,18.4956,2
2026-04-25 06:00:00,114,0,LB-08,8205.295,16.7421,27.18,832.22,0.989516,16.5665,1
2026-04-25 06:00:00,114,0,LB-09,7756.702,36.1021,26.96,833.56,0.989735,35.7315,3
2026-04-25 06:00:00,114,0,LB-10,7893.937,19.7034,26.98,831.85,0.989677,19.5,2
2026-04-25 14:00:00,114,1,LB-01,8086.051,47.9988,33.02,833.56,0.98451,47.2553,4
2026-04-25 14:00:00,114,1,LB-02,8162.926,25.9826,33.21,832.88,0.984324,25.5753,2
2026-04-25 14:00:00,114,1,LB-03,8164.624,19.1677,32.61,832.65,0.98483,18.877,2
2026-04-25 14:00:00,114,1,LB-04,8069.39,30.5507,33.11,831.76,0.984362,30.073,3
2026-04-25 14:00:00,114,1,LB-05,8255.233,39.2132,32.35,831.75,0.985028,38.6261,3
2026-04-25 14:00:00,114,1,LB-06,8002.281,16.589,32.95,832.7,0.98454,16.3325,1
2026-04-25 14:00:00,114,1,LB-07,8158.579,33.7312,32.33,833.12,0.985089,33.2282,3
2026-04-25 14:00:00,114,1,LB-08,8238.044,32.7481,32.78,831.49,0.984643,32.2452,3
2026-04-25 14:00:00,114,1,LB-09,7785.422,28.7201,33.06,832.0,0.984417,28.2725,2
2026-04-25 14:00:00,114,1,LB-10,7904.672,10.7349,33.07,832.14,0.984419,10.5677,1
2026-04-25 22:00:00,114,2,LB-01,8109.839,23.7877,29.34,832.5,0.987651,23.4939,2
2026-04-25 22:00:00,114,2,LB-02,8180.576,17.6501,29.44,832.18,0.987554,17.4305,1
2026-04-25 22:00:00,114,2,LB-03,8172.758,8.1342,29.71,833.27,0.987356,8.0314,1
2026-04-25 22:00:00,114,2,LB-04,8076.563,7.1731,29.78,832.32,0.987272,7.0818,1
2026-04-25 22:00:00,114,2,LB-05,8274.562,19.3286,29.41,832.47,0.987594,19.0888,2
2026-04-25 22:00:00,114,2,LB-06,8011.147,8.8661,29.23,830.57,0.987695,8.757,1
2026-04-25 22:00:00,114,2,LB-07,8174.853,16.2739,29.4,832.58,0.987602,16.0721,1
2026-04-25 22:00:00,114,2,LB-08,8265.481,27.437,29.46,832.35,0.987548,27.0954,2
2026-04-25 22:00:00,114,2,LB-09,7799.318,13.8963,29.86,831.61,0.987178,13.7181,1
2026-04-25 22:00:00,114,2,LB-10,7923.614,18.9421,28.86,832.74,0.988079,18.7163,2
2026-04-26 06:00:00,115,0,LB-01,8129.772,19.9329,25.79,831.45,0.990697,19.7475,2
2026-04-26 06:00:00,115,0,LB-02,8199.965,19.3888,25.37,831.63,0.991062,19.2155,2
2026-04-26 06:00:00,115,0,LB-03,8201.977,29.2188,25.52,832.45,0.990954,28.9545,2
2026-04-26 06:00:00,115,0,LB-04,8093.289,16.7263,25.85,831.58,0.990642,16.5698,1
2026-04-26 06:00:00,115,0,LB-05,8300.21,25.6482,25.98,832.32,0.990555,25.406,2
2026-04-26 06:00:00,115,0,LB-06,8036.264,25.1169,25.66,832.53,0.990829,24.8866,2
2026-04-26 06:00:00,115,0,LB-07,8217.351,42.4979,25.57,832.92,0.990917,42.1119,4
2026-04-26 06:00:00,115,0,LB-08,8304.767,39.2868,25.96,832.69,0.990574,38.9165,3
2026-04-26 06:00:00,115,0,LB-09,7817.979,18.6607,25.53,833.06,0.990956,18.492,2
2026-04-26 06:00:00,115,0,LB-10,7971.109,47.4956,25.64,831.98,0.990835,47.0603,4
2026-04-26 14:00:00,115,1,LB-01,8149.434,19.6625,33.35,830.75,0.984121,19.3503,2
2026-04-26 14:00:00,115,1,LB-02,8236.456,36.4904,33.59,831.56,0.983944,35.9045,3
2026-04-26 14:00:00,115,1,LB-03,8226.869,24.892,33.22,832.85,0.984314,24.5015,2
2026-04-26 14:00:00,115,1,LB-04,8139.636,46.3473,33.07,831.52,0.984395,45.624,4
2026-04-26 14:00:00,115,1,LB-05,8323.173,22.9634,33.21,831.69,0.984274,22.6023,2
2026-04-26 14:00:00,115,1,LB-06,8050.635,14.3715,33.17,832.8,0.984351,14.1466,1
2026-04-26 14:00:00,115,1,LB-07,8264.248,46.8972,33.38,832.91,0.984177,46.1551,4
2026-04-26 14:00:00,115,1,LB-08,8365.331,60.5641,33.29,831.35,0.984198,59.6071,5
2026-04-26 14:00:00,115,1,LB-09,7846.438,28.4593,33.51,831.85,0.984026,28.0047,2
2026-04-26 14:00:00,115,1,LB-10,7984.673,13.5632,32.75,832.13,0.984689,13.3555,1
2026-04-26 22:00:00,115,2,LB-01,8163.101,13.6667,30.11,832.62,0.986992,13.4889,1
2026-04-26 22:00:00,115,2,LB-02,8251.896,15.4401,30.03,833.23,0.987083,15.2406,1
2026-04-26 22:00:00,115,2,LB-03,8244.182,17.3133,29.93,830.9,0.987092,17.0898,1
2026-04-26 22:00:00,115,2,LB-04,8161.239,21.6026,30.26,832.6,0.986861,21.3188,2
2026-04-26 22:00:00,115,2,LB-05,8335.322,12.1488,29.95,831.42,0.987097,11.992,1
2026-04-26 22:00:00,115,2,LB-06,8064.327,13.6912,29.97,832.2,0.987103,13.5147,1
2026-04-26 22:00:00,115,2,LB-07,8277.736,13.4876,30.22,832.61,0.986899,13.3109,1
2026-04-26 22:00:00,115,2,LB-08,8381.211,15.8796,29.83,831.77,0.987209,15.6765,1
2026-04-26 22:00:00,115,2,LB-09,7860.941,14.5027,30.35,832.79,0.986793,14.3111,1
2026-04-26 22:00:00,115,2,LB-10,7999.987,15.3145,30.31,831.69,0.986793,15.1122,1
2026-04-27 06:00:00,116,0,LB-01,8195.467,32.3661,26.1,832.46,0.990452,32.0571,3
2026-04-27 06:00:00,116,0,LB-02,8273.284,21.3884,26.94,832.77,0.989736,21.1689,2
2026-04-27 06:00:00,116,0,LB-03,8276.704,32.5219,26.58,831.9,0.99002,32.1974,3
2026-04-27 06:00:00,116,0,LB-04,8182.909,21.6697,26.55,831.82,0.990045,21.454,2
2026-04-27 06:00:00,116,0,LB-05,8361.793,26.4703,26.23,831.91,0.990321,26.2141,2
2026-04-27 06:00:00,116,0,LB-06,8072.006,7.6794,26.26,832.58,0.990315,7.6051,1
2026-04-27 06:00:00,116,0,LB-07,8296.417,18.6812,26.68,830.91,0.989914,18.4928,2
2026-04-27 06:00:00,116,0,LB-08,8420.851,39.6403,26.78,830.55,0.989816,39.2366,3
2026-04-27 06:00:00,116,0,LB-09,7890.889,29.9479,26.29,831.8,0.990268,29.6565,2
2026-04-27 06:00:00,116,0,LB-10,8007.966,7.9789,26.58,831.57,0.990016,7.8992,1
2026-04-27 14:00:00,116,1,LB-01,8214.679,19.2116,33.42,831.92,0.9841,18.9061,2
2026-04-27 14:00:00,116,1,LB-02,8288.979,15.6948,33.28,831.88,0.984223,15.4472,1
2026-04-27 14:00:00,116,1,LB-03,8285.695,8.991,33.81,831.07,0.98373,8.8447,1
2026-04-27 14:00:00,116,1,LB-04,8207.116,24.2076,33.6,832.84,0.983986,23.82,2
2026-04-27 14:00:00,116,1,LB-05,8392.619,30.8267,33.86,830.98,0.983686,30.3238,3
2026-04-27 14:00:00,116,1,LB-06,8109.875,37.8695,33.51,831.98,0.984026,37.2646,3
2026-04-27 14:00:00,116,1,LB-07,8324.058,27.6411,32.96,831.71,0.984496,27.2125,2
2026-04-27 14:00:00,116,1,LB-08,8467.8,46.9489,33.39,831.77,0.984124,46.2035,4
2026-04-27 14:00:00,116,1,LB-09,7913.162,22.2733,33.64,832.0,0.983914,21.9151,2
2026-04-27 14:00:00,116,1,LB-10,8048.436,40.4701,33.26,833.17,0.984289,39.8342,3
2026-04-27 22:00:00,116,2,LB-01,8230.465,15.7865,29.24,832.03,0.987723,15.5926,1
2026-04-27 22:00:00,116,2,LB-02,8314.188,25.2092,29.17,831.81,0.987781,24.9012,2
2026-04-27 22:00:00,116,2,LB-03,8312.334,26.6396,29.56,831.86,0.987445,26.3052,2
2026-04-27 22:00:00,116,2,LB-04,8225.453,18.3372,29.85,832.09,0.987204,18.1026,2
2026-04-27 22:00:00,116,2,LB-05,8413.197,20.5775,29.61,831.65,0.987392,20.3181,2
2026-04-27 22:00:00,116,2,LB-06,8122.321,12.4459,29.81,831.62,0.987223,12.2869,1
2026-04-27 22:00:00,116,2,LB-07,8342.973,18.9149,29.19,832.07,0.987773,18.6836,2
2026-04-27 22:00:00,116,2,LB-08,8488.164,20.364,29.2,832.73,0.987781,20.1152,2
2026-04-27 22:00:00,116,2,LB-09,7932.401,19.2387,29.34,832.21,0.987644,19.001,2
2026-04-27 22:00:00,116,2,LB-10,8066.172,17.7362,29.64,831.81,0.987378,17.5123,1
2026-04-28 06:00:00,117,0,LB-01,8240.365,9.8999,27.83,831.76,0.988936,9.7903,1
2026-04-28 06:00:00,117,0,LB-02,8325.909,11.7209,28.52,832.69,0.98837,11.5845,1
2026-04-28 06:00:00,117,0,LB-03,8328.792,16.4576,27.77,832.1,0.988996,16.2765,1
2026-04-28 06:00:00,117,0,LB-04,8246.998,21.5443,28.36,831.9,0.988484,21.2962,2
2026-04-28 06:00:00,117,0,LB-05,8440.699,27.5018,28.34,832.78,0.988529,27.1863,2
2026-04-28 06:00:00,117,0,LB-06,8130.22,7.8987,28.08,831.57,0.988713,7.8096,1
2026-04-28 06:00:00,117,0,LB-07,8364.908,21.9346,28.12,832.26,0.988699,21.6868,2
2026-04-28 06:00:00,117,0,LB-08,8500.306,12.1416,28.17,832.18,0.988653,12.0039,1
2026-04-28 06:00:00,117,0,LB-09,7964.257,31.8562,27.88,831.87,0.988894,31.5024,3
2026-04-28 06:00:00,117,0,LB-10,8106.94,40.7678,28.43,831.93,0.988423,40.2959,3
2026-04-28 14:00:00,117,1,LB-01,8275.589,35.2245,33.26,831.03,0.984205,34.6681,3
2026-04-28 14:00:00,117,1,LB-02,8350.789,24.8797,33.27,832.2,0.984245,24.4878,2
2026-04-28 14:00:00,117,1,LB-03,8370.098,41.3055,33.07,831.45,0.984391,40.6608,3
2026-04-28 14:00:00,117,1,LB-04,8288.311,41.3135,33.25,831.9,0.98425,40.6628,3
2026-04-28 14:00:00,117,1,LB-05,8473.838,33.1395,33.04,832.14,0.984438,32.6237,3
2026-04-28 14:00:00,117,1,LB-06,8141.357,11.1368,33.22,832.33,0.98429,10.9619,1
2026-04-28 14:00:00,117,1,LB-07,8401.337,36.43,33.23,832.36,0.984282,35.8574,3
2026-04-28 14:00:00,117,1,LB-08,8538.552,38.2461,33.09,831.44,0.984374,37.6484,3
2026-04-28 14:00:00,117,1,LB-09,7998.599,34.3419,33.45,831.55,0.98406,33.7945,3
2026-04-28 14:00:00,117,1,LB-10,8127.425,20.4851,33.15,830.88,0.9843,20.1635,2
2026-04-28 22:00:00,117,2,LB-01,8304.881,29.2919,29.72,831.96,0.987308,28.9201,2
2026-04-28 22:00:00,117,2,LB-02,8382.643,31.8546,28.9,831.59,0.988009,31.4727,3
2026-04-28 22:00:00,117,2,LB-03,8379.202,9.1046,29.21,831.54,0.987739,8.993,1
2026-04-28 22:00:00,117,2,LB-04,8298.046,9.735,28.68,831.12,0.988182,9.6199,1
2026-04-28 22:00:00,117,2,LB-05,8490.321,16.4831,29.08,831.63,0.987855,16.2829,1
2026-04-28 22:00:00,117,2,LB-06,8163.63,22.2729,28.73,832.94,0.988195,22.01,2
2026-04-28 22:00:00,117,2,LB-07,8412.562,11.2248,28.72,832.35,0.988181,11.0921,1
2026-04-28 22:00:00,117,2,LB-08,8550.887,12.3353,29.26,832.18,0.987711,12.1837,1
2026-04-28 22:00:00,117,2,LB-09,8013.167,14.5678,28.58,832.26,0.988307,14.3975,1
2026-04-28 22:00:00,117,2,LB-10,8140.698,13.2724,28.97,831.53,0.987948,13.1125,1
2026-04-29 06:00:00,118,0,LB-01,8315.627,10.7454,27.05,832.91,0.989642,10.6341,1
2026-04-29 06:00:00,118,0,LB-02,8396.818,14.1752,26.96,833.44,0.989732,14.0296,1
2026-04-29 06:00:00,118,0,LB-03,8397.244,18.0415,27.03,832.28,0.98964,17.8546,1
2026-04-29 06:00:00,118,0,LB-04,8313.459,15.4123,26.98,831.65,0.989674,15.2531,1
2026-04-29 06:00:00,118,0,LB-05,8513.181,22.8596,27.33,832.36,0.989382,22.6169,2
2026-04-29 06:00:00,118,0,LB-06,8195.417,31.7869,27.04,832.46,0.989636,31.4574,3
2026-04-29 06:00:00,118,0,LB-07,8429.502,16.9402,27.02,832.64,0.989659,16.7651,1
2026-04-29 06:00:00,118,0,LB-08,8569.646,18.7586,27.29,831.56,0.9894,18.5597,2
2026-04-29 06:00:00,118,0,LB-09,8044.904,31.7376,27.45,830.88,0.989242,31.3961,3
2026-04-29 06:00:00,118,0,LB-10,8161.524,20.826,26.87,831.7,0.989768,20.6129,2
2026-04-29 14:00:00,118,1,LB-01,8369.891,54.264,34.34,832.53,0.983333,53.3596,4
2026-04-29 14:00:00,118,1,LB-02,8419.116,22.2971,34.29,832.0,0.983355,21.926,2
2026-04-29 14:00:00,118,1,LB-03,8438.057,40.8135,34.66,831.31,0.983003,40.1198,3
2026-04-29 14:00:00,118,1,LB-04,8337.009,23.5503,34.12,832.62,0.983525,23.1623,2
2026-04-29 14:00:00,118,1,LB-05,8571.184,58.0032,34.3,832.81,0.983379,57.0391,5
2026-04-29 14:00:00,118,1,LB-06,8214.273,18.8561,34.07,832.42,0.983562,18.5462,2
2026-04-29 14:00:00,118,1,LB-07,8449.223,19.7202,34.37,831.88,0.983278,19.3905,2
2026-04-29 14:00:00,118,1,LB-08,8601.504,31.8579,33.94,832.28,0.983666,31.3375,3
2026-04-29 14:00:00,118,1,LB-09,8098.503,53.5989,34.28,832.44,0.983376,52.7078,4
2026-04-29 14:00:00,118,1,LB-10,8183.69,22.1661,34.61,832.14,0.98308,21.7911,2
2026-04-29 22:00:00,118,2,LB-01,8389.545,19.6544,28.36,831.23,0.988465,19.4277,2
2026-04-29 22:00:00,118,2,LB-02,8429.403,10.2876,28.03,830.9,0.988739,10.1718,1
2026-04-29 22:00:00,118,2,LB-03,8459.392,21.3354,28.42,833.1,0.988468,21.0894,2
2026-04-29 22:00:00,118,2,LB-04,8353.803,16.7942,28.69,832.08,0.9882,16.596,1
2026-04-29 22:00:00,118,2,LB-05,8580.598,9.4145,28.62,831.88,0.988257,9.3039,1
2026-04-29 22:00:00,118,2,LB-06,8231.909,17.6366,28.55,832.69,0.988343,17.431,1
2026-04-29 22:00:00,118,2,LB-07,8459.151,9.9283,28.53,832.3,0.988345,9.8125,1
2026-04-29 22:00:00,118,2,LB-08,8627.723,26.2188,28.3,831.42,0.988522,25.9178,2
2026-04-29 22:00:00,118,2,LB-09,8109.222,10.7186,28.7,832.57,0.988212,10.5923,1
2026-04-29 22:00:00,118,2,LB-10,8192.594,8.904,28.23,831.63,0.988588,8.8024,1
2026-04-30 06:00:00,119,0,LB-01,8417.788,28.2428,28.15,832.01,0.988665,27.9227,2
2026-04-30 06:00:00,119,0,LB-02,8446.124,16.7208,28.17,831.16,0.988624,16.5306,1
2026-04-30 06:00:00,119,0,LB-03,8484.649,25.2568,27.74,832.58,0.989034,24.9799,2
2026-04-30 06:00:00,119,0,LB-04,8379.306,25.5026,28.74,831.82,0.988153,25.2005,2
2026-04-30 06:00:00,119,0,LB-05,8592.748,12.1496,27.85,831.26,0.988905,12.0148,1
2026-04-30 06:00:00,119,0,LB-06,8253.18,21.2701,28.02,832.26,0.988786,21.0316,2
2026-04-30 06:00:00,119,0,LB-07,8479.028,19.8768,27.65,831.75,0.989096,19.66,2
2026-04-30 06:00:00,119,0,LB-08,8652.37,24.6478,28.14,831.96,0.988679,24.3688,2
2026-04-30 06:00:00,119,0,LB-09,8138.758,29.5367,28.49,832.78,0.988394,29.1939,2
2026-04-30 06:00:00,119,0,LB-10,8214.98,22.3862,27.89,831.8,0.988889,22.1375,2
2026-04-30 14:00:00,119,1,LB-01,8463.062,45.2737,33.46,831.7,0.984056,44.5519,4
2026-04-30 14:00:00,119,1,LB-02,8494.36,48.2358,33.07,833.08,0.984454,47.4859,4
2026-04-30 14:00:00,119,1,LB-03,8507.275,22.6253,33.34,831.6,0.984164,22.267,2
2026-04-30 14:00:00,119,1,LB-04,8423.494,44.1882,33.26,832.06,0.984248,43.4922,4
2026-04-30 14:00:00,119,1,LB-05,8620.132,27.3837,33.3,832.49,0.984229,26.9518,2
2026-04-30 14:00:00,119,1,LB-06,8267.069,13.8894,33.2,831.36,0.984275,13.671,1
2026-04-30 14:00:00,119,1,LB-07,8506.306,27.2784,32.89,831.11,0.984534,26.8565,2
2026-04-30 14:00:00,119,1,LB-08,8698.222,45.8514,33.62,832.04,0.983937,45.1149,4
2026-04-30 14:00:00,119,1,LB-09,8166.189,27.4302,33.12,832.61,0.984389,27.002,2
2026-04-30 14:00:00,119,1,LB-10,8229.742,14.7617,33.6,833.15,0.983996,14.5254,1
2026-04-30 22:00:00,119,2,LB-01,8483.621,20.5594,28.82,832.05,0.98809,20.3145,2
2026-04-30 22:00:00,119,2,LB-02,8512.528,18.1679,28.91,832.23,0.988018,17.9502,1
2026-04-30 22:00:00,119,2,LB-03,8526.335,19.0607,28.66,832.25,0.988236,18.8365,2
2026-04-30 22:00:00,119,2,LB-04,8441.548,18.0546,28.69,832.65,0.98822,17.8419,1
2026-04-30 22:00:00,119,2,LB-05,8626.185,6.0532,28.91,831.7,0.988005,5.9806,0
2026-04-30 22:00:00,119,2,LB-06,8310.604,43.5348,28.87,831.56,0.988029,43.0136,4
2026-04-30 22:00:00,119,2,LB-07,8515.382,9.0755,29.01,832.03,0.987927,8.966,1
2026-04-30 22:00:00,119,2,LB-08,8711.861,13.6391,28.8,830.83,0.988069,13.4764,1
2026-04-30 22:00:00,119,2,LB-09,8189.045,22.8561,28.81,832.78,0.988119,22.5846,2
2026-04-30 22:00:00,119,2,LB-10,8236.779,7.0371,28.49,831.86,0.988369,6.9552,1
2026-05-01 06:00:00,120,0,LB-01,8528.477,44.856,27.51,833.51,0.989261,44.3743,4
2026-05-01 06:00:00,120,0,LB-02,8538.86,26.3319,28.08,832.45,0.988744,26.0355,2
2026-05-01 06:00:00,120,0,LB-03,8542.713,16.3772,28.01,831.66,0.988778,16.1934,1
2026-05-01 06:00:00,120,0,LB-04,8459.439,17.89,27.55,831.23,0.989164,17.6962,1
2026-05-01 06:00:00,120,0,LB-05,8671.497,45.3117,28.22,832.5,0.988619,44.796,4
2026-05-01 06:00:00,120,0,LB-06,8327.45,16.8467,27.66,830.65,0.989056,16.6623,1
2026-05-01 06:00:00,120,0,LB-07,8539.854,24.472,27.89,832.35,0.988902,24.2004,2
2026-05-01 06:00:00,120,0,LB-08,8732.635,20.774,27.64,832.41,0.989123,20.5481,2
2026-05-01 06:00:00,120,0,LB-09,8213.565,24.5199,28.23,833.79,0.988649,24.2416,2
2026-05-01 06:00:00,120,0,LB-10,8268.426,31.6473,28.06,832.61,0.988762,31.2916,3
2026-05-01 14:00:00,120,1,LB-01,8546.623,18.1458,33.61,831.41,0.983921,17.854,1
2026-05-01 14:00:00,120,1,LB-02,8557.231,18.3713,33.76,830.6,0.983761,18.073,2
2026-05-01 14:00:00,120,1,LB-03,8589.212,46.4993,32.96,831.37,0.984478,45.7776,4
2026-05-01 14:00:00,120,1,LB-04,8491.956,32.5177,33.35,831.3,0.984137,32.0019,3
2026-05-01 14:00:00,120,1,LB-05,8697.165,25.6685,33.59,832.34,0.983975,25.2571,2
2026-05-01 14:00:00,120,1,LB-06,8361.797,34.3461,33.42,832.82,0.984136,33.8012,3
2026-05-01 14:00:00,120,1,LB-07,8616.809,76.9555,33.01,832.97,0.984498,75.7626,6
2026-05-01 14:00:00,120,1,LB-08,8749.787,17.1524,33.62,831.17,0.983905,16.8764,1
2026-05-01 14:00:00,120,1,LB-09,8251.589,38.024,33.74,832.31,0.983838,37.4094,3
2026-05-01 14:00:00,120,1,LB-10,8289.543,21.1168,33.3,831.95,0.984208,20.7833,2
2026-05-01 22:00:00,120,2,LB-01,8562.565,15.9417,28.82,831.51,0.988071,15.7516,1
2026-05-01 22:00:00,120,2,LB-02,8586.504,29.2727,29.3,832.37,0.987684,28.9122,2
2026-05-01 22:00:00,120,2,LB-03,8595.84,6.6283,29.04,832.62,0.987916,6.5482,1
2026-05-01 22:00:00,120,2,LB-04,8506.385,14.429,28.65,832.26,0.988246,14.2594,1
2026-05-01 22:00:00,120,2,LB-05,8711.467,14.3018,29.35,831.72,0.987625,14.1248,1
2026-05-01 22:00:00,120,2,LB-06,8373.577,11.781,29.41,831.74,0.987574,11.6346,1
2026-05-01 22:00:00,120,2,LB-07,8648.01,31.2011,28.9,831.22,0.987997,30.8265,3
2026-05-01 22:00:00,120,2,LB-08,8769.196,19.4089,29.39,831.45,0.987579,19.1678,2
2026-05-01 22:00:00,120,2,LB-09,8275.928,24.3391,29.21,831.0,0.987723,24.0402,2
2026-05-01 22:00:00,120,2,LB-10,8302.463,12.9201,29.18,832.32,0.987785,12.7623,1
2026-05-02 06:00:00,121,0,LB-01,8571.074,8.5098,26.9,831.35,0.989733,8.4224,1
2026-05-02 06:00:00,121,0,LB-02,8602.058,15.5539,27.36,832.39,0.989365,15.3885,1
2026-05-02 06:00:00,121,0,LB-03,8634.747,38.907,26.92,832.56,0.989747,38.508,3
2026-05-02 06:00:00,121,0,LB-04,8521.268,14.8829,27.03,832.7,0.989656,14.7289,1
2026-05-02 06:00:00,121,0,LB-05,8751.989,40.5218,27.52,832.3,0.989218,40.0849,3
2026-05-02 06:00:00,121,0,LB-06,8395.879,22.302,27.22,832.36,0.989482,22.0674,2
2026-05-02 06:00:00,121,0,LB-07,8682.866,34.8559,26.53,831.87,0.990069,34.5098,3
2026-05-02 06:00:00,121,0,LB-08,8801.605,32.4093,27.46,832.97,0.98929,32.0622,3
2026-05-02 06:00:00,121,0,LB-09,8328.187,52.2588,27.35,831.77,0.989354,51.7024,4
2026-05-02 06:00:00,121,0,LB-10,8333.19,30.7268,27.01,831.28,0.989639,30.4084,3
2026-05-02 14:00:00,121,1,LB-01,8601.691,30.6171,33.87,832.0,0.983716,30.1186,3
2026-05-02 14:00:00,121,1,LB-02,8639.755,37.6979,33.99,830.98,0.983572,37.0786,3
2026-05-02 14:00:00,121,1,LB-03,8667.921,33.174,33.87,831.89,0.983715,32.6337,3
2026-05-02 14:00:00,121,1,LB-04,8552.725,31.4569,34.09,832.57,0.983553,30.9396,3
2026-05-02 14:00:00,121,1,LB-05,8790.366,38.3776,33.62,832.23,0.983941,37.7613,3
2026-05-02 14:00:00,121,1,LB-06,8429.451,33.5711,34.07,832.05,0.983547,33.0187,3
2026-05-02 14:00:00,121,1,LB-07,8718.35,35.484,33.99,831.97,0.983611,34.9024,3
2026-05-02 14:00:00,121,1,LB-08,8833.731,32.1255,34.13,832.08,0.983497,31.5953,3
2026-05-02 14:00:00,121,1,LB-09,8366.936,38.7497,34.23,832.5,0.983422,38.1073,3
2026-05-02 14:00:00,121,1,LB-10,8356.214,23.0243,34.02,831.82,0.983577,22.6461,2
2026-05-02 22:00:00,121,2,LB-01,8621.494,19.8028,26.95,831.63,0.989698,19.5988,2
2026-05-02 22:00:00,121,2,LB-02,8653.897,14.1414,26.93,832.59,0.98974,13.9964,1
2026-05-02 22:00:00,121,2,LB-03,8683.144,15.2227,27.14,831.77,0.989539,15.0635,1
2026-05-02 22:00:00,121,2,LB-04,8567.072,14.3472,26.92,832.74,0.989747,14.2001,1
2026-05-02 22:00:00,121,2,LB-05,8815.195,24.8286,26.97,831.44,0.989674,24.5722,2
2026-05-02 22:00:00,121,2,LB-06,8448.931,19.4801,27.11,831.07,0.989544,19.2764,2
2026-05-02 22:00:00,121,2,LB-07,8732.569,14.2191,27.18,832.63,0.989519,14.0701,1
2026-05-02 22:00:00,121,2,LB-08,8847.199,13.4681,26.89,833.01,0.989785,13.3306,1
2026-05-02 22:00:00,121,2,LB-09,8392.375,25.4384,26.93,832.57,0.989737,25.1773,2
2026-05-02 22:00:00,121,2,LB-10,8373.021,16.8072,27.1,832.16,0.989582,16.6321,1
2026-05-03 06:00:00,122,0,LB-01,8652.204,30.7095,26.72,832.42,0.989919,30.3999,3
2026-05-03 06:00:00,122,0,LB-02,8664.59,10.6928,26.71,831.43,0.989896,10.5847,1
2026-05-03 06:00:00,122,0,LB-03,8722.058,38.9145,26.71,831.23,0.989892,38.5212,3
2026-05-03 06:00:00,122,0,LB-04,8588.154,21.0813,26.64,831.62,0.989964,20.8697,2
2026-05-03 06:00:00,122,0,LB-05,8848.277,33.0815,27.34,832.46,0.989382,32.7302,3
2026-05-03 06:00:00,122,0,LB-06,8472.991,24.0604,26.78,831.06,0.989831,23.8157,2
2026-05-03 06:00:00,122,0,LB-07,8751.483,18.914,27.5,830.23,0.98918,18.7094,2
2026-05-03 06:00:00,122,0,LB-08,8861.758,14.5592,26.73,831.63,0.989888,14.412,1
2026-05-03 06:00:00,122,0,LB-09,8416.742,24.3675,27.04,831.87,0.989627,24.1147,2
2026-05-03 06:00:00,122,0,LB-10,8391.165,18.1434,27.19,832.75,0.989515,17.9532,1
2026-05-03 14:00:00,122,1,LB-01,8666.648,14.4444,34.42,832.13,0.983247,14.2024,1
2026-05-03 14:00:00,122,1,LB-02,8702.258,37.6685,34.69,832.96,0.983047,37.0299,3
2026-05-03 14:00:00,122,1,LB-03,8739.273,17.215,34.41,832.28,0.98326,16.9268,1
2026-05-03 14:00:00,122,1,LB-04,8604.734,16.5802,34.48,832.58,0.983214,16.3019,1
2026-05-03 14:00:00,122,1,LB-05,8887.135,38.8589,34.83,831.69,0.982873,38.1933,3
2026-05-03 14:00:00,122,1,LB-06,8505.022,32.0309,34.37,831.56,0.983261,31.4947,3
2026-05-03 14:00:00,122,1,LB-07,8775.895,24.4114,34.49,831.49,0.983156,24.0003,2
2026-05-03 14:00:00,122,1,LB-08,8887.497,25.7387,34.42,832.5,0.983258,25.3078,2
2026-05-03 14:00:00,122,1,LB-09,8438.755,22.0131,34.67,831.16,0.982986,21.6385,2
2026-05-03 14:00:00,122,1,LB-10,8419.087,27.9223,35.07,832.06,0.982682,27.4388,2
2026-05-03 22:00:00,122,2,LB-01,8675.195,8.5473,29.04,832.99,0.987927,8.4441,1
2026-05-03 22:00:00,122,2,LB-02,8712.957,10.6987,28.63,831.88,0.988251,10.573,1
2026-05-03 22:00:00,122,2,LB-03,8775.876,36.6025,28.87,832.18,0.988053,36.1652,3
2026-05-03 22:00:00,122,2,LB-04,8626.477,21.7428,28.98,831.4,0.987933,21.4804,2
2026-05-03 22:00:00,122,2,LB-05,8910.326,23.1909,28.18,832.37,0.988651,22.9277,2
2026-05-03 22:00:00,122,2,LB-06,8510.713,5.6909,29.25,833.89,0.987771,5.6213,0
2026-05-03 22:00:00,122,2,LB-07,8790.507,14.6123,29.18,831.88,0.987776,14.4337,1
2026-05-03 22:00:00,122,2,LB-08,8907.431,19.9345,28.83,832.45,0.988094,19.6971,2
2026-05-03 22:00:00,122,2,LB-09,8452.633,13.8782,28.91,832.42,0.988025,13.712,1
2026-05-03 22:00:00,122,2,LB-10,8429.55,10.4632,28.67,831.15,0.988196,10.3397,1
2026-05-04 06:00:00,123,0,LB-01,8692.81,17.6142,26.91,831.73,0.989732,17.4333,1
2026-05-04 06:00:00,123,0,LB-02,8735.137,22.1804,26.95,832.56,0.989718,21.9524,2
2026-05-04 06:00:00,123,0,LB-03,8797.284,21.4077,26.85,833.21,0.989819,21.1898,2
2026-05-04 06:00:00,123,0,LB-04,8652.273,25.7963,26.87,831.98,0.989776,25.5325,2
2026-05-04 06:00:00,123,0,LB-05,8927.971,17.6451,27.38,831.49,0.98932,17.4567,1
2026-05-04 06:00:00,123,0,LB-06,8530.622,19.9094,26.55,831.74,0.990041,19.7111,2
2026-05-04 06:00:00,123,0,LB-07,8812.192,21.6847,26.55,832.02,0.990048,21.4689,2
2026-05-04 06:00:00,123,0,LB-08,8961.14,53.7081,27.03,830.79,0.989605,53.1498,4
2026-05-04 06:00:00,123,0,LB-09,8466.179,13.5456,26.97,831.15,0.989668,13.4057,1
2026-05-04 06:00:00,123,0,LB-10,8450.481,20.9313,27.53,830.93,0.989173,20.7047,2
2026-05-04 14:00:00,123,1,LB-01,8736.339,43.5297,33.3,832.2,0.984222,42.8429,4
2026-05-04 14:00:00,123,1,LB-02,8780.553,45.4162,32.85,831.34,0.984574,44.7156,4
2026-05-04 14:00:00,123,1,LB-03,8814.766,17.4821,32.61,832.09,0.984814,17.2167,1
2026-05-04 14:00:00,123,1,LB-04,8691.231,38.9584,33.07,832.1,0.984414,38.3512,3
2026-05-04 14:00:00,123,1,LB-05,8950.022,22.0502,32.73,831.63,0.984688,21.7125,2
2026-05-04 14:00:00,123,1,LB-06,8564.041,33.4184,33.07,831.2,0.98438,32.8964,3
2026-05-04 14:00:00,123,1,LB-07,8841.695,29.5031,32.82,832.55,0.984647,29.0502,2
2026-05-04 14:00:00,123,1,LB-08,8968.871,7.7312,32.81,832.21,0.984644,7.6125,1
2026-05-04 14:00:00,123,1,LB-09,8533.886,67.7072,33.03,833.11,0.98449,66.6571,6
2026-05-04 14:00:00,123,1,LB-10,8482.423,31.9413,33.28,831.75,0.984216,31.4372,3
2026-05-04 22:00:00,123,2,LB-01,8763.391,27.0522,30.02,831.54,0.987032,26.7014,2
2026-05-04 22:00:00,123,2,LB-02,8793.936,13.3827,29.49,832.43,0.987522,13.2157,1
2026-05-04 22:00:00,123,2,LB-03,8836.281,21.5154,29.92,833.07,0.987172,21.2394,2
2026-05-04 22:00:00,123,2,LB-04,8705.016,13.7844,30.23,832.9,0.986898,13.6038,1
2026-05-04 22:00:00,123,2,LB-05,8966.256,16.2341,30.08,831.76,0.986991,16.0229,1
2026-05-04 22:00:00,123,2,LB-06,8579.226,15.1854,30.01,831.19,0.98703,14.9884,1
2026-05-04 22:00:00,123,2,LB-07,8855.43,13.7347,30.03,832.93,0.987071,13.5571,1
2026-05-04 22:00:00,123,2,LB-08,8994.948,26.0771,30.0,831.4,0.987051,25.7394,2
2026-05-04 22:00:00,123,2,LB-09,8549.181,15.2949,30.26,831.19,0.986816,15.0932,1
2026-05-04 22:00:00,123,2,LB-10,8491.495,9.0726,30.36,831.01,0.986728,8.9522,1
2026-05-05 06:00:00,124,0,LB-01,8790.249,26.8571,28.17,830.76,0.988613,26.5513,2
2026-05-05 06:00:00,124,0,LB-02,8810.286,16.3496,27.64,831.26,0.989088,16.1712,1
2026-05-05 06:00:00,124,0,LB-03,8866.316,30.0345,28.28,833.13,0.988588,29.6917,2
2026-05-05 06:00:00,124,0,LB-04,8720.207,15.1912,28.24,831.45,0.988572,15.0176,1
2026-05-05 06:00:00,124,0,LB-05,9007.394,41.1379,28.16,832.4,0.988667,40.6717,3
2026-05-05 06:00:00,124,0,LB-06,8609.944,30.7176,28.04,830.74,0.988725,30.3712,3
2026-05-05 06:00:00,124,0,LB-07,8871.916,16.4868,28.43,832.28,0.988437,16.2962,1
2026-05-05 06:00:00,124,0,LB-08,9022.95,28.0019,28.47,831.61,0.988384,27.6767,2
2026-05-05 06:00:00,124,0,LB-09,8580.855,31.6738,28.44,832.31,0.98843,31.3074,3
2026-05-05 06:00:00,124,0,LB-10,8504.862,13.3664,28.32,831.43,0.988506,13.2128,1
2026-05-05 14:00:00,124,1,LB-01,8824.518,34.2693,33.59,831.09,0.983925,33.7185,3
2026-05-05 14:00:00,124,1,LB-02,8827.537,17.2508,33.66,831.74,0.983885,16.9728,1
2026-05-05 14:00:00,124,1,LB-03,8896.921,30.6056,33.05,832.17,0.98443,30.1291,3
2026-05-05 14:00:00,124,1,LB-04,8748.561,28.3537,33.46,831.81,0.984061,27.9017,2
2026-05-05 14:00:00,124,1,LB-05,9035.944,28.5508,33.26,831.36,0.984217,28.1002,2
2026-05-05 14:00:00,124,1,LB-06,8620.501,10.5573,33.22,832.49,0.984296,10.3915,1
2026-05-05 14:00:00,124,1,LB-07,8891.581,19.665,33.78,830.62,0.983743,19.3453,2
2026-05-05 14:00:00,124,1,LB-08,9074.759,51.8096,33.8,832.29,0.983785,50.9695,4
2026-05-05 14:00:00,124,1,LB-09,8600.105,19.2504,33.66,831.61,0.983882,18.9401,2
2026-05-05 14:00:00,124,1,LB-10,8518.031,13.1691,33.56,831.59,0.983967,12.958,1
2026-05-05 22:00:00,124,2,LB-01,8840.367,15.8488,29.13,831.87,0.987816,15.6557,1
2026-05-05 22:00:00,124,2,LB-02,8847.645,20.1089,29.21,832.0,0.987752,19.8626,2
2026-05-05 22:00:00,124,2,LB-03,8920.67,23.7489,29.13,831.49,0.987803,23.4593,2
2026-05-05 22:00:00,124,2,LB-04,8761.228,12.667,29.11,833.02,0.987866,12.5133,1
2026-05-05 22:00:00,124,2,LB-05,9050.484,14.5395,29.16,831.93,0.987789,14.3619,1
2026-05-05 22:00:00,124,2,LB-06,8636.42,15.9195,29.62,832.83,0.987419,15.7192,1
2026-05-05 22:00:00,124,2,LB-07,8916.901,25.3199,29.32,831.21,0.987635,25.0068,2
2026-05-05 22:00:00,124,2,LB-08,9085.835,11.0753,28.85,830.69,0.988021,10.9426,1
2026-05-05 22:00:00,124,2,LB-09,8616.187,16.0821,29.26,832.4,0.987718,15.8846,1
2026-05-05 22:00:00,124,2,LB-10,8535.737,17.7062,29.27,832.92,0.987728,17.4889,1
2026-05-06 06:00:00,125,0,LB-01,8860.526,20.1591,26.78,831.86,0.989846,19.9544,2
2026-05-06 06:00:00,125,0,LB-02,8873.225,25.5794,26.86,831.98,0.989786,25.3182,2
2026-05-06 06:00:00,125,0,LB-03,8948.139,27.4686,27.23,832.5,0.989478,27.1796,2
2026-05-06 06:00:00,125,0,LB-04,8796.556,35.3289,27.38,831.97,0.989332,34.952,3
2026-05-06 06:00:00,125,0,LB-05,9077.298,26.8139,27.41,831.65,0.9893,26.5269,2
2026-05-06 06:00:00,125,0,LB-06,8649.495,13.0741,26.98,832.28,0.989687,12.9393,1
2026-05-06 06:00:00,125,0,LB-07,8923.006,6.1044,27.08,832.57,0.989606,6.041,1
2026-05-06 06:00:00,125,0,LB-08,9105.981,20.1461,26.9,832.56,0.989759,19.9398,2
2026-05-06 06:00:00,125,0,LB-09,8630.572,14.3844,27.55,832.79,0.989204,14.2292,1
2026-05-06 06:00:00,125,0,LB-10,8561.796,26.0586,27.11,832.28,0.989574,25.7869,2
2026-05-06 14:00:00,125,1,LB-01,8890.018,29.492,33.31,831.08,0.984164,29.0249,2
2026-05-06 14:00:00,125,1,LB-02,8911.415,38.1902,33.62,832.54,0.983955,37.5774,3
2026-05-06 14:00:00,125,1,LB-03,8972.322,24.1835,33.29,832.12,0.984223,23.802,2
2026-05-06 14:00:00,125,1,LB-04,8819.159,22.6022,32.94,831.92,0.984515,22.2522,2
2026-05-06 14:00:00,125,1,LB-05,9120.954,43.6563,33.45,832.72,0.984108,42.9625,4
2026-05-06 14:00:00,125,1,LB-06,8682.97,33.4756,33.74,832.87,0.983867,32.9356,3
2026-05-06 14:00:00,125,1,LB-07,8953.464,30.4579,33.43,831.9,0.984097,29.9736,2
2026-05-06 14:00:00,125,1,LB-08,9126.716,20.7356,33.24,832.3,0.984277,20.4096,2
2026-05-06 14:00:00,125,1,LB-09,8645.445,14.8731,33.33,832.11,0.984185,14.6379,1
2026-05-06 14:00:00,125,1,LB-10,8614.381,52.5848,33.02,833.43,0.984504,51.77,4
2026-05-06 22:00:00,125,2,LB-01,8899.407,9.3893,29.48,832.41,0.987532,9.2722,1
2026-05-06 22:00:00,125,2,LB-02,8918.376,6.9609,29.83,831.46,0.987198,6.8718,1
2026-05-06 22:00:00,125,2,LB-03,8979.792,7.4693,29.32,832.44,0.987671,7.3772,1
2026-05-06 22:00:00,125,2,LB-04,8829.437,10.2785,29.79,831.66,0.98724,10.1473,1
2026-05-06 22:00:00,125,2,LB-05,9134.618,13.6635,29.61,831.65,0.987392,13.4912,1
2026-05-06 22:00:00,125,2,LB-06,8698.364,15.3938,29.36,831.84,0.987618,15.2031,1
2026-05-06 22:00:00,125,2,LB-07,8972.25,18.7861,29.66,832.77,0.987387,18.5491,2
2026-05-06 22:00:00,125,2,LB-08,9143.816,17.0997,29.5,831.5,0.987486,16.8857,1
2026-05-06 22:00:00,125,2,LB-09,8666.167,20.7216,29.39,832.06,0.987596,20.4646,2
2026-05-06 22:00:00,125,2,LB-10,8632.66,18.2799,29.76,831.79,0.987267,18.0472,2
2026-05-07 06:00:00,126,0,LB-01,8915.486,16.0786,27.61,831.32,0.989114,15.9036,1
2026-05-07 06:00:00,126,0,LB-02,8956.225,37.8495,27.33,832.42,0.989384,37.4477,3
2026-05-07 06:00:00,126,0,LB-03,9001.237,21.4453,27.88,831.82,0.9889,21.2072,2
2026-05-07 06:00:00,126,0,LB-04,8861.097,31.6596,28.23,831.08,0.988571,31.2978,3
2026-05-07 06:00:00,126,0,LB-05,9173.035,38.4174,27.75,832.3,0.989022,37.9956,3
2026-05-07 06:00:00,126,0,LB-06,8717.591,19.2269,27.76,833.02,0.989031,19.016,2
2026-05-07 06:00:00,126,0,LB-07,8993.277,21.0272,27.97,831.61,0.988811,20.7919,2
2026-05-07 06:00:00,126,0,LB-08,9155.301,11.4851,27.93,831.83,0.988851,11.357,1
2026-05-07 06:00:00,126,0,LB-09,8700.304,34.1372,28.17,831.98,0.988653,33.7498,3
2026-05-07 06:00:00,126,0,LB-10,8667.017,34.3563,27.94,832.93,0.988877,33.9741,3
2026-05-07 14:00:00,126,1,LB-01,8954.971,39.4855,34.41,831.85,0.983241,38.8237,3
2026-05-07 14:00:00,126,1,LB-02,8995.348,39.1228,34.33,832.01,0.983319,38.4702,3
2026-05-07 14:00:00,126,1,LB-03,9024.231,22.9938,34.61,831.39,0.983052,22.6041,2
2026-05-07 14:00:00,126,1,LB-04,8883.192,22.095,34.07,832.19,0.983555,21.7316,2
2026-05-07 14:00:00,126,1,LB-05,9230.833,57.7982,33.52,832.52,0.984043,56.8759,5
2026-05-07 14:00:00,126,1,LB-06,8738.965,21.3745,34.13,832.55,0.983509,21.022,2
2026-05-07 14:00:00,126,1,LB-07,9022.737,29.4599,34.18,831.6,0.983432,28.9718,2
2026-05-07 14:00:00,126,1,LB-08,9171.075,15.7736,34.75,831.94,0.98295,15.5046,1
2026-05-07 14:00:00,126,1,LB-09,8736.749,36.4451,33.73,832.83,0.983866,35.8571,3
2026-05-07 14:00:00,126,1,LB-10,8711.747,44.73,33.99,831.47,0.983593,43.9962,4
2026-05-07 22:00:00,126,2,LB-01,8968.127,13.1562,28.42,832.7,0.988458,13.0044,1
2026-05-07 22:00:00,126,2,LB-02,9019.164,23.816,28.92,831.22,0.987983,23.5298,2
2026-05-07 22:00:00,126,2,LB-03,9038.393,14.1625,28.85,831.82,0.988056,13.9934,1
2026-05-07 22:00:00,126,2,LB-04,8903.694,20.5027,29.42,832.31,0.987581,20.2481,2
2026-05-07 22:00:00,126,2,LB-05,9244.565,13.7316,29.0,832.21,0.987939,13.566,1
2026-05-07 22:00:00,126,2,LB-06,8759.985,21.0201,28.9,832.46,0.988031,20.7685,2
2026-05-07 22:00:00,126,2,LB-07,9035.099,12.3626,28.64,830.71,0.988208,12.2168,1
2026-05-07 22:00:00,126,2,LB-08,9195.598,24.5231,28.89,831.69,0.988022,24.2294,2
2026-05-07 22:00:00,126,2,LB-09,8752.098,15.3492,28.74,831.93,0.988158,15.1674,1
2026-05-07 22:00:00,126,2,LB-10,8727.569,15.8222,29.53,831.37,0.987458,15.6238,1
2026-05-08 06:00:00,127,0,LB-01,8982.437,14.3093,26.68,832.24,0.989945,14.1654,1
2026-05-08 06:00:00,127,0,LB-02,9035.625,16.4603,27.22,831.63,0.989465,16.2869,1
2026-05-08 06:00:00,127,0,LB-03,9073.519,35.1256,27.1,832.19,0.989581,34.7597,3
2026-05-08 06:00:00,127,0,LB-04,8942.674,38.9794,27.0,832.73,0.989677,38.577,3
2026-05-08 06:00:00,127,0,LB-05,9263.858,19.2935,27.26,832.22,0.98944,19.0898,2
2026-05-08 06:00:00,127,0,LB-06,8772.232,12.2465,27.15,832.02,0.98953,12.1182,1
2026-05-08 06:00:00,127,0,LB-07,9079.041,43.9414,27.37,833.2,0.989375,43.4745,4
2026-05-08 06:00:00,127,0,LB-08,9207.326,11.7282,26.83,832.56,0.989827,11.6089,1
2026-05-08 06:00:00,127,0,LB-09,8759.652,7.5543,26.87,831.88,0.989771,7.477,1
2026-05-08 06:00:00,127,0,LB-10,8748.442,20.8731,27.0,832.31,0.989669,20.6575,2
2026-05-08 14:00:00,127,1,LB-01,8998.239,15.8022,34.75,832.52,0.982972,15.5331,1
2026-05-08 14:00:00,127,1,LB-02,9061.845,26.2206,34.41,832.31,0.983265,25.7818,2
2026-05-08 14:00:00,127,1,LB-03,9093.562,20.0432,34.36,832.11,0.983293,19.7083,2
2026-05-08 14:00:00,127,1,LB-04,8979.366,36.6922,34.29,832.18,0.983362,36.0817,3
2026-05-08 14:00:00,127,1,LB-05,9282.884,19.0254,34.23,832.07,0.98341,18.7098,2
2026-05-08 14:00:00,127,1,LB-06,8793.014,20.7817,34.09,831.59,0.98351,20.4391,2
2026-05-08 14:00:00,127,1,LB-07,9100.678,21.6373,33.82,831.29,0.983731,21.2853,2
2026-05-08 14:00:00,127,1,LB-08,9229.295,21.969,34.54,831.82,0.983124,21.5983,2
2026-05-08 14:00:00,127,1,LB-09,8782.003,22.3508,34.56,832.91,0.983158,21.9743,2
2026-05-08 14:00:00,127,1,LB-10,8789.63,41.1878,34.45,831.67,0.983202,40.4959,3
2026-05-08 22:00:00,127,2,LB-01,9007.953,9.7147,30.47,831.67,0.986649,9.585,1
2026-05-08 22:00:00,127,2,LB-02,9078.942,17.0972,30.59,832.01,0.986554,16.8673,1
2026-05-08 22:00:00,127,2,LB-03,9098.66,5.0976,30.82,831.39,0.986339,5.028,0
2026-05-08 22:00:00,127,2,LB-04,9004.188,24.8219,30.69,831.85,0.986468,24.486,2
2026-05-08 22:00:00,127,2,LB-05,9307.727,24.8432,29.87,832.91,0.987205,24.5253,2
2026-05-08 22:00:00,127,2,LB-06,8823.091,30.0769,30.92,833.23,0.986311,29.6652,2
2026-05-08 22:00:00,127,2,LB-07,9116.091,15.4129,30.97,831.31,0.986207,15.2003,1
2026-05-08 22:00:00,127,2,LB-08,9249.616,20.3207,30.88,831.58,0.986291,20.0421,2
2026-05-08 22:00:00,127,2,LB-09,8796.063,14.0596,30.4,831.97,0.98672,13.8729,1
2026-05-08 22:00:00,127,2,LB-10,8801.332,11.702,30.85,831.13,0.9863,11.5417,1
2026-05-09 06:00:00,128,0,LB-01,9017.538,9.5842,26.69,832.24,0.98994,9.4878,1
2026-05-09 06:00:00,128,0,LB-02,9095.241,16.2983,26.69,832.1,0.989929,16.1342,1
2026-05-09 06:00:00,128,0,LB-03,9122.75,24.0904,26.35,832.23,0.990229,23.855,2
2026-05-09 06:00:00,128,0,LB-04,9023.657,19.4688,26.27,831.91,0.990291,19.2798,2
2026-05-09 06:00:00,128,0,LB-05,9331.102,23.3751,26.78,832.87,0.989874,23.1384,2
2026-05-09 06:00:00,128,0,LB-06,8848.089,24.9988,27.39,831.51,0.989308,24.7315,2
2026-05-09 06:00:00,128,0,LB-07,9136.115,20.0241,27.05,831.61,0.989609,19.816,2
2026-05-09 06:00:00,128,0,LB-08,9271.678,22.0624,26.61,832.34,0.990012,21.842,2
2026-05-09 06:00:00,128,0,LB-09,8814.804,18.7411,26.81,831.9,0.989825,18.5504,2
2026-05-09 06:00:00,128,0,LB-10,8815.511,14.1795,26.9,831.53,0.98974,14.034,1
2026-05-09 14:00:00,128,1,LB-01,9032.149,14.6108,34.91,832.97,0.982855,14.3603,1
2026-05-09 14:00:00,128,1,LB-02,9140.105,44.8645,35.02,831.03,0.98268,44.0875,4
2026-05-09 14:00:00,128,1,LB-03,9163.162,40.4119,35.28,832.0,0.982496,39.7045,3
2026-05-09 14:00:00,128,1,LB-04,9066.263,42.6061,34.89,833.08,0.982879,41.8767,3
2026-05-09 14:00:00,128,1,LB-05,9349.835,18.7328,34.98,830.89,0.982708,18.4089,2
2026-05-09 14:00:00,128,1,LB-06,8861.64,13.5506,34.73,832.03,0.982973,13.3199,1
2026-05-09 14:00:00,128,1,LB-07,9180.095,43.9795,34.65,832.25,0.983049,43.234,4
2026-05-09 14:00:00,128,1,LB-08,9318.717,47.0383,34.37,832.73,0.983314,46.2535,4
2026-05-09 14:00:00,128,1,LB-09,8852.538,37.7346,34.86,833.06,0.982901,37.0893,3
2026-05-09 14:00:00,128,1,LB-10,8837.929,22.4175,34.8,831.42,0.982889,22.0339,2
2026-05-09 22:00:00,128,2,LB-01,9057.758,25.6099,29.75,831.03,0.987254,25.2835,2
2026-05-09 22:00:00,128,2,LB-02,9159.252,19.1472,29.43,832.19,0.987566,18.9091,2
2026-05-09 22:00:00,128,2,LB-03,9176.868,13.7057,29.14,831.84,0.987806,13.5386,1
2026-05-09 22:00:00,128,2,LB-04,9083.055,16.7924,29.37,831.03,0.98758,16.5839,1
2026-05-09 22:00:00,128,2,LB-05,9357.459,7.6247,29.34,832.1,0.98764,7.5305,1
2026-05-09 22:00:00,128,2,LB-06,8872.799,11.1595,29.21,832.35,0.987763,11.0229,1
2026-05-09 22:00:00,128,2,LB-07,9200.066,19.9713,29.23,832.54,0.987752,19.7266,2
2026-05-09 22:00:00,128,2,LB-08,9335.49,16.7732,28.87,831.21,0.98802,16.5723,1
2026-05-09 22:00:00,128,2,LB-09,8861.581,9.0422,29.34,831.16,0.987616,8.9302,1
2026-05-09 22:00:00,128,2,LB-10,8863.806,25.8772,29.06,831.63,0.987872,25.5634,2
2026-05-10 06:00:00,129,0,LB-01,9070.908,13.1491,26.95,831.51,0.98969,13.0135,1
2026-05-10 06:00:00,129,0,LB-02,9180.161,20.9084,26.42,832.46,0.990171,20.7029,2
2026-05-10 06:00:00,129,0,LB-03,9205.771,28.9034,26.67,831.95,0.989948,28.6129,2
2026-05-10 06:00:00,129,0,LB-04,9115.794,32.7384,26.73,831.14,0.989878,32.4071,3
2026-05-10 06:00:00,129,0,LB-05,9390.041,32.5815,26.57,831.59,0.990022,32.2564,3
2026-05-10 06:00:00,129,0,LB-06,8889.046,16.2467,26.72,831.93,0.989906,16.0827,1
2026-05-10 06:00:00,129,0,LB-07,9217.46,17.3937,26.73,831.77,0.989886,17.2178,1
2026-05-10 06:00:00,129,0,LB-08,9357.045,21.5549,26.58,832.44,0.990036,21.3401,2
2026-05-10 06:00:00,129,0,LB-09,8871.697,10.1164,26.73,831.61,0.989888,10.0141,1
2026-05-10 06:00:00,129,0,LB-10,8878.327,14.5213,26.57,832.6,0.990048,14.3768,1
2026-05-10 14:00:00,129,1,LB-01,9110.91,40.0021,34.69,832.66,0.983034,39.3234,3
2026-05-10 14:00:00,129,1,LB-02,9203.071,22.9104,35.1,832.04,0.982654,22.513,2
2026-05-10 14:00:00,129,1,LB-03,9230.764,24.9931,34.99,832.04,0.982745,24.5619,2
2026-05-10 14:00:00,129,1,LB-04,9169.727,53.9336,34.79,832.75,0.98295,53.014,4
2026-05-10 14:00:00,129,1,LB-05,9419.222,29.1809,34.92,832.22,0.982819,28.6796,2
2026-05-10 14:00:00,129,1,LB-06,8930.224,41.1779,35.1,831.9,0.982643,40.4632,3
2026-05-10 14:00:00,129,1,LB-07,9234.971,17.5118,34.56,831.9,0.983114,17.2161,1
2026-05-10 14:00:00,129,1,LB-08,9367.276,10.2314,35.37,831.49,0.982394,10.0512,1
2026-05-10 14:00:00,129,1,LB-09,8895.942,24.245,34.76,831.99,0.982949,23.8316,2
2026-05-10 14:00:00,129,1,LB-10,8890.467,12.1392,35.15,832.48,0.98263,11.9283,1
2026-05-10 22:00:00,129,2,LB-01,9129.408,18.4989,29.82,831.74,0.987214,18.2624,2
2026-05-10 22:00:00,129,2,LB-02,9220.024,16.9526,29.84,831.94,0.987202,16.7356,1
2026-05-10 22:00:00,129,2,LB-03,9244.43,13.6663,30.0,831.54,0.987051,13.4893,1
2026-05-10 22:00:00,129,2,LB-04,9189.533,19.806,29.97,831.67,0.987085,19.5502,2
2026-05-10 22:00:00,129,2,LB-05,9441.173,21.9509,30.0,831.99,0.98707,21.6671,2
2026-05-10 22:00:00,129,2,LB-06,8935.683,5.4588,30.06,832.5,0.987031,5.388,0
2026-05-10 22:00:00,129,2,LB-07,9265.414,30.4424,29.61,831.81,0.987397,30.0587,3
2026-05-10 22:00:00,129,2,LB-08,9380.423,13.1466,30.23,831.84,0.98686,12.9738,1
2026-05-10 22:00:00,129,2,LB-09,8905.992,10.0497,29.93,831.67,0.987121,9.9202,1
2026-05-10 22:00:00,129,2,LB-10,8908.089,17.6228,30.12,832.48,0.986975,17.3933,1
2026-05-11 06:00:00,130,0,LB-01,9159.369,29.9607,28.67,832.22,0.988224,29.6079,2
2026-05-11 06:00:00,130,0,LB-02,9231.218,11.1942,28.44,831.31,0.988399,11.0643,1
2026-05-11 06:00:00,130,0,LB-03,9276.748,32.3176,28.34,832.01,0.988507,31.9461,3
2026-05-11 06:00:00,130,0,LB-04,9208.776,19.2425,28.53,831.92,0.988339,19.0181,2
2026-05-11 06:00:00,130,0,LB-05,9469.587,28.4146,28.16,831.59,0.988651,28.0921,2
2026-05-11 06:00:00,130,0,LB-06,8967.998,32.315,28.34,831.03,0.988474,31.9426,3
2026-05-11 06:00:00,130,0,LB-07,9298.911,33.4968,28.01,830.84,0.988754,33.1201,3
2026-05-11 06:00:00,130,0,LB-08,9405.314,24.8914,28.53,832.13,0.988344,24.6013,2
2026-05-11 06:00:00,130,0,LB-09,8955.277,49.285,28.13,832.51,0.988697,48.7279,4
2026-05-11 06:00:00,130,0,LB-10,8928.061,19.9716,28.43,831.86,0.98842,19.7403,2
2026-05-11 14:00:00,130,1,LB-01,9204.207,44.8382,34.85,832.08,0.982868,44.0701,4
2026-05-11 14:00:00,130,1,LB-02,9280.3,49.0816,35.07,832.22,0.982684,48.2317,4
2026-05-11 14:00:00,130,1,LB-03,9288.943,12.195,35.5,832.31,0.982318,11.9794,1
2026-05-11 14:00:00,130,1,LB-04,9234.019,25.2429,35.1,831.99,0.982653,24.805,2
2026-05-11 14:00:00,130,1,LB-05,9502.692,33.1045,35.61,831.87,0.982205,32.5154,3
2026-05-11 14:00:00,130,1,LB-06,9005.104,37.1059,34.79,832.2,0.982924,36.4723,3
2026-05-11 14:00:00,130,1,LB-07,9315.024,16.1138,35.62,832.58,0.982224,15.8273,1
2026-05-11 14:00:00,130,1,LB-08,9427.826,22.5119,35.41,831.6,0.982367,22.1149,2
2026-05-11 14:00:00,130,1,LB-09,8989.275,33.9987,35.43,832.23,0.982373,33.3994,3
2026-05-11 14:00:00,130,1,LB-10,8961.997,33.9357,35.08,831.96,0.982668,33.3475,3
2026-05-11 22:00:00,130,2,LB-01,9217.975,13.7671,27.45,832.2,0.98928,13.6196,1
2026-05-11 22:00:00,130,2,LB-02,9293.062,12.7624,28.09,831.83,0.988717,12.6184,1
2026-05-11 22:00:00,130,2,LB-03,9313.209,24.266,27.76,832.37,0.989019,23.9996,2
2026-05-11 22:00:00,130,2,LB-04,9247.475,13.4563,27.54,831.75,0.989188,13.3108,1
2026-05-11 22:00:00,130,2,LB-05,9522.054,19.3618,27.14,831.87,0.989538,19.1592,2
2026-05-11 22:00:00,130,2,LB-06,9020.153,15.0492,28.27,832.17,0.988568,14.8772,1
2026-05-11 22:00:00,130,2,LB-07,9327.101,12.0771,27.82,832.34,0.988967,11.9438,1
2026-05-11 22:00:00,130,2,LB-08,9445.554,17.7284,27.66,831.63,0.989079,17.5348,1
2026-05-11 22:00:00,130,2,LB-09,8998.238,8.9629,27.29,832.12,0.989413,8.868,1
2026-05-11 22:00:00,130,2,LB-10,8993.045,31.0484,27.47,831.29,0.98924,30.7143,3
2026-05-12 06:00:00,131,0,LB-01,9242.459,24.4842,28.63,832.2,0.988261,24.1968,2
2026-05-12 06:00:00,131,0,LB-02,9316.87,23.8077,28.02,832.22,0.988786,23.5407,2
2026-05-12 06:00:00,131,0,LB-03,9324.86,11.6511,28.58,831.98,0.9883,11.5148,1
2026-05-12 06:00:00,131,0,LB-04,9266.224,18.7486,28.34,832.99,0.98853,18.5336,2
2026-05-12 06:00:00,131,0,LB-05,9542.726,20.6725,27.92,832.25,0.988875,20.4425,2
2026-05-12 06:00:00,131,0,LB-06,9050.189,30.0358,28.21,831.04,0.988589,29.693,2
2026-05-12 06:00:00,131,0,LB-07,9355.991,28.8901,28.03,831.79,0.988766,28.5655,2
2026-05-12 06:00:00,131,0,LB-08,9459.67,14.1156,28.41,831.55,0.988435,13.9523,1
2026-05-12 06:00:00,131,0,LB-09,9018.389,20.1512,28.45,833.16,0.988444,19.9183,2
2026-05-12 06:00:00,131,0,LB-10,9012.748,19.7026,28.31,832.76,0.988552,19.4771,2
2026-05-12 14:00:00,131,1,LB-01,9270.479,28.0203,35.16,832.74,0.982628,27.5335,2
2026-05-12 14:00:00,131,1,LB-02,9343.666,26.7964,35.28,831.3,0.982462,26.3265,2
2026-05-12 14:00:00,131,1,LB-03,9354.207,29.3467,35.37,831.76,0.982402,28.8302,2
2026-05-12 14:00:00,131,1,LB-04,9311.633,45.4098,35.13,832.25,0.982633,44.6211,4
2026-05-12 14:00:00,131,1,LB-05,9575.248,32.5219,35.09,831.5,0.982636,31.9572,3
2026-05-12 14:00:00,131,1,LB-06,9079.225,29.0365,35.34,832.03,0.982439,28.5266,2
2026-05-12 14:00:00,131,1,LB-07,9380.752,24.7603,35.93,832.28,0.981945,24.3133,2
2026-05-12 14:00:00,131,1,LB-08,9492.859,33.1889,35.34,831.61,0.982427,32.6057,3
2026-05-12 14:00:00,131,1,LB-09,9058.38,39.9902,35.4,832.61,0.98242,39.2872,3
2026-05-12 14:00:00,131,1,LB-10,9049.715,36.9673,35.46,830.6,0.98228,36.3123,3
2026-05-12 22:00:00,131,2,LB-01,9301.272,30.7925,29.74,832.53,0.987306,30.4016,3
2026-05-12 22:00:00,131,2,LB-02,9366.798,23.1318,30.03,831.74,0.987034,22.8318,2
2026-05-12 22:00:00,131,2,LB-03,9366.068,11.8616,30.24,832.4,0.986875,11.7059,1
2026-05-12 22:00:00,131,2,LB-04,9339.799,28.1659,30.19,831.39,0.986887,27.7966,2
2026-05-12 22:00:00,131,2,LB-05,9595.537,20.2887,30.62,832.01,0.986536,20.0155,2
2026-05-12 22:00:00,131,2,LB-06,9085.451,6.2256,29.93,830.65,0.987086,6.1452,1
2026-05-12 22:00:00,131,2,LB-07,9392.654,11.902,29.9,831.93,0.987157,11.7492,1
2026-05-12 22:00:00,131,2,LB-08,9511.428,18.5689,29.98,831.61,0.987076,18.3289,2
2026-05-12 22:00:00,131,2,LB-09,9071.14,12.7608,29.71,832.04,0.98732,12.599,1
2026-05-12 22:00:00,131,2,LB-10,9066.433,16.7185,30.26,832.25,0.986852,16.4986,1
2026-05-13 06:00:00,132,0,LB-01,9328.896,27.6242,27.88,831.91,0.988897,27.3175,2
2026-05-13 06:00:00,132,0,LB-02,9383.869,17.0713,27.7,831.49,0.989046,16.8843,1
2026-05-13 06:00:00,132,0,LB-03,9393.341,27.273,27.74,833.06,0.989052,26.9744,2
2026-05-13 06:00:00,132,0,LB-04,9358.255,18.4555,27.98,832.15,0.988818,18.2491,2
2026-05-13 06:00:00,132,0,LB-05,9604.925,9.388,27.93,832.63,0.988878,9.2836,1
2026-05-13 06:00:00,132,0,LB-06,9119.064,33.6132,27.87,832.16,0.988916,33.2406,3
2026-05-13 06:00:00,132,0,LB-07,9423.484,30.8305,27.73,833.23,0.989064,30.4933,3
2026-05-13 06:00:00,132,0,LB-08,9532.59,21.1624,27.35,831.91,0.98936,20.9372,2
2026-05-13 06:00:00,132,0,LB-09,9093.747,22.6061,28.12,831.15,0.988674,22.3501,2
2026-05-13 06:00:00,132,0,LB-10,9116.734,50.3003,27.65,831.84,0.989094,49.7517,4
2026-05-13 14:00:00,132,1,LB-01,9363.61,34.7147,34.93,831.63,0.982785,34.1171,3
2026-05-13 14:00:00,132,1,LB-02,9402.489,18.62,34.6,831.95,0.983081,18.305,2
2026-05-13 14:00:00,132,1,LB-03,9427.094,33.7527,35.09,832.09,0.982663,33.1676,3
2026-05-13 14:00:00,132,1,LB-04,9383.762,25.5074,35.02,832.92,0.982757,25.0675,2
2026-05-13 14:00:00,132,1,LB-05,9629.241,24.3163,34.49,831.62,0.983164,23.9069,2
2026-05-13 14:00:00,132,1,LB-06,9125.454,6.3904,34.98,831.45,0.982727,6.28,1
2026-05-13 14:00:00,132,1,LB-07,9454.647,31.1623,34.8,831.63,0.982899,30.6294,3
2026-05-13 14:00:00,132,1,LB-08,9558.486,25.8957,34.81,832.38,0.982919,25.4534,2
2026-05-13 14:00:00,132,1,LB-09,9115.634,21.8872,34.65,832.4,0.98306,21.5164,2
2026-05-13 14:00:00,132,1,LB-10,9138.909,22.1758,34.74,832.35,0.982979,21.7983,2
2026-05-13 22:00:00,132,2,LB-01,9381.422,17.8119,27.32,832.12,0.989391,17.623,1
2026-05-13 22:00:00,132,2,LB-02,9418.811,16.3221,27.07,832.26,0.989611,16.1525,1
2026-05-13 22:00:00,132,2,LB-03,9442.695,15.6009,27.47,831.37,0.989241,15.433,1
2026-05-13 22:00:00,132,2,LB-04,9401.711,17.9486,27.85,831.66,0.988919,17.7497,1
2026-05-13 22:00:00,132,2,LB-05,9647.393,18.1519,28.07,832.35,0.988744,17.9476,1
2026-05-13 22:00:00,132,2,LB-06,9132.538,7.0839,28.13,831.79,0.988681,7.0037,1
2026-05-13 22:00:00,132,2,LB-07,9463.42,8.7729,27.9,832.14,0.98889,8.6754,1
2026-05-13 22:00:00,132,2,LB-08,9584.373,25.887,27.43,831.35,0.989273,25.6094,2
2026-05-13 22:00:00,132,2,LB-09,9127.733,12.0996,27.51,832.22,0.989227,11.9692,1
2026-05-13 22:00:00,132,2,LB-10,9156.754,17.8442,27.68,833.03,0.989102,17.6498,1
2026-05-14 06:00:00,133,0,LB-01,9398.684,17.2612,28.75,831.95,0.988145,17.0565,1
2026-05-14 06:00:00,133,0,LB-02,9444.776,25.9649,28.71,832.61,0.988203,25.6586,2
2026-05-14 06:00:00,133,0,LB-03,9465.824,23.129,28.38,831.82,0.988463,22.8622,2
2026-05-14 06:00:00,133,0,LB-04,9425.494,23.7831,28.56,832.37,0.988326,23.5055,2
2026-05-14 06:00:00,133,0,LB-05,9658.214,10.8209,29.08,831.02,0.987835,10.6892,1
2026-05-14 06:00:00,133,0,LB-06,9164.294,31.7555,28.48,831.18,0.988364,31.386,3
2026-05-14 06:00:00,133,0,LB-07,9490.242,26.8228,28.84,832.01,0.988068,26.5027,2
2026-05-14 06:00:00,133,0,LB-08,9606.812,22.4389,28.71,832.1,0.988185,22.1738,2
2026-05-14 06:00:00,133,0,LB-09,9146.34,18.6062,28.43,831.33,0.988403,18.3904,2
2026-05-14 06:00:00,133,0,LB-10,9196.812,40.0585,28.77,831.69,0.988127,39.5829,3
2026-05-14 14:00:00,133,1,LB-01,9419.761,21.0776,34.54,831.93,0.98313,20.722,2
2026-05-14 14:00:00,133,1,LB-02,9461.511,16.7345,35.11,831.81,0.982631,16.4438,1
2026-05-14 14:00:00,133,1,LB-03,9482.638,16.8143,35.06,831.98,0.982686,16.5232,1
2026-05-14 14:00:00,133,1,LB-04,9460.286,34.7918,34.92,832.35,0.982822,34.1941,3
2026-05-14 14:00:00,133,1,LB-05,9680.889,22.6752,35.01,833.37,0.982787,22.2849,2
2026-05-14 14:00:00,133,1,LB-06,9201.374,37.0805,35.04,832.19,0.982709,36.4393,3
2026-05-14 14:00:00,133,1,LB-07,9526.237,35.9948,34.99,831.92,0.982742,35.3736,3
2026-05-14 14:00:00,133,1,LB-08,9640.168,33.3561,35.28,831.69,0.982477,32.7715,3
2026-05-14 14:00:00,133,1,LB-09,9174.65,28.3107,35.38,832.07,0.982412,27.8128,2
2026-05-14 14:00:00,133,1,LB-10,9217.423,20.6112,34.67,831.66,0.983006,20.261,2
2026-05-14 22:00:00,133,2,LB-01,9432.478,12.7171,26.8,831.22,0.989818,12.5876,1
2026-05-14 22:00:00,133,2,LB-02,9475.063,13.552,26.95,832.62,0.989718,13.4126,1
2026-05-14 22:00:00,133,2,LB-03,9517.59,34.9515,26.78,832.41,0.989861,34.5972,3
2026-05-14 22:00:00,133,2,LB-04,9470.862,10.5761,26.91,831.67,0.989735,10.4675,1
2026-05-14 22:00:00,133,2,LB-05,9701.387,20.4975,26.78,831.47,0.989841,20.2893,2
2026-05-14 22:00:00,133,2,LB-06,9222.465,21.0906,26.62,831.72,0.98998,20.8793,2
2026-05-14 22:00:00,133,2,LB-07,9544.223,17.9862,26.72,831.56,0.989896,17.8045,1
2026-05-14 22:00:00,133,2,LB-08,9654.941,14.7732,26.74,831.25,0.989867,14.6235,1
2026-05-14 22:00:00,133,2,LB-09,9184.006,9.3557,26.46,831.69,0.990121,9.2633,1
2026-05-14 22:00:00,133,2,LB-10,9233.748,16.325,26.62,832.65,0.990002,16.1618,1
2026-05-15 06:00:00,134,0,LB-01,9461.426,28.9474,26.94,832.1,0.989719,28.6498,2
2026-05-15 06:00:00,134,0,LB-02,9494.456,19.3938,26.93,832.62,0.989737,19.1948,2
2026-05-15 06:00:00,134,0,LB-03,9541.055,23.4649,26.98,831.71,0.989676,23.2226,2
2026-05-15 06:00:00,134,0,LB-04,9485.92,15.0586,26.98,832.67,0.989699,14.9034,1
2026-05-15 06:00:00,134,0,LB-05,9717.484,16.0975,27.5,831.6,0.989219,15.924,1
2026-05-15 06:00:00,134,0,LB-06,9243.297,20.8323,26.46,831.13,0.990104,20.6262,2
2026-05-15 06:00:00,134,0,LB-07,9560.506,16.2823,27.33,831.33,0.98936,16.1091,1
2026-05-15 06:00:00,134,0,LB-08,9680.359,25.418,27.48,832.88,0.989266,25.1452,2
2026-05-15 06:00:00,134,0,LB-09,9193.852,9.8464,27.0,830.9,0.989635,9.7443,1
2026-05-15 06:00:00,134,0,LB-10,9257.075,23.3263,27.01,831.73,0.989643,23.0847,2
2026-05-15 14:00:00,134,1,LB-01,9485.902,24.4761,35.7,831.71,0.982119,24.0384,2
2026-05-15 14:00:00,134,1,LB-02,9513.216,18.7592,35.41,832.02,0.982379,18.4287,2
2026-05-15 14:00:00,134,1,LB-03,9583.739,42.684,35.91,832.76,0.981982,41.9149,3
2026-05-15 14:00:00,134,1,LB-04,9496.916,10.9954,35.85,832.67,0.982026,10.7977,1
2026-05-15 14:00:00,134,1,LB-05,9741.262,23.7779,36.1,831.73,0.981773,23.3444,2
2026-05-15 14:00:00,134,1,LB-06,9265.41,22.1127,35.49,832.48,0.982337,21.7221,2
2026-05-15 14:00:00,134,1,LB-07,9578.795,18.2891,35.64,832.79,0.982216,17.9638,1
2026-05-15 14:00:00,134,1,LB-08,9720.251,39.8915,35.78,832.09,0.982067,39.1761,3
2026-05-15 14:00:00,134,1,LB-09,9231.795,37.9426,36.01,831.73,0.98185,37.2539,3
2026-05-15 14:00:00,134,1,LB-10,9272.203,15.1284,35.6,830.44,0.982151,14.8584,1
2026-05-15 22:00:00,134,2,LB-01,9508.895,22.9932,29.72,832.16,0.987319,22.7017,2
2026-05-15 22:00:00,134,2,LB-02,9545.882,32.6663,30.03,831.68,0.987033,32.2427,3
2026-05-15 22:00:00,134,2,LB-03,9603.373,19.6345,29.67,832.25,0.987365,19.3864,2
2026-05-15 22:00:00,134,2,LB-04,9515.687,18.7718,29.12,831.19,0.987808,18.543,2
2026-05-15 22:00:00,134,2,LB-05,9753.171,11.9094,29.48,831.21,0.987491,11.7604,1
2026-05-15 22:00:00,134,2,LB-06,9287.969,22.5593,29.96,831.98,0.987104,22.2684,2
2026-05-15 22:00:00,134,2,LB-07,9593.691,14.8963,29.67,830.49,0.987305,14.7072,1
2026-05-15 22:00:00,134,2,LB-08,9727.091,6.8402,29.81,832.79,0.987256,6.753,1
2026-05-15 22:00:00,134,2,LB-09,9242.596,10.8012,29.64,832.29,0.987388,10.665,1
2026-05-15 22:00:00,134,2,LB-10,9289.735,17.5321,29.38,831.58,0.987589,17.3145,1
2026-05-16 06:00:00,135,0,LB-01,9533.872,24.9775,29.34,831.12,0.987617,24.6682,2
2026-05-16 06:00:00,135,0,LB-02,9564.52,18.638,28.84,831.7,0.988066,18.4155,2
2026-05-16 06:00:00,135,0,LB-03,9617.931,14.5575,29.35,831.93,0.987631,14.3774,1
2026-05-16 06:00:00,135,0,LB-04,9536.654,20.967,29.4,832.49,0.987605,20.7071,2
2026-05-16 06:00:00,135,0,LB-05,9795.07,41.8992,29.29,832.52,0.9877,41.3838,3
2026-05-16 06:00:00,135,0,LB-06,9307.096,19.1268,29.43,832.21,0.987569,18.889,2
2026-05-16 06:00:00,135,0,LB-07,9611.417,17.7263,29.02,832.48,0.987934,17.5124,1
2026-05-16 06:00:00,135,0,LB-08,9745.853,18.7623,29.07,831.6,0.987862,18.5346,2
2026-05-16 06:00:00,135,0,LB-09,9275.466,32.8696,29.03,831.53,0.987891,32.4716,3
2026-05-16 06:00:00,135,0,LB-10,9314.627,24.8914,29.14,832.21,0.987815,24.5881,2
2026-05-16 14:00:00,135,1,LB-01,9586.123,52.2502,35.11,832.77,0.982676,51.345,4
2026-05-16 14:00:00,135,1,LB-02,9595.336,30.8158,35.21,832.14,0.982562,30.2784,3
2026-05-16 14:00:00,135,1,LB-03,9626.686,8.7557,35.67,832.21,0.982162,8.5995,1
2026-05-16 14:00:00,135,1,LB-04,9575.715,39.0602,34.99,832.09,0.982753,38.3865,3
2026-05-16 14:00:00,135,1,LB-05,9819.39,24.32,35.42,833.29,0.982429,23.8926,2
2026-05-16 14:00:00,135,1,LB-06,9319.695,12.5989,35.52,832.42,0.982304,12.376,1
2026-05-16 14:00:00,135,1,LB-07,9628.646,17.2288,35.2,832.39,0.982577,16.9286,1
2026-05-16 14:00:00,135,1,LB-08,9779.812,33.9593,35.69,831.87,0.982135,33.3526,3
2026-05-16 14:00:00,135,1,LB-09,9329.495,54.0296,35.32,832.08,0.98246,53.0819,4
2026-05-16 14:00:00,135,1,LB-10,9354.209,39.5828,35.24,831.76,0.982523,38.891,3
2026-05-16 22:00:00,135,2,LB-01,9604.225,18.1024,29.94,831.74,0.987115,17.8691,1
2026-05-16 22:00:00,135,2,LB-02,9600.485,5.1492,30.12,831.6,0.986953,5.082,0
2026-05-16 22:00:00,135,2,LB-03,9634.265,7.5786,30.06,833.71,0.987072,7.4806,1
2026-05-16 22:00:00,135,2,LB-04,9591.623,15.9082,29.84,832.17,0.987209,15.7047,1
2026-05-16 22:00:00,135,2,LB-05,9845.508,26.1171,30.13,831.85,0.98695,25.7763,2
2026-05-16 22:00:00,135,2,LB-06,9335.253,15.5583,29.92,832.68,0.987163,15.3586,1
2026-05-16 22:00:00,135,2,LB-07,9640.506,11.8595,30.42,832.14,0.986709,11.7019,1
2026-05-16 22:00:00,135,2,LB-08,9790.548,10.7358,29.75,832.9,0.98731,10.5996,1
2026-05-16 22:00:00,135,2,LB-09,9353.616,24.1208,29.82,832.44,0.987241,23.813,2
2026-05-16 22:00:00,135,2,LB-10,9376.261,22.0516,29.48,831.59,0.987505,21.7761,2
2026-05-17 06:00:00,136,0,LB-01,9628.551,24.326,28.27,831.68,0.988554,24.0476,2
2026-05-17 06:00:00,136,0,LB-02,9635.472,34.9873,28.06,831.02,0.988723,34.5927,3
2026-05-17 06:00:00,136,0,LB-03,9662.701,28.4362,27.9,832.79,0.988903,28.1207,2
2026-05-17 06:00:00,136,0,LB-04,9613.229,21.6059,28.22,831.79,0.988603,21.3597,2
2026-05-17 06:00:00,136,0,LB-05,9870.428,24.9202,28.48,831.36,0.988364,24.6302,2
2026-05-17 06:00:00,136,0,LB-06,9354.94,19.6861,28.29,832.65,0.988566,19.461,2
2026-05-17 06:00:00,136,0,LB-07,9677.187,36.6817,28.45,832.75,0.988431,36.2573,3
2026-05-17 06:00:00,136,0,LB-08,9813.375,22.8265,28.35,832.09,0.988501,22.564,2
2026-05-17 06:00:00,136,0,LB-09,9367.315,13.6988,28.19,832.2,0.988637,13.5432,1
2026-05-17 06:00:00,136,0,LB-10,9402.027,25.7657,27.86,831.62,0.98891,25.4799,2
2026-05-17 14:00:00,136,1,LB-01,9682.797,54.246,34.54,832.16,0.98314,53.3315,4
2026-05-17 14:00:00,136,1,LB-02,9651.613,16.141,34.38,832.81,0.983303,15.8715,1
2026-05-17 14:00:00,136,1,LB-03,9710.345,47.6436,34.16,832.24,0.983473,46.8562,4
2026-05-17 14:00:00,136,1,LB-04,9670.123,56.8939,34.41,830.73,0.983198,55.938,5
2026-05-17 14:00:00,136,1,LB-05,9891.221,20.7934,34.43,832.45,0.983249,20.4451,2
2026-05-17 14:00:00,136,1,LB-06,9379.465,24.5255,34.17,832.84,0.983491,24.1206,2
2026-05-17 14:00:00,136,1,LB-07,9699.811,22.624,34.83,831.02,0.982848,22.2359,2
2026-05-17 14:00:00,136,1,LB-08,9831.184,17.8091,34.04,832.7,0.983595,17.5169,1
2026-05-17 14:00:00,136,1,LB-09,9372.853,5.5377,34.39,832.75,0.983295,5.4452,0
2026-05-17 14:00:00,136,1,LB-10,9408.432,6.4048,34.5,832.23,0.983178,6.297,1
2026-05-17 22:00:00,136,2,LB-01,9691.214,8.4167,28.31,831.91,0.988528,8.3202,1
2026-05-17 22:00:00,136,2,LB-02,9674.927,23.3137,29.08,832.9,0.987891,23.0314,2
2026-05-17 22:00:00,136,2,LB-03,9724.269,13.9243,28.71,831.84,0.988177,13.7596,1
2026-05-17 22:00:00,136,2,LB-04,9688.27,18.1469,28.75,831.51,0.988137,17.9316,1
2026-05-17 22:00:00,136,2,LB-05,9908.629,17.4081,28.99,831.64,0.987931,17.198,1
2026-05-17 22:00:00,136,2,LB-06,9394.861,15.3956,28.36,831.92,0.988482,15.2183,1
2026-05-17 22:00:00,136,2,LB-07,9717.068,17.2564,28.53,832.44,0.988349,17.0553,1
2026-05-17 22:00:00,136,2,LB-08,9841.626,10.4423,28.45,831.65,0.988395,10.3211,1
2026-05-17 22:00:00,136,2,LB-09,9387.694,14.8413,28.58,831.2,0.988276,14.6673,1
2026-05-17 22:00:00,136,2,LB-10,9432.913,24.4816,28.25,831.96,0.988583,24.2021,2
2026-05-18 06:00:00,137,0,LB-01,9710.84,19.6261,29.8,831.48,0.987225,19.3753,2
2026-05-18 06:00:00,137,0,LB-02,9701.392,26.4651,29.66,832.77,0.987382,26.1311,2
2026-05-18 06:00:00,137,0,LB-03,9758.377,34.1082,30.27,832.47,0.986853,33.6598,3
2026-05-18 06:00:00,137,0,LB-04,9710.294,22.0245,29.91,831.66,0.987139,21.7412,2
2026-05-18 06:00:00,137,0,LB-05,9935.246,26.6169,29.64,832.31,0.987386,26.2811,2
2026-05-18 06:00:00,137,0,LB-06,9426.754,31.8934,30.02,832.79,0.987075,31.4812,3
2026-05-18 06:00:00,137,0,LB-07,9751.23,34.1628,29.9,832.69,0.987176,33.7247,3
2026-05-18 06:00:00,137,0,LB-08,9857.273,15.6467,29.64,831.41,0.987359,15.4489,1
2026-05-18 06:00:00,137,0,LB-09,9397.124,9.4298,30.02,832.13,0.987056,9.3077,1
2026-05-18 06:00:00,137,0,LB-10,9459.491,26.5783,30.25,831.66,0.986839,26.2285,2
2026-05-18 14:00:00,137,1,LB-01,9743.581,32.7416,33.65,830.8,0.98386,32.2132,3
2026-05-18 14:00:00,137,1,LB-02,9726.614,25.2218,33.79,831.98,0.983781,24.8127,2
2026-05-18 14:00:00,137,1,LB-03,9814.636,56.2591,34.13,831.76,0.983485,55.3299,5
2026-05-18 14:00:00,137,1,LB-04,9728.687,18.3927,33.66,831.76,0.983893,18.0965,2
2026-05-18 14:00:00,137,1,LB-05,9951.731,16.4851,34.29,832.42,0.983367,16.2109,1
2026-05-18 14:00:00,137,1,LB-06,9435.215,8.461,33.75,831.48,0.983801,8.3239,1
2026-05-18 14:00:00,137,1,LB-07,9778.678,27.4478,34.01,831.22,0.983565,26.9967,2
2026-05-18 14:00:00,137,1,LB-08,9879.912,22.6392,33.83,831.63,0.983733,22.271,2
2026-05-18 14:00:00,137,1,LB-09,9448.916,51.7926,34.21,832.31,0.983432,50.9345,4
2026-05-18 14:00:00,137,1,LB-10,9485.333,25.8418,33.85,832.15,0.983741,25.4216,2
2026-05-18 22:00:00,137,2,LB-01,9766.158,22.5763,28.66,832.38,0.988234,22.3107,2
2026-05-18 22:00:00,137,2,LB-02,9747.932,21.3182,28.66,833.14,0.988257,21.0678,2
2026-05-18 22:00:00,137,2,LB-03,9827.893,13.2565,28.57,832.39,0.98832,13.1017,1
2026-05-18 22:00:00,137,2,LB-04,9745.461,16.7743,28.47,831.83,0.988384,16.5795,1
2026-05-18 22:00:00,137,2,LB-05,9972.512,20.7805,28.55,832.68,0.988341,20.5382,2
2026-05-18 22:00:00,137,2,LB-06,9444.815,9.6002,28.39,831.54,0.98845,9.4893,1
2026-05-18 22:00:00,137,2,LB-07,9783.75,5.072,28.38,832.06,0.988469,5.0135,0
2026-05-18 22:00:00,137,2,LB-08,9901.063,21.1507,28.55,831.98,0.988326,20.9037,2
2026-05-18 22:00:00,137,2,LB-09,9460.631,11.7148,28.82,831.45,0.988075,11.5751,1
2026-05-18 22:00:00,137,2,LB-10,9491.61,6.2768,28.93,832.78,0.988014,6.2016,1
2026-05-19 06:00:00,138,0,LB-01,9779.304,13.1465,28.4,831.8,0.988446,12.9946,1
2026-05-19 06:00:00,138,0,LB-02,9764.243,16.3114,28.63,832.55,0.988266,16.12,1
2026-05-19 06:00:00,138,0,LB-03,9847.577,19.6842,28.21,831.75,0.988609,19.46,2
2026-05-19 06:00:00,138,0,LB-04,9757.387,11.9259,28.84,832.25,0.988082,11.7838,1
2026-05-19 06:00:00,138,0,LB-05,10000.333,27.8212,28.59,831.63,0.988275,27.495,2
2026-05-19 06:00:00,138,0,LB-06,9460.68,15.8643,28.66,832.01,0.98823,15.6776,1
2026-05-19 06:00:00,138,0,LB-07,9805.418,21.6678,28.58,831.25,0.988278,21.4138,2
2026-05-19 06:00:00,138,0,LB-08,9919.355,18.2927,29.3,832.58,0.98769,18.0675,2
2026-05-19 06:00:00,138,0,LB-09,9475.58,14.9492,29.04,831.53,0.987889,14.7682,1
2026-05-19 06:00:00,138,0,LB-10,9510.658,19.048,28.75,833.4,0.988189,18.823,2
2026-05-19 14:00:00,138,1,LB-01,9812.463,33.1591,35.29,831.88,0.982478,32.5781,3
2026-05-19 14:00:00,138,1,LB-02,9783.195,18.9519,35.25,831.93,0.982515,18.6205,2
2026-05-19 14:00:00,138,1,LB-03,9878.75,31.1732,34.97,832.51,0.982783,30.6364,3
2026-05-19 14:00:00,138,1,LB-04,9777.553,20.1662,35.01,832.32,0.98274,19.8181,2
2026-05-19 14:00:00,138,1,LB-05,10023.332,22.9993,35.17,832.96,0.982626,22.5997,2
2026-05-19 14:00:00,138,1,LB-06,9514.36,53.6804,35.77,831.34,0.982041,52.7164,4
2026-05-19 14:00:00,138,1,LB-07,9845.64,40.2217,35.18,831.46,0.982556,39.5201,3
2026-05-19 14:00:00,138,1,LB-08,9956.248,36.8924,35.42,831.84,0.982367,36.2419,3
2026-05-19 14:00:00,138,1,LB-09,9488.475,12.8943,35.12,831.25,0.982604,12.67,1
2026-05-19 14:00:00,138,1,LB-10,9528.847,18.1888,35.51,831.89,0.98229,17.8667,1
2026-05-19 22:00:00,138,2,LB-01,9824.779,12.316,31.67,831.79,0.985615,12.1389,1
2026-05-19 22:00:00,138,2,LB-02,9796.548,13.353,31.21,831.92,0.986017,13.1663,1
2026-05-19 22:00:00,138,2,LB-03,9902.04,23.2897,31.37,831.77,0.985879,22.9608,2
2026-05-19 22:00:00,138,2,LB-04,9796.744,19.1912,30.95,832.03,0.986249,18.9274,2
2026-05-19 22:00:00,138,2,LB-05,10045.75,22.4176,31.49,831.61,0.985761,22.0984,2
2026-05-19 22:00:00,138,2,LB-06,9523.2,8.84,31.89,832.72,0.985461,8.7115,1
2026-05-19 22:00:00,138,2,LB-07,9862.089,16.4496,31.21,831.86,0.986015,16.2195,1
2026-05-19 22:00:00,138,2,LB-08,9975.226,18.9784,31.16,832.62,0.986083,18.7142,2
2026-05-19 22:00:00,138,2,LB-09,9508.233,19.7582,31.14,831.62,0.986066,19.4829,2
2026-05-19 22:00:00,138,2,LB-10,9553.217,24.3704,31.1,832.5,0.986134,24.0325,2
2026-05-20 06:00:00,139,0,LB-01,9879.455,54.6751,30.16,831.2,0.986902,53.959,4
2026-05-20 06:00:00,139,0,LB-02,9839.373,42.8248,30.44,832.24,0.986695,42.255,4
2026-05-20 06:00:00,139,0,LB-03,9921.16,19.1195,30.37,832.22,0.986752,18.8662,2
2026-05-20 06:00:00,139,0,LB-04,9805.255,8.5102,30.27,833.1,0.986866,8.3984,1
2026-05-20 06:00:00,139,0,LB-05,10073.554,27.8041,30.64,832.36,0.986525,27.4294,2
2026-05-20 06:00:00,139,0,LB-06,9541.645,18.4454,29.86,831.7,0.987182,18.2089,2
2026-05-20 06:00:00,139,0,LB-07,9901.452,39.363,30.01,831.66,0.987051,38.8533,3
2026-05-20 06:00:00,139,0,LB-08,9998.038,22.8117,30.13,832.37,0.98697,22.5145,2
2026-05-20 06:00:00,139,0,LB-09,9532.975,24.7422,29.99,832.3,0.987086,24.4227,2
2026-05-20 06:00:00,139,0,LB-10,9586.509,33.2912,30.21,831.17,0.986857,32.8537,3
2026-05-20 14:00:00,139,1,LB-01,9905.148,25.6931,34.09,832.98,0.983564,25.2708,2
2026-05-20 14:00:00,139,1,LB-02,9863.431,24.0586,34.04,832.63,0.983592,23.6638,2
2026-05-20 14:00:00,139,1,LB-03,9952.838,31.6781,34.11,831.28,0.983478,31.1547,3
2026-05-20 14:00:00,139,1,LB-04,9831.571,26.3159,34.18,832.7,0.983479,25.8811,2
2026-05-20 14:00:00,139,1,LB-05,10093.07,19.5162,33.97,832.1,0.983633,19.1968,2
2026-05-20 14:00:00,139,1,LB-06,9579.482,37.8366,34.39,832.23,0.983274,37.2038,3
2026-05-20 14:00:00,139,1,LB-07,9935.514,34.0619,34.05,831.0,0.983523,33.5006,3
2026-05-20 14:00:00,139,1,LB-08,10023.912,25.8742,34.44,831.84,0.983219,25.44,2
2026-05-20 14:00:00,139,1,LB-09,9583.176,50.2007,33.87,831.47,0.983699,49.3823,4
2026-05-20 14:00:00,139,1,LB-10,9623.067,36.558,34.16,831.29,0.983438,35.9525,3
2026-05-20 22:00:00,139,2,LB-01,9911.856,6.7087,30.42,831.95,0.9867,6.6195,1
2026-05-20 22:00:00,139,2,LB-02,9880.342,16.9102,30.36,832.37,0.986765,16.6864,1
2026-05-20 22:00:00,139,2,LB-03,9967.137,14.2993,30.21,831.15,0.986856,14.1113,1
2026-05-20 22:00:00,139,2,LB-04,9856.923,25.3527,30.01,831.77,0.987054,25.0245,2
2026-05-20 22:00:00,139,2,LB-05,10117.866,24.796,29.79,831.41,0.98723,24.4793,2
2026-05-20 22:00:00,139,2,LB-06,9598.735,19.253,30.23,831.91,0.986867,19.0001,2
2026-05-20 22:00:00,139,2,LB-07,9953.17,17.6563,30.48,831.77,0.986642,17.4205,1
2026-05-20 22:00:00,139,2,LB-08,10047.593,23.6809,29.88,831.73,0.987166,23.377,2
2026-05-20 22:00:00,139,2,LB-09,9604.937,21.7617,29.99,831.9,0.987072,21.4804,2
2026-05-20 22:00:00,139,2,LB-10,9634.217,11.1507,30.41,832.21,0.986716,11.0026,1
2026-05-21 06:00:00,140,0,LB-01,9930.463,18.6067,27.73,831.58,0.989023,18.4024,2
2026-05-21 06:00:00,140,0,LB-02,9896.611,16.2698,27.97,834.02,0.988881,16.0889,1
2026-05-21 06:00:00,140,0,LB-03,9999.81,32.6733,28.17,832.06,0.988655,32.3026,3
2026-05-21 06:00:00,140,0,LB-04,9884.615,27.6921,28.19,831.86,0.988632,27.3773,2
2026-05-21 06:00:00,140,0,LB-05,10138.724,20.8583,28.05,832.65,0.988773,20.6241,2
2026-05-21 06:00:00,140,0,LB-06,9634.439,35.7043,27.86,831.95,0.98892,35.3087,3
2026-05-21 06:00:00,140,0,LB-07,9978.17,24.9997,28.21,831.19,0.988594,24.7146,2
2026-05-21 06:00:00,140,0,LB-08,10079.098,31.5045,27.95,832.71,0.988862,31.1536,3
2026-05-21 06:00:00,140,0,LB-09,9618.737,13.7993,28.36,832.2,0.988491,13.6405,1
2026-05-21 06:00:00,140,0,LB-10,9646.793,12.5753,28.3,830.91,0.988504,12.4308,1
2026-05-21 14:00:00,140,1,LB-01,9963.262,32.799,36.07,831.67,0.981795,32.2019,3
2026-05-21 14:00:00,140,1,LB-02,9925.671,29.0595,35.68,831.18,0.982112,28.5397,2
2026-05-21 14:00:00,140,1,LB-03,10044.145,44.3342,36.2,832.58,0.981724,43.524,4
2026-05-21 14:00:00,140,1,LB-04,9922.172,37.5568,35.75,831.63,0.982073,36.8836,3
2026-05-21 14:00:00,140,1,LB-05,10171.252,32.5281,35.87,831.85,0.981979,31.9419,3
2026-05-21 14:00:00,140,1,LB-06,9674.476,40.0371,36.12,832.78,0.981798,39.3083,3
2026-05-21 14:00:00,140,1,LB-07,10003.244,25.0743,36.48,831.51,0.981432,24.6088,2
2026-05-21 14:00:00,140,1,LB-08,10105.263,26.1656,35.38,832.66,0.982433,25.706,2
2026-05-21 14:00:00,140,1,LB-09,9641.383,22.6461,35.59,832.17,0.982231,22.2437,2
2026-05-21 14:00:00,140,1,LB-10,9676.387,29.5943,35.82,831.3,0.981994,29.0614,2
2026-05-21 22:00:00,140,2,LB-01,9983.578,20.3162,30.21,831.78,0.98688,20.0497,2
2026-05-21 22:00:00,140,2,LB-02,9940.606,14.9354,30.41,831.3,0.986694,14.7366,1
2026-05-21 22:00:00,140,2,LB-03,10063.339,19.1949,30.25,832.86,0.986879,18.943,2
2026-05-21 22:00:00,140,2,LB-04,9944.726,22.5535,30.66,832.3,0.986508,22.2492,2
2026-05-21 22:00:00,140,2,LB-05,10189.82,18.5677,29.81,831.37,0.98721,18.3303,2
2026-05-21 22:00:00,140,2,LB-06,9699.296,24.8192,30.43,831.16,0.986667,24.4883,2
2026-05-21 22:00:00,140,2,LB-07,10020.82,17.5752,30.57,831.39,0.986554,17.3389,1
2026-05-21 22:00:00,140,2,LB-08,10118.033,12.7702,29.82,832.51,0.987238,12.6072,1
2026-05-21 22:00:00,140,2,LB-09,9659.324,17.9417,30.29,832.47,0.986829,17.7054,1
2026-05-21 22:00:00,140,2,LB-10,9693.46,17.0734,30.32,831.56,0.986781,16.8478,1
2026-05-22 06:00:00,141,0,LB-01,10014.06,30.4821,29.74,831.31,0.987273,30.0942,3
2026-05-22 06:00:00,141,0,LB-02,9957.314,16.708,29.24,832.32,0.987737,16.5031,1
2026-05-22 06:00:00,141,0,LB-03,10100.847,37.5073,29.37,831.93,0.98761,37.0426,3
2026-05-22 06:00:00,141,0,LB-04,9956.177,11.4514,29.68,832.01,0.987344,11.3064,1
2026-05-22 06:00:00,141,0,LB-05,10219.836,30.0157,29.33,831.61,0.98764,29.6447,2
2026-05-22 06:00:00,141,0,LB-06,9737.55,38.2547,29.46,831.74,0.987523,37.7774,3
2026-05-22 06:00:00,141,0,LB-07,10040.717,19.8969,29.85,832.14,0.987199,19.6422,2
2026-05-22 06:00:00,141,0,LB-08,10139.951,21.9174,29.67,830.75,0.987312,21.6393,2
2026-05-22 06:00:00,141,0,LB-09,9677.638,18.314,29.23,831.71,0.987727,18.0893,2
2026-05-22 06:00:00,141,0,LB-10,9726.701,33.241,29.11,832.56,0.987852,32.8372,3
2026-05-22 14:00:00,141,1,LB-01,10028.493,14.4322,35.38,832.43,0.982425,14.1785,1
2026-05-22 14:00:00,141,1,LB-02,9986.478,29.1635,35.71,831.99,0.982122,28.6421,2
2026-05-22 14:00:00,141,1,LB-03,10131.241,30.3946,35.6,832.95,0.982261,29.8554,2
2026-05-22 14:00:00,141,1,LB-04,9974.029,17.8522,35.09,832.49,0.982677,17.5429,1
2026-05-22 14:00:00,141,1,LB-05,10257.343,37.5075,35.52,831.17,0.982247,36.8416,3
2026-05-22 14:00:00,141,1,LB-06,9758.603,21.0531,35.48,832.3,0.982337,20.6813,2
2026-05-22 14:00:00,141,1,LB-07,10092.497,51.7809,35.6,831.91,0.982214,50.8599,4
2026-05-22 14:00:00,141,1,LB-08,10167.35,27.3996,35.86,832.97,0.982036,26.9074,2
2026-05-22 14:00:00,141,1,LB-09,9697.594,19.9557,35.4,832.24,0.982401,19.6045,2
2026-05-22 14:00:00,141,1,LB-10,9776.51,49.8087,35.42,831.88,0.982365,48.9303,4
2026-05-22 22:00:00,141,2,LB-01,10048.716,20.2233,29.43,831.37,0.987544,19.9714,2
2026-05-22 22:00:00,141,2,LB-02,10012.459,25.9816,29.25,831.35,0.987699,25.662,2
2026-05-22 22:00:00,141,2,LB-03,10154.851,23.6095,29.01,832.62,0.987938,23.3247,2
2026-05-22 22:00:00,141,2,LB-04,9983.289,9.2602,29.23,833.13,0.987767,9.1469,1
2026-05-22 22:00:00,141,2,LB-05,10278.798,21.4542,29.41,831.74,0.98757,21.1875,2
2026-05-22 22:00:00,141,2,LB-06,9773.726,15.1227,29.4,831.91,0.987587,14.9349,1
2026-05-22 22:00:00,141,2,LB-07,10104.486,11.9889,29.14,832.59,0.987828,11.8429,1
2026-05-22 22:00:00,141,2,LB-08,10187.248,19.8973,29.36,831.92,0.987619,19.651,2
2026-05-22 22:00:00,141,2,LB-09,9724.055,26.461,28.98,831.79,0.987945,26.142,2
2026-05-22 22:00:00,141,2,LB-10,9785.083,8.5729,28.76,831.71,0.98813,8.4712,1
2026-05-23 06:00:00,142,0,LB-01,10067.286,18.57,27.31,832.4,0.989406,18.3733,2
2026-05-23 06:00:00,142,0,LB-02,10039.091,26.6315,27.64,831.78,0.989104,26.3413,2
2026-05-23 06:00:00,142,0,LB-03,10179.24,24.3898,27.6,831.27,0.989128,24.1246,2
2026-05-23 06:00:00,142,0,LB-04,10001.393,18.1037,27.92,832.41,0.988876,17.9023,1
2026-05-23 06:00:00,142,0,LB-05,10298.244,19.4467,27.62,833.22,0.989155,19.2358,2
2026-05-23 06:00:00,142,0,LB-06,9798.735,25.0087,27.7,831.83,0.989052,24.7349,2
2026-05-23 06:00:00,142,0,LB-07,10125.584,21.0973,27.98,831.96,0.988812,20.8612,2
2026-05-23 06:00:00,142,0,LB-08,10210.197,22.9496,27.68,831.26,0.989053,22.6984,2
2026-05-23 06:00:00,142,0,LB-09,9748.522,24.4666,28.15,831.45,0.988656,24.189,2
2026-05-23 06:00:00,142,0,LB-10,9816.297,31.2144,27.57,832.71,0.989188,30.8769,3
2026-05-23 14:00:00,142,1,LB-01,10085.628,18.342,35.68,831.36,0.982123,18.0141,2
2026-05-23 14:00:00,142,1,LB-02,10088.786,49.6951,35.2,830.98,0.982521,48.8265,4
2026-05-23 14:00:00,142,1,LB-03,10209.607,30.3661,35.84,831.73,0.981996,29.8194,2
2026-05-23 14:00:00,142,1,LB-04,10025.842,24.4492,35.2,832.57,0.982587,24.0234,2
2026-05-23 14:00:00,142,1,LB-05,10341.486,43.2416,35.14,832.47,0.982633,42.4906,4
2026-05-23 14:00:00,142,1,LB-06,9825.45,26.7148,35.53,831.93,0.982275,26.2413,2
2026-05-23 14:00:00,142,1,LB-07,10145.961,20.3775,35.44,832.22,0.982366,20.0182,2
2026-05-23 14:00:00,142,1,LB-08,10247.465,37.2675,34.79,831.81,0.982912,36.6307,3
2026-05-23 14:00:00,142,1,LB-09,9790.739,42.2177,35.78,832.86,0.982094,41.4618,3
2026-05-23 14:00:00,142,1,LB-10,9843.683,27.3855,35.64,831.33,0.982153,26.8968,2
2026-05-23 22:00:00,142,2,LB-01,10102.541,16.9129,32.69,831.8,0.984728,16.6546,1
2026-05-23 22:00:00,142,2,LB-02,10100.443,11.657,32.83,831.14,0.984588,11.4774,1
2026-05-23 22:00:00,142,2,LB-03,10226.953,17.3469,33.21,831.96,0.984284,17.0743,1
2026-05-23 22:00:00,142,2,LB-04,10035.909,10.0663,32.71,832.26,0.984729,9.9126,1
2026-05-23 22:00:00,142,2,LB-05,10376.453,34.9669,33.2,832.64,0.984324,34.4187,3
2026-05-23 22:00:00,142,2,LB-06,9848.934,23.4849,32.85,832.97,0.984636,23.1241,2
2026-05-23 22:00:00,142,2,LB-07,10161.927,15.9654,32.96,832.69,0.984529,15.7184,1
2026-05-23 22:00:00,142,2,LB-08,10273.626,26.1616,32.92,831.68,0.984527,25.7568,2
2026-05-23 22:00:00,142,2,LB-09,9799.825,9.0857,32.77,832.29,0.984677,8.9465,1
2026-05-23 22:00:00,142,2,LB-10,9876.149,32.4664,32.71,832.24,0.984732,31.9707,3
2026-05-24 06:00:00,143,0,LB-01,10135.986,33.4449,27.87,831.79,0.988902,33.0737,3
2026-05-24 06:00:00,143,0,LB-02,10110.301,9.8582,28.27,831.95,0.988561,9.7454,1
2026-05-24 06:00:00,143,0,LB-03,10249.99,23.037,28.53,831.96,0.988342,22.7684,2
2026-05-24 06:00:00,143,0,LB-04,10060.991,25.0828,27.82,831.17,0.988927,24.8051,2
2026-05-24 06:00:00,143,0,LB-05,10409.607,33.1547,28.35,831.25,0.988479,32.7728,3
2026-05-24 06:00:00,143,0,LB-06,9879.488,30.554,28.52,831.95,0.988346,30.1979,3
2026-05-24 06:00:00,143,0,LB-07,10185.738,23.8117,28.23,831.89,0.988597,23.5402,2
2026-05-24 06:00:00,143,0,LB-08,10292.375,18.7483,27.8,831.82,0.988963,18.5414,2
2026-05-24 06:00:00,143,0,LB-09,9815.459,15.6339,28.18,831.59,0.98863,15.4561,1
2026-05-24 06:00:00,143,0,LB-10,9897.336,21.1866,28.34,832.04,0.988506,20.943,2
2026-05-24 14:00:00,143,1,LB-01,10169.001,33.0157,35.26,832.05,0.982514,32.4384,3
2026-05-24 14:00:00,143,1,LB-02,10125.082,14.7804,35.8,833.89,0.982128,14.5162,1
2026-05-24 14:00:00,143,1,LB-03,10274.157,24.1664,35.24,832.47,0.98255,23.7447,2
2026-05-24 14:00:00,143,1,LB-04,10075.43,14.4384,35.52,830.95,0.982238,14.1819,1
2026-05-24 14:00:00,143,1,LB-05,10445.768,36.1607,35.09,831.6,0.982641,35.5329,3
2026-05-24 14:00:00,143,1,LB-06,9906.697,27.2089,35.36,832.55,0.982444,26.7312,2
2026-05-24 14:00:00,143,1,LB-07,10203.954,18.2154,35.75,831.48,0.982061,17.8886,1
2026-05-24 14:00:00,143,1,LB-08,10332.247,39.8725,35.72,832.39,0.982132,39.16,3
2026-05-24 14:00:00,143,1,LB-09,9843.094,27.6347,34.98,831.36,0.982728,27.1574,2
2026-05-24 14:00:00,143,1,LB-10,9929.385,32.0487,35.25,831.98,0.982519,31.4885,3
2026-05-24 22:00:00,143,2,LB-01,10181.302,12.3006,29.24,831.72,0.987714,12.1494,1
2026-05-24 22:00:00,143,2,LB-02,10134.529,9.4475,29.42,832.58,0.987586,9.3302,1
2026-05-24 22:00:00,143,2,LB-03,10285.941,11.7843,29.44,831.71,0.987542,11.6375,1
2026-05-24 22:00:00,143,2,LB-04,10084.965,9.5355,29.47,833.19,0.987563,9.4169,1
2026-05-24 22:00:00,143,2,LB-05,10470.188,24.4202,29.11,832.06,0.98784,24.1233,2
2026-05-24 22:00:00,143,2,LB-06,9925.463,18.7653,29.4,831.73,0.98758,18.5323,2
2026-05-24 22:00:00,143,2,LB-07,10216.414,12.46,29.35,832.24,0.987639,12.306,1
2026-05-24 22:00:00,143,2,LB-08,10340.597,8.3498,29.44,832.23,0.987556,8.2459,1
2026-05-24 22:00:00,143,2,LB-09,9860.701,17.6071,29.42,832.16,0.987579,17.3884,1
2026-05-24 22:00:00,143,2,LB-10,9947.691,18.3067,29.22,833.11,0.987778,18.0829,2
2026-05-25 06:00:00,144,0,LB-01,10216.232,34.93,28.53,832.02,0.988337,34.5226,3
2026-05-25 06:00:00,144,0,LB-02,10156.659,22.1299,28.59,832.31,0.988301,21.871,2
2026-05-25 06:00:00,144,0,LB-03,10326.406,40.465,28.18,831.75,0.988639,40.0053,3
2026-05-25 06:00:00,144,0,LB-04,10119.12,34.1543,28.76,832.73,0.988165,33.7501,3
2026-05-25 06:00:00,144,0,LB-05,10492.241,22.0525,28.9,831.82,0.988018,21.7883,2
2026-05-25 06:00:00,144,0,LB-06,9935.122,9.6593,28.66,831.82,0.988225,9.5456,1
2026-05-25 06:00:00,144,0,LB-07,10236.906,20.4923,27.9,832.41,0.988891,20.2647,2
2026-05-25 06:00:00,144,0,LB-08,10386.922,46.3254,28.22,832.78,0.98863,45.7987,4
2026-05-25 06:00:00,144,0,LB-09,9891.871,31.1697,28.76,831.84,0.988133,30.7998,3
2026-05-25 06:00:00,144,0,LB-10,9958.105,10.4139,28.69,831.4,0.988182,10.2909,1
2026-05-25 14:00:00,144,1,LB-01,10259.091,42.8586,34.74,832.05,0.982967,42.1287,4
2026-05-25 14:00:00,144,1,LB-02,10192.303,35.6444,35.5,831.98,0.982301,35.0135,3
2026-05-25 14:00:00,144,1,LB-03,10344.934,18.5278,34.9,832.13,0.982826,18.2096,2
2026-05-25 14:00:00,144,1,LB-04,10150.082,30.9623,35.3,832.18,0.982482,30.4199,3
2026-05-25 14:00:00,144,1,LB-05,10524.246,32.0048,35.28,832.83,0.982528,31.4456,3
2026-05-25 14:00:00,144,1,LB-06,9969.223,34.1006,34.86,831.52,0.98284,33.5154,3
2026-05-25 14:00:00,144,1,LB-07,10249.439,12.5333,34.86,831.98,0.982858,12.3185,1
2026-05-25 14:00:00,144,1,LB-08,10402.96,16.0373,35.03,831.62,0.982696,15.7598,1
2026-05-25 14:00:00,144,1,LB-09,9928.166,36.2951,34.7,832.93,0.983036,35.6794,3
2026-05-25 14:00:00,144,1,LB-10,9980.783,22.6783,35.46,832.02,0.982338,22.2777,2
2026-05-25 22:00:00,144,2,LB-01,10280.524,21.4336,30.46,832.8,0.986695,21.1484,2
2026-05-25 22:00:00,144,2,LB-02,10215.091,22.788,30.59,832.12,0.986559,22.4817,2
2026-05-25 22:00:00,144,2,LB-03,10354.259,9.3247,30.62,832.05,0.986529,9.1991,1
2026-05-25 22:00:00,144,2,LB-04,10166.848,16.7659,31.28,832.38,0.985973,16.5307,1
2026-05-25 22:00:00,144,2,LB-05,10530.718,6.4722,30.36,831.27,0.986735,6.3863,1
2026-05-25 22:00:00,144,2,LB-06,9987.862,18.6397,30.73,832.45,0.986448,18.3871,2
2026-05-25 22:00:00,144,2,LB-07,10260.116,10.6766,31.02,831.7,0.986175,10.529,1
2026-05-25 22:00:00,144,2,LB-08,10424.144,21.1845,30.52,831.98,0.986617,20.901,2
2026-05-25 22:00:00,144,2,LB-09,9935.142,6.9766,30.92,832.37,0.986288,6.881,1
2026-05-25 22:00:00,144,2,LB-10,9990.678,9.8945,31.22,831.75,0.986008,9.7561,1
2026-05-26 06:00:00,145,0,LB-01,10294.343,13.8187,28.4,831.86,0.988451,13.6591,1
2026-05-26 06:00:00,145,0,LB-02,10256.896,41.8042,28.74,832.4,0.988169,41.3097,3
2026-05-26 06:00:00,145,0,LB-03,10373.724,19.4655,28.45,831.77,0.988403,19.2398,2
2026-05-26 06:00:00,145,0,LB-04,10187.051,20.203,28.33,831.96,0.988513,19.971,2
2026-05-26 06:00:00,145,0,LB-05,10551.382,20.6645,28.43,831.97,0.988428,20.4253,2
2026-05-26 06:00:00,145,0,LB-06,10004.706,16.8435,28.57,830.44,0.988261,16.6458,1
2026-05-26 06:00:00,145,0,LB-07,10276.026,15.9102,28.46,830.19,0.98835,15.7248,1
2026-05-26 06:00:00,145,0,LB-08,10442.637,18.4924,28.4,831.63,0.988442,18.2787,2
2026-05-26 06:00:00,145,0,LB-09,9963.2,28.0574,28.95,831.37,0.987956,27.7195,2
2026-05-26 06:00:00,145,0,LB-10,10012.332,21.654,28.21,831.34,0.988599,21.4071,2
2026-05-26 14:00:00,145,1,LB-01,10321.746,27.403,37.13,832.58,0.980918,26.8801,2
2026-05-26 14:00:00,145,1,LB-02,10288.301,31.405,37.0,832.06,0.981004,30.8085,3
2026-05-26 14:00:00,145,1,LB-03,10402.779,29.0554,36.99,831.7,0.980994,28.5031,2
2026-05-26 14:00:00,145,1,LB-04,10214.863,27.8122,37.29,832.37,0.980764,27.2772,2
2026-05-26 14:00:00,145,1,LB-05,10569.809,18.4263,37.16,831.88,0.980859,18.0736,2
2026-05-26 14:00:00,145,1,LB-06,10022.84,18.134,37.22,832.04,0.980811,17.7861,1
2026-05-26 14:00:00,145,1,LB-07,10322.765,46.7391,37.01,832.85,0.981028,45.8523,4
2026-05-26 14:00:00,145,1,LB-08,10479.785,37.1484,36.64,832.05,0.981314,36.4542,3
2026-05-26 14:00:00,145,1,LB-09,9975.283,12.0835,37.2,831.19,0.980788,11.8513,1
2026-05-26 14:00:00,145,1,LB-10,10042.14,29.8084,37.33,832.36,0.980735,29.2341,2
2026-05-26 22:00:00,145,2,LB-01,10344.681,22.9351,30.9,832.02,0.986292,22.6207,2
2026-05-26 22:00:00,145,2,LB-02,10300.83,12.5296,30.54,832.12,0.986608,12.3618,1
2026-05-26 22:00:00,145,2,LB-03,10413.093,10.3132,31.29,832.24,0.985956,10.1683,1
2026-05-26 22:00:00,145,2,LB-04,10235.977,21.1143,30.72,832.19,0.986455,20.8283,2
2026-05-26 22:00:00,145,2,LB-05,10593.528,23.7193,30.67,832.17,0.986494,23.3989,2
2026-05-26 22:00:00,145,2,LB-06,10046.549,23.7096,30.71,831.44,0.986431,23.3879,2
2026-05-26 22:00:00,145,2,LB-07,10340.74,17.975,31.11,832.98,0.986141,17.7259,1
2026-05-26 22:00:00,145,2,LB-08,10513.615,33.8305,30.72,830.77,0.986405,33.3705,3
2026-05-26 22:00:00,145,2,LB-09,9990.967,15.6842,30.53,832.36,0.986623,15.4744,1
2026-05-26 22:00:00,145,2,LB-10,10075.778,33.6373,31.06,831.65,0.986142,33.1711,3
2026-05-27 06:00:00,146,0,LB-01,10375.496,30.8148,28.65,831.19,0.988209,30.4514,3
2026-05-27 06:00:00,146,0,LB-02,10315.266,14.4358,27.96,832.8,0.988854,14.2749,1
2026-05-27 06:00:00,146,0,LB-03,10427.265,14.1726,28.29,832.45,0.988563,14.0105,1
2026-05-27 06:00:00,146,0,LB-04,10257.731,21.754,28.85,831.58,0.988051,21.4941,2
2026-05-27 06:00:00,146,0,LB-05,10605.816,12.2886,28.94,833.06,0.988016,12.1413,1
2026-05-27 06:00:00,146,0,LB-06,10060.934,14.3841,28.63,831.58,0.988243,14.215,1
2026-05-27 06:00:00,146,0,LB-07,10352.237,11.4973,28.2,831.62,0.988614,11.3664,1
2026-05-27 06:00:00,146,0,LB-08,10546.354,32.7387,28.31,832.73,0.988554,32.364,3
2026-05-27 06:00:00,146,0,LB-09,10001.861,10.894,28.42,832.58,0.988447,10.7682,1
2026-05-27 06:00:00,146,0,LB-10,10089.905,14.1271,28.18,831.89,0.988643,13.9666,1
2026-05-27 14:00:00,146,1,LB-01,10402.91,27.4148,36.05,833.27,0.981882,26.9181,2
2026-05-27 14:00:00,146,1,LB-02,10328.438,13.1724,36.16,832.55,0.981751,12.932,1
2026-05-27 14:00:00,146,1,LB-03,10477.102,49.8368,36.07,830.92,0.981758,48.9277,4
2026-05-27 14:00:00,146,1,LB-04,10278.867,21.1353,36.01,831.67,0.981843,20.7515,2
2026-05-27 14:00:00,146,1,LB-05,10645.289,39.4729,35.89,832.13,0.981973,38.7613,3
2026-05-27 14:00:00,146,1,LB-06,10093.245,32.3113,36.17,831.42,0.981701,31.7201,3
2026-05-27 14:00:00,146,1,LB-07,10369.082,16.845,35.91,832.26,0.981959,16.5411,1
2026-05-27 14:00:00,146,1,LB-08,10576.955,30.6006,35.56,831.42,0.982226,30.0567,3
2026-05-27 14:00:00,146,1,LB-09,10053.85,51.9882,36.21,831.2,0.981652,51.0343,4
2026-05-27 14:00:00,146,1,LB-10,10119.983,30.0783,35.97,831.72,0.981884,29.5334,2
2026-05-27 22:00:00,146,2,LB-01,10408.763,5.8524,30.03,832.84,0.98707,5.7767,0
2026-05-27 22:00:00,146,2,LB-02,10336.185,7.7468,30.26,833.44,0.986888,7.6452,1
2026-05-27 22:00:00,146,2,LB-03,10487.881,10.7785,30.49,831.86,0.986639,10.6345,1
2026-05-27 22:00:00,146,2,LB-04,10301.226,22.359,30.52,832.37,0.986634,22.0601,2
2026-05-27 22:00:00,146,2,LB-05,10662.121,16.8318,29.87,832.31,0.987191,16.6162,1
2026-05-27 22:00:00,146,2,LB-06,10104.098,10.8533,30.26,832.19,0.98685,10.7106,1
2026-05-27 22:00:00,146,2,LB-07,10390.044,20.9618,30.43,831.44,0.98668,20.6825,2
2026-05-27 22:00:00,146,2,LB-08,10607.748,30.7936,30.04,831.19,0.987004,30.3934,3
2026-05-27 22:00:00,146,2,LB-09,10061.747,7.897,29.83,832.4,0.98723,7.7962,1
2026-05-27 22:00:00,146,2,LB-10,10141.945,21.9618,30.21,831.3,0.986862,21.6732,2
2026-05-28 06:00:00,147,0,LB-01,10427.692,18.9288,28.3,831.48,0.988527,18.7116,2
2026-05-28 06:00:00,147,0,LB-02,10383.199,47.0135,28.09,832.6,0.988737,46.484,4
2026-05-28 06:00:00,147,0,LB-03,10528.786,40.9058,27.92,831.99,0.988866,40.4504,3
2026-05-28 06:00:00,147,0,LB-04,10327.135,25.9089,27.74,832.54,0.989035,25.6248,2
2026-05-28 06:00:00,147,0,LB-05,10688.796,26.675,28.21,832.77,0.988637,26.3719,2
2026-05-28 06:00:00,147,0,LB-06,10119.394,15.2957,28.11,832.26,0.988706,15.1229,1
2026-05-28 06:00:00,147,0,LB-07,10414.266,24.2218,27.86,831.52,0.988907,23.9531,2
2026-05-28 06:00:00,147,0,LB-08,10625.005,17.2569,27.7,831.94,0.989058,17.0681,1
2026-05-28 06:00:00,147,0,LB-09,10068.642,6.8958,28.47,831.67,0.988378,6.8156,1
2026-05-28 06:00:00,147,0,LB-10,10163.149,21.2041,27.97,832.39,0.988837,20.9674,2
2026-05-28 14:00:00,147,1,LB-01,10456.146,28.4546,34.95,832.6,0.982806,27.9654,2
2026-05-28 14:00:00,147,1,LB-02,10400.992,17.7933,34.6,831.89,0.983078,17.4922,1
2026-05-28 14:00:00,147,1,LB-03,10576.31,47.524,34.72,832.71,0.983011,46.7166,4
2026-05-28 14:00:00,147,1,LB-04,10354.53,27.3955,34.99,831.9,0.982745,26.9228,2
2026-05-28 14:00:00,147,1,LB-05,10704.528,15.7322,35.01,832.1,0.982735,15.4606,1
2026-05-28 14:00:00,147,1,LB-06,10162.886,43.4918,35.23,832.14,0.982544,42.7326,4
2026-05-28 14:00:00,147,1,LB-07,10451.644,37.3779,35.3,831.5,0.982455,36.7221,3
2026-05-28 14:00:00,147,1,LB-08,10653.895,28.89,34.55,832.26,0.98314,28.4029,2
2026-05-28 14:00:00,147,1,LB-09,10101.086,32.4438,34.73,831.24,0.98294,31.8904,3
2026-05-28 14:00:00,147,1,LB-10,10201.623,38.4747,34.89,830.95,0.982785,37.8123,3
2026-05-28 22:00:00,147,2,LB-01,10469.775,13.6285,30.69,832.51,0.986489,13.4443,1
2026-05-28 22:00:00,147,2,LB-02,10413.431,12.439,31.2,831.46,0.98601,12.265,1
2026-05-28 22:00:00,147,2,LB-03,10590.939,14.6289,30.38,832.57,0.986755,14.4351,1
2026-05-28 22:00:00,147,2,LB-04,10403.353,48.8233,30.69,832.05,0.986473,48.1629,4
2026-05-28 22:00:00,147,2,LB-05,10717.711,13.1829,31.09,832.6,0.986141,13.0002,1
2026-05-28 22:00:00,147,2,LB-06,10172.78,9.8944,30.82,831.88,0.986356,9.7594,1
2026-05-28 22:00:00,147,2,LB-07,10476.224,24.5799,31.23,831.74,0.985993,24.2356,2
2026-05-28 22:00:00,147,2,LB-08,10678.176,24.2808,31.04,830.77,0.98613,23.944,2
2026-05-28 22:00:00,147,2,LB-09,10117.746,16.6596,30.77,833.11,0.986437,16.4336,1
2026-05-28 22:00:00,147,2,LB-10,10213.784,12.1606,30.79,831.89,0.986385,11.995,1
2026-05-29 06:00:00,148,0,LB-01,10499.841,30.0659,29.33,831.73,0.987639,29.6943,2
2026-05-29 06:00:00,148,0,LB-02,10443.184,29.7527,29.3,831.63,0.987659,29.3855,2
2026-05-29 06:00:00,148,0,LB-03,10616.795,25.8552,28.92,831.78,0.987995,25.5448,2
2026-05-29 06:00:00,148,0,LB-04,10438.817,35.4634,29.0,832.65,0.987951,35.0361,3
2026-05-29 06:00:00,148,0,LB-05,10755.271,37.5599,29.1,831.39,0.987825,37.1026,3
2026-05-29 06:00:00,148,0,LB-06,10181.093,8.3131,29.16,831.59,0.987783,8.2115,1
2026-05-29 06:00:00,148,0,LB-07,10497.569,21.3455,28.93,831.9,0.987989,21.0892,2
2026-05-29 06:00:00,148,0,LB-08,10704.766,26.5901,29.17,832.19,0.987794,26.2655,2
2026-05-29 06:00:00,148,0,LB-09,10129.61,11.8642,29.14,831.72,0.987807,11.7195,1
2026-05-29 06:00:00,148,0,LB-10,10243.54,29.7555,29.53,832.2,0.987478,29.3829,2
2026-05-29 14:00:00,148,1,LB-01,10532.118,32.2768,36.74,830.98,0.981181,31.6694,3
2026-05-29 14:00:00,148,1,LB-02,10468.648,25.4643,36.8,831.89,0.981166,24.9847,2
2026-05-29 14:00:00,148,1,LB-03,10636.471,19.6761,36.42,831.83,0.981501,19.3121,2
2026-05-29 14:00:00,148,1,LB-04,10459.498,20.6815,36.51,831.57,0.981411,20.297,2
2026-05-29 14:00:00,148,1,LB-05,10791.751,36.4799,36.66,832.21,0.981307,35.798,3
2026-05-29 14:00:00,148,1,LB-06,10201.87,20.7771,36.46,831.68,0.981452,20.3918,2
2026-05-29 14:00:00,148,1,LB-07,10506.667,9.0973,36.16,832.0,0.981734,8.9311,1
2026-05-29 14:00:00,148,1,LB-08,10724.208,19.442,36.24,831.31,0.981634,19.0849,2
2026-05-29 14:00:00,148,1,LB-09,10168.165,38.5546,35.76,831.62,0.982062,37.863,3
2026-05-29 14:00:00,148,1,LB-10,10263.416,19.8767,36.59,831.81,0.98135,19.506,2
2026-05-29 22:00:00,148,2,LB-01,10553.027,20.909,29.58,832.9,0.987456,20.6468,2
2026-05-29 22:00:00,148,2,LB-02,10480.32,11.6723,29.84,831.81,0.987203,11.5229,1
2026-05-29 22:00:00,148,2,LB-03,10651.286,14.8158,30.06,832.53,0.987033,14.6236,1
2026-05-29 22:00:00,148,2,LB-04,10470.587,11.0883,30.03,831.61,0.987032,10.9445,1
2026-05-29 22:00:00,148,2,LB-05,10810.448,18.6969,29.83,831.69,0.987203,18.4576,2
2026-05-29 22:00:00,148,2,LB-06,10233.217,31.347,29.85,833.08,0.987235,30.9469,3
2026-05-29 22:00:00,148,2,LB-07,10521.733,15.0667,29.75,831.73,0.987275,14.875,1
2026-05-29 22:00:00,148,2,LB-08,10735.482,11.2734,29.98,831.73,0.987077,11.1277,1
2026-05-29 22:00:00,148,2,LB-09,10185.59,17.4257,30.02,831.81,0.987046,17.1999,1
2026-05-29 22:00:00,148,2,LB-10,10277.645,14.2284,30.14,832.06,0.986949,14.0427,1
2026-05-30 06:00:00,149,0,LB-01,10568.532,15.5053,29.37,831.85,0.987612,15.3132,1
2026-05-30 06:00:00,149,0,LB-02,10500.238,19.9173,29.55,830.37,0.987404,19.6664,2
2026-05-30 06:00:00,149,0,LB-03,10676.652,25.3657,29.09,832.19,0.98786,25.0578,2
2026-05-30 06:00:00,149,0,LB-04,10500.244,29.6578,29.13,832.32,0.987832,29.297,2
2026-05-30 06:00:00,149,0,LB-05,10829.938,19.4898,29.11,832.16,0.987843,19.2528,2
2026-05-30 06:00:00,149,0,LB-06,10261.577,28.3593,29.4,833.66,0.987635,28.0087,2
2026-05-30 06:00:00,149,0,LB-07,10542.356,20.6224,29.37,831.37,0.987598,20.3666,2
2026-05-30 06:00:00,149,0,LB-08,10751.069,15.588,29.12,830.88,0.987797,15.3977,1
2026-05-30 06:00:00,149,0,LB-09,10223.705,38.115,28.88,831.87,0.988033,37.6589,3
2026-05-30 06:00:00,149,0,LB-10,10294.045,16.4007,29.29,831.16,0.987655,16.1982,1
2026-05-30 14:00:00,149,1,LB-01,10590.536,22.0042,35.14,832.2,0.982627,21.6219,2
2026-05-30 14:00:00,149,1,LB-02,10540.397,40.1599,34.66,832.17,0.983043,39.4789,3
2026-05-30 14:00:00,149,1,LB-03,10696.152,19.5002,34.72,832.25,0.982993,19.1686,2
2026-05-30 14:00:00,149,1,LB-04,10527.41,27.1656,35.07,831.81,0.982666,26.6947,2
2026-05-30 14:00:00,149,1,LB-05,10869.567,39.6294,35.03,831.99,0.982712,38.9443,3
2026-05-30 14:00:00,149,1,LB-06,10286.514,24.9372,34.95,832.64,0.982806,24.5084,2
2026-05-30 14:00:00,149,1,LB-07,10572.399,30.0433,35.03,831.23,0.982682,29.523,2
2026-05-30 14:00:00,149,1,LB-08,10775.485,24.4155,34.9,832.69,0.982851,23.9968,2
2026-05-30 14:00:00,149,1,LB-09,10241.929,18.2239,35.22,831.11,0.982508,17.9051,1
2026-05-30 14:00:00,149,1,LB-10,10320.244,26.1984,34.94,832.59,0.98281,25.7481,2
2026-05-30 22:00:00,149,2,LB-01,10609.89,19.3537,30.06,832.07,0.987014,19.1024,2
2026-05-30 22:00:00,149,2,LB-02,10553.938,13.5403,31.01,831.52,0.986176,13.3531,1
2026-05-30 22:00:00,149,2,LB-03,10718.315,22.1621,30.79,831.02,0.986354,21.8597,2
2026-05-30 22:00:00,149,2,LB-04,10540.467,13.057,30.86,831.3,0.9863,12.8781,1
2026-05-30 22:00:00,149,2,LB-05,10891.342,21.7751,30.96,831.69,0.986227,21.4751,2
2026-05-30 22:00:00,149,2,LB-06,10307.021,20.5068,30.88,832.27,0.986319,20.2262,2
2026-05-30 22:00:00,149,2,LB-07,10579.367,6.9676,30.81,831.58,0.986354,6.8726,1
2026-05-30 22:00:00,149,2,LB-08,10794.201,18.7158,30.8,832.64,0.986395,18.4612,2
2026-05-30 22:00:00,149,2,LB-09,10264.04,22.1105,30.61,831.12,0.986516,21.8124,2
2026-05-30 22:00:00,149,2,LB-10,10334.827,14.5836,30.61,831.84,0.986536,14.3872,1
2026-05-31 06:00:00,150,0,LB-01,10630.874,20.9844,28.89,832.2,0.988035,20.7333,2
2026-05-31 06:00:00,150,0,LB-02,10559.064,5.126,28.91,832.16,0.988013,5.0645,0
2026-05-31 06:00:00,150,0,LB-03,10733.451,15.1366,28.6,832.24,0.988284,14.9593,1
2026-05-31 06:00:00,150,0,LB-04,10555.656,15.1888,28.56,831.33,0.988298,15.0111,1
2026-05-31 06:00:00,150,0,LB-05,10914.765,23.4224,28.53,832.06,0.98834,23.1493,2
2026-05-31 06:00:00,150,0,LB-06,10323.263,16.2421,29.02,831.66,0.987907,16.0456,1
2026-05-31 06:00:00,150,0,LB-07,10602.003,22.6367,28.97,831.62,0.987947,22.3638,2
2026-05-31 06:00:00,150,0,LB-08,10813.125,18.9238,28.78,832.13,0.988123,18.699,2
2026-05-31 06:00:00,150,0,LB-09,10286.904,22.8646,28.66,831.78,0.988217,22.5952,2
2026-05-31 06:00:00,150,0,LB-10,10370.879,36.0519,28.77,832.12,0.988135,35.6241,3
2026-05-31 14:00:00,150,1,LB-01,10685.184,54.31,36.82,830.76,0.981103,53.2837,4
2026-05-31 14:00:00,150,1,LB-02,10570.83,11.7659,36.54,832.29,0.981412,11.5472,1
2026-05-31 14:00:00,150,1,LB-03,10761.112,27.6612,36.0,830.98,0.981826,27.1585,2
2026-05-31 14:00:00,150,1,LB-04,10576.708,21.0519,36.67,831.97,0.981287,20.6579,2
2026-05-31 14:00:00,150,1,LB-05,10930.433,15.6683,36.19,832.32,0.981722,15.3819,1
2026-05-31 14:00:00,150,1,LB-06,10352.656,29.3931,36.17,832.2,0.981731,28.8561,2
2026-05-31 14:00:00,150,1,LB-07,10635.711,33.7076,36.2,832.12,0.981703,33.0908,3
2026-05-31 14:00:00,150,1,LB-08,10849.625,36.4999,36.45,832.78,0.981511,35.8251,3
2026-05-31 14:00:00,150,1,LB-09,10308.71,21.8054,36.62,831.75,0.981316,21.3979,2
2026-05-31 14:00:00,150,1,LB-10,10419.236,48.3568,36.74,831.11,0.98119,47.4472,4
2026-05-31 22:00:00,150,2,LB-01,10702.799,17.6145,30.16,832.07,0.986936,17.3844,1
2026-05-31 22:00:00,150,2,LB-02,10582.658,11.828,30.43,832.77,0.986721,11.671,1
2026-05-31 22:00:00,150,2,LB-03,10776.203,15.0911,30.46,832.64,0.986693,14.8903,1
2026-05-31 22:00:00,150,2,LB-04,10592.616,15.9083,30.17,832.5,0.986935,15.7004,1
2026-05-31 22:00:00,150,2,LB-05,10946.419,15.9864,30.33,832.38,0.986796,15.7753,1
2026-05-31 22:00:00,150,2,LB-06,10364.895,12.2393,30.76,832.95,0.986438,12.0733,1
2026-05-31 22:00:00,150,2,LB-07,10647.255,11.5446,30.0,833.22,0.987105,11.3957,1
2026-05-31 22:00:00,150,2,LB-08,10864.639,15.0147,30.35,831.95,0.986762,14.816,1
2026-05-31 22:00:00,150,2,LB-09,10322.543,13.8332,30.66,832.28,0.986506,13.6465,1
2026-05-31 22:00:00,150,2,LB-10,10447.69,28.4535,30.82,832.94,0.986391,28.0663,2
2026-06-01 06:00:00,151,0,LB-01,10739.417,36.6181,29.36,832.17,0.987624,36.1649,3
2026-06-01 06:00:00,151,0,LB-02,10615.871,33.213,29.18,830.99,0.987747,32.806,3
2026-06-01 06:00:00,151,0,LB-03,10809.197,32.9936,29.18,831.36,0.987762,32.5898,3
2026-06-01 06:00:00,151,0,LB-04,10603.474,10.8581,29.32,831.46,0.98764,10.7239,1
2026-06-01 06:00:00,151,0,LB-05,10978.202,31.7828,28.85,831.85,0.988058,31.4032,3
2026-06-01 06:00:00,151,0,LB-06,10383.043,18.1479,29.06,833.28,0.987919,17.9287,1
2026-06-01 06:00:00,151,0,LB-07,10660.689,13.4335,29.3,832.46,0.987686,13.2681,1
2026-06-01 06:00:00,151,0,LB-08,10880.715,16.076,28.71,832.69,0.9882,15.8863,1
2026-06-01 06:00:00,151,0,LB-09,10350.176,27.6328,29.37,832.17,0.987621,27.2908,2
2026-06-01 06:00:00,151,0,LB-10,10459.073,11.3831,28.85,831.82,0.988057,11.2471,1
2026-06-01 14:00:00,151,1,LB-01,10766.916,27.4989,36.62,833.02,0.981373,26.9867,2
2026-06-01 14:00:00,151,1,LB-02,10654.343,38.4727,36.28,832.94,0.981671,37.7675,3
2026-06-01 14:00:00,151,1,LB-03,10872.874,63.6769,36.99,831.53,0.980989,62.4663,5
2026-06-01 14:00:00,151,1,LB-04,10614.381,10.9073,36.64,832.69,0.981347,10.7039,1
2026-06-01 14:00:00,151,1,LB-05,11009.376,31.1745,36.17,831.02,0.981682,30.6035,3
2026-06-01 14:00:00,151,1,LB-06,10412.318,29.2748,36.65,831.87,0.9813,28.7274,2
2026-06-01 14:00:00,151,1,LB-07,10672.571,11.882,36.73,832.64,0.981265,11.6594,1
2026-06-01 14:00:00,151,1,LB-08,10936.467,55.7518,36.65,831.81,0.981293,54.7089,5
2026-06-01 14:00:00,151,1,LB-09,10370.301,20.1256,36.58,831.09,0.981327,19.7498,2
2026-06-01 14:00:00,151,1,LB-10,10483.308,24.2359,36.65,831.92,0.981305,23.7828,2
2026-06-01 22:00:00,151,2,LB-01,10778.668,11.7527,31.17,832.55,0.986075,11.589,1
2026-06-01 22:00:00,151,2,LB-02,10673.331,18.9877,30.93,831.63,0.986251,18.7266,2
2026-06-01 22:00:00,151,2,LB-03,10878.842,5.9685,30.79,830.96,0.986349,5.8871,0
2026-06-01 22:00:00,151,2,LB-04,10628.421,14.0395,31.15,832.22,0.986079,13.844,1
2026-06-01 22:00:00,151,2,LB-05,11024.791,15.4143,30.74,831.51,0.986408,15.2048,1
2026-06-01 22:00:00,151,2,LB-06,10424.799,12.4809,30.7,832.89,0.986495,12.3123,1
2026-06-01 22:00:00,151,2,LB-07,10683.866,11.2949,30.82,831.79,0.98635,11.1407,1
2026-06-01 22:00:00,151,2,LB-08,10950.87,14.4025,31.18,832.48,0.986067,14.2018,1
2026-06-01 22:00:00,151,2,LB-09,10395.284,24.9827,30.55,831.86,0.986587,24.6476,2
2026-06-01 22:00:00,151,2,LB-10,10505.628,22.3196,31.03,832.05,0.986176,22.0111,2
2026-06-02 06:00:00,152,0,LB-01,10801.331,22.6628,30.17,832.27,0.986931,22.3666,2
2026-06-02 06:00:00,152,0,LB-02,10696.702,23.3714,29.58,832.72,0.987451,23.0781,2
2026-06-02 06:00:00,152,0,LB-03,10894.418,15.576,29.96,832.29,0.987113,15.3753,1
2026-06-02 06:00:00,152,0,LB-04,10643.654,15.2332,29.61,832.57,0.98742,15.0415,1
2026-06-02 06:00:00,152,0,LB-05,11049.82,25.0288,29.93,832.57,0.987146,24.7071,2
2026-06-02 06:00:00,152,0,LB-06,10448.53,23.7316,29.45,831.52,0.987533,23.4358,2
2026-06-02 06:00:00,152,0,LB-07,10705.249,21.3828,29.83,831.39,0.987195,21.109,2
2026-06-02 06:00:00,152,0,LB-08,10963.279,12.4095,30.04,832.62,0.987054,12.2489,1
2026-06-02 06:00:00,152,0,LB-09,10421.596,26.3117,30.53,831.64,0.986602,25.9592,2
2026-06-02 06:00:00,152,0,LB-10,10519.819,14.1906,30.01,832.53,0.987074,14.0072,1
2026-06-02 14:00:00,152,1,LB-01,10819.116,17.7846,35.57,832.39,0.982257,17.4691,1
2026-06-02 14:00:00,152,1,LB-02,10723.109,26.4065,35.65,832.6,0.982203,25.9366,2
2026-06-02 14:00:00,152,1,LB-03,10915.987,21.569,34.88,831.5,0.98282,21.1985,2
2026-06-02 14:00:00,152,1,LB-04,10685.753,42.0991,35.21,832.36,0.982572,41.3654,3
2026-06-02 14:00:00,152,1,LB-05,11101.803,51.9831,35.85,831.39,0.981972,51.0459,4
2026-06-02 14:00:00,152,1,LB-06,10484.787,36.2565,35.38,830.96,0.982362,35.617,3
2026-06-02 14:00:00,152,1,LB-07,10720.689,15.44,35.0,831.39,0.982712,15.1731,1
2026-06-02 14:00:00,152,1,LB-08,10980.263,16.9838,35.01,832.83,0.982767,16.6911,1
2026-06-02 14:00:00,152,1,LB-09,10440.25,18.6544,34.95,831.71,0.982769,18.333,2
2026-06-02 14:00:00,152,1,LB-10,10564.403,44.5844,35.34,831.59,0.982425,43.8009,4
2026-06-02 22:00:00,152,2,LB-01,10842.674,23.558,30.84,832.62,0.986361,23.2367,2
2026-06-02 22:00:00,152,2,LB-02,10737.108,13.9992,30.73,831.29,0.986409,13.809,1
2026-06-02 22:00:00,152,2,LB-03,10931.671,15.6835,30.52,831.95,0.98662,15.4737,1
2026-06-02 22:00:00,152,2,LB-04,10700.654,14.9005,30.86,832.1,0.986329,14.6968,1
2026-06-02 22:00:00,152,2,LB-05,11135.533,33.73,30.76,832.31,0.986417,33.2718,3
2026-06-02 22:00:00,152,2,LB-06,10496.881,12.0941,30.97,831.93,0.986223,11.9275,1
2026-06-02 22:00:00,152,2,LB-07,10735.678,14.9895,30.73,832.97,0.986465,14.7866,1
2026-06-02 22:00:00,152,2,LB-08,10986.893,6.6297,30.76,831.6,0.986399,6.5395,1
2026-06-02 22:00:00,152,2,LB-09,10454.562,14.3119,30.42,833.02,0.986739,14.1221,1
2026-06-02 22:00:00,152,2,LB-10,10573.333,8.9301,30.38,830.74,0.986703,8.8113,1
2026-06-03 06:00:00,153,0,LB-01,10861.73,19.0565,29.39,832.69,0.98762,18.8206,2
2026-06-03 06:00:00,153,0,LB-02,10763.107,25.9986,29.84,831.98,0.987202,25.6659,2
2026-06-03 06:00:00,153,0,LB-03,10964.383,32.7123,29.73,832.06,0.987304,32.297,3
2026-06-03 06:00:00,153,0,LB-04,10712.043,11.3896,30.06,831.34,0.986995,11.2415,1
2026-06-03 06:00:00,153,0,LB-05,11151.104,15.5712,30.16,833.27,0.986971,15.3683,1
2026-06-03 06:00:00,153,0,LB-06,10515.857,18.976,29.42,831.56,0.987556,18.7399,2
2026-06-03 06:00:00,153,0,LB-07,10763.149,27.4705,29.82,831.99,0.987221,27.1194,2
2026-06-03 06:00:00,153,0,LB-08,11000.31,13.417,29.53,831.79,0.987466,13.2488,1
2026-06-03 06:00:00,153,0,LB-09,10483.846,29.2845,29.87,832.75,0.987203,28.9097,2
2026-06-03 06:00:00,153,0,LB-10,10602.498,29.1644,29.6,831.29,0.987392,28.7967,2
2026-06-03 14:00:00,153,1,LB-01,10908.31,46.5797,36.64,832.67,0.981344,45.7107,4
2026-06-03 14:00:00,153,1,LB-02,10782.792,19.6852,36.83,831.69,0.981131,19.3137,2
2026-06-03 14:00:00,153,1,LB-03,10988.524,24.1412,36.77,830.94,0.98115,23.6862,2
2026-06-03 14:00:00,153,1,LB-04,10732.049,20.0061,36.53,832.08,0.981416,19.6344,2
2026-06-03 14:00:00,153,1,LB-05,11166.419,15.3154,36.27,831.73,0.981621,15.0339,1
2026-06-03 14:00:00,153,1,LB-06,10556.987,41.1303,36.83,832.6,0.981177,40.356,3
2026-06-03 14:00:00,153,1,LB-07,10781.426,18.2776,36.29,831.91,0.981612,17.9415,1
2026-06-03 14:00:00,153,1,LB-08,11030.089,29.7793,37.0,831.53,0.980982,29.213,2
2026-06-03 14:00:00,153,1,LB-09,10509.311,25.4643,36.83,832.36,0.981168,24.9848,2
2026-06-03 14:00:00,153,1,LB-10,10637.513,35.0151,36.08,832.5,0.981826,34.3787,3
2026-06-03 22:00:00,153,2,LB-01,10924.868,16.5584,29.65,831.8,0.987364,16.3492,1
2026-06-03 22:00:00,153,2,LB-02,10799.996,17.2036,29.67,832.3,0.987362,16.9862,1
2026-06-03 22:00:00,153,2,LB-03,11000.66,12.1355,29.31,832.15,0.987673,11.9859,1
2026-06-03 22:00:00,153,2,LB-04,10754.836,22.787,30.06,832.66,0.987038,22.4916,2
2026-06-03 22:00:00,153,2,LB-05,11178.712,12.2927,29.82,831.56,0.987213,12.1355,1
2026-06-03 22:00:00,153,2,LB-06,10586.124,29.137,29.69,832.12,0.987342,28.7682,2
2026-06-03 22:00:00,153,2,LB-07,10786.37,4.9438,29.28,832.12,0.987698,4.883,0
2026-06-03 22:00:00,153,2,LB-08,11043.844,13.7553,29.87,832.0,0.987184,13.579,1
2026-06-03 22:00:00,153,2,LB-09,10522.798,13.4878,29.85,831.71,0.987193,13.315,1
2026-06-03 22:00:00,153,2,LB-10,10650.773,13.2598,29.7,832.07,0.98733,13.0918,1
2026-06-04 06:00:00,154,0,LB-01,10945.163,20.2948,29.2,831.68,0.987753,20.0463,2
2026-06-04 06:00:00,154,0,LB-02,10842.013,42.0171,29.21,832.56,0.987766,41.5031,3
2026-06-04 06:00:00,154,0,LB-03,11032.96,32.2997,29.14,830.83,0.987774,31.9048,3
2026-06-04 06:00:00,154,0,LB-04,10781.451,26.6143,29.56,831.13,0.98742,26.2795,2
2026-06-04 06:00:00,154,0,LB-05,11205.032,26.3198,29.19,832.1,0.987769,25.9979,2
2026-06-04 06:00:00,154,0,LB-06,10622.473,36.3491,29.36,831.74,0.987611,35.8988,3
2026-06-04 06:00:00,154,0,LB-07,10812.64,26.27,29.33,831.98,0.987647,25.9455,2
2026-06-04 06:00:00,154,0,LB-08,11056.254,12.4093,29.42,832.31,0.987579,12.2552,1
2026-06-04 06:00:00,154,0,LB-09,10547.93,25.1318,29.41,832.22,0.987582,24.8197,2
2026-06-04 06:00:00,154,0,LB-10,10672.093,21.3209,28.95,833.3,0.988012,21.0653,2
2026-06-04 14:00:00,154,1,LB-01,10965.549,20.3858,35.17,832.14,0.982597,20.031,2
2026-06-04 14:00:00,154,1,LB-02,10889.105,47.0921,34.82,832.38,0.982907,46.2872,4
2026-06-04 14:00:00,154,1,LB-03,11047.241,14.2809,35.15,831.94,0.982606,14.0325,1
2026-06-04 14:00:00,154,1,LB-04,10803.301,21.8503,35.16,832.8,0.982635,21.4709,2
2026-06-04 14:00:00,154,1,LB-05,11240.765,35.7333,34.94,831.66,0.982773,35.1177,3
2026-06-04 14:00:00,154,1,LB-06,10676.754,54.2804,34.98,831.79,0.982744,53.3437,4
2026-06-04 14:00:00,154,1,LB-07,10844.818,32.1775,35.02,831.87,0.982718,31.6214,3
2026-06-04 14:00:00,154,1,LB-08,11069.067,12.8133,34.9,832.72,0.982854,12.5936,1
2026-06-04 14:00:00,154,1,LB-09,10585.586,37.6556,35.14,832.38,0.982629,37.0015,3
2026-06-04 14:00:00,154,1,LB-10,10722.426,50.3321,35.14,832.12,0.982624,49.4576,4
2026-06-04 22:00:00,154,2,LB-01,10974.462,8.9131,31.15,832.45,0.986084,8.7891,1
2026-06-04 22:00:00,154,2,LB-02,10896.579,7.474,31.55,831.52,0.985713,7.3673,1
2026-06-04 22:00:00,154,2,LB-03,11061.915,14.6742,31.03,832.78,0.986202,14.4717,1
2026-06-04 22:00:00,154,2,LB-04,10819.658,16.3573,30.56,832.04,0.986583,16.1378,1
2026-06-04 22:00:00,154,2,LB-05,11257.654,16.8888,30.84,832.67,0.986364,16.6585,1
2026-06-04 22:00:00,154,2,LB-06,10702.654,25.9001,31.29,831.75,0.985943,25.536,2
2026-06-04 22:00:00,154,2,LB-07,10852.652,7.8348,31.32,832.12,0.985933,7.7246,1
2026-06-04 22:00:00,154,2,LB-08,11081.315,12.2484,31.05,832.07,0.986166,12.079,1
2026-06-04 22:00:00,154,2,LB-09,10591.285,5.6989,31.13,831.84,0.986082,5.6196,0
2026-06-04 22:00:00,154,2,LB-10,10742.491,20.0653,31.53,831.76,0.985739,19.7791,2
2026-06-05 06:00:00,155,0,LB-01,10988.986,14.5234,28.4,832.12,0.988451,14.3557,1
2026-06-05 06:00:00,155,0,LB-02,10909.666,13.0871,28.51,832.17,0.988365,12.9348,1
2026-06-05 06:00:00,155,0,LB-03,11068.709,6.7938,28.21,831.83,0.988615,6.7165,1
2026-06-05 06:00:00,155,0,LB-04,10840.059,20.4008,28.55,832.48,0.988334,20.1628,2
2026-06-05 06:00:00,155,0,LB-05,11276.705,19.0515,28.67,832.67,0.988236,18.8274,2
2026-06-05 06:00:00,155,0,LB-06,10725.581,22.9277,28.63,831.73,0.988246,22.6582,2
2026-06-05 06:00:00,155,0,LB-07,10889.811,37.1586,28.07,831.69,0.98873,36.7399,3
2026-06-05 06:00:00,155,0,LB-08,11094.099,12.7835,28.76,831.4,0.988122,12.6317,1
2026-06-05 06:00:00,155,0,LB-09,10625.978,34.6934,28.34,833.1,0.988537,34.2957,3
2026-06-05 06:00:00,155,0,LB-10,10748.819,6.3281,28.71,831.65,0.98817,6.2532,1
2026-06-05 14:00:00,155,1,LB-01,11014.532,25.5462,34.37,833.08,0.983322,25.1201,2
2026-06-05 14:00:00,155,1,LB-02,10932.559,22.8934,34.19,832.2,0.983449,22.5145,2
2026-06-05 14:00:00,155,1,LB-03,11094.795,26.0861,34.75,832.3,0.982967,25.6417,2
2026-06-05 14:00:00,155,1,LB-04,10866.754,26.6953,34.6,831.79,0.983078,26.2436,2
2026-06-05 14:00:00,155,1,LB-05,11288.095,11.3901,34.33,831.24,0.98329,11.1998,1
2026-06-05 14:00:00,155,1,LB-06,10765.041,39.4593,34.35,832.76,0.983335,38.8017,3
2026-06-05 14:00:00,155,1,LB-07,10899.688,9.8769,34.79,832.54,0.982942,9.7084,1
2026-06-05 14:00:00,155,1,LB-08,11109.894,15.7951,34.85,832.19,0.982875,15.5246,1
2026-06-05 14:00:00,155,1,LB-09,10668.548,42.5698,34.05,832.03,0.983562,41.8701,3
2026-06-05 14:00:00,155,1,LB-10,10786.099,37.2799,34.53,832.86,0.983179,36.6529,3
2026-06-05 22:00:00,155,2,LB-01,11037.26,22.7282,30.4,831.89,0.986722,22.4264,2
2026-06-05 22:00:00,155,2,LB-02,10949.5,16.9402,30.75,832.56,0.986438,16.7104,1
2026-06-05 22:00:00,155,2,LB-03,11110.622,15.8276,30.95,832.11,0.986248,15.6099,1
2026-06-05 22:00:00,155,2,LB-04,10881.103,14.3482,30.43,833.01,0.986727,14.1578,1
2026-06-05 22:00:00,155,2,LB-05,11318.563,30.4678,30.32,831.81,0.986789,30.0653,3
2026-06-05 22:00:00,155,2,LB-06,10784.323,19.2824,30.13,831.93,0.986953,19.0309,2
2026-06-05 22:00:00,155,2,LB-07,10929.336,29.6483,30.85,832.35,0.98634,29.2433,2
2026-06-05 22:00:00,155,2,LB-08,11127.063,17.1693,30.85,831.08,0.9863,16.934,1
2026-06-05 22:00:00,155,2,LB-09,10682.562,14.0135,30.9,832.63,0.986314,13.8217,1
2026-06-05 22:00:00,155,2,LB-10,10792.991,6.8923,30.76,831.23,0.98639,6.7985,1
2026-06-06 06:00:00,156,0,LB-01,11063.073,25.8127,28.38,832.53,0.988481,25.5153,2
2026-06-06 06:00:00,156,0,LB-02,10975.478,25.9783,28.5,831.97,0.988366,25.6761,2
2026-06-06 06:00:00,156,0,LB-03,11124.35,13.7273,28.43,831.35,0.988407,13.5682,1
2026-06-06 06:00:00,156,0,LB-04,10916.031,34.9288,28.76,832.03,0.98814,34.5146,3
2026-06-06 06:00:00,156,0,LB-05,11332.278,13.7145,28.37,833.48,0.988518,13.557,1
2026-06-06 06:00:00,156,0,LB-06,10799.246,14.9233,28.76,832.14,0.988143,14.7464,1
2026-06-06 06:00:00,156,0,LB-07,10945.398,16.0622,28.84,831.77,0.988065,15.8705,1
2026-06-06 06:00:00,156,0,LB-08,11170.208,43.1451,28.59,830.72,0.98825,42.6381,4
2026-06-06 06:00:00,156,0,LB-09,10707.93,25.3681,29.07,831.73,0.987867,25.0603,2
2026-06-06 06:00:00,156,0,LB-10,10832.796,39.8047,29.02,831.95,0.987914,39.3237,3
2026-06-06 14:00:00,156,1,LB-01,11098.459,35.3861,35.81,831.77,0.982022,34.7499,3
2026-06-06 14:00:00,156,1,LB-02,11004.526,29.0479,36.17,831.84,0.981716,28.5168,2
2026-06-06 14:00:00,156,1,LB-03,11140.135,15.7853,36.18,832.98,0.981759,15.4974,1
2026-06-06 14:00:00,156,1,LB-04,10934.669,18.6372,35.47,832.41,0.98235,18.3082,2
2026-06-06 14:00:00,156,1,LB-05,11348.162,15.884,35.96,832.45,0.981926,15.5969,1
2026-06-06 14:00:00,156,1,LB-06,10812.28,13.0331,35.53,832.57,0.9823,12.8024,1
2026-06-06 14:00:00,156,1,LB-07,10977.565,32.1671,36.56,833.01,0.981432,31.5698,3
2026-06-06 14:00:00,156,1,LB-08,11229.243,59.0348,36.26,831.63,0.981628,57.9502,5
2026-06-06 14:00:00,156,1,LB-09,10752.546,44.6159,36.69,832.66,0.981297,43.7815,4
2026-06-06 14:00:00,156,1,LB-10,10876.877,44.0815,35.86,831.56,0.981968,43.2866,4
2026-06-06 22:00:00,156,2,LB-01,11119.1,20.6411,30.89,831.11,0.986271,20.3577,2
2026-06-06 22:00:00,156,2,LB-02,11014.416,9.8902,31.35,832.61,0.98592,9.751,1
2026-06-06 22:00:00,156,2,LB-03,11153.004,12.8685,31.07,832.39,0.986157,12.6904,1
2026-06-06 22:00:00,156,2,LB-04,10944.196,9.5273,31.38,832.42,0.985887,9.3929,1
2026-06-06 22:00:00,156,2,LB-05,11363.674,15.5119,31.41,831.66,0.98584,15.2923,1
2026-06-06 22:00:00,156,2,LB-06,10826.301,14.0214,30.89,831.34,0.986273,13.829,1
2026-06-06 22:00:00,156,2,LB-07,10984.72,7.1547,31.23,831.83,0.985998,7.0546,1
2026-06-06 22:00:00,156,2,LB-08,11251.392,22.1495,31.29,832.2,0.985958,21.8384,2
2026-06-06 22:00:00,156,2,LB-09,10777.063,24.5172,31.65,832.1,0.985641,24.1651,2
2026-06-06 22:00:00,156,2,LB-10,10883.314,6.4367,31.03,831.69,0.986168,6.3477,1
2026-06-07 06:00:00,157,0,LB-01,11132.877,13.7774,29.22,831.52,0.987725,13.6083,1
2026-06-07 06:00:00,157,0,LB-02,11036.188,21.7723,29.34,832.1,0.987638,21.5031,2
2026-06-07 06:00:00,157,0,LB-03,11189.302,36.2984,29.37,833.37,0.987653,35.8502,3
2026-06-07 06:00:00,157,0,LB-04,10969.415,25.2187,29.24,832.1,0.987732,24.9093,2
2026-06-07 06:00:00,157,0,LB-05,11374.356,10.682,29.36,832.83,0.987649,10.5501,1
2026-06-07 06:00:00,157,0,LB-06,10857.455,31.1536,29.27,831.88,0.987701,30.7705,3
2026-06-07 06:00:00,157,0,LB-07,11003.585,18.8652,29.53,832.42,0.987487,18.6292,2
2026-06-07 06:00:00,157,0,LB-08,11274.766,23.3737,29.64,831.73,0.987374,23.0786,2
2026-06-07 06:00:00,157,0,LB-09,10840.013,62.95,29.48,833.51,0.987566,62.1672,5
2026-06-07 06:00:00,157,0,LB-10,10917.215,33.9014,29.33,831.65,0.987635,33.4822,3
2026-06-07 14:00:00,157,1,LB-01,11161.673,28.7953,35.87,831.86,0.981977,28.2763,2
2026-06-07 14:00:00,157,1,LB-02,11071.354,35.1653,35.84,832.53,0.982035,34.5336,3
2026-06-07 14:00:00,157,1,LB-03,11208.376,19.0737,35.73,831.48,0.982081,18.7319,2
2026-06-07 14:00:00,157,1,LB-04,10998.555,29.1407,35.37,832.08,0.982422,28.6285,2
2026-06-07 14:00:00,157,1,LB-05,11407.626,33.2699,35.85,831.97,0.981994,32.6708,3
2026-06-07 14:00:00,157,1,LB-06,10892.66,35.2058,35.35,831.62,0.982416,34.5868,3
2026-06-07 14:00:00,157,1,LB-07,11057.816,54.2308,35.99,832.69,0.981909,53.2497,4
2026-06-07 14:00:00,157,1,LB-08,11293.117,18.3511,35.65,831.37,0.982145,18.0234,2
2026-06-07 14:00:00,157,1,LB-09,10859.248,19.2349,35.75,831.65,0.982073,18.8901,2
2026-06-07 14:00:00,157,1,LB-10,10950.255,33.0397,35.94,832.19,0.981927,32.4426,3
2026-06-07 22:00:00,157,2,LB-01,11174.761,13.088,29.74,831.74,0.987288,12.9217,1
2026-06-07 22:00:00,157,2,LB-02,11095.649,24.2955,30.33,832.84,0.986805,23.975,2
2026-06-07 22:00:00,157,2,LB-03,11219.685,11.3096,30.27,832.28,0.98684,11.1607,1
2026-06-07 22:00:00,157,2,LB-04,11030.017,31.4614,29.9,832.76,0.987181,31.0581,3
2026-06-07 22:00:00,157,2,LB-05,11423.802,16.1766,29.79,831.15,0.987227,15.97,1
2026-06-07 22:00:00,157,2,LB-06,10906.886,14.2256,29.67,831.58,0.987343,14.0455,1
2026-06-07 22:00:00,157,2,LB-07,11065.217,7.4008,30.11,832.51,0.986988,7.3045,1
2026-06-07 22:00:00,157,2,LB-08,11312.152,19.0344,29.89,831.17,0.987139,18.7896,2
2026-06-07 22:00:00,157,2,LB-09,10878.903,19.655,29.71,833.01,0.987347,19.4063,2
2026-06-07 22:00:00,157,2,LB-10,10956.482,6.2272,30.03,832.02,0.987039,6.1465,1
2026-06-08 06:00:00,158,0,LB-01,11185.882,11.1211,28.92,832.36,0.988009,10.9878,1
2026-06-08 06:00:00,158,0,LB-02,11110.824,15.1748,28.98,832.48,0.987963,14.9922,1
2026-06-08 06:00:00,158,0,LB-03,11250.275,30.5899,28.52,831.96,0.988344,30.2334,3
2026-06-08 06:00:00,158,0,LB-04,11056.554,26.5372,28.89,831.21,0.988002,26.2189,2
2026-06-08 06:00:00,158,0,LB-05,11444.248,20.446,29.22,832.86,0.98777,20.1959,2
2026-06-08 06:00:00,158,0,LB-06,10938.765,31.8785,29.1,831.84,0.987845,31.491,3
2026-06-08 06:00:00,158,0,LB-07,11086.695,21.4776,28.83,831.24,0.988058,21.2211,2
2026-06-08 06:00:00,158,0,LB-08,11355.526,43.3743,28.48,831.65,0.988369,42.8698,4
2026-06-08 06:00:00,158,0,LB-09,10913.241,34.338,29.43,832.67,0.98758,33.9115,3
2026-06-08 06:00:00,158,0,LB-10,10993.369,36.8868,28.72,831.84,0.988174,36.4505,3
2026-06-08 14:00:00,158,1,LB-01,11230.098,44.2167,37.52,832.18,0.980559,43.3571,4
2026-06-08 14:00:00,158,1,LB-02,11120.592,9.7682,37.36,832.72,0.980724,9.5799,1
2026-06-08 14:00:00,158,1,LB-03,11266.424,16.1487,37.55,831.87,0.980515,15.8341,1
2026-06-08 14:00:00,158,1,LB-04,11073.39,16.8357,37.21,831.8,0.980809,16.5126,1
2026-06-08 14:00:00,158,1,LB-05,11473.731,29.4832,37.2,832.64,0.980861,28.9189,2
2026-06-08 14:00:00,158,1,LB-06,10970.346,31.5817,37.18,832.54,0.980873,30.9777,3
2026-06-08 14:00:00,158,1,LB-07,11114.187,27.492,37.17,831.35,0.980827,26.9649,2
2026-06-08 14:00:00,158,1,LB-08,11380.49,24.9644,37.71,831.27,0.980346,24.4737,2
2026-06-08 14:00:00,158,1,LB-09,10941.048,27.8071,36.78,831.82,0.981187,27.284,2
2026-06-08 14:00:00,158,1,LB-10,11001.906,8.5369,36.91,832.34,0.981097,8.3755,1
2026-06-08 22:00:00,158,2,LB-01,11255.871,25.7728,31.07,832.72,0.986167,25.4163,2
2026-06-08 22:00:00,158,2,LB-02,11143.234,22.6417,30.88,832.23,0.986317,22.3319,2
2026-06-08 22:00:00,158,2,LB-03,11277.781,11.3568,31.51,831.38,0.985741,11.1948,1
2026-06-08 22:00:00,158,2,LB-04,11100.996,27.6069,30.32,831.71,0.986785,27.2421,2
2026-06-08 22:00:00,158,2,LB-05,11491.998,18.2663,30.8,831.83,0.986372,18.0174,2
2026-06-08 22:00:00,158,2,LB-06,11004.024,33.6776,31.06,831.93,0.986149,33.2112,3
2026-06-08 22:00:00,158,2,LB-07,11139.797,25.61,30.49,830.9,0.986611,25.2671,2
2026-06-08 22:00:00,158,2,LB-08,11394.315,13.8243,31.24,830.32,0.985941,13.63,1
2026-06-08 22:00:00,158,2,LB-09,10958.333,17.2852,30.68,832.7,0.986506,17.052,1
2026-06-08 22:00:00,158,2,LB-10,11018.495,16.5885,30.87,831.73,0.986309,16.3614,1
2026-06-09 06:00:00,159,0,LB-01,11277.834,21.9624,28.92,831.86,0.987996,21.6988,2
2026-06-09 06:00:00,159,0,LB-02,11157.333,14.0986,29.09,831.92,0.987851,13.9273,1
2026-06-09 06:00:00,159,0,LB-03,11295.114,17.3338,28.55,831.43,0.98831,17.1311,1
2026-06-09 06:00:00,159,0,LB-04,11121.19,20.1938,28.96,831.83,0.987966,19.9508,2
2026-06-09 06:00:00,159,0,LB-05,11509.035,17.0373,29.08,831.69,0.987852,16.8304,1
2026-06-09 06:00:00,159,0,LB-06,11018.155,14.1311,28.43,831.9,0.988419,13.9674,1
2026-06-09 06:00:00,159,0,LB-07,11165.61,25.8134,29.09,831.63,0.987843,25.4996,2
2026-06-09 06:00:00,159,0,LB-08,11417.452,23.137,29.17,832.04,0.987783,22.8544,2
2026-06-09 06:00:00,159,0,LB-09,10982.709,24.3758,28.96,831.46,0.987956,24.0822,2
2026-06-09 06:00:00,159,0,LB-10,11049.192,30.6971,28.73,831.85,0.988166,30.3339,3
2026-06-09 14:00:00,159,1,LB-01,11298.736,20.9022,36.66,832.13,0.981303,20.5113,2
2026-06-09 14:00:00,159,1,LB-02,11183.661,26.3286,36.64,833.24,0.981367,25.838,2
2026-06-09 14:00:00,159,1,LB-03,11340.206,45.0921,36.62,831.78,0.981325,44.25,4
2026-06-09 14:00:00,159,1,LB-04,11147.823,26.6332,36.77,831.83,0.981198,26.1324,2
2026-06-09 14:00:00,159,1,LB-05,11532.387,23.3519,36.51,832.45,0.981446,22.9187,2
2026-06-09 14:00:00,159,1,LB-06,11051.179,33.0242,36.47,831.53,0.981443,32.4114,3
2026-06-09 14:00:00,159,1,LB-07,11200.899,35.2891,36.64,832.43,0.981338,34.6305,3
2026-06-09 14:00:00,159,1,LB-08,11444.944,27.4921,36.34,831.96,0.98157,26.9854,2
2026-06-09 14:00:00,159,1,LB-09,11024.869,42.1606,36.68,832.07,0.981279,41.3713,3
2026-06-09 14:00:00,159,1,LB-10,11065.247,16.0554,36.97,831.84,0.981017,15.7506,1
2026-06-09 22:00:00,159,2,LB-01,11311.919,13.1831,33.19,831.98,0.984306,12.9762,1
2026-06-09 22:00:00,159,2,LB-02,11199.879,16.2177,33.12,831.65,0.984356,15.964,1
2026-06-09 22:00:00,159,2,LB-03,11347.889,7.6828,33.16,832.14,0.984339,7.5625,1
2026-06-09 22:00:00,159,2,LB-04,11154.285,6.4618,32.82,832.02,0.984624,6.3624,1
2026-06-09 22:00:00,159,2,LB-05,11562.591,30.2043,33.27,831.71,0.984224,29.7278,2
2026-06-09 22:00:00,159,2,LB-06,11064.393,13.2139,33.32,831.41,0.984168,13.0047,1
2026-06-09 22:00:00,159,2,LB-07,11227.991,27.092,33.28,832.42,0.98424,26.6651,2
2026-06-09 22:00:00,159,2,LB-08,11462.329,17.3848,32.97,832.13,0.984502,17.1154,1
2026-06-09 22:00:00,159,2,LB-09,11039.908,15.0382,33.12,832.02,0.984369,14.8032,1
2026-06-09 22:00:00,159,2,LB-10,11080.009,14.7616,33.38,832.61,0.984163,14.5278,1
2026-06-10 06:00:00,160,0,LB-01,11337.823,25.9043,29.27,831.76,0.987696,25.5856,2
2026-06-10 06:00:00,160,0,LB-02,11210.853,10.9738,29.2,831.16,0.987738,10.8393,1
2026-06-10 06:00:00,160,0,LB-03,11360.315,12.4259,29.48,831.65,0.987505,12.2706,1
2026-06-10 06:00:00,160,0,LB-04,11180.145,25.8596,29.32,832.04,0.987656,25.5404,2
2026-06-10 06:00:00,160,0,LB-05,11596.468,33.8772,29.7,831.73,0.987323,33.4477,3
2026-06-10 06:00:00,160,0,LB-06,11081.336,16.9426,29.42,831.59,0.987562,16.7319,1
2026-06-10 06:00:00,160,0,LB-07,11267.677,39.6856,29.55,831.05,0.987425,39.1865,3
2026-06-10 06:00:00,160,0,LB-08,11476.801,14.4721,29.66,831.96,0.987358,14.2892,1
2026-06-10 06:00:00,160,0,LB-09,11056.508,16.6007,29.4,832.51,0.9876,16.3949,1
2026-06-10 06:00:00,160,0,LB-10,11113.119,33.1103,29.4,832.42,0.987598,32.6997,3
2026-06-10 14:00:00,160,1,LB-01,11375.199,37.3763,35.46,832.03,0.98234,36.7162,3
2026-06-10 14:00:00,160,1,LB-02,11225.045,14.1919,34.92,831.91,0.982806,13.9479,1
2026-06-10 14:00:00,160,1,LB-03,11376.44,16.1249,35.41,830.34,0.982314,15.8397,1
2026-06-10 14:00:00,160,1,LB-04,11208.383,28.2378,35.31,830.68,0.98241,27.7411,2
2026-06-10 14:00:00,160,1,LB-05,11613.907,17.4387,35.2,832.46,0.982584,17.135,1
2026-06-10 14:00:00,160,1,LB-06,11111.141,29.8057,35.52,830.62,0.982229,29.276,2
2026-06-10 14:00:00,160,1,LB-07,11291.022,23.3453,35.06,832.32,0.982698,22.9414,2
2026-06-10 14:00:00,160,1,LB-08,11519.814,43.0129,35.39,830.88,0.982349,42.2537,4
2026-06-10 14:00:00,160,1,LB-09,11096.604,40.0952,35.11,830.96,0.982595,39.3974,3
2026-06-10 14:00:00,160,1,LB-10,11136.731,23.6117,35.65,832.46,0.982194,23.1913,2
2026-06-10 22:00:00,160,2,LB-01,11388.185,12.9857,32.21,831.42,0.985138,12.7927,1
2026-06-10 22:00:00,160,2,LB-02,11241.555,16.5098,31.94,831.99,0.985385,16.2685,1
2026-06-10 22:00:00,160,2,LB-03,11402.192,25.7515,31.86,832.33,0.985472,25.3774,2
2026-06-10 22:00:00,160,2,LB-04,11229.707,21.3246,31.43,831.36,0.985807,21.0219,2
2026-06-10 22:00:00,160,2,LB-05,11641.575,27.668,31.85,831.84,0.985461,27.2657,2
2026-06-10 22:00:00,160,2,LB-06,11134.026,22.8846,32.18,831.46,0.985159,22.545,2
2026-06-10 22:00:00,160,2,LB-07,11304.668,13.6458,31.96,832.02,0.985369,13.4462,1
2026-06-10 22:00:00,160,2,LB-08,11525.972,6.1581,31.93,832.73,0.985419,6.0683,1
2026-06-10 22:00:00,160,2,LB-09,11117.69,21.0864,32.23,830.56,0.985082,20.7718,2
2026-06-10 22:00:00,160,2,LB-10,11145.469,8.7387,32.23,832.16,0.985139,8.6088,1
2026-06-11 06:00:00,161,0,LB-01,11400.158,11.9729,30.74,832.21,0.986431,11.8104,1
2026-06-11 06:00:00,161,0,LB-02,11259.542,17.9874,30.48,831.08,0.986624,17.7468,1
2026-06-11 06:00:00,161,0,LB-03,11441.883,39.691,30.8,831.65,0.986367,39.1499,3
2026-06-11 06:00:00,161,0,LB-04,11255.53,25.823,30.46,831.94,0.986671,25.4788,2
2026-06-11 06:00:00,161,0,LB-05,11664.69,23.115,30.6,831.7,0.98654,22.8039,2
2026-06-11 06:00:00,161,0,LB-06,11149.275,15.2495,30.5,832.59,0.986656,15.046,1
2026-06-11 06:00:00,161,0,LB-07,11330.818,26.1504,30.53,831.69,0.986596,25.7999,2
2026-06-11 06:00:00,161,0,LB-08,11560.72,34.7481,30.9,832.56,0.986311,34.2724,3
2026-06-11 06:00:00,161,0,LB-09,11133.377,15.6876,30.35,831.75,0.986759,15.4798,1
2026-06-11 06:00:00,161,0,LB-10,11173.29,27.8208,31.27,831.58,0.985953,27.43,2
2026-06-11 14:00:00,161,1,LB-01,11460.72,60.5615,36.19,832.43,0.981725,59.4547,5
2026-06-11 14:00:00,161,1,LB-02,11297.089,37.547,36.25,831.89,0.98165,36.858,3
2026-06-11 14:00:00,161,1,LB-03,11451.644,9.7617,36.02,832.01,0.981853,9.5846,1
2026-06-11 14:00:00,161,1,LB-04,11282.49,26.9596,36.23,831.46,0.981645,26.4648,2
2026-06-11 14:00:00,161,1,LB-05,11686.367,21.6769,36.06,830.98,0.98177,21.2818,2
2026-06-11 14:00:00,161,1,LB-06,11187.702,38.4264,35.86,832.34,0.982004,37.7349,3
2026-06-11 14:00:00,161,1,LB-07,11366.68,35.8614,35.89,831.83,0.981954,35.2143,3
2026-06-11 14:00:00,161,1,LB-08,11581.097,20.3769,36.33,830.95,0.981534,20.0006,2
2026-06-11 14:00:00,161,1,LB-09,11166.647,33.2691,35.51,830.92,0.982247,32.6785,3
2026-06-11 14:00:00,161,1,LB-10,11209.649,36.3585,35.91,831.9,0.981944,35.7019,3
2026-06-11 22:00:00,161,2,LB-01,11478.197,17.4774,31.69,832.51,0.985623,17.2261,1
2026-06-11 22:00:00,161,2,LB-02,11327.206,30.1171,31.87,831.74,0.985437,29.6785,2
2026-06-11 22:00:00,161,2,LB-03,11471.371,19.7268,32.26,832.07,0.985112,19.4331,2
2026-06-11 22:00:00,161,2,LB-04,11290.667,8.1768,31.82,832.99,0.985527,8.0584,1
2026-06-11 22:00:00,161,2,LB-05,11704.648,18.2809,31.55,832.33,0.985738,18.0202,2
2026-06-11 22:00:00,161,2,LB-06,11197.209,9.5077,31.86,832.34,0.98547,9.3695,1
2026-06-11 22:00:00,161,2,LB-07,11372.678,5.9978,31.54,832.58,0.985755,5.9124,0
2026-06-11 22:00:00,161,2,LB-08,11593.239,12.1428,31.52,832.96,0.985784,11.9701,1
2026-06-11 22:00:00,161,2,LB-09,11178.109,11.462,31.84,831.22,0.985444,11.2952,1
2026-06-11 22:00:00,161,2,LB-10,11226.571,16.922,31.69,831.0,0.985572,16.6778,1
2026-06-12 06:00:00,162,0,LB-01,11495.684,17.4867,29.84,832.42,0.987224,17.2633,1
2026-06-12 06:00:00,162,0,LB-02,11358.169,30.9634,29.68,832.73,0.987366,30.5722,3
2026-06-12 06:00:00,162,0,LB-03,11495.799,24.4282,30.07,832.76,0.987035,24.1115,2
2026-06-12 06:00:00,162,0,LB-04,11326.274,35.6072,30.17,831.36,0.986902,35.1408,3
2026-06-12 06:00:00,162,0,LB-05,11730.756,26.1081,29.85,832.31,0.987206,25.7741,2
2026-06-12 06:00:00,162,0,LB-06,11218.106,20.897,30.09,831.99,0.986989,20.6251,2
2026-06-12 06:00:00,162,0,LB-07,11405.053,32.3757,29.43,832.27,0.987568,31.9732,3
2026-06-12 06:00:00,162,0,LB-08,11631.118,37.8791,30.45,831.87,0.98667,37.3741,3
2026-06-12 06:00:00,162,0,LB-09,11196.71,18.6018,29.5,831.53,0.987491,18.3691,2
2026-06-12 06:00:00,162,0,LB-10,11253.448,26.8778,29.88,831.31,0.987151,26.5324,2
2026-06-12 14:00:00,162,1,LB-01,11515.029,19.3449,34.63,831.77,0.983045,19.0169,2
2026-06-12 14:00:00,162,1,LB-02,11409.177,51.0071,34.44,832.17,0.983225,50.1515,4
2026-06-12 14:00:00,162,1,LB-03,11543.274,47.4742,35.04,832.6,0.982729,46.6543,4
2026-06-12 14:00:00,162,1,LB-04,11367.931,41.6575,34.41,832.19,0.98326,40.9602,3
2026-06-12 14:00:00,162,1,LB-05,11772.449,41.693,34.81,832.21,0.982913,40.9806,3
2026-06-12 14:00:00,162,1,LB-06,11244.57,26.4639,35.11,833.19,0.982692,26.0059,2
2026-06-12 14:00:00,162,1,LB-07,11421.689,16.6357,34.86,833.31,0.982909,16.3514,1
2026-06-12 14:00:00,162,1,LB-08,11658.156,27.0373,35.09,832.61,0.982688,26.5693,2
2026-06-12 14:00:00,162,1,LB-09,11208.041,11.3311,35.14,831.2,0.982581,11.1337,1
2026-06-12 14:00:00,162,1,LB-10,11279.966,26.518,35.15,832.88,0.982647,26.0578,2
2026-06-12 22:00:00,162,2,LB-01,11528.21,13.1818,29.98,832.24,0.987097,13.0117,1
2026-06-12 22:00:00,162,2,LB-02,11417.136,7.9591,30.42,831.28,0.986681,7.8531,1
2026-06-12 22:00:00,162,2,LB-03,11554.214,10.9408,30.61,830.85,0.986499,10.7931,1
2026-06-12 22:00:00,162,2,LB-04,11383.154,15.223,30.31,831.7,0.98679,15.0219,1
2026-06-12 22:00:00,162,2,LB-05,11788.332,15.8825,30.27,832.26,0.986841,15.6735,1
2026-06-12 22:00:00,162,2,LB-06,11262.274,17.704,30.66,832.09,0.986502,17.465,1
2026-06-12 22:00:00,162,2,LB-07,11436.818,15.1296,30.35,830.9,0.986733,14.9289,1
2026-06-12 22:00:00,162,2,LB-08,11676.334,18.1786,30.87,831.8,0.986311,17.9297,1
2026-06-12 22:00:00,162,2,LB-09,11225.426,17.3848,30.79,831.62,0.98637,17.1478,1
2026-06-12 22:00:00,162,2,LB-10,11305.797,25.8311,30.95,832.21,0.986255,25.476,2
2026-06-13 06:00:00,163,0,LB-01,11559.01,30.7994,29.68,831.14,0.987317,30.4087,3
2026-06-13 06:00:00,163,0,LB-02,11427.857,10.7212,29.9,831.51,0.987142,10.5834,1
2026-06-13 06:00:00,163,0,LB-03,11584.046,29.8312,29.2,831.5,0.98775,29.4658,2
2026-06-13 06:00:00,163,0,LB-04,11409.048,25.8932,29.5,832.23,0.987511,25.5698,2
2026-06-13 06:00:00,163,0,LB-05,11812.304,23.9728,29.64,832.53,0.987395,23.6707,2
2026-06-13 06:00:00,163,0,LB-06,11286.91,24.6359,29.81,832.12,0.98724,24.3216,2
2026-06-13 06:00:00,163,0,LB-07,11460.514,23.695,29.56,831.44,0.987429,23.3972,2
2026-06-13 06:00:00,163,0,LB-08,11731.892,55.5573,30.03,832.35,0.987053,54.838,5
2026-06-13 06:00:00,163,0,LB-09,11260.516,35.09,29.72,832.2,0.987315,34.6449,3
2026-06-13 06:00:00,163,0,LB-10,11328.361,22.5639,29.68,832.35,0.987352,22.2785,2
2026-06-13 14:00:00,163,1,LB-01,11607.752,48.7425,37.34,832.32,0.980721,47.8028,4
2026-06-13 14:00:00,163,1,LB-02,11458.112,30.255,36.98,832.41,0.981038,29.6813,2
2026-06-13 14:00:00,163,1,LB-03,11613.103,29.0576,37.24,833.22,0.980847,28.5011,2
2026-06-13 14:00:00,163,1,LB-04,11433.051,24.0031,36.87,832.43,0.981132,23.5502,2
2026-06-13 14:00:00,163,1,LB-05,11842.754,30.4496,37.08,832.04,0.980938,29.8692,2
2026-06-13 14:00:00,163,1,LB-06,11320.657,33.7462,36.92,832.72,0.981107,33.1087,3
2026-06-13 14:00:00,163,1,LB-07,11499.625,39.1119,36.97,830.93,0.98098,38.368,3
2026-06-13 14:00:00,163,1,LB-08,11746.339,14.447,36.92,831.33,0.981038,14.1731,1
2026-06-13 14:00:00,163,1,LB-09,11284.167,23.651,37.28,830.61,0.98069,23.1943,2
2026-06-13 14:00:00,163,1,LB-10,11351.925,23.5642,36.9,833.51,0.981154,23.1201,2
2026-06-13 22:00:00,163,2,LB-01,11622.201,14.4486,31.66,833.25,0.985679,14.2416,1
2026-06-13 22:00:00,163,2,LB-02,11473.503,15.3908,31.68,831.85,0.985605,15.1693,1
2026-06-13 22:00:00,163,2,LB-03,11624.724,11.6204,31.43,831.77,0.98582,11.4556,1
2026-06-13 22:00:00,163,2,LB-04,11453.742,20.6917,32.12,833.39,0.985278,20.3871,2
2026-06-13 22:00:00,163,2,LB-05,11863.247,20.4932,31.63,831.56,0.985638,20.1989,2
2026-06-13 22:00:00,163,2,LB-06,11331.611,10.9542,31.59,832.09,0.985692,10.7975,1
2026-06-13 22:00:00,163,2,LB-07,11508.973,9.3472,31.31,831.96,0.98593,9.2157,1
2026-06-13 22:00:00,163,2,LB-08,11757.965,11.6262,31.71,832.18,0.985592,11.4587,1
2026-06-13 22:00:00,163,2,LB-09,11302.941,18.7742,32.36,832.97,0.985062,18.4937,2
2026-06-13 22:00:00,163,2,LB-10,11365.951,14.0251,31.75,832.51,0.985574,13.8228,1
2026-06-14 06:00:00,164,0,LB-01,11640.724,18.5229,31.79,832.09,0.985526,18.2548,2
2026-06-14 06:00:00,164,0,LB-02,11526.742,53.2391,32.0,832.1,0.985336,52.4584,4
2026-06-14 06:00:00,164,0,LB-03,11653.974,29.2504,31.54,831.99,0.985731,28.8331,2
2026-06-14 06:00:00,164,0,LB-04,11469.361,15.6185,31.89,832.02,0.985434,15.391,1
2026-06-14 06:00:00,164,0,LB-05,11878.052,14.8047,31.46,832.56,0.985821,14.5948,1
2026-06-14 06:00:00,164,0,LB-06,11353.928,22.3173,31.76,832.21,0.98555,21.9948,2
2026-06-14 06:00:00,164,0,LB-07,11526.742,17.7694,31.53,832.02,0.985749,17.5162,1
2026-06-14 06:00:00,164,0,LB-08,11781.027,23.0622,31.69,832.05,0.985608,22.7303,2
2026-06-14 06:00:00,164,0,LB-09,11333.363,30.4212,31.88,831.51,0.985424,29.9778,2
2026-06-14 06:00:00,164,0,LB-10,11397.18,31.229,32.03,832.99,0.985343,30.7712,3
2026-06-14 14:00:00,164,1,LB-01,11680.271,39.5473,35.54,831.43,0.982247,38.8452,3
2026-06-14 14:00:00,164,1,LB-02,11553.171,26.4297,35.99,832.25,0.981892,25.9511,2
2026-06-14 14:00:00,164,1,LB-03,11688.248,34.2737,36.02,832.07,0.981859,33.6519,3
2026-06-14 14:00:00,164,1,LB-04,11488.789,19.4281,36.02,832.9,0.981892,19.0763,2
2026-06-14 14:00:00,164,1,LB-05,11904.794,26.7419,35.84,831.67,0.981997,26.2605,2
2026-06-14 14:00:00,164,1,LB-06,11393.177,39.2494,35.91,831.16,0.981908,38.5393,3
2026-06-14 14:00:00,164,1,LB-07,11544.517,17.7749,35.78,831.57,0.982038,17.4556,1
2026-06-14 14:00:00,164,1,LB-08,11811.82,30.7928,35.93,831.63,0.981914,30.2359,3
2026-06-14 14:00:00,164,1,LB-09,11366.258,32.895,35.73,832.91,0.982141,32.3075,3
2026-06-14 14:00:00,164,1,LB-10,11418.875,21.6955,36.03,832.46,0.98186,21.302,2
2026-06-14 22:00:00,164,2,LB-01,11705.083,24.8115,29.01,831.0,0.987893,24.5111,2
2026-06-14 22:00:00,164,2,LB-02,11573.409,20.2379,29.29,831.21,0.987658,19.9881,2
2026-06-14 22:00:00,164,2,LB-03,11709.538,21.2903,29.3,832.04,0.987674,21.0278,2
2026-06-14 22:00:00,164,2,LB-04,11510.701,21.9122,29.89,832.6,0.987185,21.6314,2
2026-06-14 22:00:00,164,2,LB-05,11917.948,13.1543,29.25,832.24,0.987723,12.9928,1
2026-06-14 22:00:00,164,2,LB-06,11413.566,20.3889,29.27,832.65,0.987719,20.1385,2
2026-06-14 22:00:00,164,2,LB-07,11568.382,23.865,28.82,831.56,0.988072,23.5803,2
2026-06-14 22:00:00,164,2,LB-08,11841.864,30.0443,29.35,832.02,0.987627,29.6726,2
2026-06-14 22:00:00,164,2,LB-09,11381.488,15.2306,29.16,833.14,0.987824,15.0451,1
2026-06-14 22:00:00,164,2,LB-10,11439.334,20.4593,29.08,831.48,0.98785,20.2108,2
2026-06-15 06:00:00,165,0,LB-01,11739.955,34.8729,29.03,832.33,0.987917,34.4516,3
2026-06-15 06:00:00,165,0,LB-02,11594.005,20.5959,29.23,832.26,0.987739,20.3434,2
2026-06-15 06:00:00,165,0,LB-03,11730.012,20.4742,29.69,832.53,0.987355,20.2154,2
2026-06-15 06:00:00,165,0,LB-04,11527.777,17.0758,29.16,830.95,0.987768,16.8669,1
2026-06-15 06:00:00,165,0,LB-05,11942.642,24.6943,29.37,832.11,0.987621,24.3886,2
2026-06-15 06:00:00,165,0,LB-06,11442.534,28.9674,28.95,831.97,0.987974,28.619,2
2026-06-15 06:00:00,165,0,LB-07,11594.873,26.4911,29.29,831.67,0.98767,26.1645,2
2026-06-15 06:00:00,165,0,LB-08,11854.063,12.1984,29.11,832.06,0.987836,12.05,1
2026-06-15 06:00:00,165,0,LB-09,11406.061,24.5728,29.63,832.58,0.987409,24.2634,2
2026-06-15 06:00:00,165,0,LB-10,11453.917,14.5824,29.34,832.92,0.987665,14.4025,1
2026-06-15 14:00:00,165,1,LB-01,11767.083,27.1273,38.21,831.53,0.979926,26.5827,2
2026-06-15 14:00:00,165,1,LB-02,11609.416,15.4104,37.39,832.14,0.980671,15.1126,1
2026-06-15 14:00:00,165,1,LB-03,11762.354,32.3419,37.99,832.32,0.980161,31.7002,3
2026-06-15 14:00:00,165,1,LB-04,11563.65,35.8735,37.61,830.81,0.980418,35.171,3
2026-06-15 14:00:00,165,1,LB-05,11960.231,17.5883,37.85,831.84,0.980252,17.241,1
2026-06-15 14:00:00,165,1,LB-06,11457.664,15.1304,37.86,832.11,0.980257,14.8317,1
2026-06-15 14:00:00,165,1,LB-07,11637.206,42.3327,37.91,832.37,0.980232,41.4958,3
2026-06-15 14:00:00,165,1,LB-08,11909.082,55.0194,37.98,832.03,0.980154,53.9275,4
2026-06-15 14:00:00,165,1,LB-09,11434.049,27.9875,38.36,832.65,0.979849,27.4235,2
2026-06-15 14:00:00,165,1,LB-10,11477.654,23.7369,38.0,832.47,0.980153,23.2658,2
2026-06-15 22:00:00,165,2,LB-01,11795.915,28.832,31.8,831.05,0.985477,28.4133,2
2026-06-15 22:00:00,165,2,LB-02,11629.172,19.756,31.34,831.28,0.985883,19.4771,2
2026-06-15 22:00:00,165,2,LB-03,11779.897,17.5434,31.41,830.92,0.985815,17.2945,1
2026-06-15 22:00:00,165,2,LB-04,11570.353,6.7023,31.94,832.64,0.98541,6.6045,1
2026-06-15 22:00:00,165,2,LB-05,11980.9,20.6697,31.31,831.67,0.985924,20.3788,2
2026-06-15 22:00:00,165,2,LB-06,11463.924,6.2597,31.3,832.8,0.985971,6.1719,1
2026-06-15 22:00:00,165,2,LB-07,11668.328,31.1218,31.72,831.27,0.98555,30.6721,3
2026-06-15 22:00:00,165,2,LB-08,11928.677,19.5952,31.34,832.67,0.985929,19.3195,2
2026-06-15 22:00:00,165,2,LB-09,11450.199,16.1507,31.17,832.25,0.986064,15.9256,1
2026-06-15 22:00:00,165,2,LB-10,11495.226,17.5727,31.85,831.55,0.985453,17.317,1
2026-06-16 06:00:00,166,0,LB-01,11823.222,27.3077,31.24,831.43,0.985976,26.9248,2
2026-06-16 06:00:00,166,0,LB-02,11642.064,12.8922,31.11,831.21,0.986079,12.7127,1
2026-06-16 06:00:00,166,0,LB-03,11803.133,23.2354,30.97,832.1,0.986229,22.9154,2
2026-06-16 06:00:00,166,0,LB-04,11587.282,16.9288,30.59,831.83,0.986549,16.7011,1
2026-06-16 06:00:00,166,0,LB-05,11991.646,10.7459,30.93,832.6,0.986279,10.5984,1
2026-06-16 06:00:00,166,0,LB-06,11490.232,26.3087,30.76,830.54,0.986364,25.9499,2
2026-06-16 06:00:00,166,0,LB-07,11691.214,22.886,30.8,832.0,0.986378,22.5742,2
2026-06-16 06:00:00,166,0,LB-08,11938.747,10.07,30.73,831.64,0.986423,9.9333,1
2026-06-16 06:00:00,166,0,LB-09,11464.143,13.9435,31.12,831.88,0.986097,13.7497,1
2026-06-16 06:00:00,166,0,LB-10,11514.155,18.9282,30.85,831.65,0.986324,18.6693,2
2026-06-16 14:00:00,166,1,LB-01,11844.526,21.3032,36.02,831.46,0.98183,20.9161,2
2026-06-16 14:00:00,166,1,LB-02,11665.591,23.527,36.27,830.89,0.981589,23.0939,2
2026-06-16 14:00:00,166,1,LB-03,11834.768,31.6356,36.25,831.73,0.981642,31.0548,3
2026-06-16 14:00:00,166,1,LB-04,11601.693,14.4111,36.21,831.32,0.981653,14.1467,1
2026-06-16 14:00:00,166,1,LB-05,12017.399,25.7529,36.36,831.37,0.981529,25.2772,2
2026-06-16 14:00:00,166,1,LB-06,11507.718,17.4851,36.07,831.34,0.981776,17.1664,1
2026-06-16 14:00:00,166,1,LB-07,11728.988,37.7742,36.25,831.99,0.981651,37.0811,3
2026-06-16 14:00:00,166,1,LB-08,11963.625,24.8778,36.17,831.71,0.981706,24.4227,2
2026-06-16 14:00:00,166,1,LB-09,11528.373,64.2305,36.45,831.21,0.981442,63.0385,5
2026-06-16 14:00:00,166,1,LB-10,11565.555,51.4008,36.28,831.99,0.98163,50.4565,4
2026-06-16 22:00:00,166,2,LB-01,11863.252,18.7263,31.68,832.03,0.985616,18.457,2
2026-06-16 22:00:00,166,2,LB-02,11680.809,15.2175,31.2,832.53,0.986048,15.0052,1
2026-06-16 22:00:00,166,2,LB-03,11852.71,17.9414,32.2,832.39,0.985174,17.6754,1
2026-06-16 22:00:00,166,2,LB-04,11612.545,10.8526,32.3,832.28,0.985088,10.6907,1
2026-06-16 22:00:00,166,2,LB-05,12025.505,8.1055,32.26,832.26,0.98512,7.9849,1
2026-06-16 22:00:00,166,2,LB-06,11514.707,6.9897,31.57,831.03,0.985678,6.8896,1
2026-06-16 22:00:00,166,2,LB-07,11757.26,28.2725,31.99,832.08,0.985347,27.8582,2
2026-06-16 22:00:00,166,2,LB-08,11979.245,15.6201,31.64,831.89,0.985647,15.3959,1
2026-06-16 22:00:00,166,2,LB-09,11553.177,24.8034,32.18,832.23,0.985193,24.4361,2
2026-06-16 22:00:00,166,2,LB-10,11574.38,8.8242,31.28,831.77,0.985953,8.7002,1
2026-06-17 06:00:00,167,0,LB-01,11887.288,24.0363,29.82,832.16,0.987227,23.7293,2
2026-06-17 06:00:00,167,0,LB-02,11709.175,28.366,30.17,831.98,0.986922,27.9951,2
2026-06-17 06:00:00,167,0,LB-03,11870.393,17.683,29.81,832.45,0.987247,17.4575,1
2026-06-17 06:00:00,167,0,LB-04,11630.652,18.1068,29.66,831.77,0.987356,17.8779,1
2026-06-17 06:00:00,167,0,LB-05,12071.365,45.8605,29.66,832.44,0.987375,45.2815,4
2026-06-17 06:00:00,167,0,LB-06,11525.634,10.9263,29.97,831.78,0.987088,10.7852,1
2026-06-17 06:00:00,167,0,LB-07,11779.145,21.8851,29.82,832.65,0.987242,21.6059,2
2026-06-17 06:00:00,167,0,LB-08,11990.801,11.5555,30.23,831.15,0.986844,11.4034,1
2026-06-17 06:00:00,167,0,LB-09,11569.903,16.7264,30.01,830.81,0.98702,16.5092,1
2026-06-17 06:00:00,167,0,LB-10,11617.172,42.7925,29.42,832.24,0.987578,42.261,4
2026-06-17 14:00:00,167,1,LB-01,11906.657,19.3684,35.46,832.67,0.982371,19.0269,2
2026-06-17 14:00:00,167,1,LB-02,11724.14,14.9656,34.99,832.53,0.982767,14.7077,1
2026-06-17 14:00:00,167,1,LB-03,11906.584,36.1908,35.35,831.77,0.982427,35.5549,3
2026-06-17 14:00:00,167,1,LB-04,11647.377,16.7251,35.29,831.96,0.982483,16.4321,1
2026-06-17 14:00:00,167,1,LB-05,12102.111,30.7457,35.82,831.79,0.982019,30.1929,3
2026-06-17 14:00:00,167,1,LB-06,11551.009,25.3755,35.67,831.68,0.98214,24.9223,2
2026-06-17 14:00:00,167,1,LB-07,11800.45,21.3048,35.65,832.17,0.98218,20.9251,2
2026-06-17 14:00:00,167,1,LB-08,12036.345,45.5449,35.32,831.29,0.982431,44.7447,4
2026-06-17 14:00:00,167,1,LB-09,11595.378,25.4753,35.47,832.68,0.982356,25.0258,2
2026-06-17 14:00:00,167,1,LB-10,11649.98,32.8076,35.17,831.7,0.982573,32.2358,3
2026-06-17 22:00:00,167,2,LB-01,11925.576,18.9194,32.73,832.39,0.984717,18.6303,2
2026-06-17 22:00:00,167,2,LB-02,11732.903,8.7625,32.79,829.91,0.984571,8.6273,1
2026-06-17 22:00:00,167,2,LB-03,11918.433,11.849,32.57,831.88,0.984834,11.6693,1
2026-06-17 22:00:00,167,2,LB-04,11666.421,19.0436,32.57,831.87,0.98484,18.7549,2
2026-06-17 22:00:00,167,2,LB-05,12126.83,24.7188,32.81,832.52,0.984652,24.3395,2
2026-06-17 22:00:00,167,2,LB-06,11569.273,18.2637,32.87,831.93,0.984579,17.982,1
2026-06-17 22:00:00,167,2,LB-07,11823.38,22.93,32.64,832.55,0.984802,22.5815,2
2026-06-17 22:00:00,167,2,LB-08,12048.422,12.0764,32.65,831.57,0.984756,11.8924,1
2026-06-17 22:00:00,167,2,LB-09,11610.113,14.7349,32.82,833.25,0.984676,14.5091,1
2026-06-17 22:00:00,167,2,LB-10,11668.039,18.0596,32.9,832.13,0.984564,17.7809,1
2026-06-18 06:00:00,168,0,LB-01,11941.472,15.8962,29.74,831.5,0.98728,15.694,1
2026-06-18 06:00:00,168,0,LB-02,11759.581,26.6784,29.63,832.08,0.987387,26.3419,2
2026-06-18 06:00:00,168,0,LB-03,11937.318,18.885,30.0,831.44,0.987052,18.6405,2
2026-06-18 06:00:00,168,0,LB-04,11685.106,18.6849,29.45,832.01,0.987544,18.4522,2
2026-06-18 06:00:00,168,0,LB-05,12162.919,36.0895,29.95,832.61,0.987133,35.6251,3
2026-06-18 06:00:00,168,0,LB-06,11594.631,25.3578,29.68,831.87,0.987344,25.0369,2
2026-06-18 06:00:00,168,0,LB-07,11838.829,15.4489,30.66,832.08,0.986498,15.2403,1
2026-06-18 06:00:00,168,0,LB-08,12076.719,28.2966,30.09,832.15,0.986995,27.9286,2
2026-06-18 06:00:00,168,0,LB-09,11624.362,14.2485,29.67,832.84,0.987376,14.0686,1
2026-06-18 06:00:00,168,0,LB-10,11693.998,25.9589,30.24,832.49,0.986879,25.6183,2
2026-06-18 14:00:00,168,1,LB-01,11982.287,40.8145,37.8,833.6,0.980381,40.0138,3
2026-06-18 14:00:00,168,1,LB-02,11774.224,14.6434,37.48,831.9,0.980584,14.359,1
2026-06-18 14:00:00,168,1,LB-03,11953.883,16.5656,37.95,833.15,0.980231,16.2381,1
2026-06-18 14:00:00,168,1,LB-04,11713.269,28.1633,37.94,831.64,0.980172,27.6049,2
2026-06-18 14:00:00,168,1,LB-05,12204.217,41.2978,37.74,832.39,0.980379,40.4875,3
2026-06-18 14:00:00,168,1,LB-06,11616.48,21.8494,38.21,831.99,0.979948,21.4113,2
2026-06-18 14:00:00,168,1,LB-07,11861.235,22.4057,37.52,831.56,0.980526,21.9694,2
2026-06-18 14:00:00,168,1,LB-08,12104.596,27.8776,37.6,831.71,0.980467,27.333,2
2026-06-18 14:00:00,168,1,LB-09,11646.261,21.8993,37.01,831.58,0.980974,21.4826,2
2026-06-18 14:00:00,168,1,LB-10,11719.999,26.0007,37.81,831.98,0.980294,25.4884,2
2026-06-18 22:00:00,168,2,LB-01,12002.673,20.3866,30.16,831.35,0.986907,20.1197,2
2026-06-18 22:00:00,168,2,LB-02,11787.82,13.5961,30.53,832.91,0.98664,13.4144,1
2026-06-18 22:00:00,168,2,LB-03,11969.866,15.9828,30.27,830.92,0.986803,15.7719,1
2026-06-18 22:00:00,168,2,LB-04,11723.43,10.161,30.53,831.52,0.98659,10.0247,1
2026-06-18 22:00:00,168,2,LB-05,12229.078,24.8612,30.23,831.36,0.986849,24.5343,2
2026-06-18 22:00:00,168,2,LB-06,11622.302,5.8219,30.06,832.0,0.987017,5.7463,0
2026-06-18 22:00:00,168,2,LB-07,11876.228,14.9933,29.76,832.56,0.987295,14.8028,1
2026-06-18 22:00:00,168,2,LB-08,12128.271,23.6746,30.08,831.85,0.986992,23.3666,2
2026-06-18 22:00:00,168,2,LB-09,11653.799,7.5377,30.48,831.98,0.986649,7.4371,1
2026-06-18 22:00:00,168,2,LB-10,11737.967,17.9685,30.46,831.75,0.986663,17.7289,1
2026-06-19 06:00:00,169,0,LB-01,12027.737,25.0639,28.35,832.64,0.988513,24.776,2
2026-06-19 06:00:00,169,0,LB-02,11815.358,27.5377,28.74,831.07,0.988131,27.2108,2
2026-06-19 06:00:00,169,0,LB-03,11981.48,11.6142,28.2,831.34,0.988607,11.4818,1
2026-06-19 06:00:00,169,0,LB-04,11747.131,23.7013,27.85,831.75,0.988921,23.4387,2
2026-06-19 06:00:00,169,0,LB-05,12258.178,29.0997,27.75,831.55,0.989006,28.7797,2
2026-06-19 06:00:00,169,0,LB-06,11639.013,16.7107,28.13,831.76,0.988675,16.5215,1
2026-06-19 06:00:00,169,0,LB-07,11901.557,25.3294,27.74,832.3,0.989034,25.0516,2
2026-06-19 06:00:00,169,0,LB-08,12137.537,9.2664,28.45,831.88,0.988407,9.159,1
2026-06-19 06:00:00,169,0,LB-09,11694.742,40.9431,28.08,831.44,0.988717,40.4812,3
2026-06-19 06:00:00,169,0,LB-10,11762.965,24.9976,28.51,831.7,0.988349,24.7063,2
2026-06-19 14:00:00,169,1,LB-01,12069.36,41.623,37.65,831.7,0.980424,40.8082,3
2026-06-19 14:00:00,169,1,LB-02,11838.562,23.2036,37.96,832.51,0.980189,22.744,2
2026-06-19 14:00:00,169,1,LB-03,12014.887,33.4073,37.44,831.87,0.980617,32.7597,3
2026-06-19 14:00:00,169,1,LB-04,11806.125,58.9938,37.72,831.54,0.980352,57.8347,5
2026-06-19 14:00:00,169,1,LB-05,12275.319,17.1412,37.64,832.99,0.980491,16.8068,1
2026-06-19 14:00:00,169,1,LB-06,11676.087,37.0744,37.76,833.81,0.980427,36.3487,3
2026-06-19 14:00:00,169,1,LB-07,11927.587,26.0291,37.66,832.87,0.980473,25.5209,2
2026-06-19 14:00:00,169,1,LB-08,12173.49,35.9529,37.38,831.96,0.98067,35.2579,3
2026-06-19 14:00:00,169,1,LB-09,11736.074,41.3317,37.37,831.5,0.980653,40.5321,3
2026-06-19 14:00:00,169,1,LB-10,11800.901,37.9361,37.7,830.59,0.980331,37.1899,3
2026-06-19 22:00:00,169,2,LB-01,12082.964,13.6033,29.87,830.4,0.987131,13.4282,1
2026-06-19 22:00:00,169,2,LB-02,11844.982,6.4202,29.55,832.17,0.987463,6.3398,1
2026-06-19 22:00:00,169,2,LB-03,12059.88,44.9929,29.63,833.08,0.987419,44.4269,4
2026-06-19 22:00:00,169,2,LB-04,11820.9,14.7754,29.63,831.58,0.987379,14.5889,1
2026-06-19 22:00:00,169,2,LB-05,12288.239,12.9195,29.64,832.2,0.98739,12.7566,1
2026-06-19 22:00:00,169,2,LB-06,11696.416,20.3292,29.38,831.77,0.987596,20.0771,2
2026-06-19 22:00:00,169,2,LB-07,11949.424,21.8378,29.89,831.86,0.987157,21.5574,2
2026-06-19 22:00:00,169,2,LB-08,12183.298,9.8082,29.18,832.49,0.987791,9.6885,1
2026-06-19 22:00:00,169,2,LB-09,11749.814,13.7402,30.12,832.34,0.986979,13.5613,1
2026-06-19 22:00:00,169,2,LB-10,11822.41,21.5088,29.6,831.32,0.987396,21.2377,2
2026-06-20 06:00:00,170,0,LB-01,12101.91,18.9464,31.42,832.2,0.985844,18.6782,2
2026-06-20 06:00:00,170,0,LB-02,11872.916,27.9337,31.3,832.85,0.985968,27.5417,2
2026-06-20 06:00:00,170,0,LB-03,12080.831,20.9511,31.18,831.84,0.986045,20.6587,2
2026-06-20 06:00:00,170,0,LB-04,11858.092,37.1916,31.08,832.35,0.986143,36.6763,3
2026-06-20 06:00:00,170,0,LB-05,12309.679,21.4407,31.24,831.82,0.985987,21.1402,2
2026-06-20 06:00:00,170,0,LB-06,11716.78,20.3636,31.06,832.47,0.986164,20.0819,2
2026-06-20 06:00:00,170,0,LB-07,11964.682,15.2573,31.28,832.48,0.985972,15.0433,1
2026-06-20 06:00:00,170,0,LB-08,12195.873,12.5743,31.61,832.01,0.985679,12.3942,1
2026-06-20 06:00:00,170,0,LB-09,11764.055,14.2416,31.5,831.72,0.98576,14.0388,1
2026-06-20 06:00:00,170,0,LB-10,11841.98,19.5703,31.42,832.86,0.985871,19.2938,2
2026-06-20 14:00:00,170,1,LB-01,12114.544,12.6343,37.03,832.58,0.981006,12.3943,1
2026-06-20 14:00:00,170,1,LB-02,11910.375,37.4596,37.38,832.45,0.980692,36.7363,3
2026-06-20 14:00:00,170,1,LB-03,12098.607,17.776,36.83,831.93,0.981148,17.4409,1
2026-06-20 14:00:00,170,1,LB-04,11918.103,60.011,37.04,831.79,0.980961,58.8685,5
2026-06-20 14:00:00,170,1,LB-05,12348.535,38.8554,37.34,832.03,0.980706,38.1057,3
2026-06-20 14:00:00,170,1,LB-06,11737.386,20.6067,36.72,831.45,0.981216,20.2196,2
2026-06-20 14:00:00,170,1,LB-07,11998.645,33.9629,37.12,831.97,0.980897,33.3141,3
2026-06-20 14:00:00,170,1,LB-08,12239.108,43.2352,36.97,831.72,0.981012,42.4143,4
2026-06-20 14:00:00,170,1,LB-09,11791.108,27.0525,36.98,832.03,0.981019,26.539,2
2026-06-20 14:00:00,170,1,LB-10,11872.316,30.3361,37.08,832.1,0.980932,29.7577,2
2026-06-20 22:00:00,170,2,LB-01,12120.891,6.3471,32.36,832.25,0.98503,6.2521,1
2026-06-20 22:00:00,170,2,LB-02,11925.587,15.2119,32.05,831.83,0.985284,14.988,1
2026-06-20 22:00:00,170,2,LB-03,12142.253,43.6452,32.5,831.91,0.984897,42.986,4
2026-06-20 22:00:00,170,2,LB-04,11930.663,12.5602,31.82,831.83,0.985487,12.3779,1
2026-06-20 22:00:00,170,2,LB-05,12364.261,15.7264,31.8,830.95,0.985473,15.4979,1
2026-06-20 22:00:00,170,2,LB-06,11759.225,21.8382,32.03,832.29,0.985322,21.5177,2
2026-06-20 22:00:00,170,2,LB-07,12010.306,11.6612,32.34,831.44,0.985024,11.4866,1
2026-06-20 22:00:00,170,2,LB-08,12251.208,12.1003,31.87,832.87,0.985477,11.9246,1
2026-06-20 22:00:00,170,2,LB-09,11803.236,12.128,32.11,831.39,0.985218,11.9488,1
2026-06-20 22:00:00,170,2,LB-10,11895.897,23.5804,31.77,832.32,0.985544,23.2395,2
2026-06-21 06:00:00,171,0,LB-01,12149.956,29.0651,30.44,832.76,0.986713,28.6789,2
2026-06-21 06:00:00,171,0,LB-02,11940.34,14.7531,30.34,832.28,0.986786,14.5582,1
2026-06-21 06:00:00,171,0,LB-03,12154.382,12.1294,30.74,831.27,0.986406,11.9645,1
2026-06-21 06:00:00,171,0,LB-04,11954.131,23.468,30.81,832.3,0.986379,23.1483,2
2026-06-21 06:00:00,171,0,LB-05,12392.802,28.5407,30.99,832.19,0.986213,28.1472,2
2026-06-21 06:00:00,171,0,LB-06,11806.398,47.1732,30.63,832.98,0.986557,46.539,4
2026-06-21 06:00:00,171,0,LB-07,12040.436,30.1305,30.58,831.33,0.986548,29.7252,2
2026-06-21 06:00:00,171,0,LB-08,12284.326,33.1179,30.24,831.79,0.986853,32.6824,3
2026-06-21 06:00:00,171,0,LB-09,11819.584,16.3479,30.74,831.61,0.986418,16.1258,1
2026-06-21 06:00:00,171,0,LB-10,11919.625,23.7281,30.5,831.9,0.98663,23.4108,2
2026-06-21 14:00:00,171,1,LB-01,12171.638,21.6815,37.16,831.63,0.980842,21.2661,2
2026-06-21 14:00:00,171,1,LB-02,11974.897,34.557,36.72,832.14,0.98125,33.9091,3
2026-06-21 14:00:00,171,1,LB-03,12172.723,18.3409,36.6,832.56,0.981376,17.9993,1
2026-06-21 14:00:00,171,1,LB-04,11992.592,38.4604,36.57,831.26,0.981341,37.7427,3
2026-06-21 14:00:00,171,1,LB-05,12416.239,23.4373,36.66,832.29,0.981312,22.9993,2
2026-06-21 14:00:00,171,1,LB-06,11871.626,65.2285,36.88,831.58,0.981087,63.9948,5
2026-06-21 14:00:00,171,1,LB-07,12058.946,18.5102,36.85,832.86,0.981167,18.1616,2
2026-06-21 14:00:00,171,1,LB-08,12332.875,48.5487,36.6,831.56,0.981333,47.6424,4
2026-06-21 14:00:00,171,1,LB-09,11844.388,24.8041,36.7,831.82,0.981257,24.3392,2
2026-06-21 14:00:00,171,1,LB-10,11962.932,43.3075,36.76,831.3,0.981177,42.4924,4
2026-06-21 22:00:00,171,2,LB-01,12194.39,22.7521,32.4,831.31,0.984967,22.4101,2
2026-06-21 22:00:00,171,2,LB-02,11987.414,12.5163,31.98,831.63,0.985345,12.3329,1
2026-06-21 22:00:00,171,2,LB-03,12185.134,12.4109,32.12,832.08,0.985233,12.2276,1
2026-06-21 22:00:00,171,2,LB-04,12000.422,7.8302,31.53,831.17,0.985715,7.7184,1
2026-06-21 22:00:00,171,2,LB-05,12433.428,17.1891,32.07,831.83,0.985273,16.936,1
2026-06-21 22:00:00,171,2,LB-06,11892.663,21.037,32.05,831.42,0.98527,20.7271,2
2026-06-21 22:00:00,171,2,LB-07,12080.882,21.9356,32.24,832.87,0.985157,21.6101,2
2026-06-21 22:00:00,171,2,LB-08,12347.837,14.9625,31.89,832.64,0.985457,14.7449,1
2026-06-21 22:00:00,171,2,LB-09,11872.203,27.815,32.01,831.81,0.985319,27.4066,2
2026-06-21 22:00:00,171,2,LB-10,11979.636,16.7038,32.08,832.55,0.98529,16.4581,1
2026-06-22 06:00:00,172,0,LB-01,12227.66,33.2699,30.68,832.19,0.986489,32.8204,3
2026-06-22 06:00:00,172,0,LB-02,12002.931,15.5177,30.74,832.2,0.986434,15.3072,1
2026-06-22 06:00:00,172,0,LB-03,12232.515,47.381,31.02,831.88,0.986178,46.7261,4
2026-06-22 06:00:00,172,0,LB-04,12030.423,30.0009,30.94,832.68,0.986274,29.5891,2
2026-06-22 06:00:00,172,0,LB-05,12456.903,23.4747,30.84,831.96,0.986338,23.154,2
2026-06-22 06:00:00,172,0,LB-06,11914.002,21.3387,30.6,833.02,0.986585,21.0525,2
2026-06-22 06:00:00,172,0,LB-07,12092.943,12.0609,30.65,832.23,0.986517,11.8983,1
2026-06-22 06:00:00,172,0,LB-08,12373.606,25.7685,30.3,830.61,0.986763,25.4274,2
2026-06-22 06:00:00,172,0,LB-09,11896.102,23.8993,30.83,831.36,0.98633,23.5726,2
2026-06-22 06:00:00,172,0,LB-10,12005.179,25.5433,30.69,831.68,0.986464,25.1975,2
2026-06-22 14:00:00,172,1,LB-01,12262.379,34.7186,36.73,832.83,0.981276,34.0685,3
2026-06-22 14:00:00,172,1,LB-02,12018.618,15.6868,36.18,832.66,0.981744,15.4004,1
2026-06-22 14:00:00,172,1,LB-03,12271.669,39.1544,36.54,831.91,0.981399,38.4261,3
2026-06-22 14:00:00,172,1,LB-04,12064.993,34.5701,36.24,831.17,0.981626,33.9349,3
2026-06-22 14:00:00,172,1,LB-05,12495.953,39.05,36.73,832.48,0.981254,38.318,3
2026-06-22 14:00:00,172,1,LB-06,11935.823,21.8211,36.19,831.25,0.981674,21.4212,2
2026-06-22 14:00:00,172,1,LB-07,12125.781,32.8379,36.11,833.02,0.981822,32.241,3
2026-06-22 14:00:00,172,1,LB-08,12411.354,37.7487,35.96,832.5,0.981922,37.0663,3
2026-06-22 14:00:00,172,1,LB-09,11914.734,18.6323,35.95,832.51,0.981935,18.2957,2
2026-06-22 14:00:00,172,1,LB-10,12049.623,44.4432,36.31,832.0,0.981604,43.6257,4
2026-06-22 22:00:00,172,2,LB-01,12279.512,17.133,32.05,831.92,0.985288,16.8809,1
2026-06-22 22:00:00,172,2,LB-02,12034.086,15.468,32.12,831.47,0.985215,15.2393,1
2026-06-22 22:00:00,172,2,LB-03,12289.536,17.8672,32.26,831.64,0.9851,17.6009,1
2026-06-22 22:00:00,172,2,LB-04,12077.412,12.4189,32.52,832.35,0.984898,12.2314,1
2026-06-22 22:00:00,172,2,LB-05,12512.215,16.2616,32.21,831.11,0.98512,16.0197,1
2026-06-22 22:00:00,172,2,LB-06,11971.846,36.0231,32.25,832.68,0.985146,35.488,3
2026-06-22 22:00:00,172,2,LB-07,12139.627,13.8464,32.39,832.25,0.985005,13.6388,1
2026-06-22 22:00:00,172,2,LB-08,12423.948,12.5934,32.18,831.93,0.985181,12.4068,1
2026-06-22 22:00:00,172,2,LB-09,11926.644,11.9095,32.54,831.2,0.984843,11.729,1
2026-06-22 22:00:00,172,2,LB-10,12069.209,19.5861,32.28,832.83,0.985127,19.2948,2
2026-06-23 06:00:00,173,0,LB-01,12308.852,29.3408,29.39,831.59,0.987585,28.9765,2
2026-06-23 06:00:00,173,0,LB-02,12054.414,20.3274,29.64,831.96,0.987376,20.0708,2
2026-06-23 06:00:00,173,0,LB-03,12304.394,14.858,29.5,831.38,0.987485,14.672,1
2026-06-23 06:00:00,173,0,LB-04,12089.18,11.7683,29.24,831.54,0.987709,11.6237,1
2026-06-23 06:00:00,173,0,LB-05,12533.419,21.2045,30.0,832.36,0.987077,20.9305,2
2026-06-23 06:00:00,173,0,LB-06,11996.448,24.6018,29.79,832.44,0.987267,24.2886,2
2026-06-23 06:00:00,173,0,LB-07,12165.622,25.995,29.88,832.16,0.98718,25.6618,2
2026-06-23 06:00:00,173,0,LB-08,12434.335,10.3878,29.47,831.64,0.987518,10.2581,1
2026-06-23 06:00:00,173,0,LB-09,11955.404,28.7601,29.8,832.8,0.987264,28.3938,2
2026-06-23 06:00:00,173,0,LB-10,12117.055,47.8465,29.53,831.36,0.987452,47.2461,4
2026-06-23 14:00:00,173,1,LB-01,12327.04,18.1874,35.72,831.53,0.982089,17.8616,1
2026-06-23 14:00:00,173,1,LB-02,12078.506,24.0927,35.53,832.71,0.982306,23.6664,2
2026-06-23 14:00:00,173,1,LB-03,12316.877,12.483,36.04,831.03,0.981796,12.2557,1
2026-06-23 14:00:00,173,1,LB-04,12102.079,12.8986,35.19,832.49,0.982592,12.6741,1
2026-06-23 14:00:00,173,1,LB-05,12565.266,31.8471,35.32,832.76,0.982495,31.2896,3
2026-06-23 14:00:00,173,1,LB-06,12015.594,19.146,35.26,832.47,0.982531,18.8116,2
2026-06-23 14:00:00,173,1,LB-07,12182.148,16.5252,35.23,831.63,0.982519,16.2363,1
2026-06-23 14:00:00,173,1,LB-08,12483.93,49.5943,35.78,832.57,0.982082,48.7057,4
2026-06-23 14:00:00,173,1,LB-09,11991.491,36.0872,35.74,831.71,0.982085,35.4407,3
2026-06-23 14:00:00,173,1,LB-10,12132.552,15.4972,35.97,831.26,0.981863,15.2162,1
2026-06-23 22:00:00,173,2,LB-01,12340.646,13.6063,31.52,830.81,0.98571,13.4119,1
2026-06-23 22:00:00,173,2,LB-02,12104.179,25.673,31.31,831.87,0.985932,25.3118,2
2026-06-23 22:00:00,173,2,LB-03,12334.607,17.7299,32.01,832.09,0.985333,17.4699,1
2026-06-23 22:00:00,173,2,LB-04,12109.124,7.0448,31.5,831.62,0.98576,6.9445,1
2026-06-23 22:00:00,173,2,LB-05,12579.54,14.2735,31.38,832.22,0.985878,14.0719,1
2026-06-23 22:00:00,173,2,LB-06,12044.844,29.2503,31.86,832.0,0.98546,28.825,2
2026-06-23 22:00:00,173,2,LB-07,12208.059,25.9117,31.75,831.81,0.985549,25.5372,2
2026-06-23 22:00:00,173,2,LB-08,12512.929,28.9991,31.26,831.61,0.985966,28.5921,2
2026-06-23 22:00:00,173,2,LB-09,12010.455,18.9641,31.9,831.26,0.985396,18.6872,2
2026-06-23 22:00:00,173,2,LB-10,12152.25,19.6971,31.8,832.21,0.985516,19.4118,2
2026-06-24 06:00:00,174,0,LB-01,12372.261,31.6145,28.89,831.02,0.987996,31.235,3
2026-06-24 06:00:00,174,0,LB-02,12127.284,23.1043,29.5,831.76,0.987492,22.8154,2
2026-06-24 06:00:00,174,0,LB-03,12361.071,26.464,29.73,833.04,0.987334,26.1288,2
2026-06-24 06:00:00,174,0,LB-04,12121.884,12.7606,29.71,831.24,0.987293,12.5984,1
2026-06-24 06:00:00,174,0,LB-05,12593.071,13.5317,29.09,832.25,0.987862,13.3675,1
2026-06-24 06:00:00,174,0,LB-06,12070.385,25.5409,29.37,831.63,0.987602,25.2243,2
2026-06-24 06:00:00,174,0,LB-07,12227.49,19.4308,29.81,831.77,0.987223,19.1825,2
2026-06-24 06:00:00,174,0,LB-08,12527.096,14.1675,29.4,832.13,0.987594,13.9918,1
2026-06-24 06:00:00,174,0,LB-09,12063.014,52.559,29.7,832.15,0.987334,51.8933,4
2026-06-24 06:00:00,174,0,LB-10,12172.694,20.4439,29.31,831.86,0.987663,20.1917,2
2026-06-24 14:00:00,174,1,LB-01,12407.763,35.5029,36.71,832.48,0.981275,34.8381,3
2026-06-24 14:00:00,174,1,LB-02,12147.996,20.7124,36.1,832.05,0.981784,20.3351,2
2026-06-24 14:00:00,174,1,LB-03,12382.668,21.5967,36.99,833.17,0.981062,21.1877,2
2026-06-24 14:00:00,174,1,LB-04,12153.136,31.2522,36.6,832.93,0.981391,30.6706,3
2026-06-24 14:00:00,174,1,LB-05,12611.894,18.8224,36.44,832.75,0.981521,18.4746,2
2026-06-24 14:00:00,174,1,LB-06,12107.116,36.7307,36.93,832.76,0.981099,36.0364,3
2026-06-24 14:00:00,174,1,LB-07,12253.02,25.5302,36.83,831.08,0.981108,25.0478,2
2026-06-24 14:00:00,174,1,LB-08,12548.28,21.1834,36.71,832.83,0.981287,20.787,2
2026-06-24 14:00:00,174,1,LB-09,12107.583,44.5687,36.85,831.58,0.981116,43.727,4
2026-06-24 14:00:00,174,1,LB-10,12219.581,46.8877,36.79,832.1,0.981192,46.0058,4
2026-06-24 22:00:00,174,2,LB-01,12421.205,13.4416,32.95,831.98,0.984509,13.2334,1
2026-06-24 22:00:00,174,2,LB-02,12152.833,4.8375,32.69,831.18,0.984709,4.7635,0
2026-06-24 22:00:00,174,2,LB-03,12389.17,6.5017,33.22,833.2,0.984322,6.3998,1
2026-06-24 22:00:00,174,2,LB-04,12182.32,29.1835,33.24,831.42,0.984237,28.7235,2
2026-06-24 22:00:00,174,2,LB-05,12637.06,25.1664,33.32,832.97,0.984229,24.7695,2
2026-06-24 22:00:00,174,2,LB-06,12126.065,18.9494,33.14,831.93,0.984346,18.6528,2
2026-06-24 22:00:00,174,2,LB-07,12272.104,19.084,32.71,831.02,0.984687,18.7917,2
2026-06-24 22:00:00,174,2,LB-08,12569.564,21.284,32.81,831.47,0.984614,20.9565,2
2026-06-24 22:00:00,174,2,LB-09,12128.071,20.488,32.33,831.63,0.985037,20.1814,2
2026-06-24 22:00:00,174,2,LB-10,12247.78,28.1987,33.14,832.65,0.984374,27.758,2
2026-06-25 06:00:00,175,0,LB-01,12451.403,30.1975,29.77,831.44,0.987248,29.8125,2
2026-06-25 06:00:00,175,0,LB-02,12188.012,35.1788,29.94,832.1,0.987119,34.7257,3
2026-06-25 06:00:00,175,0,LB-03,12407.658,18.4881,29.82,831.91,0.987218,18.2518,2
2026-06-25 06:00:00,175,0,LB-04,12197.527,15.2075,29.75,831.45,0.98727,15.0139,1
2026-06-25 06:00:00,175,0,LB-05,12669.07,32.0093,30.37,831.04,0.986717,31.5841,3
2026-06-25 06:00:00,175,0,LB-06,12152.891,26.8256,29.55,831.32,0.98744,26.4887,2
2026-06-25 06:00:00,175,0,LB-07,12298.075,25.9704,29.7,831.64,0.987318,25.641,2
2026-06-25 06:00:00,175,0,LB-08,12595.756,26.1922,29.86,832.69,0.987208,25.8572,2
2026-06-25 06:00:00,175,0,LB-09,12161.484,33.4129,29.59,830.99,0.987395,32.9918,3
2026-06-25 06:00:00,175,0,LB-10,12287.364,39.584,29.86,832.31,0.987202,39.0774,3
2026-06-25 14:00:00,175,1,LB-01,12483.473,32.0701,37.25,831.89,0.980783,31.4538,3
2026-06-25 14:00:00,175,1,LB-02,12213.706,25.6937,37.15,832.66,0.980905,25.2031,2
2026-06-25 14:00:00,175,1,LB-03,12420.302,12.6446,37.58,832.15,0.980506,12.3981,1
2026-06-25 14:00:00,175,1,LB-04,12217.652,20.1251,37.51,832.33,0.980575,19.7342,2
2026-06-25 14:00:00,175,1,LB-05,12681.87,12.8008,37.41,832.3,0.980661,12.5532,1
2026-06-25 14:00:00,175,1,LB-06,12176.89,23.9986,37.24,832.15,0.9808,23.5378,2
2026-06-25 14:00:00,175,1,LB-07,12342.1,44.0257,37.11,832.87,0.980946,43.1869,4
2026-06-25 14:00:00,175,1,LB-08,12635.92,40.1642,37.12,832.4,0.980916,39.3977,3
2026-06-25 14:00:00,175,1,LB-09,12185.165,23.6809,36.95,831.14,0.981009,23.2312,2
2026-06-25 14:00:00,175,1,LB-10,12340.805,53.4409,37.33,832.08,0.980715,52.4103,4
2026-06-25 22:00:00,175,2,LB-01,12492.982,9.5096,33.32,833.11,0.984232,9.3596,1
2026-06-25 22:00:00,175,2,LB-02,12224.87,11.164,33.07,830.89,0.98437,10.9895,1
2026-06-25 22:00:00,175,2,LB-03,12445.981,25.6791,32.44,832.68,0.984977,25.2934,2
2026-06-25 22:00:00,175,2,LB-04,12239.736,22.084,33.04,831.39,0.984415,21.7398,2
2026-06-25 22:00:00,175,2,LB-05,12703.248,21.3772,32.91,833.11,0.984592,21.0478,2
2026-06-25 22:00:00,175,2,LB-06,12190.861,13.971,33.16,831.64,0.984317,13.7519,1
2026-06-25 22:00:00,175,2,LB-07,12363.536,21.4362,33.18,832.5,0.984335,21.1004,2
2026-06-25 22:00:00,175,2,LB-08,12647.439,11.5186,32.57,831.72,0.984835,11.3439,1
2026-06-25 22:00:00,175,2,LB-09,12192.556,7.3911,32.87,833.16,0.984628,7.2775,1
2026-06-25 22:00:00,175,2,LB-10,12365.991,25.1858,32.95,831.7,0.984498,24.7954,2
2026-06-26 06:00:00,176,0,LB-01,12520.19,27.2078,30.7,831.96,0.986463,26.8395,2
2026-06-26 06:00:00,176,0,LB-02,12265.133,40.2628,30.89,831.82,0.986292,39.7109,3
2026-06-26 06:00:00,176,0,LB-03,12470.585,24.6036,31.17,831.95,0.986054,24.2605,2
2026-06-26 06:00:00,176,0,LB-04,12251.373,11.6366,30.94,832.91,0.986287,11.477,1
2026-06-26 06:00:00,176,0,LB-05,12716.093,12.8454,30.68,832.09,0.986485,12.6718,1
2026-06-26 06:00:00,176,0,LB-06,12201.538,10.6768,30.75,831.71,0.986407,10.5317,1
2026-06-26 06:00:00,176,0,LB-07,12392.376,28.8396,30.79,831.75,0.986377,28.4467,2
2026-06-26 06:00:00,176,0,LB-08,12668.888,21.4493,31.11,833.42,0.986157,21.1524,2
2026-06-26 06:00:00,176,0,LB-09,12226.838,34.2819,30.9,832.29,0.986295,33.8121,3
2026-06-26 06:00:00,176,0,LB-10,12389.268,23.2778,30.47,832.28,0.986671,22.9675,2
2026-06-26 14:00:00,176,1,LB-01,12544.233,24.0428,37.66,832.78,0.980464,23.5731,2
2026-06-26 14:00:00,176,1,LB-02,12295.149,30.0163,37.1,831.88,0.980914,29.4434,2
2026-06-26 14:00:00,176,1,LB-03,12492.585,21.9997,37.48,832.37,0.980606,21.573,2
2026-06-26 14:00:00,176,1,LB-04,12277.787,26.4135,37.2,832.11,0.98083,25.9071,2
2026-06-26 14:00:00,176,1,LB-05,12737.51,21.4175,37.59,832.36,0.980505,21.0,2
2026-06-26 14:00:00,176,1,LB-06,12227.098,25.5605,37.49,831.89,0.980571,25.0638,2
2026-06-26 14:00:00,176,1,LB-07,12412.83,20.454,37.24,831.27,0.980756,20.0604,2
2026-06-26 14:00:00,176,1,LB-08,12713.579,44.6904,37.08,832.35,0.980947,43.8389,4
2026-06-26 14:00:00,176,1,LB-09,12273.649,46.8105,37.16,832.73,0.980896,45.9162,4
2026-06-26 14:00:00,176,1,LB-10,12412.89,23.6214,37.39,832.08,0.980662,23.1646,2
2026-06-26 22:00:00,176,2,LB-01,12558.044,13.8112,33.01,833.22,0.984509,13.5972,1
2026-06-26 22:00:00,176,2,LB-02,12316.88,21.7311,32.89,832.06,0.98457,21.3958,2
2026-06-26 22:00:00,176,2,LB-03,12503.019,10.4347,33.16,832.17,0.984338,10.2712,1
2026-06-26 22:00:00,176,2,LB-04,12283.925,6.1385,33.53,832.09,0.984012,6.0404,1
2026-06-26 22:00:00,176,2,LB-05,12751.557,14.0466,32.88,831.29,0.984549,13.8296,1
2026-06-26 22:00:00,176,2,LB-06,12244.036,16.9376,32.83,830.9,0.984574,16.6764,1
2026-06-26 22:00:00,176,2,LB-07,12427.821,14.9909,33.34,831.97,0.984176,14.7537,1
2026-06-26 22:00:00,176,2,LB-08,12725.884,12.3051,33.46,832.93,0.984111,12.1096,1
2026-06-26 22:00:00,176,2,LB-09,12286.721,13.0725,33.07,832.26,0.984423,12.8689,1
2026-06-26 22:00:00,176,2,LB-10,12437.909,25.0194,33.06,831.6,0.984407,24.6293,2
2026-06-27 06:00:00,177,0,LB-01,12567.872,9.8283,29.8,831.89,0.987239,9.7029,1
2026-06-27 06:00:00,177,0,LB-02,12337.04,20.1595,30.17,831.42,0.986903,19.8955,2
2026-06-27 06:00:00,177,0,LB-03,12532.124,29.1044,29.72,832.03,0.987314,28.7352,2
2026-06-27 06:00:00,177,0,LB-04,12321.074,37.1489,29.48,832.71,0.987541,36.6861,3
2026-06-27 06:00:00,177,0,LB-05,12765.638,14.0809,29.7,832.13,0.987328,13.9025,1
2026-06-27 06:00:00,177,0,LB-06,12276.782,32.7459,30.0,831.29,0.987046,32.3217,3
2026-06-27 06:00:00,177,0,LB-07,12445.253,17.4323,29.57,832.34,0.987455,17.2136,1
2026-06-27 06:00:00,177,0,LB-08,12757.816,31.9327,29.79,830.67,0.98721,31.5243,3
2026-06-27 06:00:00,177,0,LB-09,12318.053,31.3323,29.38,831.58,0.987595,30.9437,3
2026-06-27 06:00:00,177,0,LB-10,12449.586,11.6774,30.0,832.74,0.98709,11.5266,1
2026-06-27 14:00:00,177,1,LB-01,12582.367,14.4942,37.46,832.17,0.980607,14.2132,1
2026-06-27 14:00:00,177,1,LB-02,12354.621,17.5812,37.01,831.19,0.980958,17.2464,1
2026-06-27 14:00:00,177,1,LB-03,12584.094,51.9699,37.57,831.92,0.980503,50.9567,4
2026-06-27 14:00:00,177,1,LB-04,12371.027,49.9527,37.5,832.89,0.980606,48.9839,4
2026-06-27 14:00:00,177,1,LB-05,12807.449,41.8106,37.16,831.77,0.980856,41.0102,3
2026-06-27 14:00:00,177,1,LB-06,12317.571,40.7892,37.53,831.93,0.980534,39.9952,3
2026-06-27 14:00:00,177,1,LB-07,12485.721,40.4673,37.43,833.03,0.980676,39.6853,3
2026-06-27 14:00:00,177,1,LB-08,12774.53,16.7136,36.82,831.75,0.981143,16.3984,1
2026-06-27 14:00:00,177,1,LB-09,12343.834,25.7806,37.46,831.59,0.980581,25.28,2
2026-06-27 14:00:00,177,1,LB-10,12477.39,27.8035,37.04,832.78,0.980999,27.2752,2
2026-06-27 22:00:00,177,2,LB-01,12602.16,19.7936,32.75,830.86,0.984646,19.4896,2
2026-06-27 22:00:00,177,2,LB-02,12357.786,3.1646,33.21,832.85,0.984322,3.1149,0
2026-06-27 22:00:00,177,2,LB-03,12599.447,15.3535,32.9,832.74,0.984588,15.1169,1
2026-06-27 22:00:00,177,2,LB-04,12376.168,5.1412,32.67,831.43,0.984733,5.0627,0
2026-06-27 22:00:00,177,2,LB-05,12819.887,12.4388,32.21,832.12,0.985156,12.2542,1
2026-06-27 22:00:00,177,2,LB-06,12340.956,23.385,32.3,830.63,0.985031,23.0349,2
2026-06-27 22:00:00,177,2,LB-07,12511.657,25.936,32.16,831.97,0.985199,25.5521,2
2026-06-27 22:00:00,177,2,LB-08,12784.252,9.7218,32.57,832.13,0.984844,9.5744,1
2026-06-27 22:00:00,177,2,LB-09,12356.298,12.4642,32.43,832.04,0.984966,12.2768,1
2026-06-27 22:00:00,177,2,LB-10,12499.181,21.7914,32.56,832.39,0.984862,21.4615,2
2026-06-28 06:00:00,178,0,LB-01,12617.816,15.6561,30.96,830.72,0.986198,15.44,1
2026-06-28 06:00:00,178,0,LB-02,12385.362,27.5765,31.14,832.01,0.986079,27.1926,2
2026-06-28 06:00:00,178,0,LB-03,12620.641,21.1943,30.6,831.02,0.986515,20.9085,2
2026-06-28 06:00:00,178,0,LB-04,12400.674,24.5057,31.1,832.38,0.986133,24.1658,2
2026-06-28 06:00:00,178,0,LB-05,12852.986,33.099,30.71,831.83,0.986446,32.6504,3
2026-06-28 06:00:00,178,0,LB-06,12356.499,15.5433,30.87,831.13,0.986287,15.3301,1
2026-06-28 06:00:00,178,0,LB-07,12522.609,10.9518,30.67,832.0,0.986484,10.8038,1
2026-06-28 06:00:00,178,0,LB-08,12807.889,23.637,30.77,831.32,0.986379,23.315,2
2026-06-28 06:00:00,178,0,LB-09,12389.293,32.9945,30.73,832.0,0.986438,32.547,3
2026-06-28 06:00:00,178,0,LB-10,12517.148,17.9665,30.9,832.26,0.986297,17.7203,1
2026-06-28 14:00:00,178,1,LB-01,12666.297,48.481,36.51,831.69,0.981409,47.5797,4
2026-06-28 14:00:00,178,1,LB-02,12426.974,41.6116,35.94,832.51,0.981947,40.8604,3
2026-06-28 14:00:00,178,1,LB-03,12636.822,16.1806,36.17,831.84,0.981718,15.8847,1
2026-06-28 14:00:00,178,1,LB-04,12428.454,27.7799,35.88,831.92,0.981967,27.2789,2
2026-06-28 14:00:00,178,1,LB-05,12892.206,39.2192,36.23,831.12,0.981629,38.4987,3
2026-06-28 14:00:00,178,1,LB-06,12393.978,37.4792,36.12,832.19,0.981772,36.796,3
2026-06-28 14:00:00,178,1,LB-07,12538.358,15.7495,36.14,831.21,0.981714,15.4615,1
2026-06-28 14:00:00,178,1,LB-08,12820.407,12.518,36.43,831.15,0.98146,12.2859,1
2026-06-28 14:00:00,178,1,LB-09,12409.733,20.44,36.04,833.12,0.981885,20.0697,2
2026-06-28 14:00:00,178,1,LB-10,12543.314,26.1659,35.87,832.14,0.981987,25.6946,2
2026-06-28 22:00:00,178,2,LB-01,12681.374,15.077,30.51,832.68,0.986647,14.8757,1
2026-06-28 22:00:00,178,2,LB-02,12451.962,24.9879,30.44,832.19,0.986693,24.6554,2
2026-06-28 22:00:00,178,2,LB-03,12653.517,16.6945,31.11,832.08,0.986106,16.4625,1
2026-06-28 22:00:00,178,2,LB-04,12454.348,25.8949,30.58,832.19,0.986576,25.5473,2
2026-06-28 22:00:00,178,2,LB-05,12912.388,20.1826,30.01,832.31,0.987067,19.9216,2
2026-06-28 22:00:00,178,2,LB-06,12411.521,17.5429,30.33,830.86,0.986743,17.3103,1
2026-06-28 22:00:00,178,2,LB-07,12542.837,4.4789,30.45,831.33,0.986658,4.4191,0
2026-06-28 22:00:00,178,2,LB-08,12826.955,6.5483,30.62,831.89,0.986525,6.4601,1
2026-06-28 22:00:00,178,2,LB-09,12429.985,20.2525,30.65,832.17,0.98651,19.9793,2
2026-06-28 22:00:00,178,2,LB-10,12560.835,17.5209,30.38,831.02,0.986704,17.288,1
2026-06-29 06:00:00,179,0,LB-01,12708.708,27.3335,30.49,831.94,0.98664,26.9684,2
2026-06-29 06:00:00,179,0,LB-02,12469.517,17.5549,30.97,831.47,0.986215,17.3129,1
2026-06-29 06:00:00,179,0,LB-03,12666.989,13.4728,30.6,831.45,0.986532,13.2914,1
2026-06-29 06:00:00,179,0,LB-04,12480.326,25.9776,31.06,831.32,0.986126,25.6172,2
2026-06-29 06:00:00,179,0,LB-05,12930.715,18.3263,31.05,832.95,0.986195,18.0733,2
2026-06-29 06:00:00,179,0,LB-06,12455.371,43.8503,31.03,832.35,0.986187,43.2446,4
2026-06-29 06:00:00,179,0,LB-07,12553.56,10.7234,30.05,831.08,0.986996,10.584,1
2026-06-29 06:00:00,179,0,LB-08,12848.717,21.7623,30.83,831.73,0.98634,21.465,2
2026-06-29 06:00:00,179,0,LB-09,12451.004,21.0187,30.23,831.83,0.986864,20.7426,2
2026-06-29 06:00:00,179,0,LB-10,12584.332,23.4974,30.93,831.04,0.986229,23.1738,2
2026-06-29 14:00:00,179,1,LB-01,12750.576,41.8677,37.28,832.56,0.980781,41.0631,3
2026-06-29 14:00:00,179,1,LB-02,12512.043,42.526,36.9,831.31,0.981056,41.7204,3
2026-06-29 14:00:00,179,1,LB-03,12678.42,11.4309,36.59,833.22,0.981409,11.2184,1
2026-06-29 14:00:00,179,1,LB-04,12505.863,25.537,37.43,831.8,0.980622,25.0421,2
2026-06-29 14:00:00,179,1,LB-05,12975.062,44.3474,37.19,831.56,0.980818,43.4967,4
2026-06-29 14:00:00,179,1,LB-06,12493.89,38.5186,36.58,832.1,0.981372,37.8011,3
2026-06-29 14:00:00,179,1,LB-07,12570.707,17.1463,36.93,832.52,0.981089,16.822,1
2026-06-29 14:00:00,179,1,LB-08,12865.826,17.1085,37.17,831.47,0.980833,16.7806,1
2026-06-29 14:00:00,179,1,LB-09,12485.348,34.3444,37.13,832.37,0.980902,33.6885,3
2026-06-29 14:00:00,179,1,LB-10,12602.545,18.2126,36.58,832.53,0.98139,17.8737,1
2026-06-29 22:00:00,179,2,LB-01,12779.851,29.2754,31.21,832.67,0.986046,28.8669,2
2026-06-29 22:00:00,179,2,LB-02,12538.29,26.2472,31.52,832.07,0.985751,25.8733,2
2026-06-29 22:00:00,179,2,LB-03,12695.642,17.2223,31.6,832.29,0.98569,16.9758,1
2026-06-29 22:00:00,179,2,LB-04,12523.381,17.5182,31.34,831.71,0.9859,17.2712,1
2026-06-29 22:00:00,179,2,LB-05,12992.536,17.4745,30.93,831.92,0.986262,17.2345,1
2026-06-29 22:00:00,179,2,LB-06,12513.34,19.4497,31.21,830.97,0.985986,19.1771,2
2026-06-29 22:00:00,179,2,LB-07,12578.335,7.6288,31.39,831.42,0.985842,7.5208,1
2026-06-29 22:00:00,179,2,LB-08,12884.505,18.6791,31.35,832.11,0.985904,18.4158,2
2026-06-29 22:00:00,179,2,LB-09,12497.362,12.0136,30.54,832.92,0.986632,11.853,1
2026-06-29 22:00:00,179,2,LB-10,12609.9,7.3554,30.73,832.87,0.986466,7.2558,1
