timestamp,day,slot,tank_id,vapour_space_m3,ullage_m,liquid_temp_c,diurnal_swing_c,vent_area_m2,pv_setting_kpa,tvp_kpa,standing_loss_kl,working_loss_kl,total_evap_kl
2026-01-01 06:00:00,0,0,TK-01,1533.19,4.88,19.11,7.1,0.09,2.5,0.2387,3e-06,0.0,3e-06
2026-01-01 06:00:00,0,0,TK-02,1042.63,3.319,19.11,7.1,0.09,2.5,0.2387,2e-06,0.0,2e-06
2026-01-01 06:00:00,0,0,TK-03,1064.5,4.183,19.11,7.1,0.28,0.0,0.2387,0.000133,0.002094,0.002227
2026-01-01 06:00:00,0,0,TK-04,1729.41,5.505,19.11,7.1,0.09,2.5,0.2387,3e-06,0.0,3e-06
2026-01-01 06:00:00,0,0,TK-05,1894.13,4.983,19.11,7.1,0.11,2.5,0.2387,4e-06,0.0,4e-06
2026-01-01 14:00:00,0,1,TK-01,1597.35,5.085,26.73,7.1,0.09,2.5,0.3438,1e-06,0.0,1e-06
2026-01-01 14:00:00,0,1,TK-02,1119.13,3.562,26.73,7.1,0.09,2.5,0.3438,0.0,0.0,0.0
2026-01-01 14:00:00,0,1,TK-03,1114.53,4.38,26.73,7.1,0.28,0.0,0.3438,0.000191,0.0,0.000191
2026-01-01 14:00:00,0,1,TK-04,1539.17,4.899,26.73,7.1,0.09,2.5,0.3438,1e-06,0.003309,0.00331
2026-01-01 14:00:00,0,1,TK-05,1975.56,5.197,26.73,7.1,0.11,2.5,0.3438,1e-06,0.0,1e-06
2026-01-01 22:00:00,0,2,TK-01,1444.44,4.598,22.11,7.1,0.09,2.5,0.2763,2e-06,0.00193,0.001932
2026-01-01 22:00:00,0,2,TK-02,1152.47,3.668,22.11,7.1,0.09,2.5,0.2763,2e-06,0.0,2e-06
2026-01-01 22:00:00,0,2,TK-03,1136.34,4.466,22.11,7.1,0.28,0.0,0.2763,0.000161,0.0,0.000161
2026-01-01 22:00:00,0,2,TK-04,1567.79,4.99,22.11,7.1,0.09,2.5,0.2763,2e-06,0.0,2e-06
2026-01-01 22:00:00,0,2,TK-05,2011.06,5.29,22.11,7.1,0.11,2.5,0.2763,3e-06,0.0,3e-06
2026-01-02 06:00:00,1,0,TK-01,1492.24,4.75,20.97,7.1,0.09,2.5,0.2614,2e-06,0.0,2e-06
2026-01-02 06:00:00,1,0,TK-02,1205.56,3.837,20.97,7.1,0.09,2.5,0.2614,2e-06,0.0,2e-06
2026-01-02 06:00:00,1,0,TK-03,1171.05,4.602,20.97,7.1,0.28,0.0,0.2614,0.000158,0.0,0.000158
2026-01-02 06:00:00,1,0,TK-04,1613.35,5.135,20.97,7.1,0.09,2.5,0.2614,3e-06,0.0,3e-06
2026-01-02 06:00:00,1,0,TK-05,1822.41,4.794,20.97,7.1,0.11,2.5,0.2614,3e-06,0.002501,0.002504
2026-01-02 14:00:00,1,1,TK-01,1546.65,4.923,27.74,7.1,0.09,2.5,0.3605,0.0,0.0,0.0
2026-01-02 14:00:00,1,1,TK-02,1265.99,4.03,27.74,7.1,0.09,2.5,0.3605,0.0,0.0,0.0
2026-01-02 14:00:00,1,1,TK-03,1210.57,4.757,27.74,7.1,0.28,0.0,0.3605,0.000216,0.0,0.000216
2026-01-02 14:00:00,1,1,TK-04,1402.19,4.463,27.74,7.1,0.09,2.5,0.3605,0.0,0.003629,0.003629
2026-01-02 14:00:00,1,1,TK-05,1891.89,4.977,27.74,7.1,0.11,2.5,0.3605,0.0,0.0,0.0
2026-01-02 22:00:00,1,2,TK-01,1582.72,5.038,22.67,7.1,0.09,2.5,0.2838,2e-06,0.0,2e-06
2026-01-02 22:00:00,1,2,TK-02,1306.04,4.157,22.67,7.1,0.09,2.5,0.2838,2e-06,0.0,2e-06
2026-01-02 22:00:00,1,2,TK-03,1031.14,4.052,22.67,7.1,0.28,0.0,0.2838,0.00015,0.002254,0.002404
2026-01-02 22:00:00,1,2,TK-04,1440.31,4.585,22.67,7.1,0.09,2.5,0.2838,2e-06,0.0,2e-06
2026-01-02 22:00:00,1,2,TK-05,1937.94,5.098,22.67,7.1,0.11,2.5,0.2838,2e-06,0.0,2e-06
2026-01-03 06:00:00,2,0,TK-01,1384.05,4.406,20.69,7.1,0.09,2.5,0.2579,2e-06,0.002447,0.002449
2026-01-03 06:00:00,2,0,TK-02,1355.0,4.313,20.69,7.1,0.09,2.5,0.2579,2e-06,0.0,2e-06
2026-01-03 06:00:00,2,0,TK-03,1066.78,4.192,20.69,7.1,0.28,0.0,0.2579,0.000143,0.0,0.000143
2026-01-03 06:00:00,2,0,TK-04,1486.9,4.733,20.69,7.1,0.09,2.5,0.2579,2e-06,0.0,2e-06
2026-01-03 06:00:00,2,0,TK-05,1994.22,5.246,20.69,7.1,0.11,2.5,0.2579,3e-06,0.0,3e-06
2026-01-03 14:00:00,2,1,TK-01,1443.72,4.596,27.79,7.1,0.09,2.5,0.3613,0.0,0.0,0.0
2026-01-03 14:00:00,2,1,TK-02,1415.31,4.505,27.79,7.1,0.09,2.5,0.3613,0.0,0.0,0.0
2026-01-03 14:00:00,2,1,TK-03,1110.69,4.365,27.79,7.1,0.28,0.0,0.3613,0.000199,0.0,0.000199
2026-01-03 14:00:00,2,1,TK-04,1544.29,4.916,27.79,7.1,0.09,2.5,0.3613,0.0,0.0,0.0
2026-01-03 14:00:00,2,1,TK-05,1889.33,4.97,27.79,7.1,0.11,2.5,0.3613,0.0,0.002412,0.002413
2026-01-03 22:00:00,2,2,TK-01,1478.88,4.707,22.0,7.1,0.09,2.5,0.2748,2e-06,0.0,2e-06
2026-01-03 22:00:00,2,2,TK-02,1450.84,4.618,22.0,7.1,0.09,2.5,0.2748,2e-06,0.0,2e-06
2026-01-03 22:00:00,2,2,TK-03,1136.56,4.466,22.0,7.1,0.28,0.0,0.2748,0.00016,0.0,0.00016
2026-01-03 22:00:00,2,2,TK-04,1437.8,4.577,22.0,7.1,0.09,2.5,0.2748,2e-06,0.001493,0.001495
2026-01-03 22:00:00,2,2,TK-05,1932.5,5.084,22.0,7.1,0.11,2.5,0.2748,3e-06,0.0,3e-06
2026-01-04 06:00:00,3,0,TK-01,1528.06,4.864,19.87,7.1,0.09,2.5,0.2477,3e-06,0.0,3e-06
2026-01-04 06:00:00,3,0,TK-02,1500.56,4.776,19.87,7.1,0.09,2.5,0.2477,3e-06,0.0,3e-06
2026-01-04 06:00:00,3,0,TK-03,970.96,3.816,19.87,7.1,0.28,0.0,0.2477,0.000126,0.001959,0.002085
2026-01-04 06:00:00,3,0,TK-04,1487.76,4.736,19.87,7.1,0.09,2.5,0.2477,3e-06,0.0,3e-06
2026-01-04 06:00:00,3,0,TK-05,1992.91,5.243,19.87,7.1,0.11,2.5,0.2477,4e-06,0.0,4e-06
2026-01-04 14:00:00,3,1,TK-01,1579.19,5.027,27.17,7.1,0.09,2.5,0.351,0.0,0.0,0.0
2026-01-04 14:00:00,3,1,TK-02,1552.24,4.941,27.17,7.1,0.09,2.5,0.351,0.0,0.0,0.0
2026-01-04 14:00:00,3,1,TK-03,1012.62,3.979,27.17,7.1,0.28,0.0,0.351,0.000177,0.0,0.000177
2026-01-04 14:00:00,3,1,TK-04,1539.7,4.901,27.17,7.1,0.09,2.5,0.351,0.0,0.0,0.0
2026-01-04 14:00:00,3,1,TK-05,1742.01,4.583,27.17,7.1,0.11,2.5,0.351,0.0,0.004219,0.004219
2026-01-04 22:00:00,3,2,TK-01,1424.89,4.536,22.55,7.1,0.09,2.5,0.2822,2e-06,0.001953,0.001954
2026-01-04 22:00:00,3,2,TK-02,1577.83,5.022,22.55,7.1,0.09,2.5,0.2822,2e-06,0.0,2e-06
2026-01-04 22:00:00,3,2,TK-03,1033.26,4.06,22.55,7.1,0.28,0.0,0.2822,0.00015,0.0,0.00015
2026-01-04 22:00:00,3,2,TK-04,1565.42,4.983,22.55,7.1,0.09,2.5,0.2822,2e-06,0.0,2e-06
2026-01-04 22:00:00,3,2,TK-05,1776.28,4.673,22.55,7.1,0.11,2.5,0.2822,2e-06,0.0,2e-06
2026-01-05 06:00:00,4,0,TK-01,1476.53,4.7,19.61,7.1,0.09,2.5,0.2446,3e-06,0.0,3e-06
2026-01-05 06:00:00,4,0,TK-02,1370.35,4.362,19.61,7.1,0.09,2.5,0.2446,3e-06,0.002461,0.002464
2026-01-05 06:00:00,4,0,TK-03,1072.49,4.215,19.61,7.1,0.28,0.0,0.2446,0.000137,0.0,0.000137
2026-01-05 06:00:00,4,0,TK-04,1614.33,5.139,19.61,7.1,0.09,2.5,0.2446,3e-06,0.0,3e-06
2026-01-05 06:00:00,4,0,TK-05,1841.44,4.844,19.61,7.1,0.11,2.5,0.2446,3e-06,0.0,3e-06
2026-01-05 14:00:00,4,1,TK-01,1521.35,4.843,27.5,7.1,0.09,2.5,0.3564,0.0,0.0,0.0
2026-01-05 14:00:00,4,1,TK-02,1417.0,4.51,27.5,7.1,0.09,2.5,0.3564,0.0,0.0,0.0
2026-01-05 14:00:00,4,1,TK-03,1106.54,4.348,27.5,7.1,0.28,0.0,0.3564,0.000196,0.0,0.000196
2026-01-05 14:00:00,4,1,TK-04,1335.68,4.252,27.5,7.1,0.09,2.5,0.3564,0.0,0.004367,0.004368
2026-01-05 14:00:00,4,1,TK-05,1898.0,4.993,27.5,7.1,0.11,2.5,0.3564,0.0,0.0,0.0
2026-01-05 22:00:00,4,2,TK-01,1390.78,4.427,21.24,7.1,0.09,2.5,0.2648,2e-06,0.001642,0.001644
2026-01-05 22:00:00,4,2,TK-02,1447.54,4.608,21.24,7.1,0.09,2.5,0.2648,2e-06,0.0,2e-06
2026-01-05 22:00:00,4,2,TK-03,1128.84,4.436,21.24,7.1,0.28,0.0,0.2648,0.000154,0.0,0.000154
2026-01-05 22:00:00,4,2,TK-04,1367.15,4.352,21.24,7.1,0.09,2.5,0.2648,2e-06,0.0,2e-06
2026-01-05 22:00:00,4,2,TK-05,1935.03,5.09,21.24,7.1,0.11,2.5,0.2648,3e-06,0.0,3e-06
2026-01-06 06:00:00,5,0,TK-01,1445.17,4.6,19.74,7.1,0.09,2.5,0.2462,3e-06,0.0,3e-06
2026-01-06 06:00:00,5,0,TK-02,1500.78,4.777,19.74,7.1,0.09,2.5,0.2462,3e-06,0.0,3e-06
2026-01-06 06:00:00,5,0,TK-03,1167.71,4.589,19.74,7.1,0.28,0.0,0.2462,0.00015,0.0,0.00015
2026-01-06 06:00:00,5,0,TK-04,1422.02,4.526,19.74,7.1,0.09,2.5,0.2462,3e-06,0.0,3e-06
2026-01-06 06:00:00,5,0,TK-05,1812.1,4.767,19.74,7.1,0.11,2.5,0.2462,3e-06,0.001814,0.001817
2026-01-06 14:00:00,5,1,TK-01,1503.06,4.784,27.15,7.1,0.09,2.5,0.3508,0.0,0.0,0.0
2026-01-06 14:00:00,5,1,TK-02,1557.45,4.958,27.15,7.1,0.09,2.5,0.3508,0.0,0.0,0.0
2026-01-06 14:00:00,5,1,TK-03,897.67,3.528,27.15,7.1,0.28,0.0,0.3508,0.000158,0.004189,0.004347
2026-01-06 14:00:00,5,1,TK-04,1480.42,4.712,27.15,7.1,0.09,2.5,0.3508,0.0,0.0,0.0
2026-01-06 14:00:00,5,1,TK-05,1884.93,4.959,27.15,7.1,0.11,2.5,0.3508,0.0,0.0,0.0
2026-01-06 22:00:00,5,2,TK-01,1533.2,4.88,21.59,7.1,0.09,2.5,0.2694,2e-06,0.0,2e-06
2026-01-06 22:00:00,5,2,TK-02,1417.14,4.511,21.59,7.1,0.09,2.5,0.2694,2e-06,0.001771,0.001773
2026-01-06 22:00:00,5,2,TK-03,922.84,3.627,21.59,7.1,0.28,0.0,0.2694,0.000129,0.0,0.000129
2026-01-06 22:00:00,5,2,TK-04,1510.82,4.809,21.59,7.1,0.09,2.5,0.2694,2e-06,0.0,2e-06
2026-01-06 22:00:00,5,2,TK-05,1922.84,5.058,21.59,7.1,0.11,2.5,0.2694,3e-06,0.0,3e-06
2026-01-07 06:00:00,6,0,TK-01,1348.88,4.294,22.66,7.1,0.09,2.5,0.2836,2e-06,0.002595,0.002597
2026-01-07 06:00:00,6,0,TK-02,1470.34,4.68,22.66,7.1,0.09,2.5,0.2836,2e-06,0.0,2e-06
2026-01-07 06:00:00,6,0,TK-03,965.35,3.794,22.66,7.1,0.28,0.0,0.2836,0.000141,0.0,0.000141
2026-01-07 06:00:00,6,0,TK-04,1562.14,4.972,22.66,7.1,0.09,2.5,0.2836,2e-06,0.0,2e-06
2026-01-07 06:00:00,6,0,TK-05,1986.85,5.227,22.66,7.1,0.11,2.5,0.2836,3e-06,0.0,3e-06
2026-01-07 14:00:00,6,1,TK-01,1404.19,4.47,26.57,7.1,0.09,2.5,0.3413,1e-06,0.0,1e-06
2026-01-07 14:00:00,6,1,TK-02,1523.2,4.848,26.57,7.1,0.09,2.5,0.3413,1e-06,0.0,1e-06
2026-01-07 14:00:00,6,1,TK-03,1007.58,3.96,26.57,7.1,0.28,0.0,0.3413,0.000172,0.0,0.000172
2026-01-07 14:00:00,6,1,TK-04,1613.15,5.135,26.57,7.1,0.09,2.5,0.3413,1e-06,0.0,1e-06
2026-01-07 14:00:00,6,1,TK-05,1753.33,4.612,26.57,7.1,0.11,2.5,0.3413,1e-06,0.003894,0.003895
2026-01-07 22:00:00,6,2,TK-01,1438.8,4.58,22.69,7.1,0.09,2.5,0.2841,2e-06,0.0,2e-06
2026-01-07 22:00:00,6,2,TK-02,1556.26,4.954,22.69,7.1,0.09,2.5,0.2841,2e-06,0.0,2e-06
2026-01-07 22:00:00,6,2,TK-03,1034.0,4.063,22.69,7.1,0.28,0.0,0.2841,0.000151,0.0,0.000151
2026-01-07 22:00:00,6,2,TK-04,1474.21,4.693,22.69,7.1,0.09,2.5,0.2841,2e-06,0.001874,0.001876
2026-01-07 22:00:00,6,2,TK-05,1796.96,4.727,22.69,7.1,0.11,2.5,0.2841,2e-06,0.0,2e-06
2026-01-08 06:00:00,7,0,TK-01,1489.44,4.741,19.13,7.1,0.09,2.5,0.239,3e-06,0.0,3e-06
2026-01-08 06:00:00,7,0,TK-02,1378.13,4.387,19.13,7.1,0.09,2.5,0.239,3e-06,0.00213,0.002133
2026-01-08 06:00:00,7,0,TK-03,1072.66,4.215,19.13,7.1,0.28,0.0,0.239,0.000134,0.0,0.000134
2026-01-08 06:00:00,7,0,TK-04,1524.17,4.852,19.13,7.1,0.09,2.5,0.239,3e-06,0.0,3e-06
2026-01-08 06:00:00,7,0,TK-05,1860.79,4.895,19.13,7.1,0.11,2.5,0.239,4e-06,0.0,4e-06
2026-01-08 14:00:00,7,1,TK-01,1540.06,4.902,27.02,7.1,0.09,2.5,0.3486,0.0,0.0,0.0
2026-01-08 14:00:00,7,1,TK-02,1430.93,4.555,27.02,7.1,0.09,2.5,0.3486,0.0,0.0,0.0
2026-01-08 14:00:00,7,1,TK-03,1111.31,4.367,27.02,7.1,0.28,0.0,0.3486,0.000193,0.0,0.000193
2026-01-08 14:00:00,7,1,TK-04,1317.99,4.195,27.02,7.1,0.09,2.5,0.3486,0.0,0.003421,0.003421
2026-01-08 14:00:00,7,1,TK-05,1924.61,5.063,27.02,7.1,0.11,2.5,0.3486,1e-06,0.0,1e-06
2026-01-08 22:00:00,7,2,TK-01,1404.4,4.47,22.69,7.1,0.09,2.5,0.284,2e-06,0.001854,0.001856
2026-01-08 22:00:00,7,2,TK-02,1465.6,4.665,22.69,7.1,0.09,2.5,0.284,2e-06,0.0,2e-06
2026-01-08 22:00:00,7,2,TK-03,1136.69,4.467,22.69,7.1,0.28,0.0,0.284,0.000165,0.0,0.000165
2026-01-08 22:00:00,7,2,TK-04,1354.14,4.31,22.69,7.1,0.09,2.5,0.284,2e-06,0.0,2e-06
2026-01-08 22:00:00,7,2,TK-05,1966.53,5.173,22.69,7.1,0.11,2.5,0.284,2e-06,0.0,2e-06
2026-01-09 06:00:00,8,0,TK-01,1450.95,4.619,19.24,7.1,0.09,2.5,0.2403,3e-06,0.0,3e-06
2026-01-09 06:00:00,8,0,TK-02,1511.09,4.81,19.24,7.1,0.09,2.5,0.2403,3e-06,0.0,3e-06
2026-01-09 06:00:00,8,0,TK-03,1169.99,4.598,19.24,7.1,0.28,0.0,0.2403,0.000147,0.0,0.000147
2026-01-09 06:00:00,8,0,TK-04,1401.56,4.461,19.24,7.1,0.09,2.5,0.2403,3e-06,0.0,3e-06
2026-01-09 06:00:00,8,0,TK-05,1789.97,4.709,19.24,7.1,0.11,2.5,0.2403,3e-06,0.002184,0.002188
2026-01-09 14:00:00,8,1,TK-01,1504.88,4.79,25.84,7.1,0.09,2.5,0.3298,1e-06,0.0,1e-06
2026-01-09 14:00:00,8,1,TK-02,1563.79,4.978,25.84,7.1,0.09,2.5,0.3298,1e-06,0.0,1e-06
2026-01-09 14:00:00,8,1,TK-03,911.67,3.583,25.84,7.1,0.28,0.0,0.3298,0.000152,0.003765,0.003917
2026-01-09 14:00:00,8,1,TK-04,1456.51,4.636,25.84,7.1,0.09,2.5,0.3298,1e-06,0.0,1e-06
2026-01-09 14:00:00,8,1,TK-05,1858.42,4.889,25.84,7.1,0.11,2.5,0.3298,1e-06,0.0,1e-06
2026-01-09 22:00:00,8,2,TK-01,1534.1,4.883,22.05,7.1,0.09,2.5,0.2754,2e-06,0.0,2e-06
2026-01-09 22:00:00,8,2,TK-02,1426.33,4.54,22.05,7.1,0.09,2.5,0.2754,2e-06,0.001766,0.001768
2026-01-09 22:00:00,8,2,TK-03,935.94,3.678,22.05,7.1,0.28,0.0,0.2754,0.000133,0.0,0.000133
2026-01-09 22:00:00,8,2,TK-04,1486.28,4.731,22.05,7.1,0.09,2.5,0.2754,2e-06,0.0,2e-06
2026-01-09 22:00:00,8,2,TK-05,1895.51,4.986,22.05,7.1,0.11,2.5,0.2754,3e-06,0.0,3e-06
2026-01-10 06:00:00,9,0,TK-01,1332.52,4.242,20.49,7.1,0.09,2.5,0.2554,2e-06,0.002438,0.00244
2026-01-10 06:00:00,9,0,TK-02,1470.71,4.681,20.49,7.1,0.09,2.5,0.2554,2e-06,0.0,2e-06
2026-01-10 06:00:00,9,0,TK-03,971.29,3.817,20.49,7.1,0.28,0.0,0.2554,0.000129,0.0,0.000129
2026-01-10 06:00:00,9,0,TK-04,1529.65,4.869,20.49,7.1,0.09,2.5,0.2554,3e-06,0.0,3e-06
2026-01-10 06:00:00,9,0,TK-05,1949.54,5.129,20.49,7.1,0.11,2.5,0.2554,3e-06,0.0,3e-06
2026-01-10 14:00:00,9,1,TK-01,1394.92,4.44,27.41,7.1,0.09,2.5,0.355,0.0,0.0,0.0
2026-01-10 14:00:00,9,1,TK-02,1529.98,4.87,27.41,7.1,0.09,2.5,0.355,0.0,0.0,0.0
2026-01-10 14:00:00,9,1,TK-03,1018.52,4.003,27.41,7.1,0.28,0.0,0.355,0.00018,0.0,0.00018
2026-01-10 14:00:00,9,1,TK-04,1587.58,5.053,27.41,7.1,0.09,2.5,0.355,0.0,0.0,0.0
2026-01-10 14:00:00,9,1,TK-05,1799.04,4.733,27.41,7.1,0.11,2.5,0.355,0.0,0.003034,0.003034
2026-01-10 22:00:00,9,2,TK-01,1427.68,4.544,22.18,7.1,0.09,2.5,0.2771,2e-06,0.0,2e-06
2026-01-10 22:00:00,9,2,TK-02,1561.08,4.969,22.18,7.1,0.09,2.5,0.2771,2e-06,0.0,2e-06
2026-01-10 22:00:00,9,2,TK-03,1043.31,4.1,22.18,7.1,0.28,0.0,0.2771,0.000149,0.0,0.000149
2026-01-10 22:00:00,9,2,TK-04,1441.53,4.589,22.18,7.1,0.09,2.5,0.2771,2e-06,0.00189,0.001892
2026-01-10 22:00:00,9,2,TK-05,1839.64,4.839,22.18,7.1,0.11,2.5,0.2771,3e-06,0.0,3e-06
2026-01-11 06:00:00,10,0,TK-01,1474.94,4.695,20.56,7.1,0.09,2.5,0.2562,2e-06,0.0,2e-06
2026-01-11 06:00:00,10,0,TK-02,1406.46,4.477,20.56,7.1,0.09,2.5,0.2562,2e-06,0.001997,0.002
2026-01-11 06:00:00,10,0,TK-03,1079.08,4.241,20.56,7.1,0.28,0.0,0.2562,0.000144,0.0,0.000144
2026-01-11 06:00:00,10,0,TK-04,1488.55,4.738,20.56,7.1,0.09,2.5,0.2562,3e-06,0.0,3e-06
2026-01-11 06:00:00,10,0,TK-05,1898.21,4.994,20.56,7.1,0.11,2.5,0.2562,3e-06,0.0,3e-06
2026-01-11 14:00:00,10,1,TK-01,1520.86,4.841,27.66,7.1,0.09,2.5,0.3591,0.0,0.0,0.0
2026-01-11 14:00:00,10,1,TK-02,1453.58,4.627,27.66,7.1,0.09,2.5,0.3591,0.0,0.0,0.0
2026-01-11 14:00:00,10,1,TK-03,1113.83,4.377,27.66,7.1,0.28,0.0,0.3591,0.000198,0.0,0.000198
2026-01-11 14:00:00,10,1,TK-04,1534.23,4.884,27.66,7.1,0.09,2.5,0.3591,0.0,0.0,0.0
2026-01-11 14:00:00,10,1,TK-05,1673.81,4.403,27.66,7.1,0.11,2.5,0.3591,0.0,0.003858,0.003858
2026-01-11 22:00:00,10,2,TK-01,1553.18,4.944,21.8,7.1,0.09,2.5,0.2722,2e-06,0.0,2e-06
2026-01-11 22:00:00,10,2,TK-02,1486.75,4.732,21.8,7.1,0.09,2.5,0.2722,2e-06,0.0,2e-06
2026-01-11 22:00:00,10,2,TK-03,1138.29,4.473,21.8,7.1,0.28,0.0,0.2722,0.000159,0.0,0.000159
2026-01-11 22:00:00,10,2,TK-04,1442.58,4.592,21.8,7.1,0.09,2.5,0.2722,2e-06,0.001306,0.001308
2026-01-11 22:00:00,10,2,TK-05,1717.43,4.518,21.8,7.1,0.11,2.5,0.2722,2e-06,0.0,2e-06
2026-01-12 06:00:00,11,0,TK-01,1417.1,4.511,19.74,7.1,0.09,2.5,0.2462,3e-06,0.001771,0.001774
2026-01-12 06:00:00,11,0,TK-02,1535.23,4.887,19.74,7.1,0.09,2.5,0.2462,3e-06,0.0,3e-06
2026-01-12 06:00:00,11,0,TK-03,1174.04,4.614,19.74,7.1,0.28,0.0,0.2462,0.000151,0.0,0.000151
2026-01-12 06:00:00,11,0,TK-04,1491.88,4.749,19.74,7.1,0.09,2.5,0.2462,3e-06,0.0,3e-06
2026-01-12 06:00:00,11,0,TK-05,1781.15,4.686,19.74,7.1,0.11,2.5,0.2462,3e-06,0.0,3e-06
2026-01-12 14:00:00,11,1,TK-01,1480.42,4.712,25.41,7.1,0.09,2.5,0.3232,1e-06,0.0,1e-06
2026-01-12 14:00:00,11,1,TK-02,1595.74,5.079,25.41,7.1,0.09,2.5,0.3232,1e-06,0.0,1e-06
2026-01-12 14:00:00,11,1,TK-03,926.95,3.643,25.41,7.1,0.28,0.0,0.3232,0.000152,0.003645,0.003797
2026-01-12 14:00:00,11,1,TK-04,1553.41,4.945,25.41,7.1,0.09,2.5,0.3232,1e-06,0.0,1e-06
2026-01-12 14:00:00,11,1,TK-05,1860.69,4.895,25.41,7.1,0.11,2.5,0.3232,1e-06,0.0,1e-06
2026-01-12 22:00:00,11,2,TK-01,1509.31,4.804,23.3,7.1,0.09,2.5,0.2925,2e-06,0.0,2e-06
2026-01-12 22:00:00,11,2,TK-02,1440.19,4.584,23.3,7.1,0.09,2.5,0.2925,2e-06,0.00206,0.002062
2026-01-12 22:00:00,11,2,TK-03,950.55,3.735,23.3,7.1,0.28,0.0,0.2925,0.000142,0.0,0.000142
2026-01-12 22:00:00,11,2,TK-04,1581.5,5.034,23.3,7.1,0.09,2.5,0.2925,2e-06,0.0,2e-06
2026-01-12 22:00:00,11,2,TK-05,1896.99,4.99,23.3,7.1,0.11,2.5,0.2925,2e-06,0.0,2e-06
2026-01-13 06:00:00,12,0,TK-01,1552.68,4.942,20.79,7.1,0.09,2.5,0.2591,3e-06,0.0,3e-06
2026-01-13 06:00:00,12,0,TK-02,1484.72,4.726,20.79,7.1,0.09,2.5,0.2591,2e-06,0.0,2e-06
2026-01-13 06:00:00,12,0,TK-03,985.97,3.875,20.79,7.1,0.28,0.0,0.2591,0.000133,0.0,0.000133
2026-01-13 06:00:00,12,0,TK-04,1377.74,4.385,20.79,7.1,0.09,2.5,0.2591,2e-06,0.002488,0.00249
2026-01-13 06:00:00,12,0,TK-05,1951.47,5.134,20.79,7.1,0.11,2.5,0.2591,3e-06,0.0,3e-06
2026-01-13 14:00:00,12,1,TK-01,1311.46,4.175,25.45,7.1,0.09,2.5,0.3239,1e-06,0.003728,0.003729
2026-01-13 14:00:00,12,1,TK-02,1542.94,4.911,25.45,7.1,0.09,2.5,0.3239,1e-06,0.0,1e-06
2026-01-13 14:00:00,12,1,TK-03,1032.28,4.057,25.45,7.1,0.28,0.0,0.3239,0.000169,0.0,0.000169
2026-01-13 14:00:00,12,1,TK-04,1438.36,4.578,25.45,7.1,0.09,2.5,0.3239,1e-06,0.0,1e-06
2026-01-13 14:00:00,12,1,TK-05,2022.7,5.321,25.45,7.1,0.11,2.5,0.3239,1e-06,0.0,1e-06
2026-01-13 22:00:00,12,2,TK-01,1346.7,4.287,21.01,7.1,0.09,2.5,0.262,2e-06,0.0,2e-06
2026-01-13 22:00:00,12,2,TK-02,1575.24,5.014,21.01,7.1,0.09,2.5,0.262,3e-06,0.0,3e-06
2026-01-13 22:00:00,12,2,TK-03,1057.97,4.158,21.01,7.1,0.28,0.0,0.262,0.000144,0.0,0.000144
2026-01-13 22:00:00,12,2,TK-04,1471.98,4.685,21.01,7.1,0.09,2.5,0.262,2e-06,0.0,2e-06
2026-01-13 22:00:00,12,2,TK-05,1911.83,5.029,21.01,7.1,0.11,2.5,0.262,3e-06,0.001531,0.001534
2026-01-14 06:00:00,13,0,TK-01,1397.3,4.448,18.81,7.1,0.09,2.5,0.2353,3e-06,0.0,3e-06
2026-01-14 06:00:00,13,0,TK-02,1332.51,4.242,18.81,7.1,0.09,2.5,0.2353,3e-06,0.002678,0.00268
2026-01-14 06:00:00,13,0,TK-03,1094.86,4.303,18.81,7.1,0.28,0.0,0.2353,0.000135,0.0,0.000135
2026-01-14 06:00:00,13,0,TK-04,1520.27,4.839,18.81,7.1,0.09,2.5,0.2353,3e-06,0.0,3e-06
2026-01-14 06:00:00,13,0,TK-05,1971.36,5.186,18.81,7.1,0.11,2.5,0.2353,4e-06,0.0,4e-06
2026-01-14 14:00:00,13,1,TK-01,1457.36,4.639,27.47,7.1,0.09,2.5,0.356,0.0,0.0,0.0
2026-01-14 14:00:00,13,1,TK-02,1394.01,4.437,27.47,7.1,0.09,2.5,0.356,0.0,0.0,0.0
2026-01-14 14:00:00,13,1,TK-03,1138.64,4.475,27.47,7.1,0.28,0.0,0.356,0.000201,0.0,0.000201
2026-01-14 14:00:00,13,1,TK-04,1577.57,5.022,27.47,7.1,0.09,2.5,0.356,0.0,0.0,0.0
2026-01-14 14:00:00,13,1,TK-05,1725.32,4.539,27.47,7.1,0.11,2.5,0.356,0.0,0.004325,0.004326
2026-01-14 22:00:00,13,2,TK-01,1489.1,4.74,20.62,7.1,0.09,2.5,0.257,2e-06,0.0,2e-06
2026-01-14 22:00:00,13,2,TK-02,1426.52,4.541,20.62,7.1,0.09,2.5,0.257,2e-06,0.0,2e-06
2026-01-14 22:00:00,13,2,TK-03,1161.79,4.566,20.62,7.1,0.28,0.0,0.257,0.000155,0.0,0.000155
2026-01-14 22:00:00,13,2,TK-04,1442.22,4.591,20.62,7.1,0.09,2.5,0.257,2e-06,0.001654,0.001656
2026-01-14 22:00:00,13,2,TK-05,1766.5,4.647,20.62,7.1,0.11,2.5,0.257,3e-06,0.0,3e-06
2026-01-15 06:00:00,14,0,TK-01,1536.03,4.889,20.57,7.1,0.09,2.5,0.2564,3e-06,0.0,3e-06
2026-01-15 06:00:00,14,0,TK-02,1474.59,4.694,20.57,7.1,0.09,2.5,0.2564,2e-06,0.0,2e-06
2026-01-15 06:00:00,14,0,TK-03,993.03,3.902,20.57,7.1,0.28,0.0,0.2564,0.000133,0.002032,0.002165
2026-01-15 06:00:00,14,0,TK-04,1490.01,4.743,20.57,7.1,0.09,2.5,0.2564,3e-06,0.0,3e-06
2026-01-15 06:00:00,14,0,TK-05,1827.36,4.807,20.57,7.1,0.11,2.5,0.2564,3e-06,0.0,3e-06
2026-01-15 14:00:00,14,1,TK-01,1289.8,4.106,26.58,7.1,0.09,2.5,0.3416,1e-06,0.004104,0.004105
2026-01-15 14:00:00,14,1,TK-02,1541.23,4.906,26.58,7.1,0.09,2.5,0.3416,1e-06,0.0,1e-06
2026-01-15 14:00:00,14,1,TK-03,1045.65,4.109,26.58,7.1,0.28,0.0,0.3416,0.000179,0.0,0.000179
2026-01-15 14:00:00,14,1,TK-04,1556.25,4.954,26.58,7.1,0.09,2.5,0.3416,1e-06,0.0,1e-06
2026-01-15 14:00:00,14,1,TK-05,1911.74,5.029,26.58,7.1,0.11,2.5,0.3416,1e-06,0.0,1e-06
2026-01-15 22:00:00,14,2,TK-01,1326.11,4.221,22.44,7.1,0.09,2.5,0.2806,2e-06,0.0,2e-06
2026-01-15 22:00:00,14,2,TK-02,1574.27,5.011,22.44,7.1,0.09,2.5,0.2806,2e-06,0.0,2e-06
2026-01-15 22:00:00,14,2,TK-03,1071.74,4.212,22.44,7.1,0.28,0.0,0.2806,0.000154,0.0,0.000154
2026-01-15 22:00:00,14,2,TK-04,1428.52,4.547,22.44,7.1,0.09,2.5,0.2806,2e-06,0.001741,0.001743
2026-01-15 22:00:00,14,2,TK-05,1953.59,5.139,22.44,7.1,0.11,2.5,0.2806,3e-06,0.0,3e-06
2026-01-16 06:00:00,15,0,TK-01,1376.88,4.383,20.29,7.1,0.09,2.5,0.253,2e-06,0.0,2e-06
2026-01-16 06:00:00,15,0,TK-02,1398.01,4.45,20.29,7.1,0.09,2.5,0.253,2e-06,0.002203,0.002206
2026-01-16 06:00:00,15,0,TK-03,1108.22,4.355,20.29,7.1,0.28,0.0,0.253,0.000146,0.0,0.000146
2026-01-16 06:00:00,15,0,TK-04,1477.41,4.703,20.29,7.1,0.09,2.5,0.253,3e-06,0.0,3e-06
2026-01-16 06:00:00,15,0,TK-05,2012.09,5.293,20.29,7.1,0.11,2.5,0.253,3e-06,0.0,3e-06
2026-01-16 14:00:00,15,1,TK-01,1430.64,4.554,25.18,7.1,0.09,2.5,0.3198,1e-06,0.0,1e-06
2026-01-16 14:00:00,15,1,TK-02,1451.36,4.62,25.18,7.1,0.09,2.5,0.3198,1e-06,0.0,1e-06
2026-01-16 14:00:00,15,1,TK-03,1146.86,4.507,25.18,7.1,0.28,0.0,0.3198,0.000185,0.0,0.000185
2026-01-16 14:00:00,15,1,TK-04,1529.18,4.868,25.18,7.1,0.09,2.5,0.3198,1e-06,0.0,1e-06
2026-01-16 14:00:00,15,1,TK-05,1742.65,4.584,25.18,7.1,0.11,2.5,0.3198,1e-06,0.004086,0.004088
2026-01-16 22:00:00,15,2,TK-01,1465.94,4.666,20.94,7.1,0.09,2.5,0.261,2e-06,0.0,2e-06
2026-01-16 22:00:00,15,2,TK-02,1486.38,4.731,20.94,7.1,0.09,2.5,0.261,2e-06,0.0,2e-06
2026-01-16 22:00:00,15,2,TK-03,1043.28,4.1,20.94,7.1,0.28,0.0,0.261,0.000141,0.001306,0.001448
2026-01-16 22:00:00,15,2,TK-04,1563.17,4.976,20.94,7.1,0.09,2.5,0.261,3e-06,0.0,3e-06
2026-01-16 22:00:00,15,2,TK-05,1787.73,4.703,20.94,7.1,0.11,2.5,0.261,3e-06,0.0,3e-06
2026-01-17 06:00:00,16,0,TK-01,1518.45,4.833,19.14,7.1,0.09,2.5,0.2391,3e-06,0.0,3e-06
2026-01-17 06:00:00,16,0,TK-02,1538.49,4.897,19.14,7.1,0.09,2.5,0.2391,3e-06,0.0,3e-06
2026-01-17 06:00:00,16,0,TK-03,1083.61,4.258,19.14,7.1,0.28,0.0,0.2391,0.000136,0.0,0.000136
2026-01-17 06:00:00,16,0,TK-04,1393.26,4.435,19.14,7.1,0.09,2.5,0.2391,3e-06,0.002075,0.002078
2026-01-17 06:00:00,16,0,TK-05,1854.81,4.879,19.14,7.1,0.11,2.5,0.2391,4e-06,0.0,4e-06
2026-01-17 14:00:00,16,1,TK-01,1575.65,5.015,27.44,7.1,0.09,2.5,0.3555,0.0,0.0,0.0
2026-01-17 14:00:00,16,1,TK-02,1380.5,4.394,27.44,7.1,0.09,2.5,0.3555,0.0,0.002929,0.002929
2026-01-17 14:00:00,16,1,TK-03,1127.52,4.431,27.44,7.1,0.28,0.0,0.3555,0.000199,0.0,0.000199
2026-01-17 14:00:00,16,1,TK-04,1453.25,4.626,27.44,7.1,0.09,2.5,0.3555,0.0,0.0,0.0
2026-01-17 14:00:00,16,1,TK-05,1927.86,5.072,27.44,7.1,0.11,2.5,0.3555,0.0,0.0,0.0
2026-01-17 22:00:00,16,2,TK-01,1437.82,4.577,22.67,7.1,0.09,2.5,0.2837,2e-06,0.00183,0.001832
2026-01-17 22:00:00,16,2,TK-02,1412.19,4.495,22.67,7.1,0.09,2.5,0.2837,2e-06,0.0,2e-06
2026-01-17 22:00:00,16,2,TK-03,1150.1,4.52,22.67,7.1,0.28,0.0,0.2837,0.000167,0.0,0.000167
2026-01-17 22:00:00,16,2,TK-04,1484.09,4.724,22.67,7.1,0.09,2.5,0.2837,2e-06,0.0,2e-06
2026-01-17 22:00:00,16,2,TK-05,1965.42,5.17,22.67,7.1,0.11,2.5,0.2837,2e-06,0.0,2e-06
2026-01-18 06:00:00,17,0,TK-01,1482.59,4.719,21.11,7.1,0.09,2.5,0.2632,2e-06,0.0,2e-06
2026-01-18 06:00:00,17,0,TK-02,1457.4,4.639,21.11,7.1,0.09,2.5,0.2632,2e-06,0.0,2e-06
2026-01-18 06:00:00,17,0,TK-03,1182.31,4.646,21.11,7.1,0.28,0.0,0.2632,0.000161,0.0,0.000161
2026-01-18 06:00:00,17,0,TK-04,1528.08,4.864,21.11,7.1,0.09,2.5,0.2632,2e-06,0.0,2e-06
2026-01-18 06:00:00,17,0,TK-05,1760.0,4.63,21.11,7.1,0.11,2.5,0.2632,3e-06,0.002656,0.002659
2026-01-18 14:00:00,17,1,TK-01,1538.99,4.899,26.68,7.1,0.09,2.5,0.3432,1e-06,0.0,1e-06
2026-01-18 14:00:00,17,1,TK-02,1514.34,4.82,26.68,7.1,0.09,2.5,0.3432,1e-06,0.0,1e-06
2026-01-18 14:00:00,17,1,TK-03,980.85,3.854,26.68,7.1,0.28,0.0,0.3432,0.000169,0.003188,0.003357
2026-01-18 14:00:00,17,1,TK-04,1583.49,5.04,26.68,7.1,0.09,2.5,0.3432,1e-06,0.0,1e-06
2026-01-18 14:00:00,17,1,TK-05,1833.11,4.822,26.68,7.1,0.11,2.5,0.3432,1e-06,0.0,1e-06
2026-01-18 22:00:00,17,2,TK-01,1568.63,4.993,21.75,7.1,0.09,2.5,0.2714,2e-06,0.0,2e-06
2026-01-18 22:00:00,17,2,TK-02,1544.27,4.916,21.75,7.1,0.09,2.5,0.2714,2e-06,0.0,2e-06
2026-01-18 22:00:00,17,2,TK-03,1004.99,3.949,21.75,7.1,0.28,0.0,0.2714,0.000141,0.0,0.000141
2026-01-18 22:00:00,17,2,TK-04,1445.64,4.602,21.75,7.1,0.09,2.5,0.2714,2e-06,0.001753,0.001755
2026-01-18 22:00:00,17,2,TK-05,1871.52,4.923,21.75,7.1,0.11,2.5,0.2714,3e-06,0.0,3e-06
2026-01-19 06:00:00,18,0,TK-01,1409.81,4.488,20.23,7.1,0.09,2.5,0.2521,2e-06,0.001956,0.001958
2026-01-19 06:00:00,18,0,TK-02,1584.48,5.044,20.23,7.1,0.09,2.5,0.2521,3e-06,0.0,3e-06
2026-01-19 06:00:00,18,0,TK-03,1037.42,4.077,20.23,7.1,0.28,0.0,0.2521,0.000136,0.0,0.000136
2026-01-19 06:00:00,18,0,TK-04,1487.42,4.735,20.23,7.1,0.09,2.5,0.2521,3e-06,0.0,3e-06
2026-01-19 06:00:00,18,0,TK-05,1923.14,5.059,20.23,7.1,0.11,2.5,0.2521,3e-06,0.0,3e-06
2026-01-19 14:00:00,18,1,TK-01,1475.19,4.696,26.6,7.1,0.09,2.5,0.3419,1e-06,0.0,1e-06
2026-01-19 14:00:00,18,1,TK-02,1387.37,4.416,26.6,7.1,0.09,2.5,0.3419,1e-06,0.003406,0.003406
2026-01-19 14:00:00,18,1,TK-03,1086.71,4.27,26.6,7.1,0.28,0.0,0.3419,0.000186,0.0,0.000186
2026-01-19 14:00:00,18,1,TK-04,1550.89,4.937,26.6,7.1,0.09,2.5,0.3419,1e-06,0.0,1e-06
2026-01-19 14:00:00,18,1,TK-05,2001.58,5.265,26.6,7.1,0.11,2.5,0.3419,1e-06,0.0,1e-06
2026-01-19 22:00:00,18,2,TK-01,1505.61,4.793,21.14,7.1,0.09,2.5,0.2636,2e-06,0.0,2e-06
2026-01-19 22:00:00,18,2,TK-02,1418.82,4.516,21.14,7.1,0.09,2.5,0.2636,2e-06,0.0,2e-06
2026-01-19 22:00:00,18,2,TK-03,1109.65,4.361,21.14,7.1,0.28,0.0,0.2636,0.000151,0.0,0.000151
2026-01-19 22:00:00,18,2,TK-04,1580.43,5.031,21.14,7.1,0.09,2.5,0.2636,2e-06,0.0,2e-06
2026-01-19 22:00:00,18,2,TK-05,1881.58,4.95,21.14,7.1,0.11,2.5,0.2636,3e-06,0.001598,0.001601
2026-01-20 06:00:00,19,0,TK-01,1556.86,4.956,20.16,7.1,0.09,2.5,0.2513,3e-06,0.0,3e-06
2026-01-20 06:00:00,19,0,TK-02,1471.8,4.685,20.16,7.1,0.09,2.5,0.2513,3e-06,0.0,3e-06
2026-01-20 06:00:00,19,0,TK-03,1148.29,4.512,20.16,7.1,0.28,0.0,0.2513,0.00015,0.0,0.00015
2026-01-20 06:00:00,19,0,TK-04,1424.93,4.536,20.16,7.1,0.09,2.5,0.2513,3e-06,0.002022,0.002025
2026-01-20 06:00:00,19,0,TK-05,1946.19,5.12,20.16,7.1,0.11,2.5,0.2513,3e-06,0.0,3e-06
2026-01-20 14:00:00,19,1,TK-01,1392.36,4.432,24.55,7.1,0.09,2.5,0.3104,1e-06,0.002781,0.002783
2026-01-20 14:00:00,19,1,TK-02,1539.92,4.902,24.55,7.1,0.09,2.5,0.3104,1e-06,0.0,1e-06
2026-01-20 14:00:00,19,1,TK-03,1197.98,4.708,24.55,7.1,0.28,0.0,0.3104,0.000188,0.0,0.000188
2026-01-20 14:00:00,19,1,TK-04,1494.27,4.756,24.55,7.1,0.09,2.5,0.3104,1e-06,0.0,1e-06
2026-01-20 14:00:00,19,1,TK-05,2029.27,5.338,24.55,7.1,0.11,2.5,0.3104,2e-06,0.0,2e-06
2026-01-20 22:00:00,19,2,TK-01,1422.2,4.527,21.86,7.1,0.09,2.5,0.2729,2e-06,0.0,2e-06
2026-01-20 22:00:00,19,2,TK-02,1568.13,4.992,21.86,7.1,0.09,2.5,0.2729,2e-06,0.0,2e-06
2026-01-20 22:00:00,19,2,TK-03,1042.98,4.099,21.86,7.1,0.28,0.0,0.2729,0.000147,0.001849,0.001996
2026-01-20 22:00:00,19,2,TK-04,1522.99,4.848,21.86,7.1,0.09,2.5,0.2729,2e-06,0.0,2e-06
2026-01-20 22:00:00,19,2,TK-05,2063.67,5.429,21.86,7.1,0.11,2.5,0.2729,3e-06,0.0,3e-06
2026-01-21 06:00:00,20,0,TK-01,1468.01,4.673,19.02,7.1,0.09,2.5,0.2376,3e-06,0.0,3e-06
2026-01-21 06:00:00,20,0,TK-02,1611.43,5.129,19.02,7.1,0.09,2.5,0.2376,3e-06,0.0,3e-06
2026-01-21 06:00:00,20,0,TK-03,1077.58,4.235,19.02,7.1,0.28,0.0,0.2376,0.000134,0.0,0.000134
2026-01-21 06:00:00,20,0,TK-04,1567.06,4.988,19.02,7.1,0.09,2.5,0.2376,3e-06,0.0,3e-06
2026-01-21 06:00:00,20,0,TK-05,1889.0,4.969,19.02,7.1,0.11,2.5,0.2376,4e-06,0.002122,0.002126
2026-01-21 14:00:00,20,1,TK-01,1529.18,4.868,26.9,7.1,0.09,2.5,0.3467,0.0,0.0,0.0
2026-01-21 14:00:00,20,1,TK-02,1313.08,4.18,26.9,7.1,0.09,2.5,0.3467,0.0,0.004755,0.004755
2026-01-21 14:00:00,20,1,TK-03,1123.78,4.416,26.9,7.1,0.28,0.0,0.3467,0.000194,0.0,0.000194
2026-01-21 14:00:00,20,1,TK-04,1625.91,5.175,26.9,7.1,0.09,2.5,0.3467,1e-06,0.0,1e-06
2026-01-21 14:00:00,20,1,TK-05,1964.83,5.169,26.9,7.1,0.11,2.5,0.3467,1e-06,0.0,1e-06
2026-01-21 22:00:00,20,2,TK-01,1558.85,4.962,21.36,7.1,0.09,2.5,0.2664,2e-06,0.0,2e-06
2026-01-21 22:00:00,20,2,TK-02,1345.27,4.282,21.36,7.1,0.09,2.5,0.2664,2e-06,0.0,2e-06
2026-01-21 22:00:00,20,2,TK-03,1146.2,4.504,21.36,7.1,0.28,0.0,0.2664,0.000158,0.0,0.000158
2026-01-21 22:00:00,20,2,TK-04,1480.73,4.713,21.36,7.1,0.09,2.5,0.2664,2e-06,0.001792,0.001794
2026-01-21 22:00:00,20,2,TK-05,2001.61,5.266,21.36,7.1,0.11,2.5,0.2664,3e-06,0.0,3e-06
2026-01-22 06:00:00,21,0,TK-01,1610.28,5.126,20.58,7.1,0.09,2.5,0.2565,3e-06,0.0,3e-06
2026-01-22 06:00:00,21,0,TK-02,1401.05,4.46,20.58,7.1,0.09,2.5,0.2565,2e-06,0.0,2e-06
2026-01-22 06:00:00,21,0,TK-03,1185.04,4.657,20.58,7.1,0.28,0.0,0.2565,0.000157,0.0,0.000157
2026-01-22 06:00:00,21,0,TK-04,1533.75,4.882,20.58,7.1,0.09,2.5,0.2565,3e-06,0.0,3e-06
2026-01-22 06:00:00,21,0,TK-05,1874.98,4.932,20.58,7.1,0.11,2.5,0.2565,3e-06,0.001914,0.001917
2026-01-22 14:00:00,21,1,TK-01,1381.58,4.398,27.58,7.1,0.09,2.5,0.3578,0.0,0.003897,0.003897
2026-01-22 14:00:00,21,1,TK-02,1460.92,4.65,27.58,7.1,0.09,2.5,0.3578,0.0,0.0,0.0
2026-01-22 14:00:00,21,1,TK-03,1226.74,4.821,27.58,7.1,0.28,0.0,0.3578,0.000217,0.0,0.000217
2026-01-22 14:00:00,21,1,TK-04,1590.66,5.063,27.58,7.1,0.09,2.5,0.3578,0.0,0.0,0.0
2026-01-22 14:00:00,21,1,TK-05,1947.66,5.124,27.58,7.1,0.11,2.5,0.3578,0.0,0.0,0.0
2026-01-22 22:00:00,21,2,TK-01,1416.69,4.509,21.96,7.1,0.09,2.5,0.2742,2e-06,0.0,2e-06
2026-01-22 22:00:00,21,2,TK-02,1494.99,4.759,21.96,7.1,0.09,2.5,0.2742,2e-06,0.0,2e-06
2026-01-22 22:00:00,21,2,TK-03,1039.86,4.086,21.96,7.1,0.28,0.0,0.2742,0.000147,0.002234,0.00238
2026-01-22 22:00:00,21,2,TK-04,1623.05,5.166,21.96,7.1,0.09,2.5,0.2742,2e-06,0.0,2e-06
2026-01-22 22:00:00,21,2,TK-05,1989.01,5.232,21.96,7.1,0.11,2.5,0.2742,3e-06,0.0,3e-06
2026-01-23 06:00:00,22,0,TK-01,1475.96,4.698,20.72,7.1,0.09,2.5,0.2582,2e-06,0.0,2e-06
2026-01-23 06:00:00,22,0,TK-02,1552.52,4.942,20.72,7.1,0.09,2.5,0.2582,3e-06,0.0,3e-06
2026-01-23 06:00:00,22,0,TK-03,1084.61,4.262,20.72,7.1,0.28,0.0,0.2582,0.000145,0.0,0.000145
2026-01-23 06:00:00,22,0,TK-04,1490.82,4.745,20.72,7.1,0.09,2.5,0.2582,2e-06,0.001894,0.001896
2026-01-23 06:00:00,22,0,TK-05,2058.84,5.416,20.72,7.1,0.11,2.5,0.2582,3e-06,0.0,3e-06
2026-01-23 14:00:00,22,1,TK-01,1535.67,4.888,27.08,7.1,0.09,2.5,0.3495,0.0,0.0,0.0
2026-01-23 14:00:00,22,1,TK-02,1610.48,5.126,27.08,7.1,0.09,2.5,0.3495,0.0,0.0,0.0
2026-01-23 14:00:00,22,1,TK-03,1129.69,4.439,27.08,7.1,0.28,0.0,0.3495,0.000196,0.0,0.000196
2026-01-23 14:00:00,22,1,TK-04,1550.2,4.934,27.08,7.1,0.09,2.5,0.3495,0.0,0.0,0.0
2026-01-23 14:00:00,22,1,TK-05,1838.79,4.837,27.08,7.1,0.11,2.5,0.3495,0.0,0.003901,0.003902
2026-01-23 22:00:00,22,2,TK-01,1571.58,5.002,22.52,7.1,0.09,2.5,0.2817,2e-06,0.0,2e-06
2026-01-23 22:00:00,22,2,TK-02,1494.36,4.757,22.52,7.1,0.09,2.5,0.2817,2e-06,0.001646,0.001648
2026-01-23 22:00:00,22,2,TK-03,1156.8,4.546,22.52,7.1,0.28,0.0,0.2817,0.000167,0.0,0.000167
2026-01-23 22:00:00,22,2,TK-04,1585.9,5.048,22.52,7.1,0.09,2.5,0.2817,2e-06,0.0,2e-06
2026-01-23 22:00:00,22,2,TK-05,1885.2,4.959,22.52,7.1,0.11,2.5,0.2817,2e-06,0.0,2e-06
2026-01-24 06:00:00,23,0,TK-01,1620.21,5.157,19.81,7.1,0.09,2.5,0.247,3e-06,0.0,3e-06
2026-01-24 06:00:00,23,0,TK-02,1544.48,4.916,19.81,7.1,0.09,2.5,0.247,3e-06,0.0,3e-06
2026-01-24 06:00:00,23,0,TK-03,1193.51,4.69,19.81,7.1,0.28,0.0,0.247,0.000154,0.0,0.000154
2026-01-24 06:00:00,23,0,TK-04,1405.9,4.475,19.81,7.1,0.09,2.5,0.247,3e-06,0.002214,0.002217
2026-01-24 06:00:00,23,0,TK-05,1948.03,5.125,19.81,7.1,0.11,2.5,0.247,4e-06,0.0,4e-06
2026-01-24 14:00:00,23,1,TK-01,1404.2,4.47,25.58,7.1,0.09,2.5,0.3259,1e-06,0.003328,0.003329
2026-01-24 14:00:00,23,1,TK-02,1594.9,5.077,25.58,7.1,0.09,2.5,0.3259,1e-06,0.0,1e-06
2026-01-24 14:00:00,23,1,TK-03,1230.45,4.835,25.58,7.1,0.28,0.0,0.3259,0.000201,0.0,0.000201
2026-01-24 14:00:00,23,1,TK-04,1459.08,4.644,25.58,7.1,0.09,2.5,0.3259,1e-06,0.0,1e-06
2026-01-24 14:00:00,23,1,TK-05,2011.25,5.291,25.58,7.1,0.11,2.5,0.3259,1e-06,0.0,1e-06
2026-01-24 22:00:00,23,2,TK-01,1442.22,4.591,22.44,7.1,0.09,2.5,0.2806,2e-06,0.0,2e-06
2026-01-24 22:00:00,23,2,TK-02,1630.21,5.189,22.44,7.1,0.09,2.5,0.2806,2e-06,0.0,2e-06
2026-01-24 22:00:00,23,2,TK-03,1102.55,4.333,22.44,7.1,0.28,0.0,0.2806,0.000159,0.001669,0.001828
2026-01-24 22:00:00,23,2,TK-04,1496.32,4.763,22.44,7.1,0.09,2.5,0.2806,2e-06,0.0,2e-06
2026-01-24 22:00:00,23,2,TK-05,2055.52,5.407,22.44,7.1,0.11,2.5,0.2806,3e-06,0.0,3e-06
2026-01-25 06:00:00,24,0,TK-01,1494.48,4.757,21.0,7.1,0.09,2.5,0.2619,2e-06,0.0,2e-06
2026-01-25 06:00:00,24,0,TK-02,1454.94,4.631,21.0,7.1,0.09,2.5,0.2619,2e-06,0.002294,0.002296
2026-01-25 06:00:00,24,0,TK-03,1141.15,4.484,21.0,7.1,0.28,0.0,0.2619,0.000155,0.0,0.000155
2026-01-25 06:00:00,24,0,TK-04,1547.51,4.926,21.0,7.1,0.09,2.5,0.2619,2e-06,0.0,2e-06
2026-01-25 06:00:00,24,0,TK-05,2116.37,5.567,21.0,7.1,0.11,2.5,0.2619,3e-06,0.0,3e-06
2026-01-25 14:00:00,24,1,TK-01,1549.92,4.934,25.71,7.1,0.09,2.5,0.3279,1e-06,0.0,1e-06
2026-01-25 14:00:00,24,1,TK-02,1511.23,4.81,25.71,7.1,0.09,2.5,0.3279,1e-06,0.0,1e-06
2026-01-25 14:00:00,24,1,TK-03,1182.09,4.645,25.71,7.1,0.28,0.0,0.3279,0.000194,0.0,0.000194
2026-01-25 14:00:00,24,1,TK-04,1601.82,5.099,25.71,7.1,0.09,2.5,0.3279,1e-06,0.0,1e-06
2026-01-25 14:00:00,24,1,TK-05,1912.4,5.031,25.71,7.1,0.11,2.5,0.3279,1e-06,0.003396,0.003397
2026-01-25 22:00:00,24,2,TK-01,1578.16,5.023,22.06,7.1,0.09,2.5,0.2756,2e-06,0.0,2e-06
2026-01-25 22:00:00,24,2,TK-02,1539.89,4.902,22.06,7.1,0.09,2.5,0.2756,2e-06,0.0,2e-06
2026-01-25 22:00:00,24,2,TK-03,1202.95,4.727,22.06,7.1,0.28,0.0,0.2756,0.00017,0.0,0.00017
2026-01-25 22:00:00,24,2,TK-04,1448.1,4.609,22.06,7.1,0.09,2.5,0.2756,2e-06,0.00193,0.001932
2026-01-25 22:00:00,24,2,TK-05,1948.28,5.125,22.06,7.1,0.11,2.5,0.2756,3e-06,0.0,3e-06
2026-01-26 06:00:00,25,0,TK-01,1625.5,5.174,21.42,7.1,0.09,2.5,0.2672,2e-06,0.0,2e-06
2026-01-26 06:00:00,25,0,TK-02,1587.96,5.055,21.42,7.1,0.09,2.5,0.2672,2e-06,0.0,2e-06
2026-01-26 06:00:00,25,0,TK-03,991.6,3.897,21.42,7.1,0.28,0.0,0.2672,0.000137,0.002569,0.002706
2026-01-26 06:00:00,25,0,TK-04,1497.9,4.768,21.42,7.1,0.09,2.5,0.2672,2e-06,0.0,2e-06
2026-01-26 06:00:00,25,0,TK-05,2008.42,5.283,21.42,7.1,0.11,2.5,0.2672,3e-06,0.0,3e-06
2026-01-26 14:00:00,25,1,TK-01,1420.79,4.523,27.63,7.1,0.09,2.5,0.3586,0.0,0.003484,0.003484
2026-01-26 14:00:00,25,1,TK-02,1637.75,5.213,27.63,7.1,0.09,2.5,0.3586,0.0,0.0,0.0
2026-01-26 14:00:00,25,1,TK-03,1032.73,4.058,27.63,7.1,0.28,0.0,0.3586,0.000184,0.0,0.000184
2026-01-26 14:00:00,25,1,TK-04,1549.48,4.932,27.63,7.1,0.09,2.5,0.3586,0.0,0.0,0.0
2026-01-26 14:00:00,25,1,TK-05,2070.72,5.447,27.63,7.1,0.11,2.5,0.3586,0.0,0.0,0.0
2026-01-26 22:00:00,25,2,TK-01,1446.59,4.605,23.58,7.1,0.09,2.5,0.2964,2e-06,0.0,2e-06
2026-01-26 22:00:00,25,2,TK-02,1470.79,4.682,23.58,7.1,0.09,2.5,0.2964,2e-06,0.00217,0.002171
2026-01-26 22:00:00,25,2,TK-03,1052.3,4.135,23.58,7.1,0.28,0.0,0.2964,0.000159,0.0,0.000159
2026-01-26 22:00:00,25,2,TK-04,1574.03,5.01,23.58,7.1,0.09,2.5,0.2964,2e-06,0.0,2e-06
2026-01-26 22:00:00,25,2,TK-05,2100.37,5.525,23.58,7.1,0.11,2.5,0.2964,2e-06,0.0,2e-06
2026-01-27 06:00:00,26,0,TK-01,1488.66,4.739,20.56,7.1,0.09,2.5,0.2563,3e-06,0.0,3e-06
2026-01-27 06:00:00,26,0,TK-02,1512.47,4.814,20.56,7.1,0.09,2.5,0.2563,3e-06,0.0,3e-06
2026-01-27 06:00:00,26,0,TK-03,1084.23,4.261,20.56,7.1,0.28,0.0,0.2563,0.000145,0.0,0.000145
2026-01-27 06:00:00,26,0,TK-04,1614.06,5.138,20.56,7.1,0.09,2.5,0.2563,3e-06,0.0,3e-06
2026-01-27 06:00:00,26,0,TK-05,1934.59,5.089,20.56,7.1,0.11,2.5,0.2563,3e-06,0.002143,0.002147
2026-01-27 14:00:00,26,1,TK-01,1541.34,4.906,26.39,7.1,0.09,2.5,0.3384,1e-06,0.0,1e-06
2026-01-27 14:00:00,26,1,TK-02,1564.68,4.981,26.39,7.1,0.09,2.5,0.3384,1e-06,0.0,1e-06
2026-01-27 14:00:00,26,1,TK-03,1124.2,4.418,26.39,7.1,0.28,0.0,0.3384,0.00019,0.0,0.00019
2026-01-27 14:00:00,26,1,TK-04,1400.44,4.458,26.39,7.1,0.09,2.5,0.3384,1e-06,0.003431,0.003431
2026-01-27 14:00:00,26,1,TK-05,1999.49,5.26,26.39,7.1,0.11,2.5,0.3384,1e-06,0.0,1e-06
2026-01-27 22:00:00,26,2,TK-01,1578.81,5.026,22.83,7.1,0.09,2.5,0.2859,2e-06,0.0,2e-06
2026-01-27 22:00:00,26,2,TK-02,1601.8,5.099,22.83,7.1,0.09,2.5,0.2859,2e-06,0.0,2e-06
2026-01-27 22:00:00,26,2,TK-03,1152.64,4.53,22.83,7.1,0.28,0.0,0.2859,0.000169,0.0,0.000169
2026-01-27 22:00:00,26,2,TK-04,1439.99,4.584,22.83,7.1,0.09,2.5,0.2859,2e-06,0.0,2e-06
2026-01-27 22:00:00,26,2,TK-05,1849.96,4.867,22.83,7.1,0.11,2.5,0.2859,2e-06,0.002167,0.002169
2026-01-28 06:00:00,27,0,TK-01,1625.89,5.175,20.28,7.1,0.09,2.5,0.2528,3e-06,0.0,3e-06
2026-01-28 06:00:00,27,0,TK-02,1359.78,4.328,20.28,7.1,0.09,2.5,0.2528,2e-06,0.002857,0.00286
2026-01-28 06:00:00,27,0,TK-03,1188.36,4.67,20.28,7.1,0.28,0.0,0.2528,0.000156,0.0,0.000156
2026-01-28 06:00:00,27,0,TK-04,1489.67,4.742,20.28,7.1,0.09,2.5,0.2528,3e-06,0.0,3e-06
2026-01-28 06:00:00,27,0,TK-05,1911.63,5.029,20.28,7.1,0.11,2.5,0.2528,3e-06,0.0,3e-06
2026-01-28 14:00:00,27,1,TK-01,1404.57,4.471,26.72,7.1,0.09,2.5,0.3437,1e-06,0.003556,0.003557
2026-01-28 14:00:00,27,1,TK-02,1413.37,4.499,26.72,7.1,0.09,2.5,0.3437,1e-06,0.0,1e-06
2026-01-28 14:00:00,27,1,TK-03,1225.05,4.814,26.72,7.1,0.28,0.0,0.3437,0.00021,0.0,0.00021
2026-01-28 14:00:00,27,1,TK-04,1540.71,4.904,26.72,7.1,0.09,2.5,0.3437,1e-06,0.0,1e-06
2026-01-28 14:00:00,27,1,TK-05,1974.98,5.195,26.72,7.1,0.11,2.5,0.3437,1e-06,0.0,1e-06
2026-01-28 22:00:00,27,2,TK-01,1437.94,4.577,21.49,7.1,0.09,2.5,0.2681,2e-06,0.0,2e-06
2026-01-28 22:00:00,27,2,TK-02,1446.63,4.605,21.49,7.1,0.09,2.5,0.2681,2e-06,0.0,2e-06
2026-01-28 22:00:00,27,2,TK-03,1060.36,4.167,21.49,7.1,0.28,0.0,0.2681,0.000147,0.001947,0.002094
2026-01-28 22:00:00,27,2,TK-04,1572.38,5.005,21.49,7.1,0.09,2.5,0.2681,2e-06,0.0,2e-06
2026-01-28 22:00:00,27,2,TK-05,2014.29,5.299,21.49,7.1,0.11,2.5,0.2681,3e-06,0.0,3e-06
2026-01-29 06:00:00,28,0,TK-01,1485.14,4.727,21.71,7.1,0.09,2.5,0.2709,2e-06,0.0,2e-06
2026-01-29 06:00:00,28,0,TK-02,1493.68,4.755,21.71,7.1,0.09,2.5,0.2709,2e-06,0.0,2e-06
2026-01-29 06:00:00,28,0,TK-03,1095.92,4.307,21.71,7.1,0.28,0.0,0.2709,0.000153,0.0,0.000153
2026-01-29 06:00:00,28,0,TK-04,1617.19,5.148,21.71,7.1,0.09,2.5,0.2709,2e-06,0.0,2e-06
2026-01-29 06:00:00,28,0,TK-05,1849.33,4.865,21.71,7.1,0.11,2.5,0.2709,3e-06,0.002328,0.00233
2026-01-29 14:00:00,28,1,TK-01,1547.58,4.926,27.97,7.1,0.09,2.5,0.3643,0.0,0.0,0.0
2026-01-29 14:00:00,28,1,TK-02,1555.91,4.953,27.97,7.1,0.09,2.5,0.3643,0.0,0.0,0.0
2026-01-29 14:00:00,28,1,TK-03,1142.96,4.492,27.97,7.1,0.28,0.0,0.3643,0.000206,0.0,0.000206
2026-01-29 14:00:00,28,1,TK-04,1371.65,4.366,27.97,7.1,0.09,2.5,0.3643,0.0,0.004263,0.004263
2026-01-29 14:00:00,28,1,TK-05,1928.19,5.072,27.97,7.1,0.11,2.5,0.3643,0.0,0.0,0.0
2026-01-29 22:00:00,28,2,TK-01,1583.13,5.039,20.37,7.1,0.09,2.5,0.2539,3e-06,0.0,3e-06
2026-01-29 22:00:00,28,2,TK-02,1408.67,4.484,20.37,7.1,0.09,2.5,0.2539,2e-06,0.001807,0.001809
2026-01-29 22:00:00,28,2,TK-03,1169.74,4.597,20.37,7.1,0.28,0.0,0.2539,0.000154,0.0,0.000154
2026-01-29 22:00:00,28,2,TK-04,1409.68,4.487,20.37,7.1,0.09,2.5,0.2539,2e-06,0.0,2e-06
2026-01-29 22:00:00,28,2,TK-05,1973.1,5.191,20.37,7.1,0.11,2.5,0.2539,3e-06,0.0,3e-06
2026-01-30 06:00:00,29,0,TK-01,1412.02,4.495,20.46,7.1,0.09,2.5,0.255,2e-06,0.002186,0.002189
2026-01-30 06:00:00,29,0,TK-02,1459.84,4.647,20.46,7.1,0.09,2.5,0.255,2e-06,0.0,2e-06
2026-01-30 06:00:00,29,0,TK-03,1205.77,4.738,20.46,7.1,0.28,0.0,0.255,0.000159,0.0,0.000159
2026-01-30 06:00:00,29,0,TK-04,1460.83,4.65,20.46,7.1,0.09,2.5,0.255,2e-06,0.0,2e-06
2026-01-30 06:00:00,29,0,TK-05,2033.51,5.349,20.46,7.1,0.11,2.5,0.255,3e-06,0.0,3e-06
2026-01-30 14:00:00,29,1,TK-01,1477.28,4.702,27.56,7.1,0.09,2.5,0.3574,0.0,0.0,0.0
2026-01-30 14:00:00,29,1,TK-02,1523.93,4.851,27.56,7.1,0.09,2.5,0.3574,0.0,0.0,0.0
2026-01-30 14:00:00,29,1,TK-03,1011.82,3.976,27.56,7.1,0.28,0.0,0.3574,0.00018,0.003284,0.003464
2026-01-30 14:00:00,29,1,TK-04,1524.89,4.854,27.56,7.1,0.09,2.5,0.3574,0.0,0.0,0.0
2026-01-30 14:00:00,29,1,TK-05,2109.18,5.549,27.56,7.1,0.11,2.5,0.3574,0.0,0.0,0.0
2026-01-30 22:00:00,29,2,TK-01,1510.55,4.808,22.47,7.1,0.09,2.5,0.2811,2e-06,0.0,2e-06
2026-01-30 22:00:00,29,2,TK-02,1556.6,4.955,22.47,7.1,0.09,2.5,0.2811,2e-06,0.0,2e-06
2026-01-30 22:00:00,29,2,TK-03,1037.88,4.079,22.47,7.1,0.28,0.0,0.2811,0.00015,0.0,0.00015
2026-01-30 22:00:00,29,2,TK-04,1557.55,4.958,22.47,7.1,0.09,2.5,0.2811,2e-06,0.0,2e-06
2026-01-30 22:00:00,29,2,TK-05,1979.13,5.206,22.47,7.1,0.11,2.5,0.2811,3e-06,0.001831,0.001833
2026-01-31 06:00:00,30,0,TK-01,1557.51,4.958,21.24,7.1,0.09,2.5,0.2649,2e-06,0.0,2e-06
2026-01-31 06:00:00,30,0,TK-02,1602.72,5.102,21.24,7.1,0.09,2.5,0.2649,2e-06,0.0,2e-06
2026-01-31 06:00:00,30,0,TK-03,1074.67,4.223,21.24,7.1,0.28,0.0,0.2649,0.000147,0.0,0.000147
2026-01-31 06:00:00,30,0,TK-04,1603.66,5.105,21.24,7.1,0.09,2.5,0.2649,2e-06,0.0,2e-06
2026-01-31 06:00:00,30,0,TK-05,1771.95,4.661,21.24,7.1,0.11,2.5,0.2649,3e-06,0.002735,0.002737
2026-01-31 14:00:00,30,1,TK-01,1619.3,5.154,27.58,7.1,0.09,2.5,0.3578,0.0,0.0,0.0
2026-01-31 14:00:00,30,1,TK-02,1663.4,5.295,27.58,7.1,0.09,2.5,0.3578,0.0,0.0,0.0
2026-01-31 14:00:00,30,1,TK-03,1123.06,4.413,27.58,7.1,0.28,0.0,0.3578,0.000199,0.0,0.000199
2026-01-31 14:00:00,30,1,TK-04,1327.96,4.227,27.58,7.1,0.09,2.5,0.3578,0.0,0.004629,0.004629
2026-01-31 14:00:00,30,1,TK-05,1854.12,4.878,27.58,7.1,0.11,2.5,0.3578,0.0,0.0,0.0
2026-01-31 22:00:00,30,2,TK-01,1648.19,5.246,20.93,7.1,0.09,2.5,0.2609,3e-06,0.0,3e-06
2026-01-31 22:00:00,30,2,TK-02,1540.76,4.904,20.93,7.1,0.09,2.5,0.2609,2e-06,0.001529,0.001531
2026-01-31 22:00:00,30,2,TK-03,1145.69,4.502,20.93,7.1,0.28,0.0,0.2609,0.000155,0.0,0.000155
2026-01-31 22:00:00,30,2,TK-04,1360.27,4.33,20.93,7.1,0.09,2.5,0.2609,2e-06,0.0,2e-06
2026-01-31 22:00:00,30,2,TK-05,1892.53,4.979,20.93,7.1,0.11,2.5,0.2609,3e-06,0.0,3e-06
2026-02-01 06:00:00,31,0,TK-01,1481.45,4.716,20.1,7.1,0.09,2.5,0.2506,3e-06,0.002098,0.0021
2026-02-01 06:00:00,31,0,TK-02,1589.62,5.06,20.1,7.1,0.09,2.5,0.2506,3e-06,0.0,3e-06
2026-02-01 06:00:00,31,0,TK-03,1182.35,4.646,20.1,7.1,0.28,0.0,0.2506,0.000154,0.0,0.000154
2026-02-01 06:00:00,31,0,TK-04,1412.6,4.496,20.1,7.1,0.09,2.5,0.2506,2e-06,0.0,2e-06
2026-02-01 06:00:00,31,0,TK-05,1954.76,5.142,20.1,7.1,0.11,2.5,0.2506,3e-06,0.0,3e-06
2026-02-01 14:00:00,31,1,TK-01,1543.33,4.913,27.82,7.1,0.09,2.5,0.3618,0.0,0.0,0.0
2026-02-01 14:00:00,31,1,TK-02,1349.76,4.296,27.82,7.1,0.09,2.5,0.3618,0.0,0.004153,0.004153
2026-02-01 14:00:00,31,1,TK-03,1226.84,4.821,27.82,7.1,0.28,0.0,0.3618,0.000219,0.0,0.000219
2026-02-01 14:00:00,31,1,TK-04,1476.12,4.699,27.82,7.1,0.09,2.5,0.3618,0.0,0.0,0.0
2026-02-01 14:00:00,31,1,TK-05,2030.3,5.341,27.82,7.1,0.11,2.5,0.3618,0.0,0.0,0.0
2026-02-01 22:00:00,31,2,TK-01,1575.83,5.016,21.36,7.1,0.09,2.5,0.2664,2e-06,0.0,2e-06
2026-02-01 22:00:00,31,2,TK-02,1384.74,4.408,21.36,7.1,0.09,2.5,0.2664,2e-06,0.0,2e-06
2026-02-01 22:00:00,31,2,TK-03,1075.63,4.227,21.36,7.1,0.28,0.0,0.2664,0.000148,0.001803,0.001951
2026-02-01 22:00:00,31,2,TK-04,1509.48,4.805,21.36,7.1,0.09,2.5,0.2664,2e-06,0.0,2e-06
2026-02-01 22:00:00,31,2,TK-05,2069.97,5.445,21.36,7.1,0.11,2.5,0.2664,3e-06,0.0,3e-06
2026-02-02 06:00:00,32,0,TK-01,1611.89,5.131,20.57,7.1,0.09,2.5,0.2563,3e-06,0.0,3e-06
2026-02-02 06:00:00,32,0,TK-02,1423.55,4.531,20.57,7.1,0.09,2.5,0.2563,2e-06,0.0,2e-06
2026-02-02 06:00:00,32,0,TK-03,1104.07,4.339,20.57,7.1,0.28,0.0,0.2563,0.000147,0.0,0.000147
2026-02-02 06:00:00,32,0,TK-04,1546.5,4.923,20.57,7.1,0.09,2.5,0.2563,3e-06,0.0,3e-06
2026-02-02 06:00:00,32,0,TK-05,1880.33,4.947,20.57,7.1,0.11,2.5,0.2563,3e-06,0.002332,0.002335
2026-02-02 14:00:00,32,1,TK-01,1314.72,4.185,26.97,7.1,0.09,2.5,0.3478,0.0,0.004789,0.004789
2026-02-02 14:00:00,32,1,TK-02,1488.55,4.738,26.97,7.1,0.09,2.5,0.3478,0.0,0.0,0.0
2026-02-02 14:00:00,32,1,TK-03,1151.7,4.526,26.97,7.1,0.28,0.0,0.3478,0.000199,0.0,0.000199
2026-02-02 14:00:00,32,1,TK-04,1608.49,5.12,26.97,7.1,0.09,2.5,0.3478,0.0,0.0,0.0
2026-02-02 14:00:00,32,1,TK-05,1959.77,5.155,26.97,7.1,0.11,2.5,0.3478,1e-06,0.0,1e-06
2026-02-02 22:00:00,32,2,TK-01,1351.78,4.303,22.69,7.1,0.09,2.5,0.284,2e-06,0.0,2e-06
2026-02-02 22:00:00,32,2,TK-02,1523.28,4.849,22.69,7.1,0.09,2.5,0.284,2e-06,0.0,2e-06
2026-02-02 22:00:00,32,2,TK-03,1177.14,4.626,22.69,7.1,0.28,0.0,0.284,0.000171,0.0,0.000171
2026-02-02 22:00:00,32,2,TK-04,1527.24,4.861,22.69,7.1,0.09,2.5,0.284,2e-06,0.001256,0.001258
2026-02-02 22:00:00,32,2,TK-05,2002.21,5.267,22.69,7.1,0.11,2.5,0.284,3e-06,0.0,3e-06
2026-02-03 06:00:00,33,0,TK-01,1400.05,4.457,21.19,7.1,0.09,2.5,0.2642,2e-06,0.0,2e-06
2026-02-03 06:00:00,33,0,TK-02,1568.52,4.993,21.19,7.1,0.09,2.5,0.2642,2e-06,0.0,2e-06
2026-02-03 06:00:00,33,0,TK-03,938.08,3.686,21.19,7.1,0.28,0.0,0.2642,0.000129,0.002805,0.002934
2026-02-03 06:00:00,33,0,TK-04,1572.41,5.005,21.19,7.1,0.09,2.5,0.2642,2e-06,0.0,2e-06
2026-02-03 06:00:00,33,0,TK-05,2057.5,5.413,21.19,7.1,0.11,2.5,0.2642,3e-06,0.0,3e-06
2026-02-03 14:00:00,33,1,TK-01,1471.61,4.684,26.51,7.1,0.09,2.5,0.3404,1e-06,0.0,1e-06
2026-02-03 14:00:00,33,1,TK-02,1635.59,5.206,26.51,7.1,0.09,2.5,0.3404,1e-06,0.0,1e-06
2026-02-03 14:00:00,33,1,TK-03,994.49,3.908,26.51,7.1,0.28,0.0,0.3404,0.00017,0.0,0.00017
2026-02-03 14:00:00,33,1,TK-04,1639.38,5.218,26.51,7.1,0.09,2.5,0.3404,1e-06,0.0,1e-06
2026-02-03 14:00:00,33,1,TK-05,1792.14,4.715,26.51,7.1,0.11,2.5,0.3404,1e-06,0.004571,0.004572
2026-02-03 22:00:00,33,2,TK-01,1503.6,4.786,24.25,7.1,0.09,2.5,0.306,1e-06,0.0,1e-06
2026-02-03 22:00:00,33,2,TK-02,1665.57,5.302,24.25,7.1,0.09,2.5,0.306,2e-06,0.0,2e-06
2026-02-03 22:00:00,33,2,TK-03,1019.7,4.007,24.25,7.1,0.28,0.0,0.306,0.000159,0.0,0.000159
2026-02-03 22:00:00,33,2,TK-04,1485.4,4.728,24.25,7.1,0.09,2.5,0.306,1e-06,0.002161,0.002162
2026-02-03 22:00:00,33,2,TK-05,1833.03,4.822,24.25,7.1,0.11,2.5,0.306,2e-06,0.0,2e-06
2026-02-04 06:00:00,34,0,TK-01,1550.14,4.934,19.46,7.1,0.09,2.5,0.2428,3e-06,0.0,3e-06
2026-02-04 06:00:00,34,0,TK-02,1445.98,4.603,19.46,7.1,0.09,2.5,0.2428,3e-06,0.002508,0.002511
2026-02-04 06:00:00,34,0,TK-03,1056.38,4.151,19.46,7.1,0.28,0.0,0.2428,0.000134,0.0,0.000134
2026-02-04 06:00:00,34,0,TK-04,1532.27,4.877,19.46,7.1,0.09,2.5,0.2428,3e-06,0.0,3e-06
2026-02-04 06:00:00,34,0,TK-05,1892.52,4.979,19.46,7.1,0.11,2.5,0.2428,4e-06,0.0,4e-06
2026-02-04 14:00:00,34,1,TK-01,1296.12,4.126,27.66,7.1,0.09,2.5,0.3591,0.0,0.004213,0.004213
2026-02-04 14:00:00,34,1,TK-02,1500.61,4.777,27.66,7.1,0.09,2.5,0.3591,0.0,0.0,0.0
2026-02-04 14:00:00,34,1,TK-03,1097.74,4.314,27.66,7.1,0.28,0.0,0.3591,0.000196,0.0,0.000196
2026-02-04 14:00:00,34,1,TK-04,1585.12,5.046,27.66,7.1,0.09,2.5,0.3591,0.0,0.0,0.0
2026-02-04 14:00:00,34,1,TK-05,1959.61,5.155,27.66,7.1,0.11,2.5,0.3591,0.0,0.0,0.0
2026-02-04 22:00:00,34,2,TK-01,1331.91,4.24,22.51,7.1,0.09,2.5,0.2816,2e-06,0.0,2e-06
2026-02-04 22:00:00,34,2,TK-02,1533.77,4.882,22.51,7.1,0.09,2.5,0.2816,2e-06,0.0,2e-06
2026-02-04 22:00:00,34,2,TK-03,1122.85,4.413,22.51,7.1,0.28,0.0,0.2816,0.000162,0.0,0.000162
2026-02-04 22:00:00,34,2,TK-04,1453.55,4.627,22.51,7.1,0.09,2.5,0.2816,2e-06,0.001781,0.001783
2026-02-04 22:00:00,34,2,TK-05,2000.32,5.262,22.51,7.1,0.11,2.5,0.2816,3e-06,0.0,3e-06
2026-02-05 06:00:00,35,0,TK-01,1381.83,4.398,21.12,7.1,0.09,2.5,0.2634,2e-06,0.0,2e-06
2026-02-05 06:00:00,35,0,TK-02,1580.03,5.029,21.12,7.1,0.09,2.5,0.2634,2e-06,0.0,2e-06
2026-02-05 06:00:00,35,0,TK-03,1157.87,4.55,21.12,7.1,0.28,0.0,0.2634,0.000158,0.0,0.000158
2026-02-05 06:00:00,35,0,TK-04,1501.27,4.779,21.12,7.1,0.09,2.5,0.2634,2e-06,0.0,2e-06
2026-02-05 06:00:00,35,0,TK-05,1822.63,4.795,21.12,7.1,0.11,2.5,0.2634,3e-06,0.002411,0.002413
2026-02-05 14:00:00,35,1,TK-01,1445.1,4.6,27.93,7.1,0.09,2.5,0.3637,0.0,0.0,0.0
2026-02-05 14:00:00,35,1,TK-02,1329.82,4.233,27.93,7.1,0.09,2.5,0.3637,0.0,0.004309,0.004309
2026-02-05 14:00:00,35,1,TK-03,1202.25,4.725,27.93,7.1,0.28,0.0,0.3637,0.000216,0.0,0.000216
2026-02-05 14:00:00,35,1,TK-04,1561.74,4.971,27.93,7.1,0.09,2.5,0.3637,0.0,0.0,0.0
2026-02-05 14:00:00,35,1,TK-05,1900.12,4.999,27.93,7.1,0.11,2.5,0.3637,0.0,0.0,0.0
2026-02-05 22:00:00,35,2,TK-01,1477.61,4.703,24.42,7.1,0.09,2.5,0.3085,1e-06,0.0,1e-06
2026-02-05 22:00:00,35,2,TK-02,1363.76,4.341,24.42,7.1,0.09,2.5,0.3085,1e-06,0.0,1e-06
2026-02-05 22:00:00,35,2,TK-03,1066.11,4.19,24.42,7.1,0.28,0.0,0.3085,0.000167,0.001881,0.002048
2026-02-05 22:00:00,35,2,TK-04,1592.82,5.07,24.42,7.1,0.09,2.5,0.3085,1e-06,0.0,1e-06
2026-02-05 22:00:00,35,2,TK-05,1939.93,5.103,24.42,7.1,0.11,2.5,0.3085,2e-06,0.0,2e-06
2026-02-06 06:00:00,36,0,TK-01,1530.36,4.871,22.09,7.1,0.09,2.5,0.276,2e-06,0.0,2e-06
2026-02-06 06:00:00,36,0,TK-02,1418.81,4.516,22.09,7.1,0.09,2.5,0.276,2e-06,0.0,2e-06
2026-02-06 06:00:00,36,0,TK-03,1106.33,4.348,22.09,7.1,0.28,0.0,0.276,0.000157,0.0,0.000157
2026-02-06 06:00:00,36,0,TK-04,1432.59,4.56,22.09,7.1,0.09,2.5,0.276,2e-06,0.002265,0.002267
2026-02-06 06:00:00,36,0,TK-05,2004.53,5.273,22.09,7.1,0.11,2.5,0.276,3e-06,0.0,3e-06
2026-02-06 14:00:00,36,1,TK-01,1588.34,5.056,27.33,7.1,0.09,2.5,0.3537,0.0,0.0,0.0
2026-02-06 14:00:00,36,1,TK-02,1479.33,4.709,27.33,7.1,0.09,2.5,0.3537,0.0,0.0,0.0
2026-02-06 14:00:00,36,1,TK-03,1150.55,4.521,27.33,7.1,0.28,0.0,0.3537,0.000202,0.0,0.000202
2026-02-06 14:00:00,36,1,TK-04,1492.79,4.752,27.33,7.1,0.09,2.5,0.3537,0.0,0.0,0.0
2026-02-06 14:00:00,36,1,TK-05,1834.07,4.825,27.33,7.1,0.11,2.5,0.3537,0.0,0.003279,0.003279
2026-02-06 22:00:00,36,2,TK-01,1432.39,4.559,22.99,7.1,0.09,2.5,0.2882,2e-06,0.002124,0.002126
2026-02-06 22:00:00,36,2,TK-02,1515.64,4.824,22.99,7.1,0.09,2.5,0.2882,2e-06,0.0,2e-06
2026-02-06 22:00:00,36,2,TK-03,1177.08,4.626,22.99,7.1,0.28,0.0,0.2882,0.000173,0.0,0.000173
2026-02-06 22:00:00,36,2,TK-04,1528.92,4.867,22.99,7.1,0.09,2.5,0.2882,2e-06,0.0,2e-06
2026-02-06 22:00:00,36,2,TK-05,1880.05,4.946,22.99,7.1,0.11,2.5,0.2882,2e-06,0.0,2e-06
2026-02-07 06:00:00,37,0,TK-01,1468.07,4.673,22.62,7.1,0.09,2.5,0.2831,2e-06,0.0,2e-06
2026-02-07 06:00:00,37,0,TK-02,1550.19,4.934,22.62,7.1,0.09,2.5,0.2831,2e-06,0.0,2e-06
2026-02-07 06:00:00,37,0,TK-03,937.46,3.684,22.62,7.1,0.28,0.0,0.2831,0.000137,0.002897,0.003034
2026-02-07 06:00:00,37,0,TK-04,1563.29,4.976,22.62,7.1,0.09,2.5,0.2831,2e-06,0.0,2e-06
2026-02-07 06:00:00,37,0,TK-05,1923.79,5.061,22.62,7.1,0.11,2.5,0.2831,2e-06,0.0,2e-06
2026-02-07 14:00:00,37,1,TK-01,1527.34,4.862,27.22,7.1,0.09,2.5,0.3518,0.0,0.0,0.0
2026-02-07 14:00:00,37,1,TK-02,1607.6,5.117,27.22,7.1,0.09,2.5,0.3518,0.0,0.0,0.0
2026-02-07 14:00:00,37,1,TK-03,985.41,3.872,27.22,7.1,0.28,0.0,0.3518,0.000173,0.0,0.000173
2026-02-07 14:00:00,37,1,TK-04,1327.6,4.226,27.22,7.1,0.09,2.5,0.3518,0.0,0.003953,0.003954
2026-02-07 14:00:00,37,1,TK-05,1996.48,5.252,27.22,7.1,0.11,2.5,0.3518,0.0,0.0,0.0
2026-02-07 22:00:00,37,2,TK-01,1562.98,4.975,22.55,7.1,0.09,2.5,0.2821,2e-06,0.0,2e-06
2026-02-07 22:00:00,37,2,TK-02,1459.65,4.646,22.55,7.1,0.09,2.5,0.2821,2e-06,0.001992,0.001994
2026-02-07 22:00:00,37,2,TK-03,1014.24,3.986,22.55,7.1,0.28,0.0,0.2821,0.000147,0.0,0.000147
2026-02-07 22:00:00,37,2,TK-04,1366.04,4.348,22.55,7.1,0.09,2.5,0.2821,2e-06,0.0,2e-06
2026-02-07 22:00:00,37,2,TK-05,2040.19,5.367,22.55,7.1,0.11,2.5,0.2821,3e-06,0.0,3e-06
2026-02-08 06:00:00,38,0,TK-01,1597.98,5.087,19.89,7.1,0.09,2.5,0.248,3e-06,0.0,3e-06
2026-02-08 06:00:00,38,0,TK-02,1496.08,4.762,19.89,7.1,0.09,2.5,0.248,3e-06,0.0,3e-06
2026-02-08 06:00:00,38,0,TK-03,1042.55,4.097,19.89,7.1,0.28,0.0,0.248,0.000135,0.0,0.000135
2026-02-08 06:00:00,38,0,TK-04,1403.77,4.468,19.89,7.1,0.09,2.5,0.248,3e-06,0.0,3e-06
2026-02-08 06:00:00,38,0,TK-05,1848.93,4.864,19.89,7.1,0.11,2.5,0.248,3e-06,0.002266,0.00227
2026-02-08 14:00:00,38,1,TK-01,1381.21,4.397,28.33,7.1,0.09,2.5,0.3705,0.0,0.003907,0.003907
2026-02-08 14:00:00,38,1,TK-02,1556.78,4.955,28.33,7.1,0.09,2.5,0.3705,0.0,0.0,0.0
2026-02-08 14:00:00,38,1,TK-03,1089.72,4.282,28.33,7.1,0.28,0.0,0.3705,0.0002,0.0,0.0002
2026-02-08 14:00:00,38,1,TK-04,1466.64,4.668,28.33,7.1,0.09,2.5,0.3705,0.0,0.0,0.0
2026-02-08 14:00:00,38,1,TK-05,1925.94,5.066,28.33,7.1,0.11,2.5,0.3705,0.0,0.0,0.0
2026-02-08 22:00:00,38,2,TK-01,1415.6,4.506,22.33,7.1,0.09,2.5,0.2791,2e-06,0.0,2e-06
2026-02-08 22:00:00,38,2,TK-02,1373.75,4.373,22.33,7.1,0.09,2.5,0.2791,2e-06,0.002322,0.002323
2026-02-08 22:00:00,38,2,TK-03,1114.7,4.381,22.33,7.1,0.28,0.0,0.2791,0.00016,0.0,0.00016
2026-02-08 22:00:00,38,2,TK-04,1499.93,4.774,22.33,7.1,0.09,2.5,0.2791,2e-06,0.0,2e-06
2026-02-08 22:00:00,38,2,TK-05,1966.71,5.174,22.33,7.1,0.11,2.5,0.2791,3e-06,0.0,3e-06
2026-02-09 06:00:00,39,0,TK-01,1467.19,4.67,21.18,7.1,0.09,2.5,0.2641,2e-06,0.0,2e-06
2026-02-09 06:00:00,39,0,TK-02,1426.15,4.54,21.18,7.1,0.09,2.5,0.2641,2e-06,0.0,2e-06
2026-02-09 06:00:00,39,0,TK-03,1152.19,4.528,21.18,7.1,0.28,0.0,0.2641,0.000157,0.0,0.000157
2026-02-09 06:00:00,39,0,TK-04,1549.89,4.933,21.18,7.1,0.09,2.5,0.2641,2e-06,0.0,2e-06
2026-02-09 06:00:00,39,0,TK-05,1820.71,4.79,21.18,7.1,0.11,2.5,0.2641,3e-06,0.002138,0.002141
2026-02-09 14:00:00,39,1,TK-01,1527.59,4.862,25.59,7.1,0.09,2.5,0.326,1e-06,0.0,1e-06
2026-02-09 14:00:00,39,1,TK-02,1487.5,4.735,25.59,7.1,0.09,2.5,0.326,1e-06,0.0,1e-06
2026-02-09 14:00:00,39,1,TK-03,1196.08,4.7,25.59,7.1,0.28,0.0,0.326,0.000196,0.0,0.000196
2026-02-09 14:00:00,39,1,TK-04,1314.02,4.183,25.59,7.1,0.09,2.5,0.326,1e-06,0.003701,0.003702
2026-02-09 14:00:00,39,1,TK-05,1897.13,4.991,25.59,7.1,0.11,2.5,0.326,1e-06,0.0,1e-06
2026-02-09 22:00:00,39,2,TK-01,1561.14,4.969,21.97,7.1,0.09,2.5,0.2744,2e-06,0.0,2e-06
2026-02-09 22:00:00,39,2,TK-02,1521.58,4.843,21.97,7.1,0.09,2.5,0.2744,2e-06,0.0,2e-06
2026-02-09 22:00:00,39,2,TK-03,1075.03,4.225,21.97,7.1,0.28,0.0,0.2744,0.000152,0.001544,0.001696
2026-02-09 22:00:00,39,2,TK-04,1350.38,4.298,21.97,7.1,0.09,2.5,0.2744,2e-06,0.0,2e-06
2026-02-09 22:00:00,39,2,TK-05,1939.58,5.102,21.97,7.1,0.11,2.5,0.2744,3e-06,0.0,3e-06
2026-02-10 06:00:00,40,0,TK-01,1359.77,4.328,20.2,7.1,0.09,2.5,0.2518,2e-06,0.00241,0.002413
2026-02-10 06:00:00,40,0,TK-02,1565.49,4.983,20.2,7.1,0.09,2.5,0.2518,3e-06,0.0,3e-06
2026-02-10 06:00:00,40,0,TK-03,1108.94,4.358,20.2,7.1,0.28,0.0,0.2518,0.000145,0.0,0.000145
2026-02-10 06:00:00,40,0,TK-04,1397.22,4.447,20.2,7.1,0.09,2.5,0.2518,2e-06,0.0,2e-06
2026-02-10 06:00:00,40,0,TK-05,1994.28,5.246,20.2,7.1,0.11,2.5,0.2518,3e-06,0.0,3e-06
2026-02-10 14:00:00,40,1,TK-01,1412.12,4.495,27.51,7.1,0.09,2.5,0.3567,0.0,0.0,0.0
2026-02-10 14:00:00,40,1,TK-02,1613.88,5.137,27.51,7.1,0.09,2.5,0.3567,0.0,0.0,0.0
2026-02-10 14:00:00,40,1,TK-03,1146.3,4.505,27.51,7.1,0.28,0.0,0.3567,0.000203,0.0,0.000203
2026-02-10 14:00:00,40,1,TK-04,1448.84,4.612,27.51,7.1,0.09,2.5,0.3567,0.0,0.0,0.0
2026-02-10 14:00:00,40,1,TK-05,1781.02,4.685,27.51,7.1,0.11,2.5,0.3567,0.0,0.003728,0.003728
2026-02-10 22:00:00,40,2,TK-01,1447.15,4.606,23.36,7.1,0.09,2.5,0.2933,2e-06,0.0,2e-06
2026-02-10 22:00:00,40,2,TK-02,1482.01,4.717,23.36,7.1,0.09,2.5,0.2933,2e-06,0.001857,0.001859
2026-02-10 22:00:00,40,2,TK-03,1171.31,4.603,23.36,7.1,0.28,0.0,0.2933,0.000175,0.0,0.000175
2026-02-10 22:00:00,40,2,TK-04,1483.4,4.722,23.36,7.1,0.09,2.5,0.2933,2e-06,0.0,2e-06
2026-02-10 22:00:00,40,2,TK-05,1824.96,4.801,23.36,7.1,0.11,2.5,0.2933,2e-06,0.0,2e-06
2026-02-11 06:00:00,41,0,TK-01,1495.43,4.76,20.88,7.1,0.09,2.5,0.2602,2e-06,0.0,2e-06
2026-02-11 06:00:00,41,0,TK-02,1529.65,4.869,20.88,7.1,0.09,2.5,0.2602,2e-06,0.0,2e-06
2026-02-11 06:00:00,41,0,TK-03,956.46,3.759,20.88,7.1,0.28,0.0,0.2602,0.000129,0.002532,0.002661
2026-02-11 06:00:00,41,0,TK-04,1531.01,4.873,20.88,7.1,0.09,2.5,0.2602,2e-06,0.0,2e-06
2026-02-11 06:00:00,41,0,TK-05,1885.51,4.96,20.88,7.1,0.11,2.5,0.2602,3e-06,0.0,3e-06
2026-02-11 14:00:00,41,1,TK-01,1555.67,4.952,27.42,7.1,0.09,2.5,0.3552,0.0,0.0,0.0
2026-02-11 14:00:00,41,1,TK-02,1589.1,5.058,27.42,7.1,0.09,2.5,0.3552,0.0,0.0,0.0
2026-02-11 14:00:00,41,1,TK-03,1005.27,3.95,27.42,7.1,0.28,0.0,0.3552,0.000178,0.0,0.000178
2026-02-11 14:00:00,41,1,TK-04,1357.3,4.32,27.42,7.1,0.09,2.5,0.3552,0.0,0.003175,0.003175
2026-02-11 14:00:00,41,1,TK-05,1961.05,5.159,27.42,7.1,0.11,2.5,0.3552,0.0,0.0,0.0
2026-02-11 22:00:00,41,2,TK-01,1591.78,5.067,21.79,7.1,0.09,2.5,0.2721,2e-06,0.0,2e-06
2026-02-11 22:00:00,41,2,TK-02,1457.06,4.638,21.79,7.1,0.09,2.5,0.2721,2e-06,0.00177,0.001772
2026-02-11 22:00:00,41,2,TK-03,1034.52,4.065,21.79,7.1,0.28,0.0,0.2721,0.000145,0.0,0.000145
2026-02-11 22:00:00,41,2,TK-04,1396.24,4.444,21.79,7.1,0.09,2.5,0.2721,2e-06,0.0,2e-06
2026-02-11 22:00:00,41,2,TK-05,2006.33,5.278,21.79,7.1,0.11,2.5,0.2721,3e-06,0.0,3e-06
2026-02-12 06:00:00,42,0,TK-01,1365.02,4.345,20.74,7.1,0.09,2.5,0.2586,2e-06,0.002735,0.002737
2026-02-12 06:00:00,42,0,TK-02,1503.3,4.785,20.74,7.1,0.09,2.5,0.2586,2e-06,0.0,2e-06
2026-02-12 06:00:00,42,0,TK-03,1070.06,4.205,20.74,7.1,0.28,0.0,0.2586,0.000144,0.0,0.000144
2026-02-12 06:00:00,42,0,TK-04,1443.55,4.595,20.74,7.1,0.09,2.5,0.2586,2e-06,0.0,2e-06
2026-02-12 06:00:00,42,0,TK-05,2061.35,5.423,20.74,7.1,0.11,2.5,0.2586,3e-06,0.0,3e-06
2026-02-12 14:00:00,42,1,TK-01,1429.9,4.552,27.38,7.1,0.09,2.5,0.3545,0.0,0.0,0.0
2026-02-12 14:00:00,42,1,TK-02,1564.89,4.981,27.38,7.1,0.09,2.5,0.3545,0.0,0.0,0.0
2026-02-12 14:00:00,42,1,TK-03,1117.39,4.391,27.38,7.1,0.28,0.0,0.3545,0.000197,0.0,0.000197
2026-02-12 14:00:00,42,1,TK-04,1506.56,4.796,27.38,7.1,0.09,2.5,0.3545,0.0,0.0,0.0
2026-02-12 14:00:00,42,1,TK-05,1861.88,4.898,27.38,7.1,0.11,2.5,0.3545,0.0,0.003713,0.003713
2026-02-12 22:00:00,42,2,TK-01,1465.75,4.666,22.16,7.1,0.09,2.5,0.2769,2e-06,0.0,2e-06
2026-02-12 22:00:00,42,2,TK-02,1408.5,4.483,22.16,7.1,0.09,2.5,0.2769,2e-06,0.002041,0.002043
2026-02-12 22:00:00,42,2,TK-03,1143.55,4.494,22.16,7.1,0.28,0.0,0.2769,0.000163,0.0,0.000163
2026-02-12 22:00:00,42,2,TK-04,1541.38,4.906,22.16,7.1,0.09,2.5,0.2769,2e-06,0.0,2e-06
2026-02-12 22:00:00,42,2,TK-05,1906.05,5.014,22.16,7.1,0.11,2.5,0.2769,3e-06,0.0,3e-06
2026-02-13 06:00:00,43,0,TK-01,1509.31,4.804,22.27,7.1,0.09,2.5,0.2784,2e-06,0.0,2e-06
2026-02-13 06:00:00,43,0,TK-02,1453.01,4.625,22.27,7.1,0.09,2.5,0.2784,2e-06,0.0,2e-06
2026-02-13 06:00:00,43,0,TK-03,1175.32,4.619,22.27,7.1,0.28,0.0,0.2784,0.000168,0.0,0.000168
2026-02-13 06:00:00,43,0,TK-04,1339.04,4.262,22.27,7.1,0.09,2.5,0.2784,2e-06,0.002641,0.002643
2026-02-13 06:00:00,43,0,TK-05,1959.71,5.155,22.27,7.1,0.11,2.5,0.2784,3e-06,0.0,3e-06
2026-02-13 14:00:00,43,1,TK-01,1570.45,4.999,27.49,7.1,0.09,2.5,0.3563,0.0,0.0,0.0
2026-02-13 14:00:00,43,1,TK-02,1515.49,4.824,27.49,7.1,0.09,2.5,0.3563,0.0,0.0,0.0
2026-02-13 14:00:00,43,1,TK-03,918.26,3.609,27.49,7.1,0.28,0.0,0.3563,0.000163,0.004125,0.004289
2026-02-13 14:00:00,43,1,TK-04,1404.23,4.47,27.49,7.1,0.09,2.5,0.3563,0.0,0.0,0.0
2026-02-13 14:00:00,43,1,TK-05,2035.04,5.353,27.49,7.1,0.11,2.5,0.3563,0.0,0.0,0.0
2026-02-13 22:00:00,43,2,TK-01,1601.32,5.097,23.24,7.1,0.09,2.5,0.2916,2e-06,0.0,2e-06
2026-02-13 22:00:00,43,2,TK-02,1547.04,4.924,23.24,7.1,0.09,2.5,0.2916,2e-06,0.0,2e-06
2026-02-13 22:00:00,43,2,TK-03,944.5,3.712,23.24,7.1,0.28,0.0,0.2916,0.000141,0.0,0.000141
2026-02-13 22:00:00,43,2,TK-04,1437.14,4.575,23.24,7.1,0.09,2.5,0.2916,2e-06,0.0,2e-06
2026-02-13 22:00:00,43,2,TK-05,1933.21,5.086,23.24,7.1,0.11,2.5,0.2916,2e-06,0.00157,0.001572
2026-02-14 06:00:00,44,0,TK-01,1444.36,4.598,20.83,7.1,0.09,2.5,0.2596,2e-06,0.002105,0.002108
2026-02-14 06:00:00,44,0,TK-02,1598.15,5.087,20.83,7.1,0.09,2.5,0.2596,3e-06,0.0,3e-06
2026-02-14 06:00:00,44,0,TK-03,986.99,3.879,20.83,7.1,0.28,0.0,0.2596,0.000133,0.0,0.000133
2026-02-14 06:00:00,44,0,TK-04,1490.47,4.744,20.83,7.1,0.09,2.5,0.2596,2e-06,0.0,2e-06
2026-02-14 06:00:00,44,0,TK-05,1997.66,5.255,20.83,7.1,0.11,2.5,0.2596,3e-06,0.0,3e-06
2026-02-14 14:00:00,44,1,TK-01,1497.39,4.766,28.05,7.1,0.09,2.5,0.3656,0.0,0.0,0.0
2026-02-14 14:00:00,44,1,TK-02,1364.48,4.343,28.05,7.1,0.09,2.5,0.3656,0.0,0.003961,0.003961
2026-02-14 14:00:00,44,1,TK-03,1028.5,4.042,28.05,7.1,0.28,0.0,0.3656,0.000187,0.0,0.000187
2026-02-14 14:00:00,44,1,TK-04,1542.57,4.91,28.05,7.1,0.09,2.5,0.3656,0.0,0.0,0.0
2026-02-14 14:00:00,44,1,TK-05,2060.62,5.421,28.05,7.1,0.11,2.5,0.3656,0.0,0.0,0.0
2026-02-14 22:00:00,44,2,TK-01,1531.11,4.874,22.75,7.1,0.09,2.5,0.2848,2e-06,0.0,2e-06
2026-02-14 22:00:00,44,2,TK-02,1399.94,4.456,22.75,7.1,0.09,2.5,0.2848,2e-06,0.0,2e-06
2026-02-14 22:00:00,44,2,TK-03,1054.91,4.146,22.75,7.1,0.28,0.0,0.2848,0.000154,0.0,0.000154
2026-02-14 22:00:00,44,2,TK-04,1575.71,5.016,22.75,7.1,0.09,2.5,0.2848,2e-06,0.0,2e-06
2026-02-14 22:00:00,44,2,TK-05,1943.5,5.113,22.75,7.1,0.11,2.5,0.2848,2e-06,0.001725,0.001728
2026-02-15 06:00:00,45,0,TK-01,1571.89,5.003,20.11,7.1,0.09,2.5,0.2507,3e-06,0.0,3e-06
2026-02-15 06:00:00,45,0,TK-02,1442.82,4.593,20.11,7.1,0.09,2.5,0.2507,3e-06,0.0,3e-06
2026-02-15 06:00:00,45,0,TK-03,1086.84,4.271,20.11,7.1,0.28,0.0,0.2507,0.000142,0.0,0.000142
2026-02-15 06:00:00,45,0,TK-04,1382.04,4.399,20.11,7.1,0.09,2.5,0.2507,2e-06,0.002288,0.00229
2026-02-15 06:00:00,45,0,TK-05,1994.44,5.247,20.11,7.1,0.11,2.5,0.2507,3e-06,0.0,3e-06
2026-02-15 14:00:00,45,1,TK-01,1624.39,5.171,28.15,7.1,0.09,2.5,0.3674,0.0,0.0,0.0
2026-02-15 14:00:00,45,1,TK-02,1498.01,4.768,28.15,7.1,0.09,2.5,0.3674,0.0,0.0,0.0
2026-02-15 14:00:00,45,1,TK-03,1127.93,4.432,28.15,7.1,0.28,0.0,0.3674,0.000205,0.0,0.000205
2026-02-15 14:00:00,45,1,TK-04,1438.5,4.579,28.15,7.1,0.09,2.5,0.3674,0.0,0.0,0.0
2026-02-15 14:00:00,45,1,TK-05,1750.56,4.605,28.15,7.1,0.11,2.5,0.3674,0.0,0.004345,0.004345
2026-02-15 22:00:00,45,2,TK-01,1481.34,4.715,23.53,7.1,0.09,2.5,0.2957,2e-06,0.001958,0.00196
2026-02-15 22:00:00,45,2,TK-02,1528.49,4.865,23.53,7.1,0.09,2.5,0.2957,2e-06,0.0,2e-06
2026-02-15 22:00:00,45,2,TK-03,1150.63,4.522,23.53,7.1,0.28,0.0,0.2957,0.000173,0.0,0.000173
2026-02-15 22:00:00,45,2,TK-04,1469.68,4.678,23.53,7.1,0.09,2.5,0.2957,2e-06,0.0,2e-06
2026-02-15 22:00:00,45,2,TK-05,1790.42,4.71,23.53,7.1,0.11,2.5,0.2957,2e-06,0.0,2e-06
2026-02-16 06:00:00,46,0,TK-01,1527.26,4.861,20.62,7.1,0.09,2.5,0.2569,3e-06,0.0,3e-06
2026-02-16 06:00:00,46,0,TK-02,1573.57,5.009,20.62,7.1,0.09,2.5,0.2569,3e-06,0.0,3e-06
2026-02-16 06:00:00,46,0,TK-03,987.81,3.882,20.62,7.1,0.28,0.0,0.2569,0.000132,0.001972,0.002104
2026-02-16 06:00:00,46,0,TK-04,1515.8,4.825,20.62,7.1,0.09,2.5,0.2569,3e-06,0.0,3e-06
2026-02-16 06:00:00,46,0,TK-05,1849.36,4.865,20.62,7.1,0.11,2.5,0.2569,3e-06,0.0,3e-06
2026-02-16 14:00:00,46,1,TK-01,1586.19,5.049,27.29,7.1,0.09,2.5,0.353,0.0,0.0,0.0
2026-02-16 14:00:00,46,1,TK-02,1338.89,4.262,27.29,7.1,0.09,2.5,0.353,0.0,0.003966,0.003967
2026-02-16 14:00:00,46,1,TK-03,1035.43,4.069,27.29,7.1,0.28,0.0,0.353,0.000182,0.0,0.000182
2026-02-16 14:00:00,46,1,TK-04,1575.0,5.013,27.29,7.1,0.09,2.5,0.353,0.0,0.0,0.0
2026-02-16 14:00:00,46,1,TK-05,1925.02,5.064,27.29,7.1,0.11,2.5,0.353,0.0,0.0,0.0
2026-02-16 22:00:00,46,2,TK-01,1479.69,4.71,22.66,7.1,0.09,2.5,0.2837,2e-06,0.001486,0.001488
2026-02-16 22:00:00,46,2,TK-02,1370.97,4.364,22.66,7.1,0.09,2.5,0.2837,2e-06,0.0,2e-06
2026-02-16 22:00:00,46,2,TK-03,1059.02,4.162,22.66,7.1,0.28,0.0,0.2837,0.000154,0.0,0.000154
2026-02-16 22:00:00,46,2,TK-04,1604.32,5.107,22.66,7.1,0.09,2.5,0.2837,2e-06,0.0,2e-06
2026-02-16 22:00:00,46,2,TK-05,1962.49,5.163,22.66,7.1,0.11,2.5,0.2837,2e-06,0.0,2e-06
2026-02-17 06:00:00,47,0,TK-01,1512.41,4.814,20.15,7.1,0.09,2.5,0.2511,3e-06,0.0,3e-06
2026-02-17 06:00:00,47,0,TK-02,1405.06,4.472,20.15,7.1,0.09,2.5,0.2511,2e-06,0.0,2e-06
2026-02-17 06:00:00,47,0,TK-03,1084.08,4.26,20.15,7.1,0.28,0.0,0.2511,0.000142,0.0,0.000142
2026-02-17 06:00:00,47,0,TK-04,1395.89,4.443,20.15,7.1,0.09,2.5,0.2511,2e-06,0.002342,0.002344
2026-02-17 06:00:00,47,0,TK-05,2002.32,5.267,20.15,7.1,0.11,2.5,0.2511,4e-06,0.0,4e-06
2026-02-17 14:00:00,47,1,TK-01,1577.61,5.022,29.07,7.1,0.09,2.5,0.3834,0.0,0.0,0.0
2026-02-17 14:00:00,47,1,TK-02,1472.98,4.689,29.07,7.1,0.09,2.5,0.3834,0.0,0.0,0.0
2026-02-17 14:00:00,47,1,TK-03,1134.01,4.456,29.07,7.1,0.28,0.0,0.3834,0.000214,0.0,0.000214
2026-02-17 14:00:00,47,1,TK-04,1464.04,4.66,29.07,7.1,0.09,2.5,0.3834,0.0,0.0,0.0
2026-02-17 14:00:00,47,1,TK-05,1793.67,4.719,29.07,7.1,0.11,2.5,0.3834,0.0,0.004228,0.004228
2026-02-17 22:00:00,47,2,TK-01,1431.23,4.556,23.18,7.1,0.09,2.5,0.2908,2e-06,0.001995,0.001996
2026-02-17 22:00:00,47,2,TK-02,1505.81,4.793,23.18,7.1,0.09,2.5,0.2908,2e-06,0.0,2e-06
2026-02-17 22:00:00,47,2,TK-03,1158.15,4.551,23.18,7.1,0.28,0.0,0.2908,0.000172,0.0,0.000172
2026-02-17 22:00:00,47,2,TK-04,1496.98,4.765,23.18,7.1,0.09,2.5,0.2908,2e-06,0.0,2e-06
2026-02-17 22:00:00,47,2,TK-05,1835.64,4.829,23.18,7.1,0.11,2.5,0.2908,2e-06,0.0,2e-06
2026-02-18 06:00:00,48,0,TK-01,1484.23,4.724,20.54,7.1,0.09,2.5,0.256,3e-06,0.0,3e-06
2026-02-18 06:00:00,48,0,TK-02,1557.31,4.957,20.54,7.1,0.09,2.5,0.256,3e-06,0.0,3e-06
2026-02-18 06:00:00,48,0,TK-03,990.36,3.892,20.54,7.1,0.28,0.0,0.256,0.000132,0.002062,0.002194
2026-02-18 06:00:00,48,0,TK-04,1548.66,4.93,20.54,7.1,0.09,2.5,0.256,3e-06,0.0,3e-06
2026-02-18 06:00:00,48,0,TK-05,1901.49,5.002,20.54,7.1,0.11,2.5,0.256,3e-06,0.0,3e-06
2026-02-18 14:00:00,48,1,TK-01,1544.66,4.917,28.15,7.1,0.09,2.5,0.3674,0.0,0.0,0.0
2026-02-18 14:00:00,48,1,TK-02,1342.61,4.274,28.15,7.1,0.09,2.5,0.3674,0.0,0.003848,0.003848
2026-02-18 14:00:00,48,1,TK-03,1038.32,4.08,28.15,7.1,0.28,0.0,0.3674,0.000189,0.0,0.000189
2026-02-18 14:00:00,48,1,TK-04,1607.6,5.117,28.15,7.1,0.09,2.5,0.3674,0.0,0.0,0.0
2026-02-18 14:00:00,48,1,TK-05,1976.57,5.2,28.15,7.1,0.11,2.5,0.3674,0.0,0.0,0.0
2026-02-18 22:00:00,48,2,TK-01,1574.12,5.011,23.61,7.1,0.09,2.5,0.2968,2e-06,0.0,2e-06
2026-02-18 22:00:00,48,2,TK-02,1374.42,4.375,23.61,7.1,0.09,2.5,0.2968,1e-06,0.0,1e-06
2026-02-18 22:00:00,48,2,TK-03,1061.7,4.172,23.61,7.1,0.28,0.0,0.2968,0.000161,0.0,0.000161
2026-02-18 22:00:00,48,2,TK-04,1470.07,4.679,23.61,7.1,0.09,2.5,0.2968,2e-06,0.001897,0.001899
2026-02-18 22:00:00,48,2,TK-05,2013.18,5.296,23.61,7.1,0.11,2.5,0.2968,2e-06,0.0,2e-06
2026-02-19 06:00:00,49,0,TK-01,1620.33,5.158,21.39,7.1,0.09,2.5,0.2668,2e-06,0.0,2e-06
2026-02-19 06:00:00,49,0,TK-02,1424.3,4.534,21.39,7.1,0.09,2.5,0.2668,2e-06,0.0,2e-06
2026-02-19 06:00:00,49,0,TK-03,1098.37,4.316,21.39,7.1,0.28,0.0,0.2668,0.000151,0.0,0.000151
2026-02-19 06:00:00,49,0,TK-04,1518.19,4.833,21.39,7.1,0.09,2.5,0.2668,2e-06,0.0,2e-06
2026-02-19 06:00:00,49,0,TK-05,1841.2,4.844,21.39,7.1,0.11,2.5,0.2668,3e-06,0.002388,0.002391
2026-02-19 14:00:00,49,1,TK-01,1377.77,4.386,28.95,7.1,0.09,2.5,0.3813,0.0,0.004308,0.004308
2026-02-19 14:00:00,49,1,TK-02,1482.17,4.718,28.95,7.1,0.09,2.5,0.3813,0.0,0.0,0.0
2026-02-19 14:00:00,49,1,TK-03,1140.91,4.483,28.95,7.1,0.28,0.0,0.3813,0.000214,0.0,0.000214
2026-02-19 14:00:00,49,1,TK-04,1574.02,5.01,28.95,7.1,0.09,2.5,0.3813,0.0,0.0,0.0
2026-02-19 14:00:00,49,1,TK-05,1912.8,5.032,28.95,7.1,0.11,2.5,0.3813,0.0,0.0,0.0
2026-02-19 22:00:00,49,2,TK-01,1412.76,4.497,24.79,7.1,0.09,2.5,0.3139,1e-06,0.0,1e-06
2026-02-19 22:00:00,49,2,TK-02,1515.8,4.825,24.79,7.1,0.09,2.5,0.3139,1e-06,0.0,1e-06
2026-02-19 22:00:00,49,2,TK-03,1165.63,4.581,24.79,7.1,0.28,0.0,0.3139,0.000185,0.0,0.000185
2026-02-19 22:00:00,49,2,TK-04,1465.95,4.666,24.79,7.1,0.09,2.5,0.3139,1e-06,0.001691,0.001692
2026-02-19 22:00:00,49,2,TK-05,1954.4,5.141,24.79,7.1,0.11,2.5,0.3139,2e-06,0.0,2e-06
2026-02-20 06:00:00,50,0,TK-01,1453.46,4.627,22.31,7.1,0.09,2.5,0.279,2e-06,0.0,2e-06
2026-02-20 06:00:00,50,0,TK-02,1554.93,4.95,22.31,7.1,0.09,2.5,0.279,2e-06,0.0,2e-06
2026-02-20 06:00:00,50,0,TK-03,932.77,3.666,22.31,7.1,0.28,0.0,0.279,0.000134,0.002826,0.00296
2026-02-20 06:00:00,50,0,TK-04,1505.84,4.793,22.31,7.1,0.09,2.5,0.279,2e-06,0.0,2e-06
2026-02-20 06:00:00,50,0,TK-05,2002.82,5.269,22.31,7.1,0.11,2.5,0.279,3e-06,0.0,3e-06
2026-02-20 14:00:00,50,1,TK-01,1518.13,4.832,30.22,7.1,0.09,2.5,0.4041,0.0,0.0,0.0
2026-02-20 14:00:00,50,1,TK-02,1617.11,5.147,30.22,7.1,0.09,2.5,0.4041,0.0,0.0,0.0
2026-02-20 14:00:00,50,1,TK-03,984.91,3.87,30.22,7.1,0.28,0.0,0.4041,0.000195,0.0,0.000195
2026-02-20 14:00:00,50,1,TK-04,1569.22,4.995,30.22,7.1,0.09,2.5,0.4041,0.0,0.0,0.0
2026-02-20 14:00:00,50,1,TK-05,1775.4,4.67,30.22,7.1,0.11,2.5,0.4041,0.0,0.004692,0.004692
2026-02-20 22:00:00,50,2,TK-01,1547.92,4.927,23.83,7.1,0.09,2.5,0.3,2e-06,0.0,2e-06
2026-02-20 22:00:00,50,2,TK-02,1486.21,4.731,23.83,7.1,0.09,2.5,0.3,2e-06,0.001836,0.001838
2026-02-20 22:00:00,50,2,TK-03,1008.92,3.965,23.83,7.1,0.28,0.0,0.3,0.000154,0.0,0.000154
2026-02-20 22:00:00,50,2,TK-04,1598.42,5.088,23.83,7.1,0.09,2.5,0.3,2e-06,0.0,2e-06
2026-02-20 22:00:00,50,2,TK-05,1814.37,4.773,23.83,7.1,0.11,2.5,0.3,2e-06,0.0,2e-06
2026-02-21 06:00:00,51,0,TK-01,1593.57,5.072,21.66,7.1,0.09,2.5,0.2703,2e-06,0.0,2e-06
2026-02-21 06:00:00,51,0,TK-02,1532.97,4.88,21.66,7.1,0.09,2.5,0.2703,2e-06,0.0,2e-06
2026-02-21 06:00:00,51,0,TK-03,1045.73,4.109,21.66,7.1,0.28,0.0,0.2703,0.000146,0.0,0.000146
2026-02-21 06:00:00,51,0,TK-04,1400.08,4.457,21.66,7.1,0.09,2.5,0.2703,2e-06,0.00256,0.002562
2026-02-21 06:00:00,51,0,TK-05,1874.08,4.93,21.66,7.1,0.11,2.5,0.2703,3e-06,0.0,3e-06
2026-02-21 14:00:00,51,1,TK-01,1407.75,4.481,27.32,7.1,0.09,2.5,0.3535,0.0,0.003383,0.003384
2026-02-21 14:00:00,51,1,TK-02,1597.38,5.085,27.32,7.1,0.09,2.5,0.3535,0.0,0.0,0.0
2026-02-21 14:00:00,51,1,TK-03,1096.42,4.309,27.32,7.1,0.28,0.0,0.3535,0.000193,0.0,0.000193
2026-02-21 14:00:00,51,1,TK-04,1467.85,4.672,27.32,7.1,0.09,2.5,0.3535,0.0,0.0,0.0
2026-02-21 14:00:00,51,1,TK-05,1956.33,5.146,27.32,7.1,0.11,2.5,0.3535,0.0,0.0,0.0
2026-02-21 22:00:00,51,2,TK-01,1444.83,4.599,21.25,7.1,0.09,2.5,0.265,2e-06,0.0,2e-06
2026-02-21 22:00:00,51,2,TK-02,1467.0,4.67,21.25,7.1,0.09,2.5,0.265,2e-06,0.001694,0.001696
2026-02-21 22:00:00,51,2,TK-03,1123.53,4.415,21.25,7.1,0.28,0.0,0.265,0.000154,0.0,0.000154
2026-02-21 22:00:00,51,2,TK-04,1504.08,4.788,21.25,7.1,0.09,2.5,0.265,2e-06,0.0,2e-06
2026-02-21 22:00:00,51,2,TK-05,2000.31,5.262,21.25,7.1,0.11,2.5,0.265,3e-06,0.0,3e-06
2026-02-22 06:00:00,52,0,TK-01,1489.89,4.742,20.57,7.1,0.09,2.5,0.2564,2e-06,0.0,2e-06
2026-02-22 06:00:00,52,0,TK-02,1511.69,4.812,20.57,7.1,0.09,2.5,0.2564,3e-06,0.0,3e-06
2026-02-22 06:00:00,52,0,TK-03,1156.48,4.545,20.57,7.1,0.28,0.0,0.2564,0.000154,0.0,0.000154
2026-02-22 06:00:00,52,0,TK-04,1548.13,4.928,20.57,7.1,0.09,2.5,0.2564,3e-06,0.0,3e-06
2026-02-22 06:00:00,52,0,TK-05,1831.1,4.817,20.57,7.1,0.11,2.5,0.2564,3e-06,0.002233,0.002236
2026-02-22 14:00:00,52,1,TK-01,1548.26,4.928,29.29,7.1,0.09,2.5,0.3872,0.0,0.0,0.0
2026-02-22 14:00:00,52,1,TK-02,1569.57,4.996,29.29,7.1,0.09,2.5,0.3872,0.0,0.0,0.0
2026-02-22 14:00:00,52,1,TK-03,893.73,3.512,29.29,7.1,0.28,0.0,0.3872,0.000171,0.004506,0.004677
2026-02-22 14:00:00,52,1,TK-04,1605.19,5.109,29.29,7.1,0.09,2.5,0.3872,0.0,0.0,0.0
2026-02-22 14:00:00,52,1,TK-05,1905.37,5.012,29.29,7.1,0.11,2.5,0.3872,0.0,0.0,0.0
2026-02-22 22:00:00,52,2,TK-01,1579.75,5.028,24.06,7.1,0.09,2.5,0.3032,2e-06,0.0,2e-06
2026-02-22 22:00:00,52,2,TK-02,1600.79,5.095,24.06,7.1,0.09,2.5,0.3032,2e-06,0.0,2e-06
2026-02-22 22:00:00,52,2,TK-03,920.55,3.618,24.06,7.1,0.28,0.0,0.3032,0.000142,0.0,0.000142
2026-02-22 22:00:00,52,2,TK-04,1506.37,4.795,24.06,7.1,0.09,2.5,0.3032,1e-06,0.00151,0.001512
2026-02-22 22:00:00,52,2,TK-05,1945.43,5.118,24.06,7.1,0.11,2.5,0.3032,2e-06,0.0,2e-06
2026-02-23 06:00:00,53,0,TK-01,1629.52,5.187,22.75,7.1,0.09,2.5,0.2849,2e-06,0.0,2e-06
2026-02-23 06:00:00,53,0,TK-02,1373.79,4.373,22.75,7.1,0.09,2.5,0.2849,2e-06,0.003054,0.003056
2026-02-23 06:00:00,53,0,TK-03,962.95,3.784,22.75,7.1,0.28,0.0,0.2849,0.000141,0.0,0.000141
2026-02-23 06:00:00,53,0,TK-04,1557.6,4.958,22.75,7.1,0.09,2.5,0.2849,2e-06,0.0,2e-06
2026-02-23 06:00:00,53,0,TK-05,2008.76,5.284,22.75,7.1,0.11,2.5,0.2849,3e-06,0.0,3e-06
2026-02-23 14:00:00,53,1,TK-01,1348.16,4.291,28.23,7.1,0.09,2.5,0.3687,0.0,0.004719,0.004719
2026-02-23 14:00:00,53,1,TK-02,1432.63,4.56,28.23,7.1,0.09,2.5,0.3687,0.0,0.0,0.0
2026-02-23 14:00:00,53,1,TK-03,1008.34,3.963,28.23,7.1,0.28,0.0,0.3687,0.000184,0.0,0.000184
2026-02-23 14:00:00,53,1,TK-04,1612.45,5.133,28.23,7.1,0.09,2.5,0.3687,0.0,0.0,0.0
2026-02-23 14:00:00,53,1,TK-05,2076.56,5.463,28.23,7.1,0.11,2.5,0.3687,0.0,0.0,0.0
2026-02-23 22:00:00,53,2,TK-01,1384.67,4.408,23.74,7.1,0.09,2.5,0.2987,1e-06,0.0,1e-06
2026-02-23 22:00:00,53,2,TK-02,1468.01,4.673,23.74,7.1,0.09,2.5,0.2987,2e-06,0.0,2e-06
2026-02-23 22:00:00,53,2,TK-03,1035.63,4.07,23.74,7.1,0.28,0.0,0.2987,0.000158,0.0,0.000158
2026-02-23 22:00:00,53,2,TK-04,1645.43,5.238,23.74,7.1,0.09,2.5,0.2987,2e-06,0.0,2e-06
2026-02-23 22:00:00,53,2,TK-05,1959.46,5.155,23.74,7.1,0.11,2.5,0.2987,2e-06,0.001817,0.001819
2026-02-24 06:00:00,54,0,TK-01,1435.14,4.568,21.13,7.1,0.09,2.5,0.2635,2e-06,0.0,2e-06
2026-02-24 06:00:00,54,0,TK-02,1516.91,4.828,21.13,7.1,0.09,2.5,0.2635,2e-06,0.0,2e-06
2026-02-24 06:00:00,54,0,TK-03,1073.35,4.218,21.13,7.1,0.28,0.0,0.2635,0.000146,0.0,0.000146
2026-02-24 06:00:00,54,0,TK-04,1492.1,4.75,21.13,7.1,0.09,2.5,0.2635,2e-06,0.002046,0.002049
2026-02-24 06:00:00,54,0,TK-05,2018.77,5.311,21.13,7.1,0.11,2.5,0.2635,3e-06,0.0,3e-06
2026-02-24 14:00:00,54,1,TK-01,1495.12,4.759,28.01,7.1,0.09,2.5,0.3649,0.0,0.0,0.0
2026-02-24 14:00:00,54,1,TK-02,1575.05,5.014,28.01,7.1,0.09,2.5,0.3649,0.0,0.0,0.0
2026-02-24 14:00:00,54,1,TK-03,1118.2,4.394,28.01,7.1,0.28,0.0,0.3649,0.000202,0.0,0.000202
2026-02-24 14:00:00,54,1,TK-04,1550.8,4.936,28.01,7.1,0.09,2.5,0.3649,0.0,0.0,0.0
2026-02-24 14:00:00,54,1,TK-05,1833.55,4.823,28.01,7.1,0.11,2.5,0.3649,0.0,0.003577,0.003577
2026-02-24 22:00:00,54,2,TK-01,1535.55,4.888,23.24,7.1,0.09,2.5,0.2917,2e-06,0.0,2e-06
2026-02-24 22:00:00,54,2,TK-02,1448.79,4.612,23.24,7.1,0.09,2.5,0.2917,2e-06,0.001861,0.001862
2026-02-24 22:00:00,54,2,TK-03,1148.42,4.513,23.24,7.1,0.28,0.0,0.2917,0.000171,0.0,0.000171
2026-02-24 22:00:00,54,2,TK-04,1590.36,5.062,23.24,7.1,0.09,2.5,0.2917,2e-06,0.0,2e-06
2026-02-24 22:00:00,54,2,TK-05,1885.06,4.959,23.24,7.1,0.11,2.5,0.2917,2e-06,0.0,2e-06
2026-02-25 06:00:00,55,0,TK-01,1571.97,5.004,21.04,7.1,0.09,2.5,0.2623,2e-06,0.0,2e-06
2026-02-25 06:00:00,55,0,TK-02,1486.46,4.732,21.04,7.1,0.09,2.5,0.2623,2e-06,0.0,2e-06
2026-02-25 06:00:00,55,0,TK-03,1175.65,4.62,21.04,7.1,0.28,0.0,0.2623,0.000159,0.0,0.000159
2026-02-25 06:00:00,55,0,TK-04,1381.24,4.397,21.04,7.1,0.09,2.5,0.2623,2e-06,0.002498,0.0025
2026-02-25 06:00:00,55,0,TK-05,1931.46,5.081,21.04,7.1,0.11,2.5,0.2623,3e-06,0.0,3e-06
2026-02-25 14:00:00,55,1,TK-01,1623.18,5.167,28.48,7.1,0.09,2.5,0.3731,0.0,0.0,0.0
2026-02-25 14:00:00,55,1,TK-02,1539.41,4.9,28.48,7.1,0.09,2.5,0.3731,0.0,0.0,0.0
2026-02-25 14:00:00,55,1,TK-03,983.94,3.867,28.48,7.1,0.28,0.0,0.3731,0.000182,0.003271,0.003453
2026-02-25 14:00:00,55,1,TK-04,1436.34,4.572,28.48,7.1,0.09,2.5,0.3731,0.0,0.0,0.0
2026-02-25 14:00:00,55,1,TK-05,1996.7,5.253,28.48,7.1,0.11,2.5,0.3731,0.0,0.0,0.0
2026-02-25 22:00:00,55,2,TK-01,1468.47,4.674,22.47,7.1,0.09,2.5,0.281,2e-06,0.002046,0.002048
2026-02-25 22:00:00,55,2,TK-02,1574.16,5.011,22.47,7.1,0.09,2.5,0.281,2e-06,0.0,2e-06
2026-02-25 22:00:00,55,2,TK-03,1012.2,3.978,22.47,7.1,0.28,0.0,0.281,0.000146,0.0,0.000146
2026-02-25 22:00:00,55,2,TK-04,1472.49,4.687,22.47,7.1,0.09,2.5,0.281,2e-06,0.0,2e-06
2026-02-25 22:00:00,55,2,TK-05,2039.51,5.365,22.47,7.1,0.11,2.5,0.281,3e-06,0.0,3e-06
2026-02-26 06:00:00,56,0,TK-01,1517.44,4.83,22.23,7.1,0.09,2.5,0.2779,2e-06,0.0,2e-06
2026-02-26 06:00:00,56,0,TK-02,1621.15,5.16,22.23,7.1,0.09,2.5,0.2779,2e-06,0.0,2e-06
2026-02-26 06:00:00,56,0,TK-03,1050.42,4.128,22.23,7.1,0.28,0.0,0.2779,0.00015,0.0,0.00015
2026-02-26 06:00:00,56,0,TK-04,1521.39,4.843,22.23,7.1,0.09,2.5,0.2779,2e-06,0.0,2e-06
2026-02-26 06:00:00,56,0,TK-05,1859.26,4.891,22.23,7.1,0.11,2.5,0.2779,3e-06,0.002574,0.002577
2026-02-26 14:00:00,56,1,TK-01,1568.37,4.992,27.4,7.1,0.09,2.5,0.3548,0.0,0.0,0.0
2026-02-26 14:00:00,56,1,TK-02,1383.84,4.405,27.4,7.1,0.09,2.5,0.3548,0.0,0.003878,0.003879
2026-02-26 14:00:00,56,1,TK-03,1090.17,4.284,27.4,7.1,0.28,0.0,0.3548,0.000192,0.0,0.000192
2026-02-26 14:00:00,56,1,TK-04,1572.24,5.005,27.4,7.1,0.09,2.5,0.3548,0.0,0.0,0.0
2026-02-26 14:00:00,56,1,TK-05,1924.19,5.062,27.4,7.1,0.11,2.5,0.3548,0.0,0.0,0.0
2026-02-26 22:00:00,56,2,TK-01,1601.5,5.098,23.61,7.1,0.09,2.5,0.2969,2e-06,0.0,2e-06
2026-02-26 22:00:00,56,2,TK-02,1419.4,4.518,23.61,7.1,0.09,2.5,0.2969,2e-06,0.0,2e-06
2026-02-26 22:00:00,56,2,TK-03,1116.02,4.386,23.61,7.1,0.28,0.0,0.2969,0.000169,0.0,0.000169
2026-02-26 22:00:00,56,2,TK-04,1444.76,4.599,23.61,7.1,0.09,2.5,0.2969,2e-06,0.001836,0.001837
2026-02-26 22:00:00,56,2,TK-05,1966.43,5.173,23.61,7.1,0.11,2.5,0.2969,2e-06,0.0,2e-06
2026-02-27 06:00:00,57,0,TK-01,1402.67,4.465,21.51,7.1,0.09,2.5,0.2684,2e-06,0.002537,0.002539
2026-02-27 06:00:00,57,0,TK-02,1466.49,4.668,21.51,7.1,0.09,2.5,0.2684,2e-06,0.0,2e-06
2026-02-27 06:00:00,57,0,TK-03,1150.26,4.52,21.51,7.1,0.28,0.0,0.2684,0.000159,0.0,0.000159
2026-02-27 06:00:00,57,0,TK-04,1491.41,4.747,21.51,7.1,0.09,2.5,0.2684,2e-06,0.0,2e-06
2026-02-27 06:00:00,57,0,TK-05,2022.36,5.32,21.51,7.1,0.11,2.5,0.2684,3e-06,0.0,3e-06
2026-02-27 14:00:00,57,1,TK-01,1452.99,4.625,27.52,7.1,0.09,2.5,0.3568,0.0,0.0,0.0
2026-02-27 14:00:00,57,1,TK-02,1515.6,4.824,27.52,7.1,0.09,2.5,0.3568,0.0,0.0,0.0
2026-02-27 14:00:00,57,1,TK-03,1185.98,4.661,27.52,7.1,0.28,0.0,0.3568,0.000209,0.0,0.000209
2026-02-27 14:00:00,57,1,TK-04,1540.05,4.902,27.52,7.1,0.09,2.5,0.3568,0.0,0.0,0.0
2026-02-27 14:00:00,57,1,TK-05,1791.57,4.713,27.52,7.1,0.11,2.5,0.3568,0.0,0.00394,0.00394
2026-02-27 22:00:00,57,2,TK-01,1483.43,4.722,22.64,7.1,0.09,2.5,0.2834,2e-06,0.0,2e-06
2026-02-27 22:00:00,57,2,TK-02,1545.32,4.919,22.64,7.1,0.09,2.5,0.2834,2e-06,0.0,2e-06
2026-02-27 22:00:00,57,2,TK-03,1024.98,4.028,22.64,7.1,0.28,0.0,0.2834,0.000149,0.001994,0.002143
2026-02-27 22:00:00,57,2,TK-04,1569.48,4.996,22.64,7.1,0.09,2.5,0.2834,2e-06,0.0,2e-06
2026-02-27 22:00:00,57,2,TK-05,1830.22,4.815,22.64,7.1,0.11,2.5,0.2834,2e-06,0.0,2e-06
2026-02-28 06:00:00,58,0,TK-01,1527.74,4.863,21.41,7.1,0.09,2.5,0.2671,2e-06,0.0,2e-06
2026-02-28 06:00:00,58,0,TK-02,1588.57,5.057,21.41,7.1,0.09,2.5,0.2671,2e-06,0.0,2e-06
2026-02-28 06:00:00,58,0,TK-03,1059.55,4.164,21.41,7.1,0.28,0.0,0.2671,0.000146,0.0,0.000146
2026-02-28 06:00:00,58,0,TK-04,1325.75,4.22,21.41,7.1,0.09,2.5,0.2671,2e-06,0.002983,0.002985
2026-02-28 06:00:00,58,0,TK-05,1886.47,4.963,21.41,7.1,0.11,2.5,0.2671,3e-06,0.0,3e-06
2026-02-28 14:00:00,58,1,TK-01,1587.82,5.054,29.27,7.1,0.09,2.5,0.3868,0.0,0.0,0.0
2026-02-28 14:00:00,58,1,TK-02,1347.32,4.289,29.27,7.1,0.09,2.5,0.3868,0.0,0.004422,0.004422
2026-02-28 14:00:00,58,1,TK-03,1106.42,4.348,29.27,7.1,0.28,0.0,0.3868,0.00021,0.0,0.00021
2026-02-28 14:00:00,58,1,TK-04,1390.57,4.426,29.27,7.1,0.09,2.5,0.3868,0.0,0.0,0.0
2026-02-28 14:00:00,58,1,TK-05,1962.74,5.163,29.27,7.1,0.11,2.5,0.3868,0.0,0.0,0.0
2026-02-28 22:00:00,58,2,TK-01,1445.47,4.601,23.97,7.1,0.09,2.5,0.3019,1e-06,0.002028,0.00203
2026-02-28 22:00:00,58,2,TK-02,1382.81,4.402,23.97,7.1,0.09,2.5,0.3019,1e-06,0.0,1e-06
2026-02-28 22:00:00,58,2,TK-03,1131.66,4.447,23.97,7.1,0.28,0.0,0.3019,0.000173,0.0,0.000173
2026-02-28 22:00:00,58,2,TK-04,1425.49,4.537,23.97,7.1,0.09,2.5,0.3019,1e-06,0.0,1e-06
2026-02-28 22:00:00,58,2,TK-05,2003.83,5.271,23.97,7.1,0.11,2.5,0.3019,2e-06,0.0,2e-06
2026-03-01 06:00:00,59,0,TK-01,1484.8,4.726,20.43,7.1,0.09,2.5,0.2546,3e-06,0.0,3e-06
2026-03-01 06:00:00,59,0,TK-02,1423.07,4.53,20.43,7.1,0.09,2.5,0.2546,2e-06,0.0,2e-06
2026-03-01 06:00:00,59,0,TK-03,1160.31,4.56,20.43,7.1,0.28,0.0,0.2546,0.000153,0.0,0.000153
2026-03-01 06:00:00,59,0,TK-04,1465.12,4.664,20.43,7.1,0.09,2.5,0.2546,3e-06,0.0,3e-06
2026-03-01 06:00:00,59,0,TK-05,1856.16,4.883,20.43,7.1,0.11,2.5,0.2546,3e-06,0.001926,0.001929
2026-03-01 14:00:00,59,1,TK-01,1539.67,4.901,27.81,7.1,0.09,2.5,0.3616,0.0,0.0,0.0
2026-03-01 14:00:00,59,1,TK-02,1479.24,4.709,27.81,7.1,0.09,2.5,0.3616,0.0,0.0,0.0
2026-03-01 14:00:00,59,1,TK-03,901.57,3.543,27.81,7.1,0.28,0.0,0.3616,0.000163,0.00413,0.004292
2026-03-01 14:00:00,59,1,TK-04,1520.41,4.84,27.81,7.1,0.09,2.5,0.3616,0.0,0.0,0.0
2026-03-01 14:00:00,59,1,TK-05,1925.3,5.065,27.81,7.1,0.11,2.5,0.3616,0.0,0.0,0.0
2026-03-01 22:00:00,59,2,TK-01,1368.34,4.356,23.19,7.1,0.09,2.5,0.2909,2e-06,0.00224,0.002241
2026-03-01 22:00:00,59,2,TK-02,1508.62,4.802,23.19,7.1,0.09,2.5,0.2909,2e-06,0.0,2e-06
2026-03-01 22:00:00,59,2,TK-03,925.84,3.638,23.19,7.1,0.28,0.0,0.2909,0.000138,0.0,0.000138
2026-03-01 22:00:00,59,2,TK-04,1549.32,4.932,23.19,7.1,0.09,2.5,0.2909,2e-06,0.0,2e-06
2026-03-01 22:00:00,59,2,TK-05,1961.46,5.16,23.19,7.1,0.11,2.5,0.2909,2e-06,0.0,2e-06
2026-03-02 06:00:00,60,0,TK-01,1416.45,4.509,21.98,7.1,0.09,2.5,0.2745,2e-06,0.0,2e-06
2026-03-02 06:00:00,60,0,TK-02,1554.25,4.947,21.98,7.1,0.09,2.5,0.2745,2e-06,0.0,2e-06
2026-03-02 06:00:00,60,0,TK-03,963.54,3.786,21.98,7.1,0.28,0.0,0.2745,0.000137,0.0,0.000137
2026-03-02 06:00:00,60,0,TK-04,1329.98,4.233,21.98,7.1,0.09,2.5,0.2745,2e-06,0.002824,0.002826
2026-03-02 06:00:00,60,0,TK-05,2017.63,5.308,21.98,7.1,0.11,2.5,0.2745,3e-06,0.0,3e-06
2026-03-02 14:00:00,60,1,TK-01,1476.38,4.699,30.08,7.1,0.09,2.5,0.4015,0.0,0.0,0.0
2026-03-02 14:00:00,60,1,TK-02,1611.08,5.128,30.08,7.1,0.09,2.5,0.4015,0.0,0.0,0.0
2026-03-02 14:00:00,60,1,TK-03,1010.49,3.971,30.08,7.1,0.28,0.0,0.4015,0.000199,0.0,0.000199
2026-03-02 14:00:00,60,1,TK-04,1391.85,4.43,30.08,7.1,0.09,2.5,0.4015,0.0,0.0,0.0
2026-03-02 14:00:00,60,1,TK-05,1766.47,4.647,30.08,7.1,0.11,2.5,0.4015,0.0,0.004901,0.004901
2026-03-02 22:00:00,60,2,TK-01,1511.79,4.812,24.72,7.1,0.09,2.5,0.3129,1e-06,0.0,1e-06
2026-03-02 22:00:00,60,2,TK-02,1499.31,4.772,24.72,7.1,0.09,2.5,0.3129,1e-06,0.001743,0.001744
2026-03-02 22:00:00,60,2,TK-03,1038.24,4.08,24.72,7.1,0.28,0.0,0.3129,0.000165,0.0,0.000165
2026-03-02 22:00:00,60,2,TK-04,1428.41,4.547,24.72,7.1,0.09,2.5,0.3129,1e-06,0.0,1e-06
2026-03-02 22:00:00,60,2,TK-05,1812.17,4.767,24.72,7.1,0.11,2.5,0.3129,1e-06,0.0,1e-06
2026-03-03 06:00:00,61,0,TK-01,1325.65,4.22,22.48,7.1,0.09,2.5,0.2812,2e-06,0.002608,0.00261
2026-03-03 06:00:00,61,0,TK-02,1551.54,4.939,22.48,7.1,0.09,2.5,0.2812,2e-06,0.0,2e-06
2026-03-03 06:00:00,61,0,TK-03,1078.96,4.24,22.48,7.1,0.28,0.0,0.2812,0.000156,0.0,0.000156
2026-03-03 06:00:00,61,0,TK-04,1482.07,4.718,22.48,7.1,0.09,2.5,0.2812,2e-06,0.0,2e-06
2026-03-03 06:00:00,61,0,TK-05,1879.25,4.944,22.48,7.1,0.11,2.5,0.2812,2e-06,0.0,2e-06
2026-03-03 14:00:00,61,1,TK-01,1386.11,4.412,29.2,7.1,0.09,2.5,0.3855,0.0,0.0,0.0
2026-03-03 14:00:00,61,1,TK-02,1391.66,4.43,29.2,7.1,0.09,2.5,0.3855,0.0,0.003162,0.003162
2026-03-03 14:00:00,61,1,TK-03,1122.24,4.41,29.2,7.1,0.28,0.0,0.3855,0.000212,0.0,0.000212
2026-03-03 14:00:00,61,1,TK-04,1539.1,4.899,29.2,7.1,0.09,2.5,0.3855,0.0,0.0,0.0
2026-03-03 14:00:00,61,1,TK-05,1950.54,5.131,29.2,7.1,0.11,2.5,0.3855,0.0,0.0,0.0
2026-03-03 22:00:00,61,2,TK-01,1425.14,4.536,24.79,7.1,0.09,2.5,0.3139,1e-06,0.0,1e-06
2026-03-03 22:00:00,61,2,TK-02,1430.61,4.554,24.79,7.1,0.09,2.5,0.3139,1e-06,0.0,1e-06
2026-03-03 22:00:00,61,2,TK-03,1150.19,4.52,24.79,7.1,0.28,0.0,0.3139,0.000182,0.0,0.000182
2026-03-03 22:00:00,61,2,TK-04,1389.6,4.423,24.79,7.1,0.09,2.5,0.3139,1e-06,0.002246,0.002247
2026-03-03 22:00:00,61,2,TK-05,1996.56,5.252,24.79,7.1,0.11,2.5,0.3139,2e-06,0.0,2e-06
2026-03-04 06:00:00,62,0,TK-01,1468.34,4.674,21.53,7.1,0.09,2.5,0.2686,2e-06,0.0,2e-06
2026-03-04 06:00:00,62,0,TK-02,1473.72,4.691,21.53,7.1,0.09,2.5,0.2686,2e-06,0.0,2e-06
2026-03-04 06:00:00,62,0,TK-03,1181.11,4.641,21.53,7.1,0.28,0.0,0.2686,0.000163,0.0,0.000163
2026-03-04 06:00:00,62,0,TK-04,1433.38,4.563,21.53,7.1,0.09,2.5,0.2686,2e-06,0.0,2e-06
2026-03-04 06:00:00,62,0,TK-05,1760.66,4.632,21.53,7.1,0.11,2.5,0.2686,3e-06,0.002994,0.002996
2026-03-04 14:00:00,62,1,TK-01,1538.46,4.897,31.03,7.1,0.09,2.5,0.4193,0.0,0.0,0.0
2026-03-04 14:00:00,62,1,TK-02,1543.7,4.914,31.03,7.1,0.09,2.5,0.4193,0.0,0.0,0.0
2026-03-04 14:00:00,62,1,TK-03,920.7,3.618,31.03,7.1,0.28,0.0,0.4193,0.000189,0.004957,0.005146
2026-03-04 14:00:00,62,1,TK-04,1504.44,4.789,31.03,7.1,0.09,2.5,0.4193,0.0,0.0,0.0
2026-03-04 14:00:00,62,1,TK-05,1851.04,4.869,31.03,7.1,0.11,2.5,0.4193,0.0,0.0,0.0
2026-03-04 22:00:00,62,2,TK-01,1572.67,5.006,23.83,7.1,0.09,2.5,0.2999,2e-06,0.0,2e-06
2026-03-04 22:00:00,62,2,TK-02,1436.12,4.571,23.83,7.1,0.09,2.5,0.2999,1e-06,0.001633,0.001634
2026-03-04 22:00:00,62,2,TK-03,949.36,3.731,23.83,7.1,0.28,0.0,0.2999,0.000145,0.0,0.000145
2026-03-04 22:00:00,62,2,TK-04,1539.11,4.899,23.83,7.1,0.09,2.5,0.2999,2e-06,0.0,2e-06
2026-03-04 22:00:00,62,2,TK-05,1895.13,4.985,23.83,7.1,0.11,2.5,0.2999,2e-06,0.0,2e-06
2026-03-05 06:00:00,63,0,TK-01,1414.12,4.501,22.97,7.1,0.09,2.5,0.2879,2e-06,0.002272,0.002273
2026-03-05 06:00:00,63,0,TK-02,1483.33,4.722,22.97,7.1,0.09,2.5,0.2879,2e-06,0.0,2e-06
2026-03-05 06:00:00,63,0,TK-03,986.88,3.878,22.97,7.1,0.28,0.0,0.2879,0.000146,0.0,0.000146
2026-03-05 06:00:00,63,0,TK-04,1584.48,5.044,22.97,7.1,0.09,2.5,0.2879,2e-06,0.0,2e-06
2026-03-05 06:00:00,63,0,TK-05,1952.83,5.137,22.97,7.1,0.11,2.5,0.2879,2e-06,0.0,2e-06
2026-03-05 14:00:00,63,1,TK-01,1473.04,4.689,29.76,7.1,0.09,2.5,0.3956,0.0,0.0,0.0
2026-03-05 14:00:00,63,1,TK-02,1540.72,4.904,29.76,7.1,0.09,2.5,0.3956,0.0,0.0,0.0
2026-03-05 14:00:00,63,1,TK-03,1032.49,4.057,29.76,7.1,0.28,0.0,0.3956,0.000201,0.0,0.000201
2026-03-05 14:00:00,63,1,TK-04,1379.84,4.392,29.76,7.1,0.09,2.5,0.3956,0.0,0.003915,0.003915
2026-03-05 14:00:00,63,1,TK-05,2022.99,5.322,29.76,7.1,0.11,2.5,0.3956,0.0,0.0,0.0
2026-03-05 22:00:00,63,2,TK-01,1503.42,4.786,23.94,7.1,0.09,2.5,0.3015,2e-06,0.0,2e-06
2026-03-05 22:00:00,63,2,TK-02,1570.32,4.998,23.94,7.1,0.09,2.5,0.3015,2e-06,0.0,2e-06
2026-03-05 22:00:00,63,2,TK-03,1056.01,4.15,23.94,7.1,0.28,0.0,0.3015,0.000162,0.0,0.000162
2026-03-05 22:00:00,63,2,TK-04,1411.3,4.492,23.94,7.1,0.09,2.5,0.3015,1e-06,0.0,1e-06
2026-03-05 22:00:00,63,2,TK-05,1883.2,4.954,23.94,7.1,0.11,2.5,0.3015,2e-06,0.002036,0.002038
2026-03-06 06:00:00,64,0,TK-01,1545.5,4.919,22.09,7.1,0.09,2.5,0.276,2e-06,0.0,2e-06
2026-03-06 06:00:00,64,0,TK-02,1369.32,4.359,22.09,7.1,0.09,2.5,0.276,2e-06,0.002588,0.00259
2026-03-06 06:00:00,64,0,TK-03,1088.58,4.278,22.09,7.1,0.28,0.0,0.276,0.000155,0.0,0.000155
2026-03-06 06:00:00,64,0,TK-04,1454.89,4.631,22.09,7.1,0.09,2.5,0.276,2e-06,0.0,2e-06
2026-03-06 06:00:00,64,0,TK-05,1936.18,5.093,22.09,7.1,0.11,2.5,0.276,3e-06,0.0,3e-06
2026-03-06 14:00:00,64,1,TK-01,1293.79,4.118,30.09,7.1,0.09,2.5,0.4016,0.0,0.004835,0.004835
2026-03-06 14:00:00,64,1,TK-02,1437.32,4.575,30.09,7.1,0.09,2.5,0.4016,0.0,0.0,0.0
2026-03-06 14:00:00,64,1,TK-03,1137.8,4.471,30.09,7.1,0.28,0.0,0.4016,0.000223,0.0,0.000223
2026-03-06 14:00:00,64,1,TK-04,1520.74,4.841,30.09,7.1,0.09,2.5,0.4016,0.0,0.0,0.0
2026-03-06 14:00:00,64,1,TK-05,2016.22,5.304,30.09,7.1,0.11,2.5,0.4016,0.0,0.0,0.0
2026-03-06 22:00:00,64,2,TK-01,1325.4,4.219,24.06,7.1,0.09,2.5,0.3033,1e-06,0.0,1e-06
2026-03-06 22:00:00,64,2,TK-02,1467.29,4.671,24.06,7.1,0.09,2.5,0.3033,1e-06,0.0,1e-06
2026-03-06 22:00:00,64,2,TK-03,1159.5,4.557,24.06,7.1,0.28,0.0,0.3033,0.000178,0.0,0.000178
2026-03-06 22:00:00,64,2,TK-04,1549.77,4.933,24.06,7.1,0.09,2.5,0.3033,2e-06,0.0,2e-06
2026-03-06 22:00:00,64,2,TK-05,1862.37,4.899,24.06,7.1,0.11,2.5,0.3033,2e-06,0.0022,0.002202
2026-03-07 06:00:00,65,0,TK-01,1376.81,4.383,21.33,7.1,0.09,2.5,0.266,2e-06,0.0,2e-06
2026-03-07 06:00:00,65,0,TK-02,1516.06,4.826,21.33,7.1,0.09,2.5,0.266,2e-06,0.0,2e-06
2026-03-07 06:00:00,65,0,TK-03,994.58,3.908,21.33,7.1,0.28,0.0,0.266,0.000137,0.002078,0.002215
2026-03-07 06:00:00,65,0,TK-04,1597.0,5.083,21.33,7.1,0.09,2.5,0.266,2e-06,0.0,2e-06
2026-03-07 06:00:00,65,0,TK-05,1923.31,5.06,21.33,7.1,0.11,2.5,0.266,3e-06,0.0,3e-06
2026-03-07 14:00:00,65,1,TK-01,1440.45,4.585,28.51,7.1,0.09,2.5,0.3736,0.0,0.0,0.0
2026-03-07 14:00:00,65,1,TK-02,1576.42,5.018,28.51,7.1,0.09,2.5,0.3736,0.0,0.0,0.0
2026-03-07 14:00:00,65,1,TK-03,1042.98,4.099,28.51,7.1,0.28,0.0,0.3736,0.000193,0.0,0.000193
2026-03-07 14:00:00,65,1,TK-04,1395.58,4.442,28.51,7.1,0.09,2.5,0.3736,0.0,0.003717,0.003717
2026-03-07 14:00:00,65,1,TK-05,1998.72,5.258,28.51,7.1,0.11,2.5,0.3736,0.0,0.0,0.0
2026-03-07 22:00:00,65,2,TK-01,1472.53,4.687,23.93,7.1,0.09,2.5,0.3013,1e-06,0.0,1e-06
2026-03-07 22:00:00,65,2,TK-02,1606.86,5.115,23.93,7.1,0.09,2.5,0.3013,2e-06,0.0,2e-06
2026-03-07 22:00:00,65,2,TK-03,1067.38,4.195,23.93,7.1,0.28,0.0,0.3013,0.000164,0.0,0.000164
2026-03-07 22:00:00,65,2,TK-04,1428.22,4.546,23.93,7.1,0.09,2.5,0.3013,1e-06,0.0,1e-06
2026-03-07 22:00:00,65,2,TK-05,1859.5,4.892,23.93,7.1,0.11,2.5,0.3013,2e-06,0.002053,0.002055
2026-03-08 06:00:00,66,0,TK-01,1523.8,4.85,22.69,7.1,0.09,2.5,0.284,2e-06,0.0,2e-06
2026-03-08 06:00:00,66,0,TK-02,1407.51,4.48,22.69,7.1,0.09,2.5,0.284,2e-06,0.002734,0.002736
2026-03-08 06:00:00,66,0,TK-03,1106.37,4.348,22.69,7.1,0.28,0.0,0.284,0.000161,0.0,0.000161
2026-03-08 06:00:00,66,0,TK-04,1480.35,4.712,22.69,7.1,0.09,2.5,0.284,2e-06,0.0,2e-06
2026-03-08 06:00:00,66,0,TK-05,1923.74,5.061,22.69,7.1,0.11,2.5,0.284,2e-06,0.0,2e-06
2026-03-08 14:00:00,66,1,TK-01,1324.96,4.217,28.65,7.1,0.09,2.5,0.376,0.0,0.003706,0.003706
2026-03-08 14:00:00,66,1,TK-02,1468.84,4.675,28.65,7.1,0.09,2.5,0.376,0.0,0.0,0.0
2026-03-08 14:00:00,66,1,TK-03,1150.99,4.523,28.65,7.1,0.28,0.0,0.376,0.000213,0.0,0.000213
2026-03-08 14:00:00,66,1,TK-04,1540.01,4.902,28.65,7.1,0.09,2.5,0.376,0.0,0.0,0.0
2026-03-08 14:00:00,66,1,TK-05,1997.24,5.254,28.65,7.1,0.11,2.5,0.376,0.0,0.0,0.0
2026-03-08 22:00:00,66,2,TK-01,1365.89,4.348,25.39,7.1,0.09,2.5,0.3229,1e-06,0.0,1e-06
2026-03-08 22:00:00,66,2,TK-02,1507.63,4.799,25.39,7.1,0.09,2.5,0.3229,1e-06,0.0,1e-06
2026-03-08 22:00:00,66,2,TK-03,1179.21,4.634,25.39,7.1,0.28,0.0,0.3229,0.000191,0.0,0.000191
2026-03-08 22:00:00,66,2,TK-04,1577.75,5.022,25.39,7.1,0.09,2.5,0.3229,1e-06,0.0,1e-06
2026-03-08 22:00:00,66,2,TK-05,1864.86,4.906,25.39,7.1,0.11,2.5,0.3229,1e-06,0.002215,0.002217
2026-03-09 06:00:00,67,0,TK-01,1414.82,4.504,22.69,7.1,0.09,2.5,0.284,2e-06,0.0,2e-06
2026-03-09 06:00:00,67,0,TK-02,1554.01,4.947,22.69,7.1,0.09,2.5,0.284,2e-06,0.0,2e-06
2026-03-09 06:00:00,67,0,TK-03,976.96,3.839,22.69,7.1,0.28,0.0,0.284,0.000143,0.002602,0.002744
2026-03-09 06:00:00,67,0,TK-04,1622.86,5.166,22.69,7.1,0.09,2.5,0.284,2e-06,0.0,2e-06
2026-03-09 06:00:00,67,0,TK-05,1923.67,5.061,22.69,7.1,0.11,2.5,0.284,2e-06,0.0,2e-06
2026-03-09 14:00:00,67,1,TK-01,1473.2,4.689,29.27,7.1,0.09,2.5,0.3869,0.0,0.0,0.0
2026-03-09 14:00:00,67,1,TK-02,1609.35,5.123,29.27,7.1,0.09,2.5,0.3869,0.0,0.0,0.0
2026-03-09 14:00:00,67,1,TK-03,1022.38,4.018,29.27,7.1,0.28,0.0,0.3869,0.000195,0.0,0.000195
2026-03-09 14:00:00,67,1,TK-04,1396.25,4.444,29.27,7.1,0.09,2.5,0.3869,0.0,0.004136,0.004136
2026-03-09 14:00:00,67,1,TK-05,1993.84,5.245,29.27,7.1,0.11,2.5,0.3869,0.0,0.0,0.0
2026-03-09 22:00:00,67,2,TK-01,1507.21,4.798,24.8,7.1,0.09,2.5,0.3141,1e-06,0.0,1e-06
2026-03-09 22:00:00,67,2,TK-02,1466.95,4.669,24.8,7.1,0.09,2.5,0.3141,1e-06,0.002101,0.002102
2026-03-09 22:00:00,67,2,TK-03,1048.84,4.122,24.8,7.1,0.28,0.0,0.3141,0.000167,0.0,0.000167
2026-03-09 22:00:00,67,2,TK-04,1431.26,4.556,24.8,7.1,0.09,2.5,0.3141,1e-06,0.0,1e-06
2026-03-09 22:00:00,67,2,TK-05,2034.72,5.353,24.8,7.1,0.11,2.5,0.3141,2e-06,0.0,2e-06
2026-03-10 06:00:00,68,0,TK-01,1553.12,4.944,23.42,7.1,0.09,2.5,0.2942,2e-06,0.0,2e-06
2026-03-10 06:00:00,68,0,TK-02,1513.58,4.818,23.42,7.1,0.09,2.5,0.2942,2e-06,0.0,2e-06
2026-03-10 06:00:00,68,0,TK-03,1084.56,4.262,23.42,7.1,0.28,0.0,0.2942,0.000163,0.0,0.000163
2026-03-10 06:00:00,68,0,TK-04,1478.52,4.706,23.42,7.1,0.09,2.5,0.2942,2e-06,0.0,2e-06
2026-03-10 06:00:00,68,0,TK-05,1875.75,4.934,23.42,7.1,0.11,2.5,0.2942,2e-06,0.002439,0.002441
2026-03-10 14:00:00,68,1,TK-01,1312.68,4.178,27.44,7.1,0.09,2.5,0.3555,0.0,0.004154,0.004154
2026-03-10 14:00:00,68,1,TK-02,1577.59,5.022,27.44,7.1,0.09,2.5,0.3555,0.0,0.0,0.0
2026-03-10 14:00:00,68,1,TK-03,1133.59,4.455,27.44,7.1,0.28,0.0,0.3555,0.0002,0.0,0.0002
2026-03-10 14:00:00,68,1,TK-04,1543.41,4.913,27.44,7.1,0.09,2.5,0.3555,0.0,0.0,0.0
2026-03-10 14:00:00,68,1,TK-05,1956.84,5.148,27.44,7.1,0.11,2.5,0.3555,0.0,0.0,0.0
2026-03-10 22:00:00,68,2,TK-01,1351.22,4.301,23.85,7.1,0.09,2.5,0.3002,1e-06,0.0,1e-06
2026-03-10 22:00:00,68,2,TK-02,1416.3,4.508,23.85,7.1,0.09,2.5,0.3002,1e-06,0.002265,0.002266
2026-03-10 22:00:00,68,2,TK-03,1160.29,4.56,23.85,7.1,0.28,0.0,0.3002,0.000177,0.0,0.000177
2026-03-10 22:00:00,68,2,TK-04,1578.74,5.025,23.85,7.1,0.09,2.5,0.3002,2e-06,0.0,2e-06
2026-03-10 22:00:00,68,2,TK-05,2000.99,5.264,23.85,7.1,0.11,2.5,0.3002,2e-06,0.0,2e-06
2026-03-11 06:00:00,69,0,TK-01,1397.43,4.448,22.89,7.1,0.09,2.5,0.2868,2e-06,0.0,2e-06
2026-03-11 06:00:00,69,0,TK-02,1461.41,4.652,22.89,7.1,0.09,2.5,0.2868,2e-06,0.0,2e-06
2026-03-11 06:00:00,69,0,TK-03,1192.31,4.685,22.89,7.1,0.28,0.0,0.2868,0.000175,0.0,0.000175
2026-03-11 06:00:00,69,0,TK-04,1621.1,5.16,22.89,7.1,0.09,2.5,0.2868,2e-06,0.0,2e-06
2026-03-11 06:00:00,69,0,TK-05,1845.4,4.855,22.89,7.1,0.11,2.5,0.2868,2e-06,0.002315,0.002318
2026-03-11 14:00:00,69,1,TK-01,1448.48,4.611,28.38,7.1,0.09,2.5,0.3714,0.0,0.0,0.0
2026-03-11 14:00:00,69,1,TK-02,1511.24,4.81,28.38,7.1,0.09,2.5,0.3714,0.0,0.0,0.0
2026-03-11 14:00:00,69,1,TK-03,1227.67,4.824,28.38,7.1,0.28,0.0,0.3714,0.000224,0.0,0.000224
2026-03-11 14:00:00,69,1,TK-04,1445.65,4.602,28.38,7.1,0.09,2.5,0.3714,0.0,0.003145,0.003145
2026-03-11 14:00:00,69,1,TK-05,1907.85,5.019,28.38,7.1,0.11,2.5,0.3714,0.0,0.0,0.0
2026-03-11 22:00:00,69,2,TK-01,1486.08,4.73,23.95,7.1,0.09,2.5,0.3016,1e-06,0.0,1e-06
2026-03-11 22:00:00,69,2,TK-02,1547.95,4.927,23.95,7.1,0.09,2.5,0.3016,2e-06,0.0,2e-06
2026-03-11 22:00:00,69,2,TK-03,1116.94,4.389,23.95,7.1,0.28,0.0,0.3016,0.000171,0.001588,0.001759
2026-03-11 22:00:00,69,2,TK-04,1483.3,4.721,23.95,7.1,0.09,2.5,0.3016,1e-06,0.0,1e-06
2026-03-11 22:00:00,69,2,TK-05,1953.84,5.14,23.95,7.1,0.11,2.5,0.3016,2e-06,0.0,2e-06
2026-03-12 06:00:00,70,0,TK-01,1534.66,4.885,22.52,7.1,0.09,2.5,0.2817,2e-06,0.0,2e-06
2026-03-12 06:00:00,70,0,TK-02,1411.55,4.493,22.52,7.1,0.09,2.5,0.2817,2e-06,0.00201,0.002012
2026-03-12 06:00:00,70,0,TK-03,1153.15,4.532,22.52,7.1,0.28,0.0,0.2817,0.000166,0.0,0.000166
2026-03-12 06:00:00,70,0,TK-04,1531.92,4.876,22.52,7.1,0.09,2.5,0.2817,2e-06,0.0,2e-06
2026-03-12 06:00:00,70,0,TK-05,2013.26,5.296,22.52,7.1,0.11,2.5,0.2817,3e-06,0.0,3e-06
2026-03-12 14:00:00,70,1,TK-01,1598.73,5.089,28.83,7.1,0.09,2.5,0.3791,0.0,0.0,0.0
2026-03-12 14:00:00,70,1,TK-02,1478.73,4.707,28.83,7.1,0.09,2.5,0.3791,0.0,0.0,0.0
2026-03-12 14:00:00,70,1,TK-03,1200.91,4.719,28.83,7.1,0.28,0.0,0.3791,0.000223,0.0,0.000223
2026-03-12 14:00:00,70,1,TK-04,1596.07,5.08,28.83,7.1,0.09,2.5,0.3791,0.0,0.0,0.0
2026-03-12 14:00:00,70,1,TK-05,1851.85,4.872,28.83,7.1,0.11,2.5,0.3791,0.0,0.003481,0.003481
2026-03-12 22:00:00,70,2,TK-01,1632.88,5.198,24.83,7.1,0.09,2.5,0.3146,1e-06,0.0,1e-06
2026-03-12 22:00:00,70,2,TK-02,1514.52,4.821,24.83,7.1,0.09,2.5,0.3146,1e-06,0.0,1e-06
2026-03-12 22:00:00,70,2,TK-03,1064.44,4.183,24.83,7.1,0.28,0.0,0.3146,0.000169,0.001954,0.002124
2026-03-12 22:00:00,70,2,TK-04,1630.25,5.189,24.83,7.1,0.09,2.5,0.3146,1e-06,0.0,1e-06
2026-03-12 22:00:00,70,2,TK-05,1896.92,4.99,24.83,7.1,0.11,2.5,0.3146,2e-06,0.0,2e-06
2026-03-13 06:00:00,71,0,TK-01,1420.87,4.523,22.96,7.1,0.09,2.5,0.2878,2e-06,0.002771,0.002773
2026-03-13 06:00:00,71,0,TK-02,1553.27,4.944,22.96,7.1,0.09,2.5,0.2878,2e-06,0.0,2e-06
2026-03-13 06:00:00,71,0,TK-03,1094.44,4.301,22.96,7.1,0.28,0.0,0.2878,0.000161,0.0,0.000161
2026-03-13 06:00:00,71,0,TK-04,1667.26,5.307,22.96,7.1,0.09,2.5,0.2878,2e-06,0.0,2e-06
2026-03-13 06:00:00,71,0,TK-05,1945.7,5.118,22.96,7.1,0.11,2.5,0.2878,2e-06,0.0,2e-06
2026-03-13 14:00:00,71,1,TK-01,1485.74,4.729,29.92,7.1,0.09,2.5,0.3985,0.0,0.0,0.0
2026-03-13 14:00:00,71,1,TK-02,1614.91,5.14,29.92,7.1,0.09,2.5,0.3985,0.0,0.0,0.0
2026-03-13 14:00:00,71,1,TK-03,1142.16,4.488,29.92,7.1,0.28,0.0,0.3985,0.000222,0.0,0.000222
2026-03-13 14:00:00,71,1,TK-04,1439.62,4.582,29.92,7.1,0.09,2.5,0.3985,0.0,0.004349,0.004349
2026-03-13 14:00:00,71,1,TK-05,2023.3,5.323,29.92,7.1,0.11,2.5,0.3985,0.0,0.0,0.0
2026-03-13 22:00:00,71,2,TK-01,1519.43,4.836,25.42,7.1,0.09,2.5,0.3234,1e-06,0.0,1e-06
2026-03-13 22:00:00,71,2,TK-02,1487.44,4.735,25.42,7.1,0.09,2.5,0.3234,1e-06,0.001971,0.001972
2026-03-13 22:00:00,71,2,TK-03,1166.94,4.586,25.42,7.1,0.28,0.0,0.3234,0.00019,0.0,0.00019
2026-03-13 22:00:00,71,2,TK-04,1473.92,4.692,25.42,7.1,0.09,2.5,0.3234,1e-06,0.0,1e-06
2026-03-13 22:00:00,71,2,TK-05,2063.61,5.429,25.42,7.1,0.11,2.5,0.3234,1e-06,0.0,1e-06
2026-03-14 06:00:00,72,0,TK-01,1568.11,4.991,23.59,7.1,0.09,2.5,0.2965,2e-06,0.0,2e-06
2026-03-14 06:00:00,72,0,TK-02,1536.74,4.892,23.59,7.1,0.09,2.5,0.2965,2e-06,0.0,2e-06
2026-03-14 06:00:00,72,0,TK-03,1202.76,4.727,23.59,7.1,0.28,0.0,0.2965,0.000181,0.0,0.000181
2026-03-14 06:00:00,72,0,TK-04,1523.47,4.849,23.59,7.1,0.09,2.5,0.2965,2e-06,0.0,2e-06
2026-03-14 06:00:00,72,0,TK-05,1902.04,5.004,23.59,7.1,0.11,2.5,0.2965,2e-06,0.002525,0.002527
2026-03-14 14:00:00,72,1,TK-01,1624.01,5.169,30.55,7.1,0.09,2.5,0.4102,0.0,0.0,0.0
2026-03-14 14:00:00,72,1,TK-02,1593.32,5.072,30.55,7.1,0.09,2.5,0.4102,0.0,0.0,0.0
2026-03-14 14:00:00,72,1,TK-03,996.63,3.917,30.55,7.1,0.28,0.0,0.4102,0.0002,0.003852,0.004053
2026-03-14 14:00:00,72,1,TK-04,1580.35,5.03,30.55,7.1,0.09,2.5,0.4102,0.0,0.0,0.0
2026-03-14 14:00:00,72,1,TK-05,1973.79,5.192,30.55,7.1,0.11,2.5,0.4102,0.0,0.0,0.0
2026-03-14 22:00:00,72,2,TK-01,1456.06,4.635,23.84,7.1,0.09,2.5,0.3,1e-06,0.00226,0.002261
2026-03-14 22:00:00,72,2,TK-02,1621.86,5.163,23.84,7.1,0.09,2.5,0.3,2e-06,0.0,2e-06
2026-03-14 22:00:00,72,2,TK-03,1020.2,4.009,23.84,7.1,0.28,0.0,0.3,0.000156,0.0,0.000156
2026-03-14 22:00:00,72,2,TK-04,1609.03,5.122,23.84,7.1,0.09,2.5,0.3,2e-06,0.0,2e-06
2026-03-14 22:00:00,72,2,TK-05,2009.96,5.288,23.84,7.1,0.11,2.5,0.3,2e-06,0.0,2e-06
2026-03-15 06:00:00,73,0,TK-01,1503.66,4.786,22.9,7.1,0.09,2.5,0.2869,2e-06,0.0,2e-06
2026-03-15 06:00:00,73,0,TK-02,1410.75,4.491,22.9,7.1,0.09,2.5,0.2869,2e-06,0.002844,0.002846
2026-03-15 06:00:00,73,0,TK-03,1057.03,4.154,22.9,7.1,0.28,0.0,0.2869,0.000156,0.0,0.000156
2026-03-15 06:00:00,73,0,TK-04,1653.86,5.264,22.9,7.1,0.09,2.5,0.2869,2e-06,0.0,2e-06
2026-03-15 06:00:00,73,0,TK-05,2066.51,5.436,22.9,7.1,0.11,2.5,0.2869,3e-06,0.0,3e-06
2026-03-15 14:00:00,73,1,TK-01,1564.48,4.98,28.89,7.1,0.09,2.5,0.3802,0.0,0.0,0.0
2026-03-15 14:00:00,73,1,TK-02,1473.76,4.691,28.89,7.1,0.09,2.5,0.3802,0.0,0.0,0.0
2026-03-15 14:00:00,73,1,TK-03,1104.09,4.339,28.89,7.1,0.28,0.0,0.3802,0.000207,0.0,0.000207
2026-03-15 14:00:00,73,1,TK-04,1400.04,4.456,28.89,7.1,0.09,2.5,0.3802,0.0,0.004514,0.004514
2026-03-15 14:00:00,73,1,TK-05,2138.76,5.626,28.89,7.1,0.11,2.5,0.3802,0.0,0.0,0.0
2026-03-15 22:00:00,73,2,TK-01,1596.3,5.081,24.13,7.1,0.09,2.5,0.3043,2e-06,0.0,2e-06
2026-03-15 22:00:00,73,2,TK-02,1506.73,4.796,24.13,7.1,0.09,2.5,0.3043,1e-06,0.0,1e-06
2026-03-15 22:00:00,73,2,TK-03,1128.71,4.436,24.13,7.1,0.28,0.0,0.3043,0.000174,0.0,0.000174
2026-03-15 22:00:00,73,2,TK-04,1433.94,4.564,24.13,7.1,0.09,2.5,0.3043,1e-06,0.0,1e-06
2026-03-15 22:00:00,73,2,TK-05,2014.47,5.299,24.13,7.1,0.11,2.5,0.3043,2e-06,0.001896,0.001898
2026-03-16 06:00:00,74,0,TK-01,1437.67,4.576,21.49,7.1,0.09,2.5,0.268,2e-06,0.002177,0.002179
2026-03-16 06:00:00,74,0,TK-02,1558.03,4.959,21.49,7.1,0.09,2.5,0.268,2e-06,0.0,2e-06
2026-03-16 06:00:00,74,0,TK-03,1167.02,4.586,21.49,7.1,0.28,0.0,0.268,0.000161,0.0,0.000161
2026-03-16 06:00:00,74,0,TK-04,1486.69,4.732,21.49,7.1,0.09,2.5,0.268,2e-06,0.0,2e-06
2026-03-16 06:00:00,74,0,TK-05,2076.52,5.463,21.49,7.1,0.11,2.5,0.268,3e-06,0.0,3e-06
2026-03-16 14:00:00,74,1,TK-01,1488.68,4.739,29.66,7.1,0.09,2.5,0.3939,0.0,0.0,0.0
2026-03-16 14:00:00,74,1,TK-02,1606.73,5.114,29.66,7.1,0.09,2.5,0.3939,0.0,0.0,0.0
2026-03-16 14:00:00,74,1,TK-03,1203.39,4.729,29.66,7.1,0.28,0.0,0.3939,0.000232,0.0,0.000232
2026-03-16 14:00:00,74,1,TK-04,1536.76,4.892,29.66,7.1,0.09,2.5,0.3939,0.0,0.0,0.0
2026-03-16 14:00:00,74,1,TK-05,1814.5,4.773,29.66,7.1,0.11,2.5,0.3939,0.0,0.004803,0.004803
2026-03-16 22:00:00,74,2,TK-01,1523.13,4.848,25.0,7.1,0.09,2.5,0.3171,1e-06,0.0,1e-06
2026-03-16 22:00:00,74,2,TK-02,1639.6,5.219,25.0,7.1,0.09,2.5,0.3171,1e-06,0.0,1e-06
2026-03-16 22:00:00,74,2,TK-03,1060.72,4.168,25.0,7.1,0.28,0.0,0.3171,0.00017,0.002035,0.002205
2026-03-16 22:00:00,74,2,TK-04,1570.57,4.999,25.0,7.1,0.09,2.5,0.3171,1e-06,0.0,1e-06
2026-03-16 22:00:00,74,2,TK-05,1858.53,4.889,25.0,7.1,0.11,2.5,0.3171,1e-06,0.0,1e-06
2026-03-17 06:00:00,75,0,TK-01,1569.6,4.996,22.05,7.1,0.09,2.5,0.2754,2e-06,0.0,2e-06
2026-03-17 06:00:00,75,0,TK-02,1527.21,4.861,22.05,7.1,0.09,2.5,0.2754,2e-06,0.001678,0.00168
2026-03-17 06:00:00,75,0,TK-03,1096.89,4.31,22.05,7.1,0.28,0.0,0.2754,0.000156,0.0,0.000156
2026-03-17 06:00:00,75,0,TK-04,1616.18,5.144,22.05,7.1,0.09,2.5,0.2754,2e-06,0.0,2e-06
2026-03-17 06:00:00,75,0,TK-05,1917.93,5.045,22.05,7.1,0.11,2.5,0.2754,3e-06,0.0,3e-06
2026-03-17 14:00:00,75,1,TK-01,1624.12,5.17,29.61,7.1,0.09,2.5,0.3929,0.0,0.0,0.0
2026-03-17 14:00:00,75,1,TK-02,1582.65,5.038,29.61,7.1,0.09,2.5,0.3929,0.0,0.0,0.0
2026-03-17 14:00:00,75,1,TK-03,1139.31,4.477,29.61,7.1,0.28,0.0,0.3929,0.000219,0.0,0.000219
2026-03-17 14:00:00,75,1,TK-04,1362.53,4.337,29.61,7.1,0.09,2.5,0.3929,0.0,0.00459,0.00459
2026-03-17 14:00:00,75,1,TK-05,1987.62,5.229,29.61,7.1,0.11,2.5,0.3929,0.0,0.0,0.0
2026-03-17 22:00:00,75,2,TK-01,1473.93,4.692,24.62,7.1,0.09,2.5,0.3114,1e-06,0.002082,0.002083
2026-03-17 22:00:00,75,2,TK-02,1607.9,5.118,24.62,7.1,0.09,2.5,0.3114,1e-06,0.0,1e-06
2026-03-17 22:00:00,75,2,TK-03,1158.63,4.553,24.62,7.1,0.28,0.0,0.3114,0.000183,0.0,0.000183
2026-03-17 22:00:00,75,2,TK-04,1390.0,4.425,24.62,7.1,0.09,2.5,0.3114,1e-06,0.0,1e-06
2026-03-17 22:00:00,75,2,TK-05,2019.35,5.312,24.62,7.1,0.11,2.5,0.3114,2e-06,0.0,2e-06
2026-03-18 06:00:00,76,0,TK-01,1522.84,4.847,22.82,7.1,0.09,2.5,0.2858,2e-06,0.0,2e-06
2026-03-18 06:00:00,76,0,TK-02,1437.72,4.576,22.82,7.1,0.09,2.5,0.2858,2e-06,0.002401,0.002403
2026-03-18 06:00:00,76,0,TK-03,1194.14,4.693,22.82,7.1,0.28,0.0,0.2858,0.000175,0.0,0.000175
2026-03-18 06:00:00,76,0,TK-04,1440.48,4.585,22.82,7.1,0.09,2.5,0.2858,2e-06,0.0,2e-06
2026-03-18 06:00:00,76,0,TK-05,2077.67,5.466,22.82,7.1,0.11,2.5,0.2858,3e-06,0.0,3e-06
2026-03-18 14:00:00,76,1,TK-01,1587.69,5.054,29.24,7.1,0.09,2.5,0.3864,0.0,0.0,0.0
2026-03-18 14:00:00,76,1,TK-02,1504.72,4.79,29.24,7.1,0.09,2.5,0.3864,0.0,0.0,0.0
2026-03-18 14:00:00,76,1,TK-03,1241.22,4.878,29.24,7.1,0.28,0.0,0.3864,0.000235,0.0,0.000235
2026-03-18 14:00:00,76,1,TK-04,1507.42,4.798,29.24,7.1,0.09,2.5,0.3864,0.0,0.0,0.0
2026-03-18 14:00:00,76,1,TK-05,1842.88,4.848,29.24,7.1,0.11,2.5,0.3864,0.0,0.004616,0.004616
2026-03-18 22:00:00,76,2,TK-01,1618.63,5.152,25.89,7.1,0.09,2.5,0.3307,1e-06,0.0,1e-06
2026-03-18 22:00:00,76,2,TK-02,1536.69,4.891,25.89,7.1,0.09,2.5,0.3307,1e-06,0.0,1e-06
2026-03-18 22:00:00,76,2,TK-03,1113.06,4.374,25.89,7.1,0.28,0.0,0.3307,0.000185,0.001902,0.002087
2026-03-18 22:00:00,76,2,TK-04,1539.35,4.9,25.89,7.1,0.09,2.5,0.3307,1e-06,0.0,1e-06
2026-03-18 22:00:00,76,2,TK-05,1883.64,4.955,25.89,7.1,0.11,2.5,0.3307,1e-06,0.0,1e-06
2026-03-19 06:00:00,77,0,TK-01,1411.46,4.493,23.39,7.1,0.09,2.5,0.2938,2e-06,0.002943,0.002945
2026-03-19 06:00:00,77,0,TK-02,1589.6,5.06,23.39,7.1,0.09,2.5,0.2938,2e-06,0.0,2e-06
2026-03-19 06:00:00,77,0,TK-03,1153.38,4.532,23.39,7.1,0.28,0.0,0.2938,0.000173,0.0,0.000173
2026-03-19 06:00:00,77,0,TK-04,1592.21,5.068,23.39,7.1,0.09,2.5,0.2938,2e-06,0.0,2e-06
2026-03-19 06:00:00,77,0,TK-05,1951.12,5.133,23.39,7.1,0.11,2.5,0.2938,2e-06,0.0,2e-06
2026-03-19 14:00:00,77,1,TK-01,1466.12,4.667,29.8,7.1,0.09,2.5,0.3963,0.0,0.0,0.0
2026-03-19 14:00:00,77,1,TK-02,1640.61,5.222,29.8,7.1,0.09,2.5,0.3963,0.0,0.0,0.0
2026-03-19 14:00:00,77,1,TK-03,1192.23,4.685,29.8,7.1,0.28,0.0,0.3963,0.000231,0.0,0.000231
2026-03-19 14:00:00,77,1,TK-04,1322.51,4.21,29.8,7.1,0.09,2.5,0.3963,0.0,0.004821,0.004821
2026-03-19 14:00:00,77,1,TK-05,2016.16,5.304,29.8,7.1,0.11,2.5,0.3963,0.0,0.0,0.0
2026-03-19 22:00:00,77,2,TK-01,1499.81,4.774,25.21,7.1,0.09,2.5,0.3202,1e-06,0.0,1e-06
2026-03-19 22:00:00,77,2,TK-02,1466.9,4.669,25.21,7.1,0.09,2.5,0.3202,1e-06,0.002514,0.002515
2026-03-19 22:00:00,77,2,TK-03,1216.19,4.779,25.21,7.1,0.28,0.0,0.3202,0.000196,0.0,0.000196
2026-03-19 22:00:00,77,2,TK-04,1358.05,4.323,25.21,7.1,0.09,2.5,0.3202,1e-06,0.0,1e-06
2026-03-19 22:00:00,77,2,TK-05,2056.26,5.409,25.21,7.1,0.11,2.5,0.3202,1e-06,0.0,1e-06
2026-03-20 06:00:00,78,0,TK-01,1552.77,4.943,23.17,7.1,0.09,2.5,0.2906,2e-06,0.0,2e-06
2026-03-20 06:00:00,78,0,TK-02,1520.53,4.84,23.17,7.1,0.09,2.5,0.2906,2e-06,0.0,2e-06
2026-03-20 06:00:00,78,0,TK-03,1064.64,4.184,23.17,7.1,0.28,0.0,0.2906,0.000158,0.002137,0.002295
2026-03-20 06:00:00,78,0,TK-04,1413.92,4.501,23.17,7.1,0.09,2.5,0.2906,2e-06,0.0,2e-06
2026-03-20 06:00:00,78,0,TK-05,2119.28,5.575,23.17,7.1,0.11,2.5,0.2906,2e-06,0.0,2e-06
2026-03-20 14:00:00,78,1,TK-01,1608.02,5.118,30.62,7.1,0.09,2.5,0.4116,0.0,0.0,0.0
2026-03-20 14:00:00,78,1,TK-02,1576.49,5.018,30.62,7.1,0.09,2.5,0.4116,0.0,0.0,0.0
2026-03-20 14:00:00,78,1,TK-03,1108.06,4.354,30.62,7.1,0.28,0.0,0.4116,0.000222,0.0,0.000222
2026-03-20 14:00:00,78,1,TK-04,1472.2,4.686,30.62,7.1,0.09,2.5,0.4116,0.0,0.0,0.0
2026-03-20 14:00:00,78,1,TK-05,1882.49,4.952,30.62,7.1,0.11,2.5,0.4116,0.0,0.004726,0.004726
2026-03-20 22:00:00,78,2,TK-01,1465.01,4.663,26.23,7.1,0.09,2.5,0.336,1e-06,0.002203,0.002203
2026-03-20 22:00:00,78,2,TK-02,1606.08,5.112,26.23,7.1,0.09,2.5,0.336,1e-06,0.0,1e-06
2026-03-20 22:00:00,78,2,TK-03,1131.02,4.445,26.23,7.1,0.28,0.0,0.336,0.00019,0.0,0.00019
2026-03-20 22:00:00,78,2,TK-04,1503.02,4.784,26.23,7.1,0.09,2.5,0.336,1e-06,0.0,1e-06
2026-03-20 22:00:00,78,2,TK-05,1920.84,5.053,26.23,7.1,0.11,2.5,0.336,1e-06,0.0,1e-06
2026-03-21 06:00:00,79,0,TK-01,1509.16,4.804,23.5,7.1,0.09,2.5,0.2953,2e-06,0.0,2e-06
2026-03-21 06:00:00,79,0,TK-02,1454.45,4.63,23.5,7.1,0.09,2.5,0.2953,2e-06,0.002206,0.002207
2026-03-21 06:00:00,79,0,TK-03,1163.43,4.572,23.5,7.1,0.28,0.0,0.2953,0.000175,0.0,0.000175
2026-03-21 06:00:00,79,0,TK-04,1546.53,4.923,23.5,7.1,0.09,2.5,0.2953,2e-06,0.0,2e-06
2026-03-21 06:00:00,79,0,TK-05,1974.96,5.195,23.5,7.1,0.11,2.5,0.2953,2e-06,0.0,2e-06
2026-03-21 14:00:00,79,1,TK-01,1564.18,4.979,30.08,7.1,0.09,2.5,0.4014,0.0,0.0,0.0
2026-03-21 14:00:00,79,1,TK-02,1510.63,4.808,30.08,7.1,0.09,2.5,0.4014,0.0,0.0,0.0
2026-03-21 14:00:00,79,1,TK-03,975.97,3.835,30.08,7.1,0.28,0.0,0.4014,0.000192,0.003474,0.003667
2026-03-21 14:00:00,79,1,TK-04,1600.75,5.095,30.08,7.1,0.09,2.5,0.4014,0.0,0.0,0.0
2026-03-21 14:00:00,79,1,TK-05,2042.41,5.373,30.08,7.1,0.11,2.5,0.4014,0.0,0.0,0.0
2026-03-21 22:00:00,79,2,TK-01,1596.56,5.082,25.61,7.1,0.09,2.5,0.3264,1e-06,0.0,1e-06
2026-03-21 22:00:00,79,2,TK-02,1543.7,4.914,25.61,7.1,0.09,2.5,0.3264,1e-06,0.0,1e-06
2026-03-21 22:00:00,79,2,TK-03,1002.66,3.94,25.61,7.1,0.28,0.0,0.3264,0.000165,0.0,0.000165
2026-03-21 22:00:00,79,2,TK-04,1632.66,5.197,25.61,7.1,0.09,2.5,0.3264,1e-06,0.0,1e-06
2026-03-21 22:00:00,79,2,TK-05,1905.91,5.014,25.61,7.1,0.11,2.5,0.3264,1e-06,0.002198,0.0022
2026-03-22 06:00:00,80,0,TK-01,1642.87,5.229,24.36,7.1,0.09,2.5,0.3075,1e-06,0.0,1e-06
2026-03-22 06:00:00,80,0,TK-02,1591.0,5.064,24.36,7.1,0.09,2.5,0.3075,1e-06,0.0,1e-06
2026-03-22 06:00:00,80,0,TK-03,1040.85,4.09,24.36,7.1,0.28,0.0,0.3075,0.000163,0.0,0.000163
2026-03-22 06:00:00,80,0,TK-04,1426.88,4.542,24.36,7.1,0.09,2.5,0.3075,1e-06,0.002979,0.00298
2026-03-22 06:00:00,80,0,TK-05,1965.97,5.172,24.36,7.1,0.11,2.5,0.3075,2e-06,0.0,2e-06
2026-03-22 14:00:00,80,1,TK-01,1420.15,4.52,31.17,7.1,0.09,2.5,0.4219,0.0,0.004453,0.004453
2026-03-22 14:00:00,80,1,TK-02,1648.16,5.246,31.17,7.1,0.09,2.5,0.4219,0.0,0.0,0.0
2026-03-22 14:00:00,80,1,TK-03,1087.0,4.272,31.17,7.1,0.28,0.0,0.4219,0.000223,0.0,0.000223
2026-03-22 14:00:00,80,1,TK-04,1487.81,4.736,31.17,7.1,0.09,2.5,0.4219,0.0,0.0,0.0
2026-03-22 14:00:00,80,1,TK-05,2038.56,5.363,31.17,7.1,0.11,2.5,0.4219,0.0,0.0,0.0
2026-03-22 22:00:00,80,2,TK-01,1454.94,4.631,23.45,7.1,0.09,2.5,0.2946,2e-06,0.0,2e-06
2026-03-22 22:00:00,80,2,TK-02,1509.46,4.805,23.45,7.1,0.09,2.5,0.2946,2e-06,0.001933,0.001935
2026-03-22 22:00:00,80,2,TK-03,1112.68,4.373,23.45,7.1,0.28,0.0,0.2946,0.000167,0.0,0.000167
2026-03-22 22:00:00,80,2,TK-04,1521.71,4.844,23.45,7.1,0.09,2.5,0.2946,2e-06,0.0,2e-06
2026-03-22 22:00:00,80,2,TK-05,2078.95,5.469,23.45,7.1,0.11,2.5,0.2946,2e-06,0.0,2e-06
2026-03-23 06:00:00,81,0,TK-01,1492.2,4.75,22.63,7.1,0.09,2.5,0.2832,2e-06,0.0,2e-06
2026-03-23 06:00:00,81,0,TK-02,1545.95,4.921,22.63,7.1,0.09,2.5,0.2832,2e-06,0.0,2e-06
2026-03-23 06:00:00,81,0,TK-03,1140.19,4.481,22.63,7.1,0.28,0.0,0.2832,0.000165,0.0,0.000165
2026-03-23 06:00:00,81,0,TK-04,1558.02,4.959,22.63,7.1,0.09,2.5,0.2832,2e-06,0.0,2e-06
2026-03-23 06:00:00,81,0,TK-05,1884.8,4.958,22.63,7.1,0.11,2.5,0.2832,2e-06,0.002601,0.002604
2026-03-23 14:00:00,81,1,TK-01,1555.01,4.95,29.76,7.1,0.09,2.5,0.3956,0.0,0.0,0.0
2026-03-23 14:00:00,81,1,TK-02,1607.46,5.117,29.76,7.1,0.09,2.5,0.3956,0.0,0.0,0.0
2026-03-23 14:00:00,81,1,TK-03,1186.56,4.663,29.76,7.1,0.28,0.0,0.3956,0.000229,0.0,0.000229
2026-03-23 14:00:00,81,1,TK-04,1333.42,4.244,29.76,7.1,0.09,2.5,0.3956,0.0,0.004308,0.004308
2026-03-23 14:00:00,81,1,TK-05,1963.49,5.165,29.76,7.1,0.11,2.5,0.3956,0.0,0.0,0.0
2026-03-23 22:00:00,81,2,TK-01,1590.49,5.063,26.56,7.1,0.09,2.5,0.3411,1e-06,0.0,1e-06
2026-03-23 22:00:00,81,2,TK-02,1475.65,4.697,26.56,7.1,0.09,2.5,0.3411,1e-06,0.002167,0.002168
2026-03-23 22:00:00,81,2,TK-03,1212.75,4.766,26.56,7.1,0.28,0.0,0.3411,0.000206,0.0,0.000206
2026-03-23 22:00:00,81,2,TK-04,1372.01,4.367,26.56,7.1,0.09,2.5,0.3411,1e-06,0.0,1e-06
2026-03-23 22:00:00,81,2,TK-05,2007.94,5.282,26.56,7.1,0.11,2.5,0.3411,1e-06,0.0,1e-06
2026-03-24 06:00:00,82,0,TK-01,1638.32,5.215,23.65,7.1,0.09,2.5,0.2973,2e-06,0.0,2e-06
2026-03-24 06:00:00,82,0,TK-02,1525.68,4.856,23.65,7.1,0.09,2.5,0.2973,2e-06,0.0,2e-06
2026-03-24 06:00:00,82,0,TK-03,945.44,3.715,23.65,7.1,0.28,0.0,0.2973,0.000144,0.003484,0.003628
2026-03-24 06:00:00,82,0,TK-04,1424.03,4.533,23.65,7.1,0.09,2.5,0.2973,2e-06,0.0,2e-06
2026-03-24 06:00:00,82,0,TK-05,2067.86,5.44,23.65,7.1,0.11,2.5,0.2973,2e-06,0.0,2e-06
2026-03-24 14:00:00,82,1,TK-01,1440.34,4.585,29.44,7.1,0.09,2.5,0.3899,0.0,0.00375,0.00375
2026-03-24 14:00:00,82,1,TK-02,1582.66,5.038,29.44,7.1,0.09,2.5,0.3899,0.0,0.0,0.0
2026-03-24 14:00:00,82,1,TK-03,992.4,3.9,29.44,7.1,0.28,0.0,0.3899,0.000191,0.0,0.000191
2026-03-24 14:00:00,82,1,TK-04,1483.28,4.721,29.44,7.1,0.09,2.5,0.3899,0.0,0.0,0.0
2026-03-24 14:00:00,82,1,TK-05,2136.1,5.619,29.44,7.1,0.11,2.5,0.3899,0.0,0.0,0.0
2026-03-24 22:00:00,82,2,TK-01,1472.08,4.686,25.12,7.1,0.09,2.5,0.3188,1e-06,0.0,1e-06
2026-03-24 22:00:00,82,2,TK-02,1612.69,5.133,25.12,7.1,0.09,2.5,0.3188,1e-06,0.0,1e-06
2026-03-24 22:00:00,82,2,TK-03,1017.14,3.997,25.12,7.1,0.28,0.0,0.3188,0.000164,0.0,0.000164
2026-03-24 22:00:00,82,2,TK-04,1514.5,4.821,25.12,7.1,0.09,2.5,0.3188,1e-06,0.0,1e-06
2026-03-24 22:00:00,82,2,TK-05,1992.23,5.241,25.12,7.1,0.11,2.5,0.3188,1e-06,0.002195,0.002197
2026-03-25 06:00:00,83,0,TK-01,1515.54,4.824,24.39,7.1,0.09,2.5,0.308,1e-06,0.0,1e-06
2026-03-25 06:00:00,83,0,TK-02,1405.21,4.473,24.39,7.1,0.09,2.5,0.308,1e-06,0.002948,0.00295
2026-03-25 06:00:00,83,0,TK-03,1051.03,4.13,24.39,7.1,0.28,0.0,0.308,0.000164,0.0,0.000164
2026-03-25 06:00:00,83,0,TK-04,1557.25,4.957,24.39,7.1,0.09,2.5,0.308,1e-06,0.0,1e-06
2026-03-25 06:00:00,83,0,TK-05,2044.46,5.378,24.39,7.1,0.11,2.5,0.308,2e-06,0.0,2e-06
2026-03-25 14:00:00,83,1,TK-01,1575.64,5.015,30.76,7.1,0.09,2.5,0.4142,0.0,0.0,0.0
2026-03-25 14:00:00,83,1,TK-02,1467.89,4.672,30.76,7.1,0.09,2.5,0.4142,0.0,0.0,0.0
2026-03-25 14:00:00,83,1,TK-03,1097.88,4.314,30.76,7.1,0.28,0.0,0.4142,0.000221,0.0,0.000221
2026-03-25 14:00:00,83,1,TK-04,1616.38,5.145,30.76,7.1,0.09,2.5,0.4142,0.0,0.0,0.0
2026-03-25 14:00:00,83,1,TK-05,1836.79,4.832,30.76,7.1,0.11,2.5,0.4142,0.0,0.004407,0.004407
2026-03-25 22:00:00,83,2,TK-01,1607.88,5.118,24.98,7.1,0.09,2.5,0.3168,1e-06,0.0,1e-06
2026-03-25 22:00:00,83,2,TK-02,1501.51,4.779,24.98,7.1,0.09,2.5,0.3168,1e-06,0.0,1e-06
2026-03-25 22:00:00,83,2,TK-03,1123.02,4.413,24.98,7.1,0.28,0.0,0.3168,0.000179,0.0,0.000179
2026-03-25 22:00:00,83,2,TK-04,1483.47,4.722,24.98,7.1,0.09,2.5,0.3168,1e-06,0.001995,0.001996
2026-03-25 22:00:00,83,2,TK-05,1879.14,4.943,24.98,7.1,0.11,2.5,0.3168,1e-06,0.0,1e-06
2026-03-26 06:00:00,84,0,TK-01,1404.49,4.471,24.42,7.1,0.09,2.5,0.3086,1e-06,0.00295,0.002952
2026-03-26 06:00:00,84,0,TK-02,1547.86,4.927,24.42,7.1,0.09,2.5,0.3086,1e-06,0.0,1e-06
2026-03-26 06:00:00,84,0,TK-03,1157.67,4.549,24.42,7.1,0.28,0.0,0.3086,0.000181,0.0,0.000181
2026-03-26 06:00:00,84,0,TK-04,1530.14,4.871,24.42,7.1,0.09,2.5,0.3086,1e-06,0.0,1e-06
2026-03-26 06:00:00,84,0,TK-05,1937.52,5.097,24.42,7.1,0.11,2.5,0.3086,2e-06,0.0,2e-06
2026-03-26 14:00:00,84,1,TK-01,1456.62,4.637,29.95,7.1,0.09,2.5,0.3991,0.0,0.0,0.0
2026-03-26 14:00:00,84,1,TK-02,1597.2,5.084,29.95,7.1,0.09,2.5,0.3991,0.0,0.0,0.0
2026-03-26 14:00:00,84,1,TK-03,886.62,3.484,29.95,7.1,0.28,0.0,0.3991,0.000175,0.004663,0.004837
2026-03-26 14:00:00,84,1,TK-04,1579.83,5.029,29.95,7.1,0.09,2.5,0.3991,0.0,0.0,0.0
2026-03-26 14:00:00,84,1,TK-05,1999.66,5.26,29.95,7.1,0.11,2.5,0.3991,0.0,0.0,0.0
2026-03-26 22:00:00,84,2,TK-01,1495.47,4.76,25.7,7.1,0.09,2.5,0.3276,1e-06,0.0,1e-06
2026-03-26 22:00:00,84,2,TK-02,1441.37,4.588,25.7,7.1,0.09,2.5,0.3276,1e-06,0.002414,0.002415
2026-03-26 22:00:00,84,2,TK-03,918.66,3.61,25.7,7.1,0.28,0.0,0.3276,0.000152,0.0,0.000152
2026-03-26 22:00:00,84,2,TK-04,1616.86,5.147,25.7,7.1,0.09,2.5,0.3276,1e-06,0.0,1e-06
2026-03-26 22:00:00,84,2,TK-05,2045.98,5.382,25.7,7.1,0.11,2.5,0.3276,1e-06,0.0,1e-06
2026-03-27 06:00:00,85,0,TK-01,1541.56,4.907,24.34,7.1,0.09,2.5,0.3073,1e-06,0.0,1e-06
2026-03-27 06:00:00,85,0,TK-02,1488.42,4.738,24.34,7.1,0.09,2.5,0.3073,1e-06,0.0,1e-06
2026-03-27 06:00:00,85,0,TK-03,956.67,3.759,24.34,7.1,0.28,0.0,0.3073,0.00015,0.0,0.00015
2026-03-27 06:00:00,85,0,TK-04,1449.83,4.615,24.34,7.1,0.09,2.5,0.3073,1e-06,0.002497,0.002498
2026-03-27 06:00:00,85,0,TK-05,2100.91,5.527,24.34,7.1,0.11,2.5,0.3073,2e-06,0.0,2e-06
2026-03-27 14:00:00,85,1,TK-01,1600.46,5.094,29.81,7.1,0.09,2.5,0.3966,0.0,0.0,0.0
2026-03-27 14:00:00,85,1,TK-02,1548.56,4.929,29.81,7.1,0.09,2.5,0.3966,0.0,0.0,0.0
2026-03-27 14:00:00,85,1,TK-03,1005.26,3.95,29.81,7.1,0.28,0.0,0.3966,0.000196,0.0,0.000196
2026-03-27 14:00:00,85,1,TK-04,1510.86,4.809,29.81,7.1,0.09,2.5,0.3966,0.0,0.0,0.0
2026-03-27 14:00:00,85,1,TK-05,1873.46,4.928,29.81,7.1,0.11,2.5,0.3966,0.0,0.004501,0.004501
2026-03-27 22:00:00,85,2,TK-01,1473.22,4.689,27.31,7.1,0.09,2.5,0.3534,0.0,0.00218,0.002181
2026-03-27 22:00:00,85,2,TK-02,1584.22,5.043,27.31,7.1,0.09,2.5,0.3534,0.0,0.0,0.0
2026-03-27 22:00:00,85,2,TK-03,1034.07,4.064,27.31,7.1,0.28,0.0,0.3534,0.000182,0.0,0.000182
2026-03-27 22:00:00,85,2,TK-04,1547.05,4.924,27.31,7.1,0.09,2.5,0.3534,0.0,0.0,0.0
2026-03-27 22:00:00,85,2,TK-05,1919.29,5.049,27.31,7.1,0.11,2.5,0.3534,0.0,0.0,0.0
2026-03-28 06:00:00,86,0,TK-01,1517.47,4.83,25.12,7.1,0.09,2.5,0.3189,1e-06,0.0,1e-06
2026-03-28 06:00:00,86,0,TK-02,1400.2,4.457,25.12,7.1,0.09,2.5,0.3189,1e-06,0.002773,0.002774
2026-03-28 06:00:00,86,0,TK-03,1068.29,4.198,25.12,7.1,0.28,0.0,0.3189,0.000172,0.0,0.000172
2026-03-28 06:00:00,86,0,TK-04,1590.05,5.061,25.12,7.1,0.09,2.5,0.3189,1e-06,0.0,1e-06
2026-03-28 06:00:00,86,0,TK-05,1973.74,5.192,25.12,7.1,0.11,2.5,0.3189,1e-06,0.0,1e-06
2026-03-28 14:00:00,86,1,TK-01,1568.54,4.993,31.38,7.1,0.09,2.5,0.4259,0.0,0.0,0.0
2026-03-28 14:00:00,86,1,TK-02,1453.61,4.627,31.38,7.1,0.09,2.5,0.4259,0.0,0.0,0.0
2026-03-28 14:00:00,86,1,TK-03,1107.8,4.353,31.38,7.1,0.28,0.0,0.4259,0.000229,0.0,0.000229
2026-03-28 14:00:00,86,1,TK-04,1277.71,4.067,31.38,7.1,0.09,2.5,0.4259,0.0,0.005814,0.005814
2026-03-28 14:00:00,86,1,TK-05,2036.58,5.358,31.38,7.1,0.11,2.5,0.4259,0.0,0.0,0.0
2026-03-28 22:00:00,86,2,TK-01,1598.27,5.087,25.61,7.1,0.09,2.5,0.3263,1e-06,0.0,1e-06
2026-03-28 22:00:00,86,2,TK-02,1484.7,4.726,25.61,7.1,0.09,2.5,0.3263,1e-06,0.0,1e-06
2026-03-28 22:00:00,86,2,TK-03,1130.8,4.444,25.61,7.1,0.28,0.0,0.3263,0.000185,0.0,0.000185
2026-03-28 22:00:00,86,2,TK-04,1310.88,4.173,25.61,7.1,0.09,2.5,0.3263,1e-06,0.0,1e-06
2026-03-28 22:00:00,86,2,TK-05,1918.1,5.046,25.61,7.1,0.11,2.5,0.3263,1e-06,0.001935,0.001936
2026-03-29 06:00:00,87,0,TK-01,1392.84,4.434,24.34,7.1,0.09,2.5,0.3073,1e-06,0.002963,0.002965
2026-03-29 06:00:00,87,0,TK-02,1531.22,4.874,24.34,7.1,0.09,2.5,0.3073,1e-06,0.0,1e-06
2026-03-29 06:00:00,87,0,TK-03,1165.21,4.579,24.34,7.1,0.28,0.0,0.3073,0.000181,0.0,0.000181
2026-03-29 06:00:00,87,0,TK-04,1360.51,4.331,24.34,7.1,0.09,2.5,0.3073,1e-06,0.0,1e-06
2026-03-29 06:00:00,87,0,TK-05,1975.61,5.197,24.34,7.1,0.11,2.5,0.3073,2e-06,0.0,2e-06
2026-03-29 14:00:00,87,1,TK-01,1449.18,4.613,32.43,7.1,0.09,2.5,0.4466,0.0,0.0,0.0
2026-03-29 14:00:00,87,1,TK-02,1584.66,5.044,32.43,7.1,0.09,2.5,0.4466,0.0,0.0,0.0
2026-03-29 14:00:00,87,1,TK-03,938.35,3.687,32.43,7.1,0.28,0.0,0.4466,0.000203,0.004483,0.004686
2026-03-29 14:00:00,87,1,TK-04,1417.53,4.512,32.43,7.1,0.09,2.5,0.4466,0.0,0.0,0.0
2026-03-29 14:00:00,87,1,TK-05,2041.69,5.371,32.43,7.1,0.11,2.5,0.4466,0.0,0.0,0.0
2026-03-29 22:00:00,87,2,TK-01,1484.53,4.725,25.69,7.1,0.09,2.5,0.3276,1e-06,0.0,1e-06
2026-03-29 22:00:00,87,2,TK-02,1618.2,5.151,25.69,7.1,0.09,2.5,0.3276,1e-06,0.0,1e-06
2026-03-29 22:00:00,87,2,TK-03,966.73,3.799,25.69,7.1,0.28,0.0,0.3276,0.00016,0.0,0.00016
2026-03-29 22:00:00,87,2,TK-04,1453.3,4.626,25.69,7.1,0.09,2.5,0.3276,1e-06,0.0,1e-06
2026-03-29 22:00:00,87,2,TK-05,1893.06,4.98,25.69,7.1,0.11,2.5,0.3276,1e-06,0.002386,0.002387
2026-03-30 06:00:00,88,0,TK-01,1537.98,4.896,22.69,7.1,0.09,2.5,0.2841,2e-06,0.0,2e-06
2026-03-30 06:00:00,88,0,TK-02,1432.94,4.561,22.69,7.1,0.09,2.5,0.2841,2e-06,0.002604,0.002606
2026-03-30 06:00:00,88,0,TK-03,1009.64,3.968,22.69,7.1,0.28,0.0,0.2841,0.000147,0.0,0.000147
2026-03-30 06:00:00,88,0,TK-04,1507.39,4.798,22.69,7.1,0.09,2.5,0.2841,2e-06,0.0,2e-06
2026-03-30 06:00:00,88,0,TK-05,1959.64,5.155,22.69,7.1,0.11,2.5,0.2841,2e-06,0.0,2e-06
2026-03-30 14:00:00,88,1,TK-01,1600.49,5.095,30.6,7.1,0.09,2.5,0.4112,0.0,0.0,0.0
2026-03-30 14:00:00,88,1,TK-02,1498.04,4.768,30.6,7.1,0.09,2.5,0.4112,0.0,0.0,0.0
2026-03-30 14:00:00,88,1,TK-03,1059.82,4.165,30.6,7.1,0.28,0.0,0.4112,0.000213,0.0,0.000213
2026-03-30 14:00:00,88,1,TK-04,1570.65,5.0,30.6,7.1,0.09,2.5,0.4112,0.0,0.0,0.0
2026-03-30 14:00:00,88,1,TK-05,1770.74,4.658,30.6,7.1,0.11,2.5,0.4112,0.0,0.004179,0.004179
2026-03-30 22:00:00,88,2,TK-01,1500.7,4.777,26.58,7.1,0.09,2.5,0.3414,1e-06,0.00174,0.001741
2026-03-30 22:00:00,88,2,TK-02,1533.28,4.881,26.58,7.1,0.09,2.5,0.3414,1e-06,0.0,1e-06
2026-03-30 22:00:00,88,2,TK-03,1086.99,4.272,26.58,7.1,0.28,0.0,0.3414,0.000186,0.0,0.000186
2026-03-30 22:00:00,88,2,TK-04,1604.91,5.109,26.58,7.1,0.09,2.5,0.3414,1e-06,0.0,1e-06
2026-03-30 22:00:00,88,2,TK-05,1816.55,4.779,26.58,7.1,0.11,2.5,0.3414,1e-06,0.0,1e-06
2026-03-31 06:00:00,89,0,TK-01,1547.35,4.925,24.3,7.1,0.09,2.5,0.3067,1e-06,0.0,1e-06
2026-03-31 06:00:00,89,0,TK-02,1579.34,5.027,24.3,7.1,0.09,2.5,0.3067,1e-06,0.0,1e-06
2026-03-31 06:00:00,89,0,TK-03,1122.51,4.411,24.3,7.1,0.28,0.0,0.3067,0.000175,0.0,0.000175
2026-03-31 06:00:00,89,0,TK-04,1422.92,4.529,24.3,7.1,0.09,2.5,0.3067,1e-06,0.002681,0.002682
2026-03-31 06:00:00,89,0,TK-05,1876.41,4.936,24.3,7.1,0.11,2.5,0.3067,2e-06,0.0,2e-06
2026-03-31 14:00:00,89,1,TK-01,1598.55,5.088,31.08,7.1,0.09,2.5,0.4201,0.0,0.0,0.0
2026-03-31 14:00:00,89,1,TK-02,1321.2,4.206,31.08,7.1,0.09,2.5,0.4201,0.0,0.004895,0.004895
2026-03-31 14:00:00,89,1,TK-03,1161.48,4.564,31.08,7.1,0.28,0.0,0.4201,0.000236,0.0,0.000236
2026-03-31 14:00:00,89,1,TK-04,1476.64,4.7,31.08,7.1,0.09,2.5,0.4201,0.0,0.0,0.0
2026-03-31 14:00:00,89,1,TK-05,1942.12,5.109,31.08,7.1,0.11,2.5,0.4201,0.0,0.0,0.0
2026-03-31 22:00:00,89,2,TK-01,1429.31,4.55,27.23,7.1,0.09,2.5,0.352,0.0,0.002684,0.002684
2026-03-31 22:00:00,89,2,TK-02,1356.32,4.317,27.23,7.1,0.09,2.5,0.352,0.0,0.0,0.0
2026-03-31 22:00:00,89,2,TK-03,1185.54,4.659,27.23,7.1,0.28,0.0,0.352,0.000207,0.0,0.000207
2026-03-31 22:00:00,89,2,TK-04,1509.78,4.806,27.23,7.1,0.09,2.5,0.352,0.0,0.0,0.0
2026-03-31 22:00:00,89,2,TK-05,1982.67,5.216,27.23,7.1,0.11,2.5,0.352,0.0,0.0,0.0
2026-04-01 06:00:00,90,0,TK-01,1480.55,4.713,23.63,7.1,0.09,2.5,0.2971,2e-06,0.0,2e-06
2026-04-01 06:00:00,90,0,TK-02,1408.97,4.485,23.63,7.1,0.09,2.5,0.2971,2e-06,0.0,2e-06
2026-04-01 06:00:00,90,0,TK-03,992.5,3.9,23.63,7.1,0.28,0.0,0.2971,0.000151,0.002638,0.002789
2026-04-01 06:00:00,90,0,TK-04,1559.46,4.964,23.63,7.1,0.09,2.5,0.2971,2e-06,0.0,2e-06
2026-04-01 06:00:00,90,0,TK-05,2043.44,5.376,23.63,7.1,0.11,2.5,0.2971,2e-06,0.0,2e-06
2026-04-01 14:00:00,90,1,TK-01,1540.59,4.904,31.17,7.1,0.09,2.5,0.422,0.0,0.0,0.0
2026-04-01 14:00:00,90,1,TK-02,1470.66,4.681,31.17,7.1,0.09,2.5,0.422,0.0,0.0,0.0
2026-04-01 14:00:00,90,1,TK-03,1040.04,4.087,31.17,7.1,0.28,0.0,0.422,0.000214,0.0,0.000214
2026-04-01 14:00:00,90,1,TK-04,1617.69,5.149,31.17,7.1,0.09,2.5,0.422,0.0,0.0,0.0
2026-04-01 14:00:00,90,1,TK-05,1835.05,4.827,31.17,7.1,0.11,2.5,0.422,0.0,0.004478,0.004478
2026-04-01 22:00:00,90,2,TK-01,1566.89,4.988,26.49,7.1,0.09,2.5,0.34,1e-06,0.0,1e-06
2026-04-01 22:00:00,90,2,TK-02,1497.69,4.767,26.49,7.1,0.09,2.5,0.34,1e-06,0.0,1e-06
2026-04-01 22:00:00,90,2,TK-03,1060.86,4.169,26.49,7.1,0.28,0.0,0.34,0.000181,0.0,0.000181
2026-04-01 22:00:00,90,2,TK-04,1478.36,4.706,26.49,7.1,0.09,2.5,0.34,1e-06,0.002128,0.002129
2026-04-01 22:00:00,90,2,TK-05,1869.14,4.917,26.49,7.1,0.11,2.5,0.34,1e-06,0.0,1e-06
2026-04-02 06:00:00,91,0,TK-01,1423.18,4.53,25.6,7.1,0.09,2.5,0.3262,1e-06,0.002302,0.002303
2026-04-02 06:00:00,91,0,TK-02,1539.4,4.9,25.6,7.1,0.09,2.5,0.3262,1e-06,0.0,1e-06
2026-04-02 06:00:00,91,0,TK-03,1093.01,4.295,25.6,7.1,0.28,0.0,0.3262,0.00018,0.0,0.00018
2026-04-02 06:00:00,91,0,TK-04,1520.39,4.84,25.6,7.1,0.09,2.5,0.3262,1e-06,0.0,1e-06
2026-04-02 06:00:00,91,0,TK-05,1921.76,5.056,25.6,7.1,0.11,2.5,0.3262,1e-06,0.0,1e-06
2026-04-02 14:00:00,91,1,TK-01,1483.78,4.723,29.84,7.1,0.09,2.5,0.3971,0.0,0.0,0.0
2026-04-02 14:00:00,91,1,TK-02,1356.8,4.319,29.84,7.1,0.09,2.5,0.3971,0.0,0.003631,0.003631
2026-04-02 14:00:00,91,1,TK-03,1137.66,4.471,29.84,7.1,0.28,0.0,0.3971,0.000221,0.0,0.000221
2026-04-02 14:00:00,91,1,TK-04,1578.77,5.025,29.84,7.1,0.09,2.5,0.3971,0.0,0.0,0.0
2026-04-02 14:00:00,91,1,TK-05,1994.87,5.248,29.84,7.1,0.11,2.5,0.3971,0.0,0.0,0.0
2026-04-02 22:00:00,91,2,TK-01,1518.12,4.832,26.37,7.1,0.09,2.5,0.3382,1e-06,0.0,1e-06
2026-04-02 22:00:00,91,2,TK-02,1392.81,4.433,26.37,7.1,0.09,2.5,0.3382,1e-06,0.0,1e-06
2026-04-02 22:00:00,91,2,TK-03,1162.96,4.57,26.37,7.1,0.28,0.0,0.3382,0.000197,0.0,0.000197
2026-04-02 22:00:00,91,2,TK-04,1461.97,4.654,26.37,7.1,0.09,2.5,0.3382,1e-06,0.00193,0.001931
2026-04-02 22:00:00,91,2,TK-05,2036.29,5.357,26.37,7.1,0.11,2.5,0.3382,1e-06,0.0,1e-06
2026-04-03 06:00:00,92,0,TK-01,1564.91,4.981,23.97,7.1,0.09,2.5,0.302,2e-06,0.0,2e-06
2026-04-03 06:00:00,92,0,TK-02,1441.89,4.59,23.97,7.1,0.09,2.5,0.302,1e-06,0.0,1e-06
2026-04-03 06:00:00,92,0,TK-03,1197.43,4.706,23.97,7.1,0.28,0.0,0.302,0.000183,0.0,0.000183
2026-04-03 06:00:00,92,0,TK-04,1509.79,4.806,23.97,7.1,0.09,2.5,0.302,1e-06,0.0,1e-06
2026-04-03 06:00:00,92,0,TK-05,1863.79,4.903,23.97,7.1,0.11,2.5,0.302,2e-06,0.002675,0.002677
2026-04-03 14:00:00,92,1,TK-01,1614.66,5.14,31.47,7.1,0.09,2.5,0.4277,0.0,0.0,0.0
2026-04-03 14:00:00,92,1,TK-02,1494.07,4.756,31.47,7.1,0.09,2.5,0.4277,0.0,0.0,0.0
2026-04-03 14:00:00,92,1,TK-03,947.82,3.725,31.47,7.1,0.28,0.0,0.4277,0.000198,0.004625,0.004823
2026-04-03 14:00:00,92,1,TK-04,1560.63,4.968,31.47,7.1,0.09,2.5,0.4277,0.0,0.0,0.0
2026-04-03 14:00:00,92,1,TK-05,1928.33,5.073,31.47,7.1,0.11,2.5,0.4277,0.0,0.0,0.0
2026-04-03 22:00:00,92,2,TK-01,1457.0,4.638,25.92,7.1,0.09,2.5,0.3311,1e-06,0.002373,0.002373
2026-04-03 22:00:00,92,2,TK-02,1526.02,4.857,25.92,7.1,0.09,2.5,0.3311,1e-06,0.0,1e-06
2026-04-03 22:00:00,92,2,TK-03,973.81,3.827,25.92,7.1,0.28,0.0,0.3311,0.000163,0.0,0.000163
2026-04-03 22:00:00,92,2,TK-04,1591.76,5.067,25.92,7.1,0.09,2.5,0.3311,1e-06,0.0,1e-06
2026-04-03 22:00:00,92,2,TK-05,1967.85,5.177,25.92,7.1,0.11,2.5,0.3311,1e-06,0.0,1e-06
2026-04-04 06:00:00,93,0,TK-01,1495.03,4.759,23.68,7.1,0.09,2.5,0.2978,2e-06,0.0,2e-06
2026-04-04 06:00:00,93,0,TK-02,1563.05,4.975,23.68,7.1,0.09,2.5,0.2978,2e-06,0.0,2e-06
2026-04-04 06:00:00,93,0,TK-03,1003.91,3.945,23.68,7.1,0.28,0.0,0.2978,0.000153,0.0,0.000153
2026-04-04 06:00:00,93,0,TK-04,1380.58,4.395,23.68,7.1,0.09,2.5,0.2978,1e-06,0.002835,0.002836
2026-04-04 06:00:00,93,0,TK-05,2013.64,5.297,23.68,7.1,0.11,2.5,0.2978,2e-06,0.0,2e-06
2026-04-04 14:00:00,93,1,TK-01,1553.7,4.946,29.91,7.1,0.09,2.5,0.3984,0.0,0.0,0.0
2026-04-04 14:00:00,93,1,TK-02,1620.18,5.157,29.91,7.1,0.09,2.5,0.3984,0.0,0.0,0.0
2026-04-04 14:00:00,93,1,TK-03,1050.36,4.128,29.91,7.1,0.28,0.0,0.3984,0.000205,0.0,0.000205
2026-04-04 14:00:00,93,1,TK-04,1441.85,4.59,29.91,7.1,0.09,2.5,0.3984,0.0,0.0,0.0
2026-04-04 14:00:00,93,1,TK-05,1813.11,4.77,29.91,7.1,0.11,2.5,0.3984,0.0,0.004115,0.004115
2026-04-04 22:00:00,93,2,TK-01,1587.06,5.052,26.06,7.1,0.09,2.5,0.3333,1e-06,0.0,1e-06
2026-04-04 22:00:00,93,2,TK-02,1480.82,4.714,26.06,7.1,0.09,2.5,0.3333,1e-06,0.002184,0.002185
2026-04-04 22:00:00,93,2,TK-03,1076.77,4.231,26.06,7.1,0.28,0.0,0.3333,0.00018,0.0,0.00018
2026-04-04 22:00:00,93,2,TK-04,1476.69,4.7,26.06,7.1,0.09,2.5,0.3333,1e-06,0.0,1e-06
2026-04-04 22:00:00,93,2,TK-05,1856.87,4.885,26.06,7.1,0.11,2.5,0.3333,1e-06,0.0,1e-06
2026-04-05 06:00:00,94,0,TK-01,1407.49,4.48,24.84,7.1,0.09,2.5,0.3147,1e-06,0.002656,0.002657
2026-04-05 06:00:00,94,0,TK-02,1522.91,4.848,24.84,7.1,0.09,2.5,0.3147,1e-06,0.0,1e-06
2026-04-05 06:00:00,94,0,TK-03,1108.73,4.357,24.84,7.1,0.28,0.0,0.3147,0.000176,0.0,0.000176
2026-04-05 06:00:00,94,0,TK-04,1518.84,4.835,24.84,7.1,0.09,2.5,0.3147,1e-06,0.0,1e-06
2026-04-05 06:00:00,94,0,TK-05,1909.82,5.024,24.84,7.1,0.11,2.5,0.3147,2e-06,0.0,2e-06
2026-04-05 14:00:00,94,1,TK-01,1458.86,4.644,32.5,7.1,0.09,2.5,0.448,0.0,0.0,0.0
2026-04-05 14:00:00,94,1,TK-02,1344.48,4.28,32.5,7.1,0.09,2.5,0.448,0.0,0.003831,0.003831
2026-04-05 14:00:00,94,1,TK-03,1146.06,4.504,32.5,7.1,0.28,0.0,0.448,0.000247,0.0,0.000247
2026-04-05 14:00:00,94,1,TK-04,1568.08,4.991,32.5,7.1,0.09,2.5,0.448,0.0,0.0,0.0
2026-04-05 14:00:00,94,1,TK-05,1971.66,5.187,32.5,7.1,0.11,2.5,0.448,0.0,0.0,0.0
2026-04-05 22:00:00,94,2,TK-01,1485.65,4.729,26.9,7.1,0.09,2.5,0.3466,0.0,0.0,0.0
2026-04-05 22:00:00,94,2,TK-02,1372.44,4.369,26.9,7.1,0.09,2.5,0.3466,0.0,0.0,0.0
2026-04-05 22:00:00,94,2,TK-03,1165.53,4.58,26.9,7.1,0.28,0.0,0.3466,0.000201,0.0,0.000201
2026-04-05 22:00:00,94,2,TK-04,1440.55,4.585,26.9,7.1,0.09,2.5,0.3466,0.0,0.002013,0.002013
2026-04-05 22:00:00,94,2,TK-05,2003.9,5.272,26.9,7.1,0.11,2.5,0.3466,1e-06,0.0,1e-06
2026-04-06 06:00:00,95,0,TK-01,1537.68,4.895,22.84,7.1,0.09,2.5,0.2861,2e-06,0.0,2e-06
2026-04-06 06:00:00,95,0,TK-02,1426.73,4.541,22.84,7.1,0.09,2.5,0.2861,2e-06,0.0,2e-06
2026-04-06 06:00:00,95,0,TK-03,1203.33,4.729,22.84,7.1,0.28,0.0,0.2861,0.000176,0.0,0.000176
2026-04-06 06:00:00,95,0,TK-04,1493.48,4.754,22.84,7.1,0.09,2.5,0.2861,2e-06,0.0,2e-06
2026-04-06 06:00:00,95,0,TK-05,1840.87,4.843,22.84,7.1,0.11,2.5,0.2861,2e-06,0.00251,0.002513
2026-04-06 14:00:00,95,1,TK-01,1597.52,5.085,31.11,7.1,0.09,2.5,0.4207,0.0,0.0,0.0
2026-04-06 14:00:00,95,1,TK-02,1489.19,4.74,31.11,7.1,0.09,2.5,0.4207,0.0,0.0,0.0
2026-04-06 14:00:00,95,1,TK-03,954.54,3.751,31.11,7.1,0.28,0.0,0.4207,0.000196,0.004666,0.004862
2026-04-06 14:00:00,95,1,TK-04,1554.37,4.948,31.11,7.1,0.09,2.5,0.4207,0.0,0.0,0.0
2026-04-06 14:00:00,95,1,TK-05,1918.22,5.046,31.11,7.1,0.11,2.5,0.4207,0.0,0.0,0.0
2026-04-06 22:00:00,95,2,TK-01,1497.03,4.765,27.22,7.1,0.09,2.5,0.3518,0.0,0.00184,0.001841
2026-04-06 22:00:00,95,2,TK-02,1527.92,4.864,27.22,7.1,0.09,2.5,0.3518,0.0,0.0,0.0
2026-04-06 22:00:00,95,2,TK-03,985.87,3.874,27.22,7.1,0.28,0.0,0.3518,0.000173,0.0,0.000173
2026-04-06 22:00:00,95,2,TK-04,1592.12,5.068,27.22,7.1,0.09,2.5,0.3518,0.0,0.0,0.0
2026-04-06 22:00:00,95,2,TK-05,1966.18,5.172,27.22,7.1,0.11,2.5,0.3518,0.0,0.0,0.0
2026-04-07 06:00:00,96,0,TK-01,1542.29,4.909,24.81,7.1,0.09,2.5,0.3142,1e-06,0.0,1e-06
2026-04-07 06:00:00,96,0,TK-02,1572.64,5.006,24.81,7.1,0.09,2.5,0.3142,1e-06,0.0,1e-06
2026-04-07 06:00:00,96,0,TK-03,1022.05,4.016,24.81,7.1,0.28,0.0,0.3142,0.000163,0.0,0.000163
2026-04-07 06:00:00,96,0,TK-04,1361.22,4.333,24.81,7.1,0.09,2.5,0.3142,1e-06,0.003318,0.003319
2026-04-07 06:00:00,96,0,TK-05,2021.57,5.318,24.81,7.1,0.11,2.5,0.3142,2e-06,0.0,2e-06
2026-04-07 14:00:00,96,1,TK-01,1602.79,5.102,30.64,7.1,0.09,2.5,0.4118,0.0,0.0,0.0
2026-04-07 14:00:00,96,1,TK-02,1632.41,5.196,30.64,7.1,0.09,2.5,0.4118,0.0,0.0,0.0
2026-04-07 14:00:00,96,1,TK-03,1070.4,4.206,30.64,7.1,0.28,0.0,0.4118,0.000215,0.0,0.000215
2026-04-07 14:00:00,96,1,TK-04,1426.03,4.539,30.64,7.1,0.09,2.5,0.4118,0.0,0.0,0.0
2026-04-07 14:00:00,96,1,TK-05,1798.6,4.731,30.64,7.1,0.11,2.5,0.4118,0.0,0.004651,0.004651
2026-04-07 22:00:00,96,2,TK-01,1635.62,5.206,27.86,7.1,0.09,2.5,0.3625,0.0,0.0,0.0
2026-04-07 22:00:00,96,2,TK-02,1516.79,4.828,27.86,7.1,0.09,2.5,0.3625,0.0,0.002034,0.002035
2026-04-07 22:00:00,96,2,TK-03,1096.65,4.31,27.86,7.1,0.28,0.0,0.3625,0.000197,0.0,0.000197
2026-04-07 22:00:00,96,2,TK-04,1461.21,4.651,27.86,7.1,0.09,2.5,0.3625,0.0,0.0,0.0
2026-04-07 22:00:00,96,2,TK-05,1842.71,4.848,27.86,7.1,0.11,2.5,0.3625,0.0,0.0,0.0
2026-04-08 06:00:00,97,0,TK-01,1438.29,4.578,26.47,7.1,0.09,2.5,0.3398,1e-06,0.003187,0.003188
2026-04-08 06:00:00,97,0,TK-02,1566.85,4.987,26.47,7.1,0.09,2.5,0.3398,1e-06,0.0,1e-06
2026-04-08 06:00:00,97,0,TK-03,1134.81,4.46,26.47,7.1,0.28,0.0,0.3398,0.000193,0.0,0.000193
2026-04-08 06:00:00,97,0,TK-04,1512.35,4.814,26.47,7.1,0.09,2.5,0.3398,1e-06,0.0,1e-06
2026-04-08 06:00:00,97,0,TK-05,1906.85,5.016,26.47,7.1,0.11,2.5,0.3398,1e-06,0.0,1e-06
2026-04-08 14:00:00,97,1,TK-01,1495.48,4.76,33.04,7.1,0.09,2.5,0.459,0.0,0.0,0.0
2026-04-08 14:00:00,97,1,TK-02,1331.09,4.237,33.04,7.1,0.09,2.5,0.459,0.0,0.005007,0.005007
2026-04-08 14:00:00,97,1,TK-03,1176.28,4.623,33.04,7.1,0.28,0.0,0.459,0.000258,0.0,0.000258
2026-04-08 14:00:00,97,1,TK-04,1567.94,4.991,33.04,7.1,0.09,2.5,0.459,0.0,0.0,0.0
2026-04-08 14:00:00,97,1,TK-05,1976.56,5.2,33.04,7.1,0.11,2.5,0.459,0.0,0.0,0.0
2026-04-08 22:00:00,97,2,TK-01,1528.05,4.864,26.25,7.1,0.09,2.5,0.3363,1e-06,0.0,1e-06
2026-04-08 22:00:00,97,2,TK-02,1365.73,4.347,26.25,7.1,0.09,2.5,0.3363,1e-06,0.0,1e-06
2026-04-08 22:00:00,97,2,TK-03,1033.96,4.063,26.25,7.1,0.28,0.0,0.3363,0.000175,0.002128,0.002303
2026-04-08 22:00:00,97,2,TK-04,1599.59,5.092,26.25,7.1,0.09,2.5,0.3363,1e-06,0.0,1e-06
2026-04-08 22:00:00,97,2,TK-05,2016.25,5.304,26.25,7.1,0.11,2.5,0.3363,1e-06,0.0,1e-06
2026-04-09 06:00:00,98,0,TK-01,1569.16,4.995,26.18,7.1,0.09,2.5,0.3352,1e-06,0.0,1e-06
2026-04-09 06:00:00,98,0,TK-02,1409.45,4.486,26.18,7.1,0.09,2.5,0.3352,1e-06,0.0,1e-06
2026-04-09 06:00:00,98,0,TK-03,1066.45,4.191,26.18,7.1,0.28,0.0,0.3352,0.000179,0.0,0.000179
2026-04-09 06:00:00,98,0,TK-04,1401.34,4.461,26.18,7.1,0.09,2.5,0.3352,1e-06,0.003052,0.003053
2026-04-09 06:00:00,98,0,TK-05,2066.37,5.436,26.18,7.1,0.11,2.5,0.3352,1e-06,0.0,1e-06
2026-04-09 14:00:00,98,1,TK-01,1634.27,5.202,30.61,7.1,0.09,2.5,0.4113,0.0,0.0,0.0
2026-04-09 14:00:00,98,1,TK-02,1478.69,4.707,30.61,7.1,0.09,2.5,0.4113,0.0,0.0,0.0
2026-04-09 14:00:00,98,1,TK-03,1117.89,4.393,30.61,7.1,0.28,0.0,0.4113,0.000224,0.0,0.000224
2026-04-09 14:00:00,98,1,TK-04,1470.79,4.682,30.61,7.1,0.09,2.5,0.4113,0.0,0.0,0.0
2026-04-09 14:00:00,98,1,TK-05,1898.13,4.993,30.61,7.1,0.11,2.5,0.4113,0.0,0.003883,0.003883
2026-04-09 22:00:00,98,2,TK-01,1498.8,4.771,26.83,7.1,0.09,2.5,0.3455,0.0,0.002185,0.002186
2026-04-09 22:00:00,98,2,TK-02,1511.72,4.812,26.83,7.1,0.09,2.5,0.3455,0.0,0.0,0.0
2026-04-09 22:00:00,98,2,TK-03,1142.43,4.489,26.83,7.1,0.28,0.0,0.3455,0.000197,0.0,0.000197
2026-04-09 22:00:00,98,2,TK-04,1503.92,4.787,26.83,7.1,0.09,2.5,0.3455,0.0,0.0,0.0
2026-04-09 22:00:00,98,2,TK-05,1939.13,5.101,26.83,7.1,0.11,2.5,0.3455,1e-06,0.0,1e-06
2026-04-10 06:00:00,99,0,TK-01,1549.01,4.931,24.62,7.1,0.09,2.5,0.3114,1e-06,0.0,1e-06
2026-04-10 06:00:00,99,0,TK-02,1561.67,4.971,24.62,7.1,0.09,2.5,0.3114,1e-06,0.0,1e-06
2026-04-10 06:00:00,99,0,TK-03,946.19,3.718,24.62,7.1,0.28,0.0,0.3114,0.00015,0.002803,0.002952
2026-04-10 06:00:00,99,0,TK-04,1554.02,4.947,24.62,7.1,0.09,2.5,0.3114,1e-06,0.0,1e-06
2026-04-10 06:00:00,99,0,TK-05,2001.13,5.264,24.62,7.1,0.11,2.5,0.3114,2e-06,0.0,2e-06
2026-04-10 14:00:00,99,1,TK-01,1607.39,5.116,32.92,7.1,0.09,2.5,0.4565,0.0,0.0,0.0
2026-04-10 14:00:00,99,1,TK-02,1619.75,5.156,32.92,7.1,0.09,2.5,0.4565,0.0,0.0,0.0
2026-04-10 14:00:00,99,1,TK-03,994.72,3.909,32.92,7.1,0.28,0.0,0.4565,0.000219,0.0,0.000219
2026-04-10 14:00:00,99,1,TK-04,1612.28,5.132,32.92,7.1,0.09,2.5,0.4565,0.0,0.0,0.0
2026-04-10 14:00:00,99,1,TK-05,1748.91,4.601,32.92,7.1,0.11,2.5,0.4565,0.0,0.005586,0.005586
2026-04-10 22:00:00,99,2,TK-01,1639.06,5.217,27.78,7.1,0.09,2.5,0.3612,0.0,0.0,0.0
2026-04-10 22:00:00,99,2,TK-02,1455.91,4.634,27.78,7.1,0.09,2.5,0.3612,0.0,0.002677,0.002677
2026-04-10 22:00:00,99,2,TK-03,1021.05,4.012,27.78,7.1,0.28,0.0,0.3612,0.000183,0.0,0.000183
2026-04-10 22:00:00,99,2,TK-04,1643.9,5.233,27.78,7.1,0.09,2.5,0.3612,0.0,0.0,0.0
2026-04-10 22:00:00,99,2,TK-05,1792.19,4.715,27.78,7.1,0.11,2.5,0.3612,0.0,0.0,0.0
2026-04-11 06:00:00,100,0,TK-01,1681.68,5.353,23.47,7.1,0.09,2.5,0.2949,2e-06,0.0,2e-06
2026-04-11 06:00:00,100,0,TK-02,1501.73,4.78,23.47,7.1,0.09,2.5,0.2949,2e-06,0.0,2e-06
2026-04-11 06:00:00,100,0,TK-03,1056.48,4.152,23.47,7.1,0.28,0.0,0.2949,0.000159,0.0,0.000159
2026-04-11 06:00:00,100,0,TK-04,1446.66,4.605,23.47,7.1,0.09,2.5,0.2949,2e-06,0.00273,0.002732
2026-04-11 06:00:00,100,0,TK-05,1850.4,4.868,23.47,7.1,0.11,2.5,0.2949,2e-06,0.0,2e-06
2026-04-11 14:00:00,100,1,TK-01,1447.17,4.606,31.51,7.1,0.09,2.5,0.4284,0.0,0.004582,0.004582
2026-04-11 14:00:00,100,1,TK-02,1554.32,4.948,31.51,7.1,0.09,2.5,0.4284,0.0,0.0,0.0
2026-04-11 14:00:00,100,1,TK-03,1097.16,4.312,31.51,7.1,0.28,0.0,0.4284,0.000228,0.0,0.000228
2026-04-11 14:00:00,100,1,TK-04,1500.38,4.776,31.51,7.1,0.09,2.5,0.4284,0.0,0.0,0.0
2026-04-11 14:00:00,100,1,TK-05,1917.23,5.044,31.51,7.1,0.11,2.5,0.4284,0.0,0.0,0.0
2026-04-11 22:00:00,100,2,TK-01,1479.81,4.71,26.93,7.1,0.09,2.5,0.3472,0.0,0.0,0.0
2026-04-11 22:00:00,100,2,TK-02,1440.44,4.585,26.93,7.1,0.09,2.5,0.3472,0.0,0.001917,0.001917
2026-04-11 22:00:00,100,2,TK-03,1121.37,4.407,26.93,7.1,0.28,0.0,0.3472,0.000194,0.0,0.000194
2026-04-11 22:00:00,100,2,TK-04,1532.35,4.878,26.93,7.1,0.09,2.5,0.3472,0.0,0.0,0.0
2026-04-11 22:00:00,100,2,TK-05,1957.01,5.148,26.93,7.1,0.11,2.5,0.3472,1e-06,0.0,1e-06
2026-04-12 06:00:00,101,0,TK-01,1524.32,4.852,24.79,7.1,0.09,2.5,0.314,1e-06,0.0,1e-06
2026-04-12 06:00:00,101,0,TK-02,1485.63,4.729,24.79,7.1,0.09,2.5,0.314,1e-06,0.0,1e-06
2026-04-12 06:00:00,101,0,TK-03,1154.4,4.536,24.79,7.1,0.28,0.0,0.314,0.000183,0.0,0.000183
2026-04-12 06:00:00,101,0,TK-04,1575.96,5.016,24.79,7.1,0.09,2.5,0.314,1e-06,0.0,1e-06
2026-04-12 06:00:00,101,0,TK-05,1755.4,4.618,24.79,7.1,0.11,2.5,0.314,1e-06,0.003097,0.003099
2026-04-12 14:00:00,101,1,TK-01,1589.19,5.059,32.1,7.1,0.09,2.5,0.44,0.0,0.0,0.0
2026-04-12 14:00:00,101,1,TK-02,1551.48,4.939,32.1,7.1,0.09,2.5,0.44,0.0,0.0,0.0
2026-04-12 14:00:00,101,1,TK-03,1202.53,4.726,32.1,7.1,0.28,0.0,0.44,0.000254,0.0,0.000254
2026-04-12 14:00:00,101,1,TK-04,1332.82,4.242,32.1,7.1,0.09,2.5,0.44,0.0,0.005107,0.005107
2026-04-12 14:00:00,101,1,TK-05,1840.97,4.843,32.1,7.1,0.11,2.5,0.44,0.0,0.0,0.0
2026-04-12 22:00:00,101,2,TK-01,1624.67,5.171,27.55,7.1,0.09,2.5,0.3573,0.0,0.0,0.0
2026-04-12 22:00:00,101,2,TK-02,1587.49,5.053,27.55,7.1,0.09,2.5,0.3573,0.0,0.0,0.0
2026-04-12 22:00:00,101,2,TK-03,1046.47,4.112,27.55,7.1,0.28,0.0,0.3573,0.000186,0.002478,0.002664
2026-04-12 22:00:00,101,2,TK-04,1371.95,4.367,27.55,7.1,0.09,2.5,0.3573,0.0,0.0,0.0
2026-04-12 22:00:00,101,2,TK-05,1887.77,4.966,27.55,7.1,0.11,2.5,0.3573,0.0,0.0,0.0
2026-04-13 06:00:00,102,0,TK-01,1504.35,4.788,26.59,7.1,0.09,2.5,0.3416,1e-06,0.002157,0.002158
2026-04-13 06:00:00,102,0,TK-02,1632.87,5.198,26.59,7.1,0.09,2.5,0.3416,1e-06,0.0,1e-06
2026-04-13 06:00:00,102,0,TK-03,1082.95,4.256,26.59,7.1,0.28,0.0,0.3416,0.000185,0.0,0.000185
2026-04-13 06:00:00,102,0,TK-04,1421.24,4.524,26.59,7.1,0.09,2.5,0.3416,1e-06,0.0,1e-06
2026-04-13 06:00:00,102,0,TK-05,1946.73,5.121,26.59,7.1,0.11,2.5,0.3416,1e-06,0.0,1e-06
2026-04-13 14:00:00,102,1,TK-01,1565.07,4.982,33.01,7.1,0.09,2.5,0.4583,0.0,0.0,0.0
2026-04-13 14:00:00,102,1,TK-02,1379.32,4.391,33.01,7.1,0.09,2.5,0.4583,0.0,0.005378,0.005378
2026-04-13 14:00:00,102,1,TK-03,1129.33,4.438,33.01,7.1,0.28,0.0,0.4583,0.000248,0.0,0.000248
2026-04-13 14:00:00,102,1,TK-04,1483.91,4.723,33.01,7.1,0.09,2.5,0.4583,0.0,0.0,0.0
2026-04-13 14:00:00,102,1,TK-05,2021.69,5.318,33.01,7.1,0.11,2.5,0.4583,0.0,0.0,0.0
2026-04-13 22:00:00,102,2,TK-01,1595.82,5.08,26.9,7.1,0.09,2.5,0.3467,0.0,0.0,0.0
2026-04-13 22:00:00,102,2,TK-02,1412.35,4.496,26.9,7.1,0.09,2.5,0.3467,0.0,0.0,0.0
2026-04-13 22:00:00,102,2,TK-03,1152.82,4.53,26.9,7.1,0.28,0.0,0.3467,0.000199,0.0,0.000199
2026-04-13 22:00:00,102,2,TK-04,1515.66,4.824,26.9,7.1,0.09,2.5,0.3467,0.0,0.0,0.0
2026-04-13 22:00:00,102,2,TK-05,1917.05,5.043,26.9,7.1,0.11,2.5,0.3467,1e-06,0.001884,0.001885
2026-04-14 06:00:00,103,0,TK-01,1334.11,4.247,25.69,7.1,0.09,2.5,0.3275,1e-06,0.003712,0.003713
2026-04-14 06:00:00,103,0,TK-02,1449.65,4.614,25.69,7.1,0.09,2.5,0.3275,1e-06,0.0,1e-06
2026-04-14 06:00:00,103,0,TK-03,1179.36,4.635,25.69,7.1,0.28,0.0,0.3275,0.000194,0.0,0.000194
2026-04-14 06:00:00,103,0,TK-04,1551.51,4.939,25.69,7.1,0.09,2.5,0.3275,1e-06,0.0,1e-06
2026-04-14 06:00:00,103,0,TK-05,1961.93,5.161,25.69,7.1,0.11,2.5,0.3275,1e-06,0.0,1e-06
2026-04-14 14:00:00,103,1,TK-01,1398.7,4.452,31.57,7.1,0.09,2.5,0.4296,0.0,0.0,0.0
2026-04-14 14:00:00,103,1,TK-02,1511.52,4.811,31.57,7.1,0.09,2.5,0.4296,0.0,0.0,0.0
2026-04-14 14:00:00,103,1,TK-03,954.47,3.751,31.57,7.1,0.28,0.0,0.4296,0.0002,0.004379,0.004579
2026-04-14 14:00:00,103,1,TK-04,1610.99,5.128,31.57,7.1,0.09,2.5,0.4296,0.0,0.0,0.0
2026-04-14 14:00:00,103,1,TK-05,2036.38,5.357,31.57,7.1,0.11,2.5,0.4296,0.0,0.0,0.0
2026-04-14 22:00:00,103,2,TK-01,1428.49,4.547,26.66,7.1,0.09,2.5,0.3427,1e-06,0.0,1e-06
2026-04-14 22:00:00,103,2,TK-02,1540.06,4.902,26.66,7.1,0.09,2.5,0.3427,1e-06,0.0,1e-06
2026-04-14 22:00:00,103,2,TK-03,977.76,3.842,26.66,7.1,0.28,0.0,0.3427,0.000168,0.0,0.000168
2026-04-14 22:00:00,103,2,TK-04,1471.36,4.683,26.66,7.1,0.09,2.5,0.3427,1e-06,0.002173,0.002174
2026-04-14 22:00:00,103,2,TK-05,2070.72,5.447,26.66,7.1,0.11,2.5,0.3427,1e-06,0.0,1e-06
2026-04-15 06:00:00,104,0,TK-01,1479.36,4.709,25.2,7.1,0.09,2.5,0.32,1e-06,0.0,1e-06
2026-04-15 06:00:00,104,0,TK-02,1588.79,5.057,25.2,7.1,0.09,2.5,0.32,1e-06,0.0,1e-06
2026-04-15 06:00:00,104,0,TK-03,1017.53,3.999,25.2,7.1,0.28,0.0,0.32,0.000165,0.0,0.000165
2026-04-15 06:00:00,104,0,TK-04,1521.41,4.843,25.2,7.1,0.09,2.5,0.32,1e-06,0.0,1e-06
2026-04-15 06:00:00,104,0,TK-05,1895.93,4.988,25.2,7.1,0.11,2.5,0.32,1e-06,0.002882,0.002883
2026-04-15 14:00:00,104,1,TK-01,1527.41,4.862,32.41,7.1,0.09,2.5,0.4461,0.0,0.0,0.0
2026-04-15 14:00:00,104,1,TK-02,1279.47,4.073,32.41,7.1,0.09,2.5,0.4461,0.0,0.005955,0.005955
2026-04-15 14:00:00,104,1,TK-03,1055.08,4.146,32.41,7.1,0.28,0.0,0.4461,0.000227,0.0,0.000227
2026-04-15 14:00:00,104,1,TK-04,1568.68,4.993,32.41,7.1,0.09,2.5,0.4461,0.0,0.0,0.0
2026-04-15 14:00:00,104,1,TK-05,1955.62,5.145,32.41,7.1,0.11,2.5,0.4461,0.0,0.0,0.0
2026-04-15 22:00:00,104,2,TK-01,1557.35,4.957,26.53,7.1,0.09,2.5,0.3407,1e-06,0.0,1e-06
2026-04-15 22:00:00,104,2,TK-02,1312.32,4.177,26.53,7.1,0.09,2.5,0.3407,1e-06,0.0,1e-06
2026-04-15 22:00:00,104,2,TK-03,1078.49,4.238,26.53,7.1,0.28,0.0,0.3407,0.000184,0.0,0.000184
2026-04-15 22:00:00,104,2,TK-04,1461.06,4.651,26.53,7.1,0.09,2.5,0.3407,1e-06,0.001775,0.001775
2026-04-15 22:00:00,104,2,TK-05,1992.83,5.242,26.53,7.1,0.11,2.5,0.3407,1e-06,0.0,1e-06
2026-04-16 06:00:00,105,0,TK-01,1594.48,5.075,25.21,7.1,0.09,2.5,0.3202,1e-06,0.0,1e-06
2026-04-16 06:00:00,105,0,TK-02,1353.05,4.307,25.21,7.1,0.09,2.5,0.3202,1e-06,0.0,1e-06
2026-04-16 06:00:00,105,0,TK-03,1107.52,4.352,25.21,7.1,0.28,0.0,0.3202,0.000179,0.0,0.000179
2026-04-16 06:00:00,105,0,TK-04,1499.6,4.773,25.21,7.1,0.09,2.5,0.3202,1e-06,0.0,1e-06
2026-04-16 06:00:00,105,0,TK-05,1859.34,4.891,25.21,7.1,0.11,2.5,0.3202,1e-06,0.002208,0.00221
2026-04-16 14:00:00,105,1,TK-01,1332.23,4.241,32.11,7.1,0.09,2.5,0.4402,0.0,0.005118,0.005118
2026-04-16 14:00:00,105,1,TK-02,1404.47,4.471,32.11,7.1,0.09,2.5,0.4402,0.0,0.0,0.0
2026-04-16 14:00:00,105,1,TK-03,1144.16,4.496,32.11,7.1,0.28,0.0,0.4402,0.000243,0.0,0.000243
2026-04-16 14:00:00,105,1,TK-04,1548.26,4.928,32.11,7.1,0.09,2.5,0.4402,0.0,0.0,0.0
2026-04-16 14:00:00,105,1,TK-05,1920.96,5.053,32.11,7.1,0.11,2.5,0.4402,0.0,0.0,0.0
2026-04-16 22:00:00,105,2,TK-01,1364.46,4.343,26.71,7.1,0.09,2.5,0.3435,0.0,0.0,0.0
2026-04-16 22:00:00,105,2,TK-02,1435.85,4.57,26.71,7.1,0.09,2.5,0.3435,1e-06,0.0,1e-06
2026-04-16 22:00:00,105,2,TK-03,1166.52,4.584,26.71,7.1,0.28,0.0,0.3435,0.0002,0.0,0.0002
2026-04-16 22:00:00,105,2,TK-04,1386.45,4.413,26.71,7.1,0.09,2.5,0.3435,1e-06,0.002497,0.002497
2026-04-16 22:00:00,105,2,TK-05,1958.55,5.152,26.71,7.1,0.11,2.5,0.3435,1e-06,0.0,1e-06
2026-04-17 06:00:00,106,0,TK-01,1415.2,4.505,26.31,7.1,0.09,2.5,0.3372,1e-06,0.0,1e-06
2026-04-17 06:00:00,106,0,TK-02,1485.27,4.728,26.31,7.1,0.09,2.5,0.3372,1e-06,0.0,1e-06
2026-04-17 06:00:00,106,0,TK-03,960.86,3.776,26.31,7.1,0.28,0.0,0.3372,0.000163,0.003117,0.00328
2026-04-17 06:00:00,106,0,TK-04,1436.79,4.573,26.31,7.1,0.09,2.5,0.3372,1e-06,0.0,1e-06
2026-04-17 06:00:00,106,0,TK-05,2017.77,5.308,26.31,7.1,0.11,2.5,0.3372,1e-06,0.0,1e-06
2026-04-17 14:00:00,106,1,TK-01,1471.38,4.684,32.78,7.1,0.09,2.5,0.4537,0.0,0.0,0.0
2026-04-17 14:00:00,106,1,TK-02,1539.97,4.902,32.78,7.1,0.09,2.5,0.4537,0.0,0.0,0.0
2026-04-17 14:00:00,106,1,TK-03,1004.92,3.949,32.78,7.1,0.28,0.0,0.4537,0.00022,0.0,0.00022
2026-04-17 14:00:00,106,1,TK-04,1492.51,4.751,32.78,7.1,0.09,2.5,0.4537,0.0,0.0,0.0
2026-04-17 14:00:00,106,1,TK-05,1731.36,4.555,32.78,7.1,0.11,2.5,0.4537,0.0,0.006018,0.006018
2026-04-17 22:00:00,106,2,TK-01,1506.39,4.795,26.75,7.1,0.09,2.5,0.3443,1e-06,0.0,1e-06
2026-04-17 22:00:00,106,2,TK-02,1421.74,4.526,26.75,7.1,0.09,2.5,0.3443,0.0,0.001997,0.001997
2026-04-17 22:00:00,106,2,TK-03,1032.37,4.057,26.75,7.1,0.28,0.0,0.3443,0.000178,0.0,0.000178
2026-04-17 22:00:00,106,2,TK-04,1527.23,4.861,26.75,7.1,0.09,2.5,0.3443,1e-06,0.0,1e-06
2026-04-17 22:00:00,106,2,TK-05,1776.93,4.674,26.75,7.1,0.11,2.5,0.3443,1e-06,0.0,1e-06
2026-04-18 06:00:00,107,0,TK-01,1558.8,4.962,24.66,7.1,0.09,2.5,0.312,1e-06,0.0,1e-06
2026-04-18 06:00:00,107,0,TK-02,1475.88,4.698,24.66,7.1,0.09,2.5,0.312,1e-06,0.0,1e-06
2026-04-18 06:00:00,107,0,TK-03,1073.46,4.218,24.66,7.1,0.28,0.0,0.312,0.00017,0.0,0.00017
2026-04-18 06:00:00,107,0,TK-04,1393.18,4.435,24.66,7.1,0.09,2.5,0.312,1e-06,0.002237,0.002238
2026-04-18 06:00:00,107,0,TK-05,1845.14,4.854,24.66,7.1,0.11,2.5,0.312,2e-06,0.0,2e-06
2026-04-18 14:00:00,107,1,TK-01,1325.52,4.219,33.86,7.1,0.09,2.5,0.4761,0.0,0.005062,0.005062
2026-04-18 14:00:00,107,1,TK-02,1528.14,4.864,33.86,7.1,0.09,2.5,0.4761,0.0,0.0,0.0
2026-04-18 14:00:00,107,1,TK-03,1113.14,4.374,33.86,7.1,0.28,0.0,0.4761,0.000253,0.0,0.000253
2026-04-18 14:00:00,107,1,TK-04,1447.1,4.606,33.86,7.1,0.09,2.5,0.4761,0.0,0.0,0.0
2026-04-18 14:00:00,107,1,TK-05,1910.99,5.027,33.86,7.1,0.11,2.5,0.4761,0.0,0.0,0.0
2026-04-18 22:00:00,107,2,TK-01,1360.44,4.33,27.51,7.1,0.09,2.5,0.3567,0.0,0.0,0.0
2026-04-18 22:00:00,107,2,TK-02,1432.73,4.561,27.51,7.1,0.09,2.5,0.3567,0.0,0.001729,0.00173
2026-04-18 22:00:00,107,2,TK-03,1137.7,4.471,27.51,7.1,0.28,0.0,0.3567,0.000201,0.0,0.000201
2026-04-18 22:00:00,107,2,TK-04,1480.48,4.713,27.51,7.1,0.09,2.5,0.3567,0.0,0.0,0.0
2026-04-18 22:00:00,107,2,TK-05,1951.76,5.134,27.51,7.1,0.11,2.5,0.3567,0.0,0.0,0.0
2026-04-19 06:00:00,108,0,TK-01,1409.99,4.488,26.31,7.1,0.09,2.5,0.3372,1e-06,0.0,1e-06
2026-04-19 06:00:00,108,0,TK-02,1480.97,4.714,26.31,7.1,0.09,2.5,0.3372,1e-06,0.0,1e-06
2026-04-19 06:00:00,108,0,TK-03,1172.55,4.608,26.31,7.1,0.28,0.0,0.3372,0.000198,0.0,0.000198
2026-04-19 06:00:00,108,0,TK-04,1527.84,4.863,26.31,7.1,0.09,2.5,0.3372,1e-06,0.0,1e-06
2026-04-19 06:00:00,108,0,TK-05,1744.36,4.589,26.31,7.1,0.11,2.5,0.3372,1e-06,0.003432,0.003433
2026-04-19 14:00:00,108,1,TK-01,1468.73,4.675,32.3,7.1,0.09,2.5,0.4439,0.0,0.0,0.0
2026-04-19 14:00:00,108,1,TK-02,1538.15,4.896,32.3,7.1,0.09,2.5,0.4439,0.0,0.0,0.0
2026-04-19 14:00:00,108,1,TK-03,913.88,3.591,32.3,7.1,0.28,0.0,0.4439,0.000197,0.005027,0.005224
2026-04-19 14:00:00,108,1,TK-04,1583.99,5.042,32.3,7.1,0.09,2.5,0.4439,0.0,0.0,0.0
2026-04-19 14:00:00,108,1,TK-05,1818.78,4.785,32.3,7.1,0.11,2.5,0.4439,0.0,0.0,0.0
2026-04-19 22:00:00,108,2,TK-01,1504.81,4.79,27.96,7.1,0.09,2.5,0.3642,0.0,0.0,0.0
2026-04-19 22:00:00,108,2,TK-02,1573.27,5.008,27.96,7.1,0.09,2.5,0.3642,0.0,0.0,0.0
2026-04-19 22:00:00,108,2,TK-03,943.4,3.707,27.96,7.1,0.28,0.0,0.3642,0.000171,0.0,0.000171
2026-04-19 22:00:00,108,2,TK-04,1476.33,4.699,27.96,7.1,0.09,2.5,0.3642,0.0,0.00196,0.00196
2026-04-19 22:00:00,108,2,TK-05,1864.49,4.905,27.96,7.1,0.11,2.5,0.3642,0.0,0.0,0.0
2026-04-20 06:00:00,109,0,TK-01,1553.04,4.943,26.48,7.1,0.09,2.5,0.3399,1e-06,0.0,1e-06
2026-04-20 06:00:00,109,0,TK-02,1359.31,4.327,26.48,7.1,0.09,2.5,0.3399,1e-06,0.003398,0.003399
2026-04-20 06:00:00,109,0,TK-03,982.87,3.862,26.48,7.1,0.28,0.0,0.3399,0.000168,0.0,0.000168
2026-04-20 06:00:00,109,0,TK-04,1525.09,4.855,26.48,7.1,0.09,2.5,0.3399,1e-06,0.0,1e-06
2026-04-20 06:00:00,109,0,TK-05,1925.58,5.066,26.48,7.1,0.11,2.5,0.3399,1e-06,0.0,1e-06
2026-04-20 14:00:00,109,1,TK-01,1288.57,4.102,32.59,7.1,0.09,2.5,0.4498,0.0,0.00554,0.00554
2026-04-20 14:00:00,109,1,TK-02,1425.12,4.536,32.59,7.1,0.09,2.5,0.4498,0.0,0.0,0.0
2026-04-20 14:00:00,109,1,TK-03,1032.88,4.059,32.59,7.1,0.28,0.0,0.4498,0.000224,0.0,0.000224
2026-04-20 14:00:00,109,1,TK-04,1586.9,5.051,32.59,7.1,0.09,2.5,0.4498,0.0,0.0,0.0
2026-04-20 14:00:00,109,1,TK-05,2003.02,5.269,32.59,7.1,0.11,2.5,0.4498,0.0,0.0,0.0
2026-04-20 22:00:00,109,2,TK-01,1326.01,4.221,27.46,7.1,0.09,2.5,0.3559,0.0,0.0,0.0
2026-04-20 22:00:00,109,2,TK-02,1460.73,4.65,27.46,7.1,0.09,2.5,0.3559,0.0,0.0,0.0
2026-04-20 22:00:00,109,2,TK-03,1059.94,4.165,27.46,7.1,0.28,0.0,0.3559,0.000188,0.0,0.000188
2026-04-20 22:00:00,109,2,TK-04,1455.88,4.634,27.46,7.1,0.09,2.5,0.3559,0.0,0.00222,0.00222
2026-04-20 22:00:00,109,2,TK-05,2044.92,5.379,27.46,7.1,0.11,2.5,0.3559,0.0,0.0,0.0
2026-04-21 06:00:00,110,0,TK-01,1380.51,4.394,25.24,7.1,0.09,2.5,0.3207,1e-06,0.0,1e-06
2026-04-21 06:00:00,110,0,TK-02,1512.56,4.815,25.24,7.1,0.09,2.5,0.3207,1e-06,0.0,1e-06
2026-04-21 06:00:00,110,0,TK-03,1099.33,4.32,25.24,7.1,0.28,0.0,0.3207,0.000178,0.0,0.000178
2026-04-21 06:00:00,110,0,TK-04,1507.81,4.8,25.24,7.1,0.09,2.5,0.3207,1e-06,0.0,1e-06
2026-04-21 06:00:00,110,0,TK-05,1860.38,4.894,25.24,7.1,0.11,2.5,0.3207,1e-06,0.003036,0.003037
2026-04-21 14:00:00,110,1,TK-01,1439.48,4.582,32.05,7.1,0.09,2.5,0.439,0.0,0.0,0.0
2026-04-21 14:00:00,110,1,TK-02,1262.52,4.019,32.05,7.1,0.09,2.5,0.439,0.0,0.005069,0.005069
2026-04-21 14:00:00,110,1,TK-03,1141.96,4.488,32.05,7.1,0.28,0.0,0.439,0.000242,0.0,0.000242
2026-04-21 14:00:00,110,1,TK-04,1564.01,4.978,32.05,7.1,0.09,2.5,0.439,0.0,0.0,0.0
2026-04-21 14:00:00,110,1,TK-05,1931.73,5.082,32.05,7.1,0.11,2.5,0.439,0.0,0.0,0.0
2026-04-21 22:00:00,110,2,TK-01,1468.94,4.676,29.47,7.1,0.09,2.5,0.3905,0.0,0.0,0.0
2026-04-21 22:00:00,110,2,TK-02,1293.97,4.119,29.47,7.1,0.09,2.5,0.3905,0.0,0.0,0.0
2026-04-21 22:00:00,110,2,TK-03,1163.26,4.571,29.47,7.1,0.28,0.0,0.3905,0.000222,0.0,0.000222
2026-04-21 22:00:00,110,2,TK-04,1406.14,4.476,29.47,7.1,0.09,2.5,0.3905,0.0,0.00273,0.00273
2026-04-21 22:00:00,110,2,TK-05,1967.39,5.176,29.47,7.1,0.11,2.5,0.3905,0.0,0.0,0.0
2026-04-22 06:00:00,111,0,TK-01,1510.99,4.81,26.11,7.1,0.09,2.5,0.3341,1e-06,0.0,1e-06
2026-04-22 06:00:00,111,0,TK-02,1338.83,4.262,26.11,7.1,0.09,2.5,0.3341,1e-06,0.0,1e-06
2026-04-22 06:00:00,111,0,TK-03,968.21,3.805,26.11,7.1,0.28,0.0,0.3341,0.000163,0.002883,0.003046
2026-04-22 06:00:00,111,0,TK-04,1449.2,4.613,26.11,7.1,0.09,2.5,0.3341,1e-06,0.0,1e-06
2026-04-22 06:00:00,111,0,TK-05,2018.27,5.309,26.11,7.1,0.11,2.5,0.3341,1e-06,0.0,1e-06
2026-04-22 14:00:00,111,1,TK-01,1563.5,4.977,34.43,7.1,0.09,2.5,0.4883,0.0,0.0,0.0
2026-04-22 14:00:00,111,1,TK-02,1394.85,4.44,34.43,7.1,0.09,2.5,0.4883,0.0,0.0,0.0
2026-04-22 14:00:00,111,1,TK-03,1010.77,3.972,34.43,7.1,0.28,0.0,0.4883,0.000236,0.0,0.000236
2026-04-22 14:00:00,111,1,TK-04,1502.97,4.784,34.43,7.1,0.09,2.5,0.4883,0.0,0.0,0.0
2026-04-22 14:00:00,111,1,TK-05,1751.43,4.607,34.43,7.1,0.11,2.5,0.4883,0.0,0.006037,0.006037
2026-04-22 22:00:00,111,2,TK-01,1450.36,4.617,28.66,7.1,0.09,2.5,0.3762,0.0,0.002082,0.002082
2026-04-22 22:00:00,111,2,TK-02,1430.05,4.552,28.66,7.1,0.09,2.5,0.3762,0.0,0.0,0.0
2026-04-22 22:00:00,111,2,TK-03,1037.51,4.077,28.66,7.1,0.28,0.0,0.3762,0.000193,0.0,0.000193
2026-04-22 22:00:00,111,2,TK-04,1536.75,4.892,28.66,7.1,0.09,2.5,0.3762,0.0,0.0,0.0
2026-04-22 22:00:00,111,2,TK-05,1795.69,4.724,28.66,7.1,0.11,2.5,0.3762,0.0,0.0,0.0
2026-04-23 06:00:00,112,0,TK-01,1503.27,4.785,25.7,7.1,0.09,2.5,0.3277,1e-06,0.0,1e-06
2026-04-23 06:00:00,112,0,TK-02,1483.37,4.722,25.7,7.1,0.09,2.5,0.3277,1e-06,0.0,1e-06
2026-04-23 06:00:00,112,0,TK-03,1078.01,4.236,25.7,7.1,0.28,0.0,0.3277,0.000178,0.0,0.000178
2026-04-23 06:00:00,112,0,TK-04,1357.58,4.321,25.7,7.1,0.09,2.5,0.3277,1e-06,0.002903,0.002904
2026-04-23 06:00:00,112,0,TK-05,1862.7,4.9,25.7,7.1,0.11,2.5,0.3277,1e-06,0.0,1e-06
2026-04-23 14:00:00,112,1,TK-01,1310.7,4.172,33.76,7.1,0.09,2.5,0.474,0.0,0.004507,0.004507
2026-04-23 14:00:00,112,1,TK-02,1543.98,4.915,33.76,7.1,0.09,2.5,0.474,0.0,0.0,0.0
2026-04-23 14:00:00,112,1,TK-03,1124.06,4.417,33.76,7.1,0.28,0.0,0.474,0.000254,0.0,0.000254
2026-04-23 14:00:00,112,1,TK-04,1421.13,4.524,33.76,7.1,0.09,2.5,0.474,0.0,0.0,0.0
2026-04-23 14:00:00,112,1,TK-05,1938.89,5.101,33.76,7.1,0.11,2.5,0.474,0.0,0.0,0.0
2026-04-23 22:00:00,112,2,TK-01,1345.6,4.283,28.36,7.1,0.09,2.5,0.3709,0.0,0.0,0.0
2026-04-23 22:00:00,112,2,TK-02,1368.21,4.355,28.36,7.1,0.09,2.5,0.3709,0.0,0.002913,0.002913
2026-04-23 22:00:00,112,2,TK-03,1148.34,4.513,28.36,7.1,0.28,0.0,0.3709,0.00021,0.0,0.00021
2026-04-23 22:00:00,112,2,TK-04,1454.64,4.63,28.36,7.1,0.09,2.5,0.3709,0.0,0.0,0.0
2026-04-23 22:00:00,112,2,TK-05,1979.07,5.206,28.36,7.1,0.11,2.5,0.3709,0.0,0.0,0.0
2026-04-24 06:00:00,113,0,TK-01,1394.16,4.438,26.59,7.1,0.09,2.5,0.3417,1e-06,0.0,1e-06
2026-04-24 06:00:00,113,0,TK-02,1416.37,4.508,26.59,7.1,0.09,2.5,0.3417,1e-06,0.0,1e-06
2026-04-24 06:00:00,113,0,TK-03,1182.12,4.645,26.59,7.1,0.28,0.0,0.3417,0.000201,0.0,0.000201
2026-04-24 06:00:00,113,0,TK-04,1501.27,4.779,26.59,7.1,0.09,2.5,0.3417,1e-06,0.0,1e-06
2026-04-24 06:00:00,113,0,TK-05,1764.22,4.641,26.59,7.1,0.11,2.5,0.3417,1e-06,0.003541,0.003541
2026-04-24 14:00:00,113,1,TK-01,1455.58,4.633,32.88,7.1,0.09,2.5,0.4556,0.0,0.0,0.0
2026-04-24 14:00:00,113,1,TK-02,1477.28,4.702,32.88,7.1,0.09,2.5,0.4556,0.0,0.0,0.0
2026-04-24 14:00:00,113,1,TK-03,886.79,3.485,32.88,7.1,0.28,0.0,0.4556,0.000196,0.005807,0.006003
2026-04-24 14:00:00,113,1,TK-04,1560.24,4.966,32.88,7.1,0.09,2.5,0.4556,0.0,0.0,0.0
2026-04-24 14:00:00,113,1,TK-05,1841.11,4.843,32.88,7.1,0.11,2.5,0.4556,0.0,0.0,0.0
2026-04-24 22:00:00,113,2,TK-01,1486.95,4.733,28.77,7.1,0.09,2.5,0.378,0.0,0.0,0.0
2026-04-24 22:00:00,113,2,TK-02,1508.39,4.801,28.77,7.1,0.09,2.5,0.378,0.0,0.0,0.0
2026-04-24 22:00:00,113,2,TK-03,912.66,3.587,28.77,7.1,0.28,0.0,0.378,0.000171,0.0,0.000171
2026-04-24 22:00:00,113,2,TK-04,1426.68,4.541,28.77,7.1,0.09,2.5,0.378,0.0,0.002335,0.002335
2026-04-24 22:00:00,113,2,TK-05,1880.38,4.947,28.77,7.1,0.11,2.5,0.378,0.0,0.0,0.0
2026-04-25 06:00:00,114,0,TK-01,1530.23,4.871,27.38,7.1,0.09,2.5,0.3545,0.0,0.0,0.0
2026-04-25 06:00:00,114,0,TK-02,1295.5,4.124,27.38,7.1,0.09,2.5,0.3545,0.0,0.003458,0.003458
2026-04-25 06:00:00,114,0,TK-03,948.34,3.727,27.38,7.1,0.28,0.0,0.3545,0.000168,0.0,0.000168
2026-04-25 06:00:00,114,0,TK-04,1470.97,4.682,27.38,7.1,0.09,2.5,0.3545,0.0,0.0,0.0
2026-04-25 06:00:00,114,0,TK-05,1934.57,5.089,27.38,7.1,0.11,2.5,0.3545,0.0,0.0,0.0
2026-04-25 14:00:00,114,1,TK-01,1338.98,4.262,32.92,7.1,0.09,2.5,0.4564,0.0,0.004199,0.004199
2026-04-25 14:00:00,114,1,TK-02,1353.53,4.308,32.92,7.1,0.09,2.5,0.4564,0.0,0.0,0.0
2026-04-25 14:00:00,114,1,TK-03,992.14,3.899,32.92,7.1,0.28,0.0,0.4564,0.000219,0.0,0.000219
2026-04-25 14:00:00,114,1,TK-04,1525.35,4.855,32.92,7.1,0.09,2.5,0.4564,0.0,0.0,0.0
2026-04-25 14:00:00,114,1,TK-05,2001.1,5.264,32.92,7.1,0.11,2.5,0.4564,0.0,0.0,0.0
2026-04-25 22:00:00,114,2,TK-01,1371.63,4.366,29.36,7.1,0.09,2.5,0.3885,0.0,0.0,0.0
2026-04-25 22:00:00,114,2,TK-02,1386.0,4.412,29.36,7.1,0.09,2.5,0.3885,0.0,0.0,0.0
2026-04-25 22:00:00,114,2,TK-03,1016.66,3.995,29.36,7.1,0.28,0.0,0.3885,0.000195,0.0,0.000195
2026-04-25 22:00:00,114,2,TK-04,1555.78,4.952,29.36,7.1,0.09,2.5,0.3885,0.0,0.0,0.0
2026-04-25 22:00:00,114,2,TK-05,1858.71,4.89,29.36,7.1,0.11,2.5,0.3885,0.0,0.00263,0.00263
2026-04-26 06:00:00,115,0,TK-01,1428.28,4.546,25.59,7.1,0.09,2.5,0.326,1e-06,0.0,1e-06
2026-04-26 06:00:00,115,0,TK-02,1442.35,4.591,25.59,7.1,0.09,2.5,0.326,1e-06,0.0,1e-06
2026-04-26 06:00:00,115,0,TK-03,1059.2,4.162,25.59,7.1,0.28,0.0,0.326,0.000174,0.0,0.000174
2026-04-26 06:00:00,115,0,TK-04,1391.24,4.428,25.59,7.1,0.09,2.5,0.326,1e-06,0.002728,0.002729
2026-04-26 06:00:00,115,0,TK-05,1927.07,5.069,25.59,7.1,0.11,2.5,0.326,1e-06,0.0,1e-06
2026-04-26 14:00:00,115,1,TK-01,1489.26,4.74,33.18,7.1,0.09,2.5,0.4618,0.0,0.0,0.0
2026-04-26 14:00:00,115,1,TK-02,1503.0,4.784,33.18,7.1,0.09,2.5,0.4618,0.0,0.0,0.0
2026-04-26 14:00:00,115,1,TK-03,1104.99,4.342,33.18,7.1,0.28,0.0,0.4618,0.000245,0.0,0.000245
2026-04-26 14:00:00,115,1,TK-04,1453.07,4.625,33.18,7.1,0.09,2.5,0.4618,0.0,0.0,0.0
2026-04-26 14:00:00,115,1,TK-05,1725.85,4.54,33.18,7.1,0.11,2.5,0.4618,0.0,0.004777,0.004777
2026-04-26 22:00:00,115,2,TK-01,1518.71,4.834,30.06,7.1,0.09,2.5,0.4011,0.0,0.0,0.0
2026-04-26 22:00:00,115,2,TK-02,1389.74,4.424,30.06,7.1,0.09,2.5,0.4011,0.0,0.002149,0.002149
2026-04-26 22:00:00,115,2,TK-03,1127.12,4.429,30.06,7.1,0.28,0.0,0.4011,0.000221,0.0,0.000221
2026-04-26 22:00:00,115,2,TK-04,1482.94,4.72,30.06,7.1,0.09,2.5,0.4011,0.0,0.0,0.0
2026-04-26 22:00:00,115,2,TK-05,1764.52,4.642,30.06,7.1,0.11,2.5,0.4011,0.0,0.0,0.0
2026-04-27 06:00:00,116,0,TK-01,1287.4,4.098,26.51,7.1,0.09,2.5,0.3403,1e-06,0.003604,0.003605
2026-04-27 06:00:00,116,0,TK-02,1437.08,4.574,26.51,7.1,0.09,2.5,0.3403,1e-06,0.0,1e-06
2026-04-27 06:00:00,116,0,TK-03,1160.96,4.562,26.51,7.1,0.28,0.0,0.3403,0.000197,0.0,0.000197
2026-04-27 06:00:00,116,0,TK-04,1528.64,4.866,26.51,7.1,0.09,2.5,0.3403,1e-06,0.0,1e-06
2026-04-27 06:00:00,116,0,TK-05,1823.68,4.797,26.51,7.1,0.11,2.5,0.3403,1e-06,0.0,1e-06
2026-04-27 14:00:00,116,1,TK-01,1343.38,4.276,33.4,7.1,0.09,2.5,0.4664,0.0,0.0,0.0
2026-04-27 14:00:00,116,1,TK-02,1490.05,4.743,33.4,7.1,0.09,2.5,0.4664,0.0,0.0,0.0
2026-04-27 14:00:00,116,1,TK-03,927.63,3.645,33.4,7.1,0.28,0.0,0.4664,0.000209,0.004749,0.004958
2026-04-27 14:00:00,116,1,TK-04,1579.78,5.029,33.4,7.1,0.09,2.5,0.4664,0.0,0.0,0.0
2026-04-27 14:00:00,116,1,TK-05,1889.89,4.972,33.4,7.1,0.11,2.5,0.4664,0.0,0.0,0.0
2026-04-27 22:00:00,116,2,TK-01,1382.91,4.402,29.51,7.1,0.09,2.5,0.3911,0.0,0.0,0.0
2026-04-27 22:00:00,116,2,TK-02,1527.46,4.862,29.51,7.1,0.09,2.5,0.3911,0.0,0.0,0.0
2026-04-27 22:00:00,116,2,TK-03,958.29,3.766,29.51,7.1,0.28,0.0,0.3911,0.000185,0.0,0.000185
2026-04-27 22:00:00,116,2,TK-04,1452.23,4.623,29.51,7.1,0.09,2.5,0.3911,0.0,0.002418,0.002418
2026-04-27 22:00:00,116,2,TK-05,1936.64,5.095,29.51,7.1,0.11,2.5,0.3911,0.0,0.0,0.0
2026-04-28 06:00:00,117,0,TK-01,1423.03,4.53,28.05,7.1,0.09,2.5,0.3657,0.0,0.0,0.0
2026-04-28 06:00:00,117,0,TK-02,1565.44,4.983,28.05,7.1,0.09,2.5,0.3657,0.0,0.0,0.0
2026-04-28 06:00:00,117,0,TK-03,989.42,3.888,28.05,7.1,0.28,0.0,0.3657,0.00018,0.0,0.00018
2026-04-28 06:00:00,117,0,TK-04,1491.33,4.747,28.05,7.1,0.09,2.5,0.3657,0.0,0.0,0.0
2026-04-28 06:00:00,117,0,TK-05,1741.22,4.581,28.05,7.1,0.11,2.5,0.3657,0.0,0.003372,0.003373
2026-04-28 14:00:00,117,1,TK-01,1484.02,4.724,33.16,7.1,0.09,2.5,0.4614,0.0,0.0,0.0
2026-04-28 14:00:00,117,1,TK-02,1265.34,4.028,33.16,7.1,0.09,2.5,0.4614,0.0,0.006213,0.006213
2026-04-28 14:00:00,117,1,TK-03,1036.73,4.074,33.16,7.1,0.28,0.0,0.4614,0.00023,0.0,0.00023
2026-04-28 14:00:00,117,1,TK-04,1550.75,4.936,33.16,7.1,0.09,2.5,0.4614,0.0,0.0,0.0
2026-04-28 14:00:00,117,1,TK-05,1818.94,4.785,33.16,7.1,0.11,2.5,0.4614,0.0,0.0,0.0
2026-04-28 22:00:00,117,2,TK-01,1516.59,4.827,28.82,7.1,0.09,2.5,0.379,0.0,0.0,0.0
2026-04-28 22:00:00,117,2,TK-02,1300.66,4.14,28.82,7.1,0.09,2.5,0.379,0.0,0.0,0.0
2026-04-28 22:00:00,117,2,TK-03,1061.99,4.173,28.82,7.1,0.28,0.0,0.379,0.000199,0.0,0.000199
2026-04-28 22:00:00,117,2,TK-04,1442.88,4.593,28.82,7.1,0.09,2.5,0.379,0.0,0.002,0.002
2026-04-28 22:00:00,117,2,TK-05,1860.43,4.894,28.82,7.1,0.11,2.5,0.379,0.0,0.0,0.0
2026-04-29 06:00:00,118,0,TK-01,1265.2,4.027,27.18,7.1,0.09,2.5,0.3512,0.0,0.003871,0.003871
2026-04-29 06:00:00,118,0,TK-02,1341.58,4.27,27.18,7.1,0.09,2.5,0.3512,0.0,0.0,0.0
2026-04-29 06:00:00,118,0,TK-03,1091.28,4.288,27.18,7.1,0.28,0.0,0.3512,0.000191,0.0,0.000191
2026-04-29 06:00:00,118,0,TK-04,1481.72,4.716,27.18,7.1,0.09,2.5,0.3512,0.0,0.0,0.0
2026-04-29 06:00:00,118,0,TK-05,1908.53,5.021,27.18,7.1,0.11,2.5,0.3512,0.0,0.0,0.0
2026-04-29 14:00:00,118,1,TK-01,1335.16,4.25,34.39,7.1,0.09,2.5,0.4874,0.0,0.0,0.0
2026-04-29 14:00:00,118,1,TK-02,1409.64,4.487,34.39,7.1,0.09,2.5,0.4874,0.0,0.0,0.0
2026-04-29 14:00:00,118,1,TK-03,1139.98,4.48,34.39,7.1,0.28,0.0,0.4874,0.000264,0.0,0.000264
2026-04-29 14:00:00,118,1,TK-04,1546.3,4.922,34.39,7.1,0.09,2.5,0.4874,0.0,0.0,0.0
2026-04-29 14:00:00,118,1,TK-05,1667.67,4.387,34.39,7.1,0.11,2.5,0.4874,0.0,0.005875,0.005875
2026-04-29 22:00:00,118,2,TK-01,1365.48,4.346,28.46,7.1,0.09,2.5,0.3726,0.0,0.0,0.0
2026-04-29 22:00:00,118,2,TK-02,1439.14,4.581,28.46,7.1,0.09,2.5,0.3726,0.0,0.0,0.0
2026-04-29 22:00:00,118,2,TK-03,1161.08,4.563,28.46,7.1,0.28,0.0,0.3726,0.000213,0.0,0.000213
2026-04-29 22:00:00,118,2,TK-04,1388.43,4.42,28.46,7.1,0.09,2.5,0.3726,0.0,0.002618,0.002618
2026-04-29 22:00:00,118,2,TK-05,1705.89,4.488,28.46,7.1,0.11,2.5,0.3726,0.0,0.0,0.0
2026-04-30 06:00:00,119,0,TK-01,1410.04,4.488,28.08,7.1,0.09,2.5,0.3662,0.0,0.0,0.0
2026-04-30 06:00:00,119,0,TK-02,1482.5,4.719,28.08,7.1,0.09,2.5,0.3662,0.0,0.0,0.0
2026-04-30 06:00:00,119,0,TK-03,966.53,3.798,28.08,7.1,0.28,0.0,0.3662,0.000176,0.003143,0.003319
2026-04-30 06:00:00,119,0,TK-04,1432.63,4.56,28.08,7.1,0.09,2.5,0.3662,0.0,0.0,0.0
2026-04-30 06:00:00,119,0,TK-05,1762.05,4.635,28.08,7.1,0.11,2.5,0.3662,0.0,0.0,0.0
2026-04-30 14:00:00,119,1,TK-01,1470.84,4.682,33.28,7.1,0.09,2.5,0.464,0.0,0.0,0.0
2026-04-30 14:00:00,119,1,TK-02,1213.37,3.862,33.28,7.1,0.09,2.5,0.464,0.0,0.005725,0.005725
2026-04-30 14:00:00,119,1,TK-03,1013.98,3.985,33.28,7.1,0.28,0.0,0.464,0.000226,0.0,0.000226
2026-04-30 14:00:00,119,1,TK-04,1492.91,4.752,33.28,7.1,0.09,2.5,0.464,0.0,0.0,0.0
2026-04-30 14:00:00,119,1,TK-05,1838.67,4.837,33.28,7.1,0.11,2.5,0.464,0.0,0.0,0.0
2026-04-30 22:00:00,119,2,TK-01,1504.83,4.79,28.8,7.1,0.09,2.5,0.3786,0.0,0.0,0.0
2026-04-30 22:00:00,119,2,TK-02,1250.72,3.981,28.8,7.1,0.09,2.5,0.3786,0.0,0.0,0.0
2026-04-30 22:00:00,119,2,TK-03,1040.51,4.089,28.8,7.1,0.28,0.0,0.3786,0.000195,0.0,0.000195
2026-04-30 22:00:00,119,2,TK-04,1410.94,4.491,28.8,7.1,0.09,2.5,0.3786,0.0,0.001657,0.001657
2026-04-30 22:00:00,119,2,TK-05,1881.5,4.95,28.8,7.1,0.11,2.5,0.3786,0.0,0.0,0.0
2026-05-01 06:00:00,120,0,TK-01,1305.58,4.156,27.78,7.1,0.09,2.5,0.3611,0.0,0.003449,0.003449
2026-05-01 06:00:00,120,0,TK-02,1306.13,4.158,27.78,7.1,0.09,2.5,0.3611,0.0,0.0,0.0
2026-05-01 06:00:00,120,0,TK-03,1079.89,4.244,27.78,7.1,0.28,0.0,0.3611,0.000194,0.0,0.000194
2026-05-01 06:00:00,120,0,TK-04,1463.22,4.658,27.78,7.1,0.09,2.5,0.3611,0.0,0.0,0.0
2026-05-01 06:00:00,120,0,TK-05,1945.07,5.117,27.78,7.1,0.11,2.5,0.3611,0.0,0.0,0.0
2026-05-01 14:00:00,120,1,TK-01,1371.69,4.366,33.42,7.1,0.09,2.5,0.4668,0.0,0.0,0.0
2026-05-01 14:00:00,120,1,TK-02,1372.23,4.368,33.42,7.1,0.09,2.5,0.4668,0.0,0.0,0.0
2026-05-01 14:00:00,120,1,TK-03,1126.85,4.428,33.42,7.1,0.28,0.0,0.4668,0.000252,0.0,0.000252
2026-05-01 14:00:00,120,1,TK-04,1525.58,4.856,33.42,7.1,0.09,2.5,0.4668,0.0,0.0,0.0
2026-05-01 14:00:00,120,1,TK-05,1764.01,4.641,33.42,7.1,0.11,2.5,0.4668,0.0,0.004516,0.004516
2026-05-01 22:00:00,120,2,TK-01,1407.52,4.48,29.15,7.1,0.09,2.5,0.3848,0.0,0.0,0.0
2026-05-01 22:00:00,120,2,TK-02,1408.06,4.482,29.15,7.1,0.09,2.5,0.3848,0.0,0.0,0.0
2026-05-01 22:00:00,120,2,TK-03,1152.3,4.528,29.15,7.1,0.28,0.0,0.3848,0.000218,0.0,0.000218
2026-05-01 22:00:00,120,2,TK-04,1365.8,4.347,29.15,7.1,0.09,2.5,0.3848,0.0,0.002816,0.002816
2026-05-01 22:00:00,120,2,TK-05,1808.51,4.758,29.15,7.1,0.11,2.5,0.3848,0.0,0.0,0.0
2026-05-02 06:00:00,121,0,TK-01,1464.54,4.662,27.18,7.1,0.09,2.5,0.3512,0.0,0.0,0.0
2026-05-02 06:00:00,121,0,TK-02,1465.06,4.663,27.18,7.1,0.09,2.5,0.3512,0.0,0.0,0.0
2026-05-02 06:00:00,121,0,TK-03,976.63,3.838,27.18,7.1,0.28,0.0,0.3512,0.000171,0.002911,0.003082
2026-05-02 06:00:00,121,0,TK-04,1423.7,4.532,27.18,7.1,0.09,2.5,0.3512,0.0,0.0,0.0
2026-05-02 06:00:00,121,0,TK-05,1879.3,4.944,27.18,7.1,0.11,2.5,0.3512,0.0,0.0,0.0
2026-05-02 14:00:00,121,1,TK-01,1528.1,4.864,34.14,7.1,0.09,2.5,0.482,0.0,0.0,0.0
2026-05-02 14:00:00,121,1,TK-02,1528.61,4.866,34.14,7.1,0.09,2.5,0.482,0.0,0.0,0.0
2026-05-02 14:00:00,121,1,TK-03,1027.03,4.036,34.14,7.1,0.28,0.0,0.482,0.000237,0.0,0.000237
2026-05-02 14:00:00,121,1,TK-04,1488.26,4.737,34.14,7.1,0.09,2.5,0.482,0.0,0.0,0.0
2026-05-02 14:00:00,121,1,TK-05,1642.3,4.32,34.14,7.1,0.11,2.5,0.482,0.0,0.005725,0.005725
2026-05-02 22:00:00,121,2,TK-01,1561.73,4.971,26.99,7.1,0.09,2.5,0.3481,0.0,0.0,0.0
2026-05-02 22:00:00,121,2,TK-02,1415.24,4.505,26.99,7.1,0.09,2.5,0.3481,0.0,0.001945,0.001945
2026-05-02 22:00:00,121,2,TK-03,1053.7,4.141,26.99,7.1,0.28,0.0,0.3481,0.000183,0.0,0.000183
2026-05-02 22:00:00,121,2,TK-04,1522.41,4.846,26.99,7.1,0.09,2.5,0.3481,0.0,0.0,0.0
2026-05-02 22:00:00,121,2,TK-05,1688.23,4.441,26.99,7.1,0.11,2.5,0.3481,0.0,0.0,0.0
2026-05-03 06:00:00,122,0,TK-01,1395.28,4.441,26.92,7.1,0.09,2.5,0.3469,0.0,0.002789,0.002789
2026-05-03 06:00:00,122,0,TK-02,1461.44,4.652,26.92,7.1,0.09,2.5,0.3469,0.0,0.0,0.0
2026-05-03 06:00:00,122,0,TK-03,1088.33,4.277,26.92,7.1,0.28,0.0,0.3469,0.000188,0.0,0.000188
2026-05-03 06:00:00,122,0,TK-04,1566.76,4.987,26.92,7.1,0.09,2.5,0.3469,0.0,0.0,0.0
2026-05-03 06:00:00,122,0,TK-05,1747.85,4.598,26.92,7.1,0.11,2.5,0.3469,1e-06,0.0,1e-06
2026-05-03 14:00:00,122,1,TK-01,1445.75,4.602,34.53,7.1,0.09,2.5,0.4904,0.0,0.0,0.0
2026-05-03 14:00:00,122,1,TK-02,1510.67,4.809,34.53,7.1,0.09,2.5,0.4904,0.0,0.0,0.0
2026-05-03 14:00:00,122,1,TK-03,1125.22,4.422,34.53,7.1,0.28,0.0,0.4904,0.000262,0.0,0.000262
2026-05-03 14:00:00,122,1,TK-04,1342.05,4.272,34.53,7.1,0.09,2.5,0.4904,0.0,0.004979,0.004979
2026-05-03 14:00:00,122,1,TK-05,1811.36,4.765,34.53,7.1,0.11,2.5,0.4904,0.0,0.0,0.0
2026-05-03 22:00:00,122,2,TK-01,1477.99,4.705,28.75,7.1,0.09,2.5,0.3777,0.0,0.0,0.0
2026-05-03 22:00:00,122,2,TK-02,1542.12,4.909,28.75,7.1,0.09,2.5,0.3777,0.0,0.0,0.0
2026-05-03 22:00:00,122,2,TK-03,975.55,3.834,28.75,7.1,0.28,0.0,0.3777,0.000182,0.002473,0.002656
2026-05-03 22:00:00,122,2,TK-04,1375.57,4.379,28.75,7.1,0.09,2.5,0.3777,0.0,0.0,0.0
2026-05-03 22:00:00,122,2,TK-05,1851.94,4.872,28.75,7.1,0.11,2.5,0.3777,0.0,0.0,0.0
2026-05-04 06:00:00,123,0,TK-01,1522.84,4.847,26.9,7.1,0.09,2.5,0.3466,0.0,0.0,0.0
2026-05-04 06:00:00,123,0,TK-02,1317.73,4.194,26.9,7.1,0.09,2.5,0.3466,0.0,0.003547,0.003548
2026-05-04 06:00:00,123,0,TK-03,1011.31,3.974,26.9,7.1,0.28,0.0,0.3466,0.000175,0.0,0.000175
2026-05-04 06:00:00,123,0,TK-04,1422.17,4.527,26.9,7.1,0.09,2.5,0.3466,0.0,0.0,0.0
2026-05-04 06:00:00,123,0,TK-05,1908.38,5.02,26.9,7.1,0.11,2.5,0.3466,1e-06,0.0,1e-06
2026-05-04 14:00:00,123,1,TK-01,1242.73,3.956,33.05,7.1,0.09,2.5,0.4592,0.0,0.005941,0.005941
2026-05-04 14:00:00,123,1,TK-02,1385.33,4.41,33.05,7.1,0.09,2.5,0.4592,0.0,0.0,0.0
2026-05-04 14:00:00,123,1,TK-03,1061.22,4.17,33.05,7.1,0.28,0.0,0.4592,0.000234,0.0,0.000234
2026-05-04 14:00:00,123,1,TK-04,1487.22,4.734,33.05,7.1,0.09,2.5,0.4592,0.0,0.0,0.0
2026-05-04 14:00:00,123,1,TK-05,1987.15,5.228,33.05,7.1,0.11,2.5,0.4592,0.0,0.0,0.0
2026-05-04 22:00:00,123,2,TK-01,1278.68,4.07,29.94,7.1,0.09,2.5,0.3989,0.0,0.0,0.0
2026-05-04 22:00:00,123,2,TK-02,1419.48,4.518,29.94,7.1,0.09,2.5,0.3989,0.0,0.0,0.0
2026-05-04 22:00:00,123,2,TK-03,1086.43,4.269,29.94,7.1,0.28,0.0,0.3989,0.000212,0.0,0.000212
2026-05-04 22:00:00,123,2,TK-04,1520.08,4.839,29.94,7.1,0.09,2.5,0.3989,0.0,0.0,0.0
2026-05-04 22:00:00,123,2,TK-05,1930.72,5.079,29.94,7.1,0.11,2.5,0.3989,0.0,0.001446,0.001446
2026-05-05 06:00:00,124,0,TK-01,1330.5,4.235,28.18,7.1,0.09,2.5,0.3679,0.0,0.0,0.0
2026-05-05 06:00:00,124,0,TK-02,1468.69,4.675,28.18,7.1,0.09,2.5,0.3679,0.0,0.0,0.0
2026-05-05 06:00:00,124,0,TK-03,1122.76,4.412,28.18,7.1,0.28,0.0,0.3679,0.000204,0.0,0.000204
2026-05-05 06:00:00,124,0,TK-04,1567.43,4.989,28.18,7.1,0.09,2.5,0.3679,0.0,0.0,0.0
2026-05-05 06:00:00,124,0,TK-05,1822.0,4.793,28.18,7.1,0.11,2.5,0.3679,0.0,0.002355,0.002355
2026-05-05 14:00:00,124,1,TK-01,1381.77,4.398,33.52,7.1,0.09,2.5,0.469,0.0,0.0,0.0
2026-05-05 14:00:00,124,1,TK-02,1517.39,4.83,33.52,7.1,0.09,2.5,0.469,0.0,0.0,0.0
2026-05-05 14:00:00,124,1,TK-03,1158.71,4.553,33.52,7.1,0.28,0.0,0.469,0.000259,0.0,0.000259
2026-05-05 14:00:00,124,1,TK-04,1345.17,4.282,33.52,7.1,0.09,2.5,0.469,0.0,0.00473,0.00473
2026-05-05 14:00:00,124,1,TK-05,1883.63,4.955,33.52,7.1,0.11,2.5,0.469,0.0,0.0,0.0
2026-05-05 22:00:00,124,2,TK-01,1416.4,4.509,29.27,7.1,0.09,2.5,0.3868,0.0,0.0,0.0
2026-05-05 22:00:00,124,2,TK-02,1550.28,4.935,29.27,7.1,0.09,2.5,0.3868,0.0,0.0,0.0
2026-05-05 22:00:00,124,2,TK-03,998.14,3.922,29.27,7.1,0.28,0.0,0.3868,0.00019,0.002699,0.002889
2026-05-05 22:00:00,124,2,TK-04,1380.28,4.394,29.27,7.1,0.09,2.5,0.3868,0.0,0.0,0.0
2026-05-05 22:00:00,124,2,TK-05,1925.26,5.065,29.27,7.1,0.11,2.5,0.3868,0.0,0.0,0.0
2026-05-06 06:00:00,125,0,TK-01,1458.85,4.644,27.14,7.1,0.09,2.5,0.3505,0.0,0.0,0.0
2026-05-06 06:00:00,125,0,TK-02,1379.18,4.39,27.14,7.1,0.09,2.5,0.3505,0.0,0.002822,0.002822
2026-05-06 06:00:00,125,0,TK-03,1030.85,4.051,27.14,7.1,0.28,0.0,0.3505,0.00018,0.0,0.00018
2026-05-06 06:00:00,125,0,TK-04,1423.3,4.531,27.14,7.1,0.09,2.5,0.3505,0.0,0.0,0.0
2026-05-06 06:00:00,125,0,TK-05,1976.29,5.199,27.14,7.1,0.11,2.5,0.3505,1e-06,0.0,1e-06
2026-05-06 14:00:00,125,1,TK-01,1518.64,4.834,33.37,7.1,0.09,2.5,0.4658,0.0,0.0,0.0
2026-05-06 14:00:00,125,1,TK-02,1440.78,4.586,33.37,7.1,0.09,2.5,0.4658,0.0,0.0,0.0
2026-05-06 14:00:00,125,1,TK-03,1076.92,4.232,33.37,7.1,0.28,0.0,0.4658,0.00024,0.0,0.00024
2026-05-06 14:00:00,125,1,TK-04,1483.9,4.723,33.37,7.1,0.09,2.5,0.4658,0.0,0.0,0.0
2026-05-06 14:00:00,125,1,TK-05,1811.6,4.766,33.37,7.1,0.11,2.5,0.4658,0.0,0.004152,0.004152
2026-05-06 22:00:00,125,2,TK-01,1369.57,4.359,29.6,7.1,0.09,2.5,0.3928,0.0,0.002592,0.002592
2026-05-06 22:00:00,125,2,TK-02,1467.9,4.672,29.6,7.1,0.09,2.5,0.3928,0.0,0.0,0.0
2026-05-06 22:00:00,125,2,TK-03,1097.2,4.312,29.6,7.1,0.28,0.0,0.3928,0.000211,0.0,0.000211
2026-05-06 22:00:00,125,2,TK-04,1510.58,4.808,29.6,7.1,0.09,2.5,0.3928,0.0,0.0,0.0
2026-05-06 22:00:00,125,2,TK-05,1845.67,4.855,29.6,7.1,0.11,2.5,0.3928,0.0,0.0,0.0
2026-05-07 06:00:00,126,0,TK-01,1422.78,4.529,27.92,7.1,0.09,2.5,0.3635,0.0,0.0,0.0
2026-05-07 06:00:00,126,0,TK-02,1519.19,4.836,27.92,7.1,0.09,2.5,0.3635,0.0,0.0,0.0
2026-05-07 06:00:00,126,0,TK-03,1135.56,4.462,27.92,7.1,0.28,0.0,0.3635,0.000204,0.0,0.000204
2026-05-07 06:00:00,126,0,TK-04,1306.84,4.16,27.92,7.1,0.09,2.5,0.3635,0.0,0.003535,0.003535
2026-05-07 06:00:00,126,0,TK-05,1910.09,5.025,27.92,7.1,0.11,2.5,0.3635,0.0,0.0,0.0
2026-05-07 14:00:00,126,1,TK-01,1487.1,4.734,34.1,7.1,0.09,2.5,0.4813,0.0,0.0,0.0
2026-05-07 14:00:00,126,1,TK-02,1581.18,5.033,34.1,7.1,0.09,2.5,0.4813,0.0,0.0,0.0
2026-05-07 14:00:00,126,1,TK-03,931.09,3.659,34.1,7.1,0.28,0.0,0.4813,0.000215,0.004533,0.004748
2026-05-07 14:00:00,126,1,TK-04,1373.97,4.373,34.1,7.1,0.09,2.5,0.4813,0.0,0.0,0.0
2026-05-07 14:00:00,126,1,TK-05,1987.95,5.23,34.1,7.1,0.11,2.5,0.4813,0.0,0.0,0.0
2026-05-07 22:00:00,126,2,TK-01,1520.95,4.841,28.88,7.1,0.09,2.5,0.3799,0.0,0.0,0.0
2026-05-07 22:00:00,126,2,TK-02,1468.17,4.673,28.88,7.1,0.09,2.5,0.3799,0.0,0.002091,0.002091
2026-05-07 22:00:00,126,2,TK-03,958.76,3.768,28.88,7.1,0.28,0.0,0.3799,0.00018,0.0,0.00018
2026-05-07 22:00:00,126,2,TK-04,1409.29,4.486,28.88,7.1,0.09,2.5,0.3799,0.0,0.0,0.0
2026-05-07 22:00:00,126,2,TK-05,2028.93,5.337,28.88,7.1,0.11,2.5,0.3799,0.0,0.0,0.0
2026-05-08 06:00:00,127,0,TK-01,1563.13,4.976,26.89,7.1,0.09,2.5,0.3466,0.0,0.0,0.0
2026-05-08 06:00:00,127,0,TK-02,1511.21,4.81,26.89,7.1,0.09,2.5,0.3466,0.0,0.0,0.0
2026-05-08 06:00:00,127,0,TK-03,993.23,3.903,26.89,7.1,0.28,0.0,0.3466,0.000172,0.0,0.000172
2026-05-08 06:00:00,127,0,TK-04,1453.3,4.626,26.89,7.1,0.09,2.5,0.3466,0.0,0.0,0.0
2026-05-08 06:00:00,127,0,TK-05,1871.5,4.923,26.89,7.1,0.11,2.5,0.3466,1e-06,0.002762,0.002762
2026-05-08 14:00:00,127,1,TK-01,1325.78,4.22,34.37,7.1,0.09,2.5,0.4869,0.0,0.005146,0.005146
2026-05-08 14:00:00,127,1,TK-02,1557.84,4.959,34.37,7.1,0.09,2.5,0.4869,0.0,0.0,0.0
2026-05-08 14:00:00,127,1,TK-03,1030.57,4.05,34.37,7.1,0.28,0.0,0.4869,0.000239,0.0,0.000239
2026-05-08 14:00:00,127,1,TK-04,1500.98,4.778,34.37,7.1,0.09,2.5,0.4869,0.0,0.0,0.0
2026-05-08 14:00:00,127,1,TK-05,1930.58,5.079,34.37,7.1,0.11,2.5,0.4869,0.0,0.0,0.0
2026-05-08 22:00:00,127,2,TK-01,1361.32,4.333,30.58,7.1,0.09,2.5,0.4108,0.0,0.0,0.0
2026-05-08 22:00:00,127,2,TK-02,1426.05,4.539,30.58,7.1,0.09,2.5,0.4108,0.0,0.002535,0.002535
2026-05-08 22:00:00,127,2,TK-03,1056.63,4.152,30.58,7.1,0.28,0.0,0.4108,0.000212,0.0,0.000212
2026-05-08 22:00:00,127,2,TK-04,1534.26,4.884,30.58,7.1,0.09,2.5,0.4108,0.0,0.0,0.0
2026-05-08 22:00:00,127,2,TK-05,1971.82,5.187,30.58,7.1,0.11,2.5,0.4108,0.0,0.0,0.0
2026-05-09 06:00:00,128,0,TK-01,1400.49,4.458,26.74,7.1,0.09,2.5,0.3441,0.0,0.0,0.0
2026-05-09 06:00:00,128,0,TK-02,1464.29,4.661,26.74,7.1,0.09,2.5,0.3441,1e-06,0.0,1e-06
2026-05-09 06:00:00,128,0,TK-03,1085.36,4.265,26.74,7.1,0.28,0.0,0.3441,0.000186,0.0,0.000186
2026-05-09 06:00:00,128,0,TK-04,1570.94,5.0,26.74,7.1,0.09,2.5,0.3441,1e-06,0.0,1e-06
2026-05-09 06:00:00,128,0,TK-05,1838.41,4.836,26.74,7.1,0.11,2.5,0.3441,1e-06,0.002349,0.00235
2026-05-09 14:00:00,128,1,TK-01,1464.89,4.663,34.83,7.1,0.09,2.5,0.4971,0.0,0.0,0.0
2026-05-09 14:00:00,128,1,TK-02,1527.16,4.861,34.83,7.1,0.09,2.5,0.4971,0.0,0.0,0.0
2026-05-09 14:00:00,128,1,TK-03,1132.59,4.451,34.83,7.1,0.28,0.0,0.4971,0.000266,0.0,0.000266
2026-05-09 14:00:00,128,1,TK-04,1363.7,4.341,34.83,7.1,0.09,2.5,0.4971,0.0,0.004992,0.004992
2026-05-09 14:00:00,128,1,TK-05,1917.45,5.044,34.83,7.1,0.11,2.5,0.4971,0.0,0.0,0.0
2026-05-09 22:00:00,128,2,TK-01,1497.42,4.766,29.34,7.1,0.09,2.5,0.3881,0.0,0.0,0.0
2026-05-09 22:00:00,128,2,TK-02,1412.16,4.495,29.34,7.1,0.09,2.5,0.3881,0.0,0.002147,0.002147
2026-05-09 22:00:00,128,2,TK-03,1156.45,4.545,29.34,7.1,0.28,0.0,0.3881,0.00022,0.0,0.00022
2026-05-09 22:00:00,128,2,TK-04,1397.49,4.448,29.34,7.1,0.09,2.5,0.3881,0.0,0.0,0.0
2026-05-09 22:00:00,128,2,TK-05,1957.37,5.149,29.34,7.1,0.11,2.5,0.3881,0.0,0.0,0.0
2026-05-10 06:00:00,129,0,TK-01,1537.7,4.895,26.68,7.1,0.09,2.5,0.3431,1e-06,0.0,1e-06
2026-05-10 06:00:00,129,0,TK-02,1453.77,4.627,26.68,7.1,0.09,2.5,0.3431,1e-06,0.0,1e-06
2026-05-10 06:00:00,129,0,TK-03,972.36,3.821,26.68,7.1,0.28,0.0,0.3431,0.000167,0.002798,0.002966
2026-05-10 06:00:00,129,0,TK-04,1439.33,4.582,26.68,7.1,0.09,2.5,0.3431,1e-06,0.0,1e-06
2026-05-10 06:00:00,129,0,TK-05,2006.8,5.279,26.68,7.1,0.11,2.5,0.3431,1e-06,0.0,1e-06
2026-05-10 14:00:00,129,1,TK-01,1589.57,5.06,35.03,7.1,0.09,2.5,0.5015,0.0,0.0,0.0
2026-05-10 14:00:00,129,1,TK-02,1507.35,4.798,35.03,7.1,0.09,2.5,0.5015,0.0,0.0,0.0
2026-05-10 14:00:00,129,1,TK-03,1014.76,3.988,35.03,7.1,0.28,0.0,0.5015,0.000242,0.0,0.000242
2026-05-10 14:00:00,129,1,TK-04,1493.2,4.753,35.03,7.1,0.09,2.5,0.5015,0.0,0.0,0.0
2026-05-10 14:00:00,129,1,TK-05,1770.55,4.658,35.03,7.1,0.11,2.5,0.5015,0.0,0.005624,0.005624
2026-05-10 22:00:00,129,2,TK-01,1461.59,4.652,30.08,7.1,0.09,2.5,0.4014,0.0,0.002404,0.002404
2026-05-10 22:00:00,129,2,TK-02,1539.58,4.901,30.08,7.1,0.09,2.5,0.4014,0.0,0.0,0.0
2026-05-10 22:00:00,129,2,TK-03,1040.26,4.088,30.08,7.1,0.28,0.0,0.4014,0.000205,0.0,0.000205
2026-05-10 22:00:00,129,2,TK-04,1525.61,4.856,30.08,7.1,0.09,2.5,0.4014,0.0,0.0,0.0
2026-05-10 22:00:00,129,2,TK-05,1812.6,4.768,30.08,7.1,0.11,2.5,0.4014,0.0,0.0,0.0
2026-05-11 06:00:00,130,0,TK-01,1516.43,4.827,28.43,7.1,0.09,2.5,0.3722,0.0,0.0,0.0
2026-05-11 06:00:00,130,0,TK-02,1366.75,4.351,28.43,7.1,0.09,2.5,0.3722,0.0,0.00321,0.00321
2026-05-11 06:00:00,130,0,TK-03,1082.35,4.253,28.43,7.1,0.28,0.0,0.3722,0.000199,0.0,0.000199
2026-05-11 06:00:00,130,0,TK-04,1579.1,5.026,28.43,7.1,0.09,2.5,0.3722,0.0,0.0,0.0
2026-05-11 06:00:00,130,0,TK-05,1882.0,4.951,28.43,7.1,0.11,2.5,0.3722,0.0,0.0,0.0
2026-05-11 14:00:00,130,1,TK-01,1574.98,5.013,35.31,7.1,0.09,2.5,0.5078,0.0,0.0,0.0
2026-05-11 14:00:00,130,1,TK-02,1428.72,4.548,35.31,7.1,0.09,2.5,0.5078,0.0,0.0,0.0
2026-05-11 14:00:00,130,1,TK-03,1127.31,4.43,35.31,7.1,0.28,0.0,0.5078,0.00027,0.0,0.00027
2026-05-11 14:00:00,130,1,TK-04,1373.5,4.372,35.31,7.1,0.09,2.5,0.5078,0.0,0.004998,0.004998
2026-05-11 14:00:00,130,1,TK-05,1956.11,5.146,35.31,7.1,0.11,2.5,0.5078,0.0,0.0,0.0
2026-05-11 22:00:00,130,2,TK-01,1427.44,4.544,27.74,7.1,0.09,2.5,0.3605,0.0,0.002452,0.002453
2026-05-11 22:00:00,130,2,TK-02,1462.36,4.655,27.74,7.1,0.09,2.5,0.3605,0.0,0.0,0.0
2026-05-11 22:00:00,130,2,TK-03,1151.71,4.526,27.74,7.1,0.28,0.0,0.3605,0.000206,0.0,0.000206
2026-05-11 22:00:00,130,2,TK-04,1407.85,4.481,27.74,7.1,0.09,2.5,0.3605,0.0,0.0,0.0
2026-05-11 22:00:00,130,2,TK-05,1996.34,5.252,27.74,7.1,0.11,2.5,0.3605,0.0,0.0,0.0
2026-05-12 06:00:00,131,0,TK-01,1469.62,4.678,28.31,7.1,0.09,2.5,0.3701,0.0,0.0,0.0
2026-05-12 06:00:00,131,0,TK-02,1503.99,4.787,28.31,7.1,0.09,2.5,0.3701,0.0,0.0,0.0
2026-05-12 06:00:00,131,0,TK-03,1181.91,4.645,28.31,7.1,0.28,0.0,0.3701,0.000216,0.0,0.000216
2026-05-12 06:00:00,131,0,TK-04,1450.34,4.617,28.31,7.1,0.09,2.5,0.3701,0.0,0.0,0.0
2026-05-12 06:00:00,131,0,TK-05,1824.32,4.799,28.31,7.1,0.11,2.5,0.3701,0.0,0.003124,0.003124
2026-05-12 14:00:00,131,1,TK-01,1532.72,4.879,35.42,7.1,0.09,2.5,0.5102,0.0,0.0,0.0
2026-05-12 14:00:00,131,1,TK-02,1566.26,4.986,35.42,7.1,0.09,2.5,0.5102,0.0,0.0,0.0
2026-05-12 14:00:00,131,1,TK-03,968.22,3.805,35.42,7.1,0.28,0.0,0.5102,0.000235,0.00494,0.005174
2026-05-12 14:00:00,131,1,TK-04,1513.91,4.819,35.42,7.1,0.09,2.5,0.5102,0.0,0.0,0.0
2026-05-12 14:00:00,131,1,TK-05,1904.15,5.009,35.42,7.1,0.11,2.5,0.5102,0.0,0.0,0.0
2026-05-12 22:00:00,131,2,TK-01,1567.47,4.989,30.01,7.1,0.09,2.5,0.4002,0.0,0.0,0.0
2026-05-12 22:00:00,131,2,TK-02,1478.36,4.706,30.01,7.1,0.09,2.5,0.4002,0.0,0.001842,0.001842
2026-05-12 22:00:00,131,2,TK-03,996.63,3.917,30.01,7.1,0.28,0.0,0.4002,0.000196,0.0,0.000196
2026-05-12 22:00:00,131,2,TK-04,1548.91,4.93,30.01,7.1,0.09,2.5,0.4002,0.0,0.0,0.0
2026-05-12 22:00:00,131,2,TK-05,1948.11,5.125,30.01,7.1,0.11,2.5,0.4002,0.0,0.0,0.0
2026-05-13 06:00:00,132,0,TK-01,1408.19,4.482,27.77,7.1,0.09,2.5,0.3609,0.0,0.002873,0.002873
2026-05-13 06:00:00,132,0,TK-02,1529.14,4.867,27.77,7.1,0.09,2.5,0.3609,0.0,0.0,0.0
2026-05-13 06:00:00,132,0,TK-03,1036.72,4.074,27.77,7.1,0.28,0.0,0.3609,0.000186,0.0,0.000186
2026-05-13 06:00:00,132,0,TK-04,1598.32,5.088,27.77,7.1,0.09,2.5,0.3609,0.0,0.0,0.0
2026-05-13 06:00:00,132,0,TK-05,2010.16,5.288,27.77,7.1,0.11,2.5,0.3609,0.0,0.0,0.0
2026-05-13 14:00:00,132,1,TK-01,1456.93,4.638,34.71,7.1,0.09,2.5,0.4944,0.0,0.0,0.0
2026-05-13 14:00:00,132,1,TK-02,1575.68,5.016,34.71,7.1,0.09,2.5,0.4944,0.0,0.0,0.0
2026-05-13 14:00:00,132,1,TK-03,1073.46,4.218,34.71,7.1,0.28,0.0,0.4944,0.000252,0.0,0.000252
2026-05-13 14:00:00,132,1,TK-04,1311.59,4.175,34.71,7.1,0.09,2.5,0.4944,0.0,0.006131,0.006131
2026-05-13 14:00:00,132,1,TK-05,2067.02,5.438,34.71,7.1,0.11,2.5,0.4944,0.0,0.0,0.0
2026-05-13 22:00:00,132,2,TK-01,1488.1,4.737,27.57,7.1,0.09,2.5,0.3576,0.0,0.0,0.0
2026-05-13 22:00:00,132,2,TK-02,1605.44,5.11,27.57,7.1,0.09,2.5,0.3576,0.0,0.0,0.0
2026-05-13 22:00:00,132,2,TK-03,1096.96,4.311,27.57,7.1,0.28,0.0,0.3576,0.000195,0.0,0.000195
2026-05-13 22:00:00,132,2,TK-04,1344.5,4.28,27.57,7.1,0.09,2.5,0.3576,0.0,0.0,0.0
2026-05-13 22:00:00,132,2,TK-05,1921.71,5.055,27.57,7.1,0.11,2.5,0.3576,0.0,0.002467,0.002467
2026-05-14 06:00:00,133,0,TK-01,1534.88,4.886,28.63,7.1,0.09,2.5,0.3757,0.0,0.0,0.0
2026-05-14 06:00:00,133,0,TK-02,1436.53,4.573,28.63,7.1,0.09,2.5,0.3757,0.0,0.003049,0.003049
2026-05-14 06:00:00,133,0,TK-03,1132.22,4.449,28.63,7.1,0.28,0.0,0.3757,0.000209,0.0,0.000209
2026-05-14 06:00:00,133,0,TK-04,1393.87,4.437,28.63,7.1,0.09,2.5,0.3757,0.0,0.0,0.0
2026-05-14 06:00:00,133,0,TK-05,1979.57,5.208,28.63,7.1,0.11,2.5,0.3757,0.0,0.0,0.0
2026-05-14 14:00:00,133,1,TK-01,1585.58,5.047,35.11,7.1,0.09,2.5,0.5033,0.0,0.0,0.0
2026-05-14 14:00:00,133,1,TK-02,1489.18,4.74,35.11,7.1,0.09,2.5,0.5033,0.0,0.0,0.0
2026-05-14 14:00:00,133,1,TK-03,1170.43,4.599,35.11,7.1,0.28,0.0,0.5033,0.000278,0.0,0.000278
2026-05-14 14:00:00,133,1,TK-04,1447.36,4.607,35.11,7.1,0.09,2.5,0.5033,0.0,0.0,0.0
2026-05-14 14:00:00,133,1,TK-05,1794.49,4.721,35.11,7.1,0.11,2.5,0.5033,0.0,0.004659,0.004659
2026-05-14 22:00:00,133,2,TK-01,1431.81,4.558,26.7,7.1,0.09,2.5,0.3434,1e-06,0.002434,0.002435
2026-05-14 22:00:00,133,2,TK-02,1522.79,4.847,26.7,7.1,0.09,2.5,0.3434,1e-06,0.0,1e-06
2026-05-14 22:00:00,133,2,TK-03,1194.82,4.695,26.7,7.1,0.28,0.0,0.3434,0.000204,0.0,0.000204
2026-05-14 22:00:00,133,2,TK-04,1481.52,4.716,26.7,7.1,0.09,2.5,0.3434,1e-06,0.0,1e-06
2026-05-14 22:00:00,133,2,TK-05,1837.72,4.834,26.7,7.1,0.11,2.5,0.3434,1e-06,0.0,1e-06
2026-05-15 06:00:00,134,0,TK-01,1472.55,4.687,26.99,7.1,0.09,2.5,0.3481,0.0,0.0,0.0
2026-05-15 06:00:00,134,0,TK-02,1562.13,4.972,26.99,7.1,0.09,2.5,0.3481,0.0,0.0,0.0
2026-05-15 06:00:00,134,0,TK-03,966.6,3.799,26.99,7.1,0.28,0.0,0.3481,0.000168,0.003409,0.003577
2026-05-15 06:00:00,134,0,TK-04,1521.48,4.843,26.99,7.1,0.09,2.5,0.3481,0.0,0.0,0.0
2026-05-15 06:00:00,134,0,TK-05,1888.31,4.967,26.99,7.1,0.11,2.5,0.3481,1e-06,0.0,1e-06
2026-05-15 14:00:00,134,1,TK-01,1521.33,4.843,35.75,7.1,0.09,2.5,0.5176,0.0,0.0,0.0
2026-05-15 14:00:00,134,1,TK-02,1278.55,4.07,35.75,7.1,0.09,2.5,0.5176,0.0,0.006365,0.006365
2026-05-15 14:00:00,134,1,TK-03,1005.59,3.952,35.75,7.1,0.28,0.0,0.5176,0.000247,0.0,0.000247
2026-05-15 14:00:00,134,1,TK-04,1569.36,4.995,35.75,7.1,0.09,2.5,0.5176,0.0,0.0,0.0
2026-05-15 14:00:00,134,1,TK-05,1948.9,5.127,35.75,7.1,0.11,2.5,0.5176,0.0,0.0,0.0
2026-05-15 22:00:00,134,2,TK-01,1555.3,4.951,29.6,7.1,0.09,2.5,0.3928,0.0,0.0,0.0
2026-05-15 22:00:00,134,2,TK-02,1315.73,4.188,29.6,7.1,0.09,2.5,0.3928,0.0,0.0,0.0
2026-05-15 22:00:00,134,2,TK-03,1032.74,4.058,29.6,7.1,0.28,0.0,0.3928,0.000199,0.0,0.000199
2026-05-15 22:00:00,134,2,TK-04,1410.22,4.489,29.6,7.1,0.09,2.5,0.3928,0.0,0.002855,0.002855
2026-05-15 22:00:00,134,2,TK-05,1991.08,5.238,29.6,7.1,0.11,2.5,0.3928,0.0,0.0,0.0
2026-05-16 06:00:00,135,0,TK-01,1598.98,5.09,29.09,7.1,0.09,2.5,0.3837,0.0,0.0,0.0
2026-05-16 06:00:00,135,0,TK-02,1363.56,4.34,29.09,7.1,0.09,2.5,0.3837,0.0,0.0,0.0
2026-05-16 06:00:00,135,0,TK-03,1067.65,4.196,29.09,7.1,0.28,0.0,0.3837,0.000202,0.0,0.000202
2026-05-16 06:00:00,135,0,TK-04,1456.41,4.636,29.09,7.1,0.09,2.5,0.3837,0.0,0.0,0.0
2026-05-16 06:00:00,135,0,TK-05,1778.1,4.678,29.09,7.1,0.11,2.5,0.3837,0.0,0.003897,0.003897
2026-05-16 14:00:00,135,1,TK-01,1330.32,4.235,35.34,7.1,0.09,2.5,0.5084,0.0,0.006181,0.006181
2026-05-16 14:00:00,135,1,TK-02,1425.42,4.537,35.34,7.1,0.09,2.5,0.5084,0.0,0.0,0.0
2026-05-16 14:00:00,135,1,TK-03,1112.81,4.373,35.34,7.1,0.28,0.0,0.5084,0.000267,0.0,0.000267
2026-05-16 14:00:00,135,1,TK-04,1516.17,4.826,35.34,7.1,0.09,2.5,0.5084,0.0,0.0,0.0
2026-05-16 14:00:00,135,1,TK-05,1854.36,4.878,35.34,7.1,0.11,2.5,0.5084,0.0,0.0,0.0
2026-05-16 22:00:00,135,2,TK-01,1362.33,4.336,29.93,7.1,0.09,2.5,0.3987,0.0,0.0,0.0
2026-05-16 22:00:00,135,2,TK-02,1456.32,4.636,29.93,7.1,0.09,2.5,0.3987,0.0,0.0,0.0
2026-05-16 22:00:00,135,2,TK-03,1135.37,4.462,29.93,7.1,0.28,0.0,0.3987,0.000221,0.0,0.000221
2026-05-16 22:00:00,135,2,TK-04,1392.81,4.433,29.93,7.1,0.09,2.5,0.3987,0.0,0.0023,0.0023
2026-05-16 22:00:00,135,2,TK-05,1892.46,4.978,29.93,7.1,0.11,2.5,0.3987,0.0,0.0,0.0
2026-05-17 06:00:00,136,0,TK-01,1413.25,4.499,28.16,7.1,0.09,2.5,0.3675,0.0,0.0,0.0
2026-05-17 06:00:00,136,0,TK-02,1505.48,4.792,28.16,7.1,0.09,2.5,0.3675,0.0,0.0,0.0
2026-05-17 06:00:00,136,0,TK-03,1002.51,3.94,28.16,7.1,0.28,0.0,0.3675,0.000183,0.002364,0.002547
2026-05-17 06:00:00,136,0,TK-04,1443.16,4.594,28.16,7.1,0.09,2.5,0.3675,0.0,0.0,0.0
2026-05-17 06:00:00,136,0,TK-05,1953.05,5.138,28.16,7.1,0.11,2.5,0.3675,0.0,0.0,0.0
2026-05-17 14:00:00,136,1,TK-01,1466.73,4.669,34.47,7.1,0.09,2.5,0.4892,0.0,0.0,0.0
2026-05-17 14:00:00,136,1,TK-02,1557.11,4.956,34.47,7.1,0.09,2.5,0.4892,0.0,0.0,0.0
2026-05-17 14:00:00,136,1,TK-03,1043.58,4.101,34.47,7.1,0.28,0.0,0.4892,0.000243,0.0,0.000243
2026-05-17 14:00:00,136,1,TK-04,1496.04,4.762,34.47,7.1,0.09,2.5,0.4892,0.0,0.0,0.0
2026-05-17 14:00:00,136,1,TK-05,1748.66,4.6,34.47,7.1,0.11,2.5,0.4892,0.0,0.004907,0.004907
2026-05-17 22:00:00,136,2,TK-01,1498.54,4.77,28.57,7.1,0.09,2.5,0.3746,0.0,0.0,0.0
2026-05-17 22:00:00,136,2,TK-02,1410.58,4.49,28.57,7.1,0.09,2.5,0.3746,0.0,0.002512,0.002512
2026-05-17 22:00:00,136,2,TK-03,1068.01,4.197,28.57,7.1,0.28,0.0,0.3746,0.000198,0.0,0.000198
2026-05-17 22:00:00,136,2,TK-04,1527.5,4.862,28.57,7.1,0.09,2.5,0.3746,0.0,0.0,0.0
2026-05-17 22:00:00,136,2,TK-05,1789.78,4.708,28.57,7.1,0.11,2.5,0.3746,0.0,0.0,0.0
2026-05-18 06:00:00,137,0,TK-01,1545.48,4.919,30.02,7.1,0.09,2.5,0.4005,0.0,0.0,0.0
2026-05-18 06:00:00,137,0,TK-02,1459.12,4.645,30.02,7.1,0.09,2.5,0.4005,0.0,0.0,0.0
2026-05-18 06:00:00,137,0,TK-03,1104.06,4.339,30.02,7.1,0.28,0.0,0.4005,0.000216,0.0,0.000216
2026-05-18 06:00:00,137,0,TK-04,1313.16,4.18,30.02,7.1,0.09,2.5,0.4005,0.0,0.003956,0.003956
2026-05-18 06:00:00,137,0,TK-05,1850.45,4.868,30.02,7.1,0.11,2.5,0.4005,0.0,0.0,0.0
2026-05-18 14:00:00,137,1,TK-01,1310.52,4.172,33.91,7.1,0.09,2.5,0.4772,0.0,0.005152,0.005152
2026-05-18 14:00:00,137,1,TK-02,1513.89,4.819,33.91,7.1,0.09,2.5,0.4772,0.0,0.0,0.0
2026-05-18 14:00:00,137,1,TK-03,1144.74,4.499,33.91,7.1,0.28,0.0,0.4772,0.00026,0.0,0.00026
2026-05-18 14:00:00,137,1,TK-04,1370.98,4.364,33.91,7.1,0.09,2.5,0.4772,0.0,0.0,0.0
2026-05-18 14:00:00,137,1,TK-05,1918.92,5.048,33.91,7.1,0.11,2.5,0.4772,0.0,0.0,0.0
2026-05-18 22:00:00,137,2,TK-01,1341.04,4.269,28.75,7.1,0.09,2.5,0.3777,0.0,0.0,0.0
2026-05-18 22:00:00,137,2,TK-02,1542.16,4.909,28.75,7.1,0.09,2.5,0.3777,0.0,0.0,0.0
2026-05-18 22:00:00,137,2,TK-03,999.56,3.928,28.75,7.1,0.28,0.0,0.3777,0.000187,0.002369,0.002555
2026-05-18 22:00:00,137,2,TK-04,1400.82,4.459,28.75,7.1,0.09,2.5,0.3777,0.0,0.0,0.0
2026-05-18 22:00:00,137,2,TK-05,1954.26,5.141,28.75,7.1,0.11,2.5,0.3777,0.0,0.0,0.0
2026-05-19 06:00:00,138,0,TK-01,1377.2,4.384,28.7,7.1,0.09,2.5,0.3768,0.0,0.0,0.0
2026-05-19 06:00:00,138,0,TK-02,1380.77,4.395,28.7,7.1,0.09,2.5,0.3768,0.0,0.002779,0.002779
2026-05-19 06:00:00,138,0,TK-03,1026.64,4.034,28.7,7.1,0.28,0.0,0.3768,0.000191,0.0,0.000191
2026-05-19 06:00:00,138,0,TK-04,1436.2,4.572,28.7,7.1,0.09,2.5,0.3768,0.0,0.0,0.0
2026-05-19 06:00:00,138,0,TK-05,1996.16,5.251,28.7,7.1,0.11,2.5,0.3768,0.0,0.0,0.0
2026-05-19 14:00:00,138,1,TK-01,1434.27,4.565,35.2,7.1,0.09,2.5,0.5053,0.0,0.0,0.0
2026-05-19 14:00:00,138,1,TK-02,1437.76,4.577,35.2,7.1,0.09,2.5,0.5053,0.0,0.0,0.0
2026-05-19 14:00:00,138,1,TK-03,1069.37,4.202,35.2,7.1,0.28,0.0,0.5053,0.000256,0.0,0.000256
2026-05-19 14:00:00,138,1,TK-04,1492.02,4.749,35.2,7.1,0.09,2.5,0.5053,0.0,0.0,0.0
2026-05-19 14:00:00,138,1,TK-05,1850.97,4.869,35.2,7.1,0.11,2.5,0.5053,0.0,0.003989,0.003989
2026-05-19 22:00:00,138,2,TK-01,1469.49,4.678,31.3,7.1,0.09,2.5,0.4244,0.0,0.0,0.0
2026-05-19 22:00:00,138,2,TK-02,1472.93,4.688,31.3,7.1,0.09,2.5,0.4244,0.0,0.0,0.0
2026-05-19 22:00:00,138,2,TK-03,1095.74,4.306,31.3,7.1,0.28,0.0,0.4244,0.000226,0.0,0.000226
2026-05-19 22:00:00,138,2,TK-04,1401.45,4.461,31.3,7.1,0.09,2.5,0.4244,0.0,0.001992,0.001992
2026-05-19 22:00:00,138,2,TK-05,1894.58,4.984,31.3,7.1,0.11,2.5,0.4244,0.0,0.0,0.0
2026-05-20 06:00:00,139,0,TK-01,1525.79,4.857,30.31,7.1,0.09,2.5,0.4057,0.0,0.0,0.0
2026-05-20 06:00:00,139,0,TK-02,1529.16,4.867,30.31,7.1,0.09,2.5,0.4057,0.0,0.0,0.0
2026-05-20 06:00:00,139,0,TK-03,1137.9,4.472,30.31,7.1,0.28,0.0,0.4057,0.000225,0.0,0.000225
2026-05-20 06:00:00,139,0,TK-04,1459.22,4.645,30.31,7.1,0.09,2.5,0.4057,0.0,0.0,0.0
2026-05-20 06:00:00,139,0,TK-05,1712.89,4.506,30.31,7.1,0.11,2.5,0.4057,0.0,0.003875,0.003875
2026-05-20 14:00:00,139,1,TK-01,1584.48,5.044,33.96,7.1,0.09,2.5,0.4783,0.0,0.0,0.0
2026-05-20 14:00:00,139,1,TK-02,1587.78,5.054,33.96,7.1,0.09,2.5,0.4783,0.0,0.0,0.0
2026-05-20 14:00:00,139,1,TK-03,895.0,3.517,33.96,7.1,0.28,0.0,0.4783,0.000206,0.00515,0.005356
2026-05-20 14:00:00,139,1,TK-04,1519.44,4.837,33.96,7.1,0.09,2.5,0.4783,0.0,0.0,0.0
2026-05-20 14:00:00,139,1,TK-05,1791.33,4.712,33.96,7.1,0.11,2.5,0.4783,0.0,0.0,0.0
2026-05-20 22:00:00,139,2,TK-01,1618.42,5.152,30.1,7.1,0.09,2.5,0.4018,0.0,0.0,0.0
2026-05-20 22:00:00,139,2,TK-02,1484.66,4.726,30.1,7.1,0.09,2.5,0.4018,0.0,0.002074,0.002074
2026-05-20 22:00:00,139,2,TK-03,924.32,3.632,30.1,7.1,0.28,0.0,0.4018,0.000183,0.0,0.000183
2026-05-20 22:00:00,139,2,TK-04,1554.26,4.947,30.1,7.1,0.09,2.5,0.4018,0.0,0.0,0.0
2026-05-20 22:00:00,139,2,TK-05,1836.69,4.832,30.1,7.1,0.11,2.5,0.4018,0.0,0.0,0.0
2026-05-21 06:00:00,140,0,TK-01,1474.79,4.694,28.21,7.1,0.09,2.5,0.3685,0.0,0.002623,0.002623
2026-05-21 06:00:00,140,0,TK-02,1530.34,4.871,28.21,7.1,0.09,2.5,0.3685,0.0,0.0,0.0
2026-05-21 06:00:00,140,0,TK-03,961.74,3.779,28.21,7.1,0.28,0.0,0.3685,0.000176,0.0,0.000176
2026-05-21 06:00:00,140,0,TK-04,1598.72,5.089,28.21,7.1,0.09,2.5,0.3685,0.0,0.0,0.0
2026-05-21 06:00:00,140,0,TK-05,1894.6,4.984,28.21,7.1,0.11,2.5,0.3685,0.0,0.0,0.0
2026-05-21 14:00:00,140,1,TK-01,1536.31,4.89,35.89,7.1,0.09,2.5,0.5209,0.0,0.0,0.0
2026-05-21 14:00:00,140,1,TK-02,1590.56,5.063,35.89,7.1,0.09,2.5,0.5209,0.0,0.0,0.0
2026-05-21 14:00:00,140,1,TK-03,1011.06,3.973,35.89,7.1,0.28,0.0,0.5209,0.000249,0.0,0.000249
2026-05-21 14:00:00,140,1,TK-04,1316.68,4.191,35.89,7.1,0.09,2.5,0.5209,0.0,0.006628,0.006628
2026-05-21 14:00:00,140,1,TK-05,1970.93,5.185,35.89,7.1,0.11,2.5,0.5209,0.0,0.0,0.0
2026-05-21 22:00:00,140,2,TK-01,1571.63,5.003,30.13,7.1,0.09,2.5,0.4023,0.0,0.0,0.0
2026-05-21 22:00:00,140,2,TK-02,1412.0,4.495,30.13,7.1,0.09,2.5,0.4023,0.0,0.003231,0.003231
2026-05-21 22:00:00,140,2,TK-03,1039.37,4.084,30.13,7.1,0.28,0.0,0.4023,0.000205,0.0,0.000205
2026-05-21 22:00:00,140,2,TK-04,1355.05,4.313,30.13,7.1,0.09,2.5,0.4023,0.0,0.0,0.0
2026-05-21 22:00:00,140,2,TK-05,2014.74,5.3,30.13,7.1,0.11,2.5,0.4023,0.0,0.0,0.0
2026-05-22 06:00:00,141,0,TK-01,1619.73,5.156,29.5,7.1,0.09,2.5,0.391,0.0,0.0,0.0
2026-05-22 06:00:00,141,0,TK-02,1463.17,4.657,29.5,7.1,0.09,2.5,0.391,0.0,0.0,0.0
2026-05-22 06:00:00,141,0,TK-03,1077.94,4.236,29.5,7.1,0.28,0.0,0.391,0.000207,0.0,0.000207
2026-05-22 06:00:00,141,0,TK-04,1407.3,4.48,29.5,7.1,0.09,2.5,0.391,0.0,0.0,0.0
2026-05-22 06:00:00,141,0,TK-05,1819.56,4.787,29.5,7.1,0.11,2.5,0.391,0.0,0.003784,0.003784
2026-05-22 14:00:00,141,1,TK-01,1376.88,4.383,35.55,7.1,0.09,2.5,0.513,0.0,0.005694,0.005694
2026-05-22 14:00:00,141,1,TK-02,1520.88,4.841,35.55,7.1,0.09,2.5,0.513,0.0,0.0,0.0
2026-05-22 14:00:00,141,1,TK-03,1121.44,4.407,35.55,7.1,0.28,0.0,0.513,0.000271,0.0,0.000271
2026-05-22 14:00:00,141,1,TK-04,1466.24,4.667,35.55,7.1,0.09,2.5,0.513,0.0,0.0,0.0
2026-05-22 14:00:00,141,1,TK-05,1892.5,4.979,35.55,7.1,0.11,2.5,0.513,0.0,0.0,0.0
2026-05-22 22:00:00,141,2,TK-01,1413.74,4.5,29.25,7.1,0.09,2.5,0.3864,0.0,0.0,0.0
2026-05-22 22:00:00,141,2,TK-02,1367.81,4.354,29.25,7.1,0.09,2.5,0.3864,0.0,0.002745,0.002745
2026-05-22 22:00:00,141,2,TK-03,1147.75,4.51,29.25,7.1,0.28,0.0,0.3864,0.000217,0.0,0.000217
2026-05-22 22:00:00,141,2,TK-04,1501.88,4.781,29.25,7.1,0.09,2.5,0.3864,0.0,0.0,0.0
2026-05-22 22:00:00,141,2,TK-05,1936.6,5.095,29.25,7.1,0.11,2.5,0.3864,0.0,0.0,0.0
2026-05-23 06:00:00,142,0,TK-01,1459.67,4.646,27.66,7.1,0.09,2.5,0.3592,0.0,0.0,0.0
2026-05-23 06:00:00,142,0,TK-02,1414.54,4.503,27.66,7.1,0.09,2.5,0.3592,0.0,0.0,0.0
2026-05-23 06:00:00,142,0,TK-03,918.03,3.608,27.66,7.1,0.28,0.0,0.3592,0.000165,0.003594,0.003759
2026-05-23 06:00:00,142,0,TK-04,1546.3,4.922,27.66,7.1,0.09,2.5,0.3592,0.0,0.0,0.0
2026-05-23 06:00:00,142,0,TK-05,1991.56,5.239,27.66,7.1,0.11,2.5,0.3592,0.0,0.0,0.0
2026-05-23 14:00:00,142,1,TK-01,1521.4,4.843,35.53,7.1,0.09,2.5,0.5126,0.0,0.0,0.0
2026-05-23 14:00:00,142,1,TK-02,1477.33,4.702,35.53,7.1,0.09,2.5,0.5126,0.0,0.0,0.0
2026-05-23 14:00:00,142,1,TK-03,968.26,3.805,35.53,7.1,0.28,0.0,0.5126,0.000236,0.0,0.000236
2026-05-23 14:00:00,142,1,TK-04,1605.99,5.112,35.53,7.1,0.09,2.5,0.5126,0.0,0.0,0.0
2026-05-23 14:00:00,142,1,TK-05,1809.1,4.759,35.53,7.1,0.11,2.5,0.5126,0.0,0.004917,0.004917
2026-05-23 22:00:00,142,2,TK-01,1559.25,4.963,32.82,7.1,0.09,2.5,0.4545,0.0,0.0,0.0
2026-05-23 22:00:00,142,2,TK-02,1515.83,4.825,32.82,7.1,0.09,2.5,0.4545,0.0,0.0,0.0
2026-05-23 22:00:00,142,2,TK-03,999.07,3.926,32.82,7.1,0.28,0.0,0.4545,0.000219,0.0,0.000219
2026-05-23 22:00:00,142,2,TK-04,1490.65,4.745,32.82,7.1,0.09,2.5,0.4545,0.0,0.002583,0.002583
2026-05-23 22:00:00,142,2,TK-05,1858.19,4.888,32.82,7.1,0.11,2.5,0.4545,0.0,0.0,0.0
2026-05-24 06:00:00,143,0,TK-01,1382.19,4.4,28.22,7.1,0.09,2.5,0.3686,0.0,0.00311,0.00311
2026-05-24 06:00:00,143,0,TK-02,1560.81,4.968,28.22,7.1,0.09,2.5,0.3686,0.0,0.0,0.0
2026-05-24 06:00:00,143,0,TK-03,1035.05,4.067,28.22,7.1,0.28,0.0,0.3686,0.000189,0.0,0.000189
2026-05-24 06:00:00,143,0,TK-04,1536.07,4.889,28.22,7.1,0.09,2.5,0.3686,0.0,0.0,0.0
2026-05-24 06:00:00,143,0,TK-05,1915.52,5.039,28.22,7.1,0.11,2.5,0.3686,0.0,0.0,0.0
2026-05-24 14:00:00,143,1,TK-01,1435.49,4.569,35.35,7.1,0.09,2.5,0.5087,0.0,0.0,0.0
2026-05-24 14:00:00,143,1,TK-02,1298.05,4.132,35.35,7.1,0.09,2.5,0.5087,0.0,0.005925,0.005925
2026-05-24 14:00:00,143,1,TK-03,1074.88,4.224,35.35,7.1,0.28,0.0,0.5087,0.000259,0.0,0.000259
2026-05-24 14:00:00,143,1,TK-04,1586.34,5.049,35.35,7.1,0.09,2.5,0.5087,0.0,0.0,0.0
2026-05-24 14:00:00,143,1,TK-05,1978.98,5.206,35.35,7.1,0.11,2.5,0.5087,0.0,0.0,0.0
2026-05-24 22:00:00,143,2,TK-01,1463.77,4.659,29.28,7.1,0.09,2.5,0.387,0.0,0.0,0.0
2026-05-24 22:00:00,143,2,TK-02,1327.8,4.227,29.28,7.1,0.09,2.5,0.387,0.0,0.0,0.0
2026-05-24 22:00:00,143,2,TK-03,1096.0,4.307,29.28,7.1,0.28,0.0,0.387,0.000208,0.0,0.000208
2026-05-24 22:00:00,143,2,TK-04,1450.33,4.617,29.28,7.1,0.09,2.5,0.387,0.0,0.002372,0.002372
2026-05-24 22:00:00,143,2,TK-05,2012.64,5.295,29.28,7.1,0.11,2.5,0.387,0.0,0.0,0.0
2026-05-25 06:00:00,144,0,TK-01,1516.6,4.827,28.46,7.1,0.09,2.5,0.3727,0.0,0.0,0.0
2026-05-25 06:00:00,144,0,TK-02,1383.36,4.403,28.46,7.1,0.09,2.5,0.3727,0.0,0.0,0.0
2026-05-25 06:00:00,144,0,TK-03,1135.47,4.462,28.46,7.1,0.28,0.0,0.3727,0.000209,0.0,0.000209
2026-05-25 06:00:00,144,0,TK-04,1503.42,4.786,28.46,7.1,0.09,2.5,0.3727,0.0,0.0,0.0
2026-05-25 06:00:00,144,0,TK-05,1835.4,4.828,28.46,7.1,0.11,2.5,0.3727,0.0,0.003414,0.003414
2026-05-25 14:00:00,144,1,TK-01,1569.89,4.997,35.1,7.1,0.09,2.5,0.503,0.0,0.0,0.0
2026-05-25 14:00:00,144,1,TK-02,1439.42,4.582,35.1,7.1,0.09,2.5,0.503,0.0,0.0,0.0
2026-05-25 14:00:00,144,1,TK-03,909.08,3.572,35.1,7.1,0.28,0.0,0.503,0.000219,0.004999,0.005217
2026-05-25 14:00:00,144,1,TK-04,1556.99,4.956,35.1,7.1,0.09,2.5,0.503,0.0,0.0,0.0
2026-05-25 14:00:00,144,1,TK-05,1903.83,5.008,35.1,7.1,0.11,2.5,0.503,0.0,0.0,0.0
2026-05-25 22:00:00,144,2,TK-01,1426.26,4.54,30.63,7.1,0.09,2.5,0.4117,0.0,0.002637,0.002637
2026-05-25 22:00:00,144,2,TK-02,1467.85,4.672,30.63,7.1,0.09,2.5,0.4117,0.0,0.0,0.0
2026-05-25 22:00:00,144,2,TK-03,932.14,3.663,30.63,7.1,0.28,0.0,0.4117,0.000188,0.0,0.000188
2026-05-25 22:00:00,144,2,TK-04,1584.15,5.043,30.63,7.1,0.09,2.5,0.4117,0.0,0.0,0.0
2026-05-25 22:00:00,144,2,TK-05,1938.52,5.1,30.63,7.1,0.11,2.5,0.4117,0.0,0.0,0.0
2026-05-26 06:00:00,145,0,TK-01,1468.97,4.676,28.61,7.1,0.09,2.5,0.3753,0.0,0.0,0.0
2026-05-26 06:00:00,145,0,TK-02,1509.89,4.806,28.61,7.1,0.09,2.5,0.3753,0.0,0.0,0.0
2026-05-26 06:00:00,145,0,TK-03,966.23,3.797,28.61,7.1,0.28,0.0,0.3753,0.00018,0.0,0.00018
2026-05-26 06:00:00,145,0,TK-04,1371.9,4.367,28.61,7.1,0.09,2.5,0.3753,0.0,0.0036,0.0036
2026-05-26 06:00:00,145,0,TK-05,1989.84,5.235,28.61,7.1,0.11,2.5,0.3753,0.0,0.0,0.0
2026-05-26 14:00:00,145,1,TK-01,1522.05,4.845,37.04,7.1,0.09,2.5,0.5478,0.0,0.0,0.0
2026-05-26 14:00:00,145,1,TK-02,1562.13,4.972,37.04,7.1,0.09,2.5,0.5478,0.0,0.0,0.0
2026-05-26 14:00:00,145,1,TK-03,1008.6,3.964,37.04,7.1,0.28,0.0,0.5478,0.00026,0.0,0.00026
2026-05-26 14:00:00,145,1,TK-04,1426.95,4.542,37.04,7.1,0.09,2.5,0.5478,0.0,0.0,0.0
2026-05-26 14:00:00,145,1,TK-05,1754.99,4.617,37.04,7.1,0.11,2.5,0.5478,0.0,0.006067,0.006067
2026-05-26 22:00:00,145,2,TK-01,1562.93,4.975,30.89,7.1,0.09,2.5,0.4166,0.0,0.0,0.0
2026-05-26 22:00:00,145,2,TK-02,1448.94,4.612,30.89,7.1,0.09,2.5,0.4166,0.0,0.002408,0.002408
2026-05-26 22:00:00,145,2,TK-03,1041.23,4.092,30.89,7.1,0.28,0.0,0.4166,0.000211,0.0,0.000211
2026-05-26 22:00:00,145,2,TK-04,1469.35,4.677,30.89,7.1,0.09,2.5,0.4166,0.0,0.0,0.0
2026-05-26 22:00:00,145,2,TK-05,1808.88,4.759,30.89,7.1,0.11,2.5,0.4166,0.0,0.0,0.0
2026-05-27 06:00:00,146,0,TK-01,1378.92,4.389,28.35,7.1,0.09,2.5,0.3709,0.0,0.003054,0.003054
2026-05-27 06:00:00,146,0,TK-02,1483.56,4.722,28.35,7.1,0.09,2.5,0.3709,0.0,0.0,0.0
2026-05-27 06:00:00,146,0,TK-03,1067.67,4.196,28.35,7.1,0.28,0.0,0.3709,0.000196,0.0,0.000196
2026-05-27 06:00:00,146,0,TK-04,1503.71,4.786,28.35,7.1,0.09,2.5,0.3709,0.0,0.0,0.0
2026-05-27 06:00:00,146,0,TK-05,1852.54,4.873,28.35,7.1,0.11,2.5,0.3709,0.0,0.0,0.0
2026-05-27 14:00:00,146,1,TK-01,1440.65,4.586,36.0,7.1,0.09,2.5,0.5235,0.0,0.0,0.0
2026-05-27 14:00:00,146,1,TK-02,1542.91,4.911,36.0,7.1,0.09,2.5,0.5235,0.0,0.0,0.0
2026-05-27 14:00:00,146,1,TK-03,1112.99,4.374,36.0,7.1,0.28,0.0,0.5235,0.000274,0.0,0.000274
2026-05-27 14:00:00,146,1,TK-04,1252.15,3.986,36.0,7.1,0.09,2.5,0.5235,0.0,0.006068,0.006068
2026-05-27 14:00:00,146,1,TK-05,1927.38,5.07,36.0,7.1,0.11,2.5,0.5235,0.0,0.0,0.0
2026-05-27 22:00:00,146,2,TK-01,1471.2,4.683,30.14,7.1,0.09,2.5,0.4026,0.0,0.0,0.0
2026-05-27 22:00:00,146,2,TK-02,1410.52,4.49,30.14,7.1,0.09,2.5,0.4026,0.0,0.002446,0.002446
2026-05-27 22:00:00,146,2,TK-03,1135.42,4.462,30.14,7.1,0.28,0.0,0.4026,0.000223,0.0,0.000223
2026-05-27 22:00:00,146,2,TK-04,1284.87,4.09,30.14,7.1,0.09,2.5,0.4026,0.0,0.0,0.0
2026-05-27 22:00:00,146,2,TK-05,1964.4,5.168,30.14,7.1,0.11,2.5,0.4026,0.0,0.0,0.0
2026-05-28 06:00:00,147,0,TK-01,1518.24,4.833,28.02,7.1,0.09,2.5,0.3652,0.0,0.0,0.0
2026-05-28 06:00:00,147,0,TK-02,1458.65,4.643,28.02,7.1,0.09,2.5,0.3652,0.0,0.0,0.0
2026-05-28 06:00:00,147,0,TK-03,1169.95,4.598,28.02,7.1,0.28,0.0,0.3652,0.000211,0.0,0.000211
2026-05-28 06:00:00,147,0,TK-04,1335.27,4.25,28.02,7.1,0.09,2.5,0.3652,0.0,0.0,0.0
2026-05-28 06:00:00,147,0,TK-05,1769.99,4.656,28.02,7.1,0.11,2.5,0.3652,0.0,0.003499,0.003499
2026-05-28 14:00:00,147,1,TK-01,1577.64,5.022,34.78,7.1,0.09,2.5,0.4961,0.0,0.0,0.0
2026-05-28 14:00:00,147,1,TK-02,1519.44,4.837,34.78,7.1,0.09,2.5,0.4961,0.0,0.0,0.0
2026-05-28 14:00:00,147,1,TK-03,918.69,3.61,34.78,7.1,0.28,0.0,0.4961,0.000218,0.005482,0.0057
2026-05-28 14:00:00,147,1,TK-04,1398.91,4.453,34.78,7.1,0.09,2.5,0.4961,0.0,0.0,0.0
2026-05-28 14:00:00,147,1,TK-05,1847.83,4.861,34.78,7.1,0.11,2.5,0.4961,0.0,0.0,0.0
2026-05-28 22:00:00,147,2,TK-01,1454.52,4.63,30.88,7.1,0.09,2.5,0.4165,0.0,0.002483,0.002483
2026-05-28 22:00:00,147,2,TK-02,1555.53,4.951,30.88,7.1,0.09,2.5,0.4165,0.0,0.0,0.0
2026-05-28 22:00:00,147,2,TK-03,948.75,3.728,30.88,7.1,0.28,0.0,0.4165,0.000193,0.0,0.000193
2026-05-28 22:00:00,147,2,TK-04,1436.7,4.573,30.88,7.1,0.09,2.5,0.4165,0.0,0.0,0.0
2026-05-28 22:00:00,147,2,TK-05,1894.04,4.983,30.88,7.1,0.11,2.5,0.4165,0.0,0.0,0.0
2026-05-29 06:00:00,148,0,TK-01,1504.23,4.788,29.22,7.1,0.09,2.5,0.3859,0.0,0.0,0.0
2026-05-29 06:00:00,148,0,TK-02,1345.9,4.284,29.22,7.1,0.09,2.5,0.3859,0.0,0.003771,0.003771
2026-05-29 06:00:00,148,0,TK-03,988.53,3.885,29.22,7.1,0.28,0.0,0.3859,0.000188,0.0,0.000188
2026-05-29 06:00:00,148,0,TK-04,1486.74,4.732,29.22,7.1,0.09,2.5,0.3859,0.0,0.0,0.0
2026-05-29 06:00:00,148,0,TK-05,1955.25,5.144,29.22,7.1,0.11,2.5,0.3859,0.0,0.0,0.0
2026-05-29 14:00:00,148,1,TK-01,1549.97,4.934,36.44,7.1,0.09,2.5,0.5337,0.0,0.0,0.0
2026-05-29 14:00:00,148,1,TK-02,1394.46,4.439,36.44,7.1,0.09,2.5,0.5337,0.0,0.0,0.0
2026-05-29 14:00:00,148,1,TK-03,1025.15,4.029,36.44,7.1,0.28,0.0,0.5337,0.000258,0.0,0.000258
2026-05-29 14:00:00,148,1,TK-04,1532.8,4.879,36.44,7.1,0.09,2.5,0.5337,0.0,0.0,0.0
2026-05-29 14:00:00,148,1,TK-05,1756.82,4.622,36.44,7.1,0.11,2.5,0.5337,0.0,0.00504,0.00504
2026-05-29 22:00:00,148,2,TK-01,1416.67,4.509,29.89,7.1,0.09,2.5,0.398,0.0,0.002468,0.002468
2026-05-29 22:00:00,148,2,TK-02,1427.6,4.544,29.89,7.1,0.09,2.5,0.398,0.0,0.0,0.0
2026-05-29 22:00:00,148,2,TK-03,1050.15,4.127,29.89,7.1,0.28,0.0,0.398,0.000205,0.0,0.000205
2026-05-29 22:00:00,148,2,TK-04,1564.24,4.979,29.89,7.1,0.09,2.5,0.398,0.0,0.0,0.0
2026-05-29 22:00:00,148,2,TK-05,1798.41,4.731,29.89,7.1,0.11,2.5,0.398,0.0,0.0,0.0
2026-05-30 06:00:00,149,0,TK-01,1461.59,4.652,29.28,7.1,0.09,2.5,0.3871,0.0,0.0,0.0
2026-05-30 06:00:00,149,0,TK-02,1472.34,4.687,29.28,7.1,0.09,2.5,0.3871,0.0,0.0,0.0
2026-05-30 06:00:00,149,0,TK-03,1083.89,4.259,29.28,7.1,0.28,0.0,0.3871,0.000206,0.0,0.000206
2026-05-30 06:00:00,149,0,TK-04,1353.07,4.307,29.28,7.1,0.09,2.5,0.3871,0.0,0.003724,0.003724
2026-05-30 06:00:00,149,0,TK-05,1854.55,4.879,29.28,7.1,0.11,2.5,0.3871,0.0,0.0,0.0
2026-05-30 14:00:00,149,1,TK-01,1513.43,4.817,34.96,7.1,0.09,2.5,0.5,0.0,0.0,0.0
2026-05-30 14:00:00,149,1,TK-02,1206.28,3.84,34.96,7.1,0.09,2.5,0.5,0.0,0.005922,0.005922
2026-05-30 14:00:00,149,1,TK-03,1122.82,4.412,34.96,7.1,0.28,0.0,0.5,0.000266,0.0,0.000266
2026-05-30 14:00:00,149,1,TK-04,1407.06,4.479,34.96,7.1,0.09,2.5,0.5,0.0,0.0,0.0
2026-05-30 14:00:00,149,1,TK-05,1919.33,5.049,34.96,7.1,0.11,2.5,0.5,0.0,0.0,0.0
2026-05-30 22:00:00,149,2,TK-01,1546.13,4.921,30.66,7.1,0.09,2.5,0.4123,0.0,0.0,0.0
2026-05-30 22:00:00,149,2,TK-02,1242.9,3.956,30.66,7.1,0.09,2.5,0.4123,0.0,0.0,0.0
2026-05-30 22:00:00,149,2,TK-03,1147.39,4.509,30.66,7.1,0.28,0.0,0.4123,0.00023,0.0,0.00023
2026-05-30 22:00:00,149,2,TK-04,1441.11,4.587,30.66,7.1,0.09,2.5,0.4123,0.0,0.0,0.0
2026-05-30 22:00:00,149,2,TK-05,1824.99,4.801,30.66,7.1,0.11,2.5,0.4123,0.0,0.002095,0.002095
2026-05-31 06:00:00,150,0,TK-01,1389.42,4.423,28.71,7.1,0.09,2.5,0.377,0.0,0.002766,0.002766
2026-05-31 06:00:00,150,0,TK-02,1283.99,4.087,28.71,7.1,0.09,2.5,0.377,0.0,0.0,0.0
2026-05-31 06:00:00,150,0,TK-03,1174.96,4.617,28.71,7.1,0.28,0.0,0.377,0.000218,0.0,0.000218
2026-05-31 06:00:00,150,0,TK-04,1479.34,4.709,28.71,7.1,0.09,2.5,0.377,0.0,0.0,0.0
2026-05-31 06:00:00,150,0,TK-05,1872.82,4.927,28.71,7.1,0.11,2.5,0.377,0.0,0.0,0.0
2026-05-31 14:00:00,150,1,TK-01,1447.81,4.609,36.43,7.1,0.09,2.5,0.5334,0.0,0.0,0.0
2026-05-31 14:00:00,150,1,TK-02,1344.66,4.28,36.43,7.1,0.09,2.5,0.5334,0.0,0.0,0.0
2026-05-31 14:00:00,150,1,TK-03,858.62,3.374,36.43,7.1,0.28,0.0,0.5334,0.000218,0.007087,0.007304
2026-05-31 14:00:00,150,1,TK-04,1535.78,4.889,36.43,7.1,0.09,2.5,0.5334,0.0,0.0,0.0
2026-05-31 14:00:00,150,1,TK-05,1943.44,5.113,36.43,7.1,0.11,2.5,0.5334,0.0,0.0,0.0
2026-05-31 22:00:00,150,2,TK-01,1478.21,4.705,30.39,7.1,0.09,2.5,0.4071,0.0,0.0,0.0
2026-05-31 22:00:00,150,2,TK-02,1376.25,4.381,30.39,7.1,0.09,2.5,0.4071,0.0,0.0,0.0
2026-05-31 22:00:00,150,2,TK-03,883.93,3.474,30.39,7.1,0.28,0.0,0.4071,0.000177,0.0,0.000177
2026-05-31 22:00:00,150,2,TK-04,1389.56,4.423,30.39,7.1,0.09,2.5,0.4071,0.0,0.002685,0.002685
2026-05-31 22:00:00,150,2,TK-05,1980.2,5.209,30.39,7.1,0.11,2.5,0.4071,0.0,0.0,0.0
2026-06-01 06:00:00,151,0,TK-01,1522.21,4.845,29.01,7.1,0.09,2.5,0.3823,0.0,0.0,0.0
2026-06-01 06:00:00,151,0,TK-02,1421.97,4.526,29.01,7.1,0.09,2.5,0.3823,0.0,0.0,0.0
2026-06-01 06:00:00,151,0,TK-03,920.57,3.618,29.01,7.1,0.28,0.0,0.3823,0.000174,0.0,0.000174
2026-06-01 06:00:00,151,0,TK-04,1435.07,4.568,29.01,7.1,0.09,2.5,0.3823,0.0,0.0,0.0
2026-06-01 06:00:00,151,0,TK-05,1779.1,4.68,29.01,7.1,0.11,2.5,0.3823,0.0,0.003689,0.003689
2026-06-01 14:00:00,151,1,TK-01,1327.98,4.227,36.62,7.1,0.09,2.5,0.5379,0.0,0.005053,0.005053
2026-06-01 14:00:00,151,1,TK-02,1482.09,4.718,36.62,7.1,0.09,2.5,0.5379,0.0,0.0,0.0
2026-06-01 14:00:00,151,1,TK-03,968.74,3.807,36.62,7.1,0.28,0.0,0.5379,0.000246,0.0,0.000246
2026-06-01 14:00:00,151,1,TK-04,1494.89,4.758,36.62,7.1,0.09,2.5,0.5379,0.0,0.0,0.0
2026-06-01 14:00:00,151,1,TK-05,1854.82,4.879,36.62,7.1,0.11,2.5,0.5379,0.0,0.0,0.0
2026-06-01 22:00:00,151,2,TK-01,1358.57,4.324,30.86,7.1,0.09,2.5,0.416,0.0,0.0,0.0
2026-06-01 22:00:00,151,2,TK-02,1510.98,4.81,30.86,7.1,0.09,2.5,0.416,0.0,0.0,0.0
2026-06-01 22:00:00,151,2,TK-03,991.88,3.898,30.86,7.1,0.28,0.0,0.416,0.000202,0.0,0.000202
2026-06-01 22:00:00,151,2,TK-04,1361.12,4.333,30.86,7.1,0.09,2.5,0.416,0.0,0.002534,0.002534
2026-06-01 22:00:00,151,2,TK-05,1891.19,4.975,30.86,7.1,0.11,2.5,0.416,0.0,0.0,0.0
2026-06-02 06:00:00,152,0,TK-01,1398.26,4.451,29.84,7.1,0.09,2.5,0.3971,0.0,0.0,0.0
2026-06-02 06:00:00,152,0,TK-02,1324.44,4.216,29.84,7.1,0.09,2.5,0.3971,0.0,0.003354,0.003354
2026-06-02 06:00:00,152,0,TK-03,1021.91,4.016,29.84,7.1,0.28,0.0,0.3971,0.000199,0.0,0.000199
2026-06-02 06:00:00,152,0,TK-04,1400.78,4.459,29.84,7.1,0.09,2.5,0.3971,0.0,0.0,0.0
2026-06-02 06:00:00,152,0,TK-05,1938.38,5.099,29.84,7.1,0.11,2.5,0.3971,0.0,0.0,0.0
2026-06-02 14:00:00,152,1,TK-01,1454.58,4.63,35.19,7.1,0.09,2.5,0.505,0.0,0.0,0.0
2026-06-02 14:00:00,152,1,TK-02,1382.3,4.4,35.19,7.1,0.09,2.5,0.505,0.0,0.0,0.0
2026-06-02 14:00:00,152,1,TK-03,1064.51,4.183,35.19,7.1,0.28,0.0,0.505,0.000255,0.0,0.000255
2026-06-02 14:00:00,152,1,TK-04,1457.04,4.638,35.19,7.1,0.09,2.5,0.505,0.0,0.0,0.0
2026-06-02 14:00:00,152,1,TK-05,1690.33,4.447,35.19,7.1,0.11,2.5,0.505,0.0,0.005941,0.005941
2026-06-02 22:00:00,152,2,TK-01,1484.97,4.727,30.69,7.1,0.09,2.5,0.4128,0.0,0.0,0.0
2026-06-02 22:00:00,152,2,TK-02,1413.53,4.499,30.69,7.1,0.09,2.5,0.4128,0.0,0.0,0.0
2026-06-02 22:00:00,152,2,TK-03,1087.5,4.274,30.69,7.1,0.28,0.0,0.4128,0.000219,0.0,0.000219
2026-06-02 22:00:00,152,2,TK-04,1316.79,4.191,30.69,7.1,0.09,2.5,0.4128,0.0,0.002643,0.002643
2026-06-02 22:00:00,152,2,TK-05,1730.11,4.551,30.69,7.1,0.11,2.5,0.4128,0.0,0.0,0.0
2026-06-03 06:00:00,153,0,TK-01,1322.54,4.21,29.84,7.1,0.09,2.5,0.397,0.0,0.003073,0.003073
2026-06-03 06:00:00,153,0,TK-02,1456.75,4.637,29.84,7.1,0.09,2.5,0.397,0.0,0.0,0.0
2026-06-03 06:00:00,153,0,TK-03,1119.32,4.399,29.84,7.1,0.28,0.0,0.397,0.000217,0.0,0.000217
2026-06-03 06:00:00,153,0,TK-04,1361.57,4.334,29.84,7.1,0.09,2.5,0.397,0.0,0.0,0.0
2026-06-03 06:00:00,153,0,TK-05,1785.16,4.696,29.84,7.1,0.11,2.5,0.397,0.0,0.0,0.0
2026-06-03 14:00:00,153,1,TK-01,1377.06,4.383,36.6,7.1,0.09,2.5,0.5372,0.0,0.0,0.0
2026-06-03 14:00:00,153,1,TK-02,1508.62,4.802,36.6,7.1,0.09,2.5,0.5372,0.0,0.0,0.0
2026-06-03 14:00:00,153,1,TK-03,862.99,3.391,36.6,7.1,0.28,0.0,0.5372,0.00022,0.005873,0.006093
2026-06-03 14:00:00,153,1,TK-04,1415.32,4.505,36.6,7.1,0.09,2.5,0.5372,0.0,0.0,0.0
2026-06-03 14:00:00,153,1,TK-05,1851.23,4.87,36.6,7.1,0.11,2.5,0.5372,0.0,0.0,0.0
2026-06-03 22:00:00,153,2,TK-01,1407.67,4.481,29.74,7.1,0.09,2.5,0.3952,0.0,0.0,0.0
2026-06-03 22:00:00,153,2,TK-02,1372.68,4.369,29.74,7.1,0.09,2.5,0.3952,0.0,0.002453,0.002453
2026-06-03 22:00:00,153,2,TK-03,887.76,3.489,29.74,7.1,0.28,0.0,0.3952,0.000173,0.0,0.000173
2026-06-03 22:00:00,153,2,TK-04,1445.49,4.601,29.74,7.1,0.09,2.5,0.3952,0.0,0.0,0.0
2026-06-03 22:00:00,153,2,TK-05,1888.32,4.968,29.74,7.1,0.11,2.5,0.3952,0.0,0.0,0.0
2026-06-04 06:00:00,154,0,TK-01,1459.59,4.646,29.21,7.1,0.09,2.5,0.3858,0.0,0.0,0.0
2026-06-04 06:00:00,154,0,TK-02,1425.28,4.537,29.21,7.1,0.09,2.5,0.3858,0.0,0.0,0.0
2026-06-04 06:00:00,154,0,TK-03,929.78,3.654,29.21,7.1,0.28,0.0,0.3858,0.000177,0.0,0.000177
2026-06-04 06:00:00,154,0,TK-04,1496.68,4.764,29.21,7.1,0.09,2.5,0.3858,0.0,0.0,0.0
2026-06-04 06:00:00,154,0,TK-05,1688.69,4.442,29.21,7.1,0.11,2.5,0.3858,0.0,0.003854,0.003854
2026-06-04 14:00:00,154,1,TK-01,1520.87,4.841,34.91,7.1,0.09,2.5,0.4988,0.0,0.0,0.0
2026-06-04 14:00:00,154,1,TK-02,1487.36,4.734,34.91,7.1,0.09,2.5,0.4988,0.0,0.0,0.0
2026-06-04 14:00:00,154,1,TK-03,979.37,3.849,34.91,7.1,0.28,0.0,0.4988,0.000233,0.0,0.000233
2026-06-04 14:00:00,154,1,TK-04,1257.49,4.003,34.91,7.1,0.09,2.5,0.4988,0.0,0.005601,0.005601
2026-06-04 14:00:00,154,1,TK-05,1769.08,4.654,34.91,7.1,0.11,2.5,0.4988,0.0,0.0,0.0
2026-06-04 22:00:00,154,2,TK-01,1412.38,4.496,31.19,7.1,0.09,2.5,0.4223,0.0,0.002117,0.002117
2026-06-04 22:00:00,154,2,TK-02,1513.07,4.816,31.19,7.1,0.09,2.5,0.4223,0.0,0.0,0.0
2026-06-04 22:00:00,154,2,TK-03,999.9,3.929,31.19,7.1,0.28,0.0,0.4223,0.000206,0.0,0.000206
2026-06-04 22:00:00,154,2,TK-04,1285.48,4.092,31.19,7.1,0.09,2.5,0.4223,0.0,0.0,0.0
2026-06-04 22:00:00,154,2,TK-05,1802.38,4.741,31.19,7.1,0.11,2.5,0.4223,0.0,0.0,0.0
2026-06-05 06:00:00,155,0,TK-01,1448.8,4.612,28.44,7.1,0.09,2.5,0.3724,0.0,0.0,0.0
2026-06-05 06:00:00,155,0,TK-02,1368.52,4.356,28.44,7.1,0.09,2.5,0.3724,0.0,0.002533,0.002533
2026-06-05 06:00:00,155,0,TK-03,1027.9,4.039,28.44,7.1,0.28,0.0,0.3724,0.00019,0.0,0.00019
2026-06-05 06:00:00,155,0,TK-04,1323.63,4.213,28.44,7.1,0.09,2.5,0.3724,0.0,0.0,0.0
2026-06-05 06:00:00,155,0,TK-05,1847.76,4.861,28.44,7.1,0.11,2.5,0.3724,0.0,0.0,0.0
2026-06-05 14:00:00,155,1,TK-01,1497.58,4.767,34.44,7.1,0.09,2.5,0.4886,0.0,0.0,0.0
2026-06-05 14:00:00,155,1,TK-02,1418.79,4.516,34.44,7.1,0.09,2.5,0.4886,0.0,0.0,0.0
2026-06-05 14:00:00,155,1,TK-03,1065.4,4.187,34.44,7.1,0.28,0.0,0.4886,0.000248,0.0,0.000248
2026-06-05 14:00:00,155,1,TK-04,1374.73,4.376,34.44,7.1,0.09,2.5,0.4886,0.0,0.0,0.0
2026-06-05 14:00:00,155,1,TK-05,1642.86,4.322,34.44,7.1,0.11,2.5,0.4886,0.0,0.004849,0.004849
2026-06-05 22:00:00,155,2,TK-01,1378.64,4.388,30.77,7.1,0.09,2.5,0.4143,0.0,0.002402,0.002402
2026-06-05 22:00:00,155,2,TK-02,1455.01,4.631,30.77,7.1,0.09,2.5,0.4143,0.0,0.0,0.0
2026-06-05 22:00:00,155,2,TK-03,1092.42,4.293,30.77,7.1,0.28,0.0,0.4143,0.00022,0.0,0.00022
2026-06-05 22:00:00,155,2,TK-04,1411.55,4.493,30.77,7.1,0.09,2.5,0.4143,0.0,0.0,0.0
2026-06-05 22:00:00,155,2,TK-05,1690.28,4.447,30.77,7.1,0.11,2.5,0.4143,0.0,0.0,0.0
2026-06-06 06:00:00,156,0,TK-01,1428.49,4.547,28.63,7.1,0.09,2.5,0.3756,0.0,0.0,0.0
2026-06-06 06:00:00,156,0,TK-02,1503.45,4.786,28.63,7.1,0.09,2.5,0.3756,0.0,0.0,0.0
2026-06-06 06:00:00,156,0,TK-03,943.34,3.707,28.63,7.1,0.28,0.0,0.3756,0.000176,0.002646,0.002822
2026-06-06 06:00:00,156,0,TK-04,1460.78,4.65,28.63,7.1,0.09,2.5,0.3756,0.0,0.0,0.0
2026-06-06 06:00:00,156,0,TK-05,1753.68,4.613,28.63,7.1,0.11,2.5,0.3756,0.0,0.0,0.0
2026-06-06 14:00:00,156,1,TK-01,1487.42,4.735,35.92,7.1,0.09,2.5,0.5217,0.0,0.0,0.0
2026-06-06 14:00:00,156,1,TK-02,1306.5,4.159,35.92,7.1,0.09,2.5,0.5217,0.0,0.004946,0.004946
2026-06-06 14:00:00,156,1,TK-03,990.18,3.891,35.92,7.1,0.28,0.0,0.5217,0.000245,0.0,0.000245
2026-06-06 14:00:00,156,1,TK-04,1519.0,4.835,35.92,7.1,0.09,2.5,0.5217,0.0,0.0,0.0
2026-06-06 14:00:00,156,1,TK-05,1828.65,4.811,35.92,7.1,0.11,2.5,0.5217,0.0,0.0,0.0
2026-06-06 22:00:00,156,2,TK-01,1514.56,4.821,31.21,7.1,0.09,2.5,0.4227,0.0,0.0,0.0
2026-06-06 22:00:00,156,2,TK-02,1335.54,4.251,31.21,7.1,0.09,2.5,0.4227,0.0,0.0,0.0
2026-06-06 22:00:00,156,2,TK-03,1011.74,3.976,31.21,7.1,0.28,0.0,0.4227,0.000208,0.0,0.000208
2026-06-06 22:00:00,156,2,TK-04,1383.59,4.404,31.21,7.1,0.09,2.5,0.4227,0.0,0.002568,0.002568
2026-06-06 22:00:00,156,2,TK-05,1863.17,4.901,31.21,7.1,0.11,2.5,0.4227,0.0,0.0,0.0
2026-06-07 06:00:00,157,0,TK-01,1306.61,4.159,29.39,7.1,0.09,2.5,0.389,0.0,0.003847,0.003847
2026-06-07 06:00:00,157,0,TK-02,1391.08,4.428,29.39,7.1,0.09,2.5,0.389,0.0,0.0,0.0
2026-06-07 06:00:00,157,0,TK-03,1053.0,4.138,29.39,7.1,0.28,0.0,0.389,0.000201,0.0,0.000201
2026-06-07 06:00:00,157,0,TK-04,1438.16,4.578,29.39,7.1,0.09,2.5,0.389,0.0,0.0,0.0
2026-06-07 06:00:00,157,0,TK-05,1929.22,5.075,29.39,7.1,0.11,2.5,0.389,0.0,0.0,0.0
2026-06-07 14:00:00,157,1,TK-01,1367.69,4.353,35.83,7.1,0.09,2.5,0.5195,0.0,0.0,0.0
2026-06-07 14:00:00,157,1,TK-02,1450.3,4.616,35.83,7.1,0.09,2.5,0.5195,0.0,0.0,0.0
2026-06-07 14:00:00,157,1,TK-03,1097.0,4.311,35.83,7.1,0.28,0.0,0.5195,0.000269,0.0,0.000269
2026-06-07 14:00:00,157,1,TK-04,1496.34,4.763,35.83,7.1,0.09,2.5,0.5195,0.0,0.0,0.0
2026-06-07 14:00:00,157,1,TK-05,1688.68,4.442,35.83,7.1,0.11,2.5,0.5195,0.0,0.006034,0.006034
2026-06-07 22:00:00,157,2,TK-01,1399.97,4.456,29.82,7.1,0.09,2.5,0.3967,0.0,0.0,0.0
2026-06-07 22:00:00,157,2,TK-02,1481.59,4.716,29.82,7.1,0.09,2.5,0.3967,0.0,0.0,0.0
2026-06-07 22:00:00,157,2,TK-03,1120.25,4.402,29.82,7.1,0.28,0.0,0.3967,0.000217,0.0,0.000217
2026-06-07 22:00:00,157,2,TK-04,1330.93,4.236,29.82,7.1,0.09,2.5,0.3967,0.0,0.002932,0.002932
2026-06-07 22:00:00,157,2,TK-05,1729.59,4.55,29.82,7.1,0.11,2.5,0.3967,0.0,0.0,0.0
2026-06-08 06:00:00,158,0,TK-01,1453.05,4.625,28.77,7.1,0.09,2.5,0.3781,0.0,0.0,0.0
2026-06-08 06:00:00,158,0,TK-02,1533.06,4.88,28.77,7.1,0.09,2.5,0.3781,0.0,0.0,0.0
2026-06-08 06:00:00,158,0,TK-03,953.03,3.745,28.77,7.1,0.28,0.0,0.3781,0.000178,0.002957,0.003135
2026-06-08 06:00:00,158,0,TK-04,1385.38,4.41,28.77,7.1,0.09,2.5,0.3781,0.0,0.0,0.0
2026-06-08 06:00:00,158,0,TK-05,1796.87,4.727,28.77,7.1,0.11,2.5,0.3781,0.0,0.0,0.0
2026-06-08 14:00:00,158,1,TK-01,1498.2,4.769,37.17,7.1,0.09,2.5,0.5509,0.0,0.0,0.0
2026-06-08 14:00:00,158,1,TK-02,1361.04,4.332,37.17,7.1,0.09,2.5,0.5509,0.0,0.004394,0.004394
2026-06-08 14:00:00,158,1,TK-03,989.08,3.887,37.17,7.1,0.28,0.0,0.5509,0.000256,0.0,0.000256
2026-06-08 14:00:00,158,1,TK-04,1431.69,4.557,37.17,7.1,0.09,2.5,0.5509,0.0,0.0,0.0
2026-06-08 14:00:00,158,1,TK-05,1854.1,4.878,37.17,7.1,0.11,2.5,0.5509,0.0,0.0,0.0
2026-06-08 22:00:00,158,2,TK-01,1375.38,4.378,30.89,7.1,0.09,2.5,0.4166,0.0,0.00256,0.00256
2026-06-08 22:00:00,158,2,TK-02,1403.44,4.467,30.89,7.1,0.09,2.5,0.4166,0.0,0.0,0.0
2026-06-08 22:00:00,158,2,TK-03,1021.22,4.013,30.89,7.1,0.28,0.0,0.4166,0.000207,0.0,0.000207
2026-06-08 22:00:00,158,2,TK-04,1472.98,4.689,30.89,7.1,0.09,2.5,0.4166,0.0,0.0,0.0
2026-06-08 22:00:00,158,2,TK-05,1905.13,5.012,30.89,7.1,0.11,2.5,0.4166,0.0,0.0,0.0
2026-06-09 06:00:00,159,0,TK-01,1416.76,4.51,28.72,7.1,0.09,2.5,0.3771,0.0,0.0,0.0
2026-06-09 06:00:00,159,0,TK-02,1444.39,4.598,28.72,7.1,0.09,2.5,0.3771,0.0,0.0,0.0
2026-06-09 06:00:00,159,0,TK-03,1052.27,4.135,28.72,7.1,0.28,0.0,0.3771,0.000196,0.0,0.000196
2026-06-09 06:00:00,159,0,TK-04,1512.87,4.816,28.72,7.1,0.09,2.5,0.3771,0.0,0.0,0.0
2026-06-09 06:00:00,159,0,TK-05,1713.22,4.507,28.72,7.1,0.11,2.5,0.3771,0.0,0.003452,0.003452
2026-06-09 14:00:00,159,1,TK-01,1474.1,4.692,36.68,7.1,0.09,2.5,0.5391,0.0,0.0,0.0
2026-06-09 14:00:00,159,1,TK-02,1501.13,4.778,36.68,7.1,0.09,2.5,0.5391,0.0,0.0,0.0
2026-06-09 14:00:00,159,1,TK-03,1095.29,4.304,36.68,7.1,0.28,0.0,0.5391,0.000277,0.0,0.000277
2026-06-09 14:00:00,159,1,TK-04,1335.75,4.252,36.68,7.1,0.09,2.5,0.5391,0.0,0.004666,0.004666
2026-06-09 14:00:00,159,1,TK-05,1786.7,4.7,36.68,7.1,0.11,2.5,0.5391,0.0,0.0,0.0
2026-06-09 22:00:00,159,2,TK-01,1504.95,4.79,33.1,7.1,0.09,2.5,0.4602,0.0,0.0,0.0
2026-06-09 22:00:00,159,2,TK-02,1357.69,4.322,33.1,7.1,0.09,2.5,0.4602,0.0,0.002983,0.002983
2026-06-09 22:00:00,159,2,TK-03,1118.44,4.395,33.1,7.1,0.28,0.0,0.4602,0.000247,0.0,0.000247
2026-06-09 22:00:00,159,2,TK-04,1368.25,4.355,33.1,7.1,0.09,2.5,0.4602,0.0,0.0,0.0
2026-06-09 22:00:00,159,2,TK-05,1826.25,4.804,33.1,7.1,0.11,2.5,0.4602,0.0,0.0,0.0
2026-06-10 06:00:00,160,0,TK-01,1316.15,4.189,29.5,7.1,0.09,2.5,0.391,0.0,0.00344,0.00344
2026-06-10 06:00:00,160,0,TK-02,1403.52,4.468,29.5,7.1,0.09,2.5,0.391,0.0,0.0,0.0
2026-06-10 06:00:00,160,0,TK-03,1150.97,4.523,29.5,7.1,0.28,0.0,0.391,0.00022,0.0,0.00022
2026-06-10 06:00:00,160,0,TK-04,1413.9,4.501,29.5,7.1,0.09,2.5,0.391,0.0,0.0,0.0
2026-06-10 06:00:00,160,0,TK-05,1881.82,4.95,29.5,7.1,0.11,2.5,0.391,0.0,0.0,0.0
2026-06-10 14:00:00,160,1,TK-01,1370.84,4.364,35.27,7.1,0.09,2.5,0.5068,0.0,0.0,0.0
2026-06-10 14:00:00,160,1,TK-02,1456.48,4.636,35.27,7.1,0.09,2.5,0.5068,0.0,0.0,0.0
2026-06-10 14:00:00,160,1,TK-03,874.87,3.438,35.27,7.1,0.28,0.0,0.5068,0.000212,0.005926,0.006138
2026-06-10 14:00:00,160,1,TK-04,1466.65,4.668,35.27,7.1,0.09,2.5,0.5068,0.0,0.0,0.0
2026-06-10 14:00:00,160,1,TK-05,1946.02,5.119,35.27,7.1,0.11,2.5,0.5068,0.0,0.0,0.0
2026-06-10 22:00:00,160,2,TK-01,1405.9,4.475,31.94,7.1,0.09,2.5,0.4368,0.0,0.0,0.0
2026-06-10 22:00:00,160,2,TK-02,1490.43,4.744,31.94,7.1,0.09,2.5,0.4368,0.0,0.0,0.0
2026-06-10 22:00:00,160,2,TK-03,903.04,3.549,31.94,7.1,0.28,0.0,0.4368,0.000192,0.0,0.000192
2026-06-10 22:00:00,160,2,TK-04,1500.48,4.776,31.94,7.1,0.09,2.5,0.4368,0.0,0.0,0.0
2026-06-10 22:00:00,160,2,TK-05,1827.23,4.807,31.94,7.1,0.11,2.5,0.4368,0.0,0.002616,0.002616
2026-06-11 06:00:00,161,0,TK-01,1452.47,4.623,30.6,7.1,0.09,2.5,0.411,0.0,0.0,0.0
2026-06-11 06:00:00,161,0,TK-02,1535.53,4.888,30.6,7.1,0.09,2.5,0.411,0.0,0.0,0.0
2026-06-11 06:00:00,161,0,TK-03,940.43,3.696,30.6,7.1,0.28,0.0,0.411,0.000189,0.0,0.000189
2026-06-11 06:00:00,161,0,TK-04,1335.04,4.25,30.6,7.1,0.09,2.5,0.411,0.0,0.003268,0.003268
2026-06-11 06:00:00,161,0,TK-05,1884.69,4.958,30.6,7.1,0.11,2.5,0.411,0.0,0.0,0.0
2026-06-11 14:00:00,161,1,TK-01,1513.63,4.818,36.15,7.1,0.09,2.5,0.5267,0.0,0.0,0.0
2026-06-11 14:00:00,161,1,TK-02,1337.76,4.258,36.15,7.1,0.09,2.5,0.5267,0.0,0.005056,0.005056
2026-06-11 14:00:00,161,1,TK-03,989.55,3.889,36.15,7.1,0.28,0.0,0.5267,0.000247,0.0,0.000247
2026-06-11 14:00:00,161,1,TK-04,1398.93,4.453,36.15,7.1,0.09,2.5,0.5267,0.0,0.0,0.0
2026-06-11 14:00:00,161,1,TK-05,1960.16,5.157,36.15,7.1,0.11,2.5,0.5267,0.0,0.0,0.0
2026-06-11 22:00:00,161,2,TK-01,1541.99,4.908,31.77,7.1,0.09,2.5,0.4335,0.0,0.0,0.0
2026-06-11 22:00:00,161,2,TK-02,1368.06,4.355,31.77,7.1,0.09,2.5,0.4335,0.0,0.0,0.0
2026-06-11 22:00:00,161,2,TK-03,1012.32,3.978,31.77,7.1,0.28,0.0,0.4335,0.000213,0.0,0.000213
2026-06-11 22:00:00,161,2,TK-04,1428.55,4.547,31.77,7.1,0.09,2.5,0.4335,0.0,0.0,0.0
2026-06-11 22:00:00,161,2,TK-05,1840.47,4.842,31.77,7.1,0.11,2.5,0.4335,0.0,0.002505,0.002505
2026-06-12 06:00:00,162,0,TK-01,1290.08,4.106,29.97,7.1,0.09,2.5,0.3994,0.0,0.004577,0.004577
2026-06-12 06:00:00,162,0,TK-02,1421.71,4.525,29.97,7.1,0.09,2.5,0.3994,0.0,0.0,0.0
2026-06-12 06:00:00,162,0,TK-03,1052.64,4.137,29.97,7.1,0.28,0.0,0.3994,0.000206,0.0,0.000206
2026-06-12 06:00:00,162,0,TK-04,1481.01,4.714,29.97,7.1,0.09,2.5,0.3994,0.0,0.0,0.0
2026-06-12 06:00:00,162,0,TK-05,1905.49,5.013,29.97,7.1,0.11,2.5,0.3994,0.0,0.0,0.0
2026-06-12 14:00:00,162,1,TK-01,1352.84,4.306,34.89,7.1,0.09,2.5,0.4984,0.0,0.0,0.0
2026-06-12 14:00:00,162,1,TK-02,1481.51,4.716,34.89,7.1,0.09,2.5,0.4984,0.0,0.0,0.0
2026-06-12 14:00:00,162,1,TK-03,1097.58,4.313,34.89,7.1,0.28,0.0,0.4984,0.00026,0.0,0.00026
2026-06-12 14:00:00,162,1,TK-04,1539.48,4.9,34.89,7.1,0.09,2.5,0.4984,0.0,0.0,0.0
2026-06-12 14:00:00,162,1,TK-05,1729.81,4.551,34.89,7.1,0.11,2.5,0.4984,0.0,0.004628,0.004628
2026-06-12 22:00:00,162,2,TK-01,1384.47,4.407,30.66,7.1,0.09,2.5,0.4123,0.0,0.0,0.0
2026-06-12 22:00:00,162,2,TK-02,1511.66,4.812,30.66,7.1,0.09,2.5,0.4123,0.0,0.0,0.0
2026-06-12 22:00:00,162,2,TK-03,1120.24,4.402,30.66,7.1,0.28,0.0,0.4123,0.000225,0.0,0.000225
2026-06-12 22:00:00,162,2,TK-04,1399.8,4.456,30.66,7.1,0.09,2.5,0.4123,0.0,0.00262,0.00262
2026-06-12 22:00:00,162,2,TK-05,1769.22,4.654,30.66,7.1,0.11,2.5,0.4123,0.0,0.0,0.0
2026-06-13 06:00:00,163,0,TK-01,1440.33,4.585,29.67,7.1,0.09,2.5,0.394,0.0,0.0,0.0
2026-06-13 06:00:00,163,0,TK-02,1322.52,4.21,29.67,7.1,0.09,2.5,0.394,0.0,0.003632,0.003632
2026-06-13 06:00:00,163,0,TK-03,1160.25,4.559,29.67,7.1,0.28,0.0,0.394,0.000223,0.0,0.000223
2026-06-13 06:00:00,163,0,TK-04,1455.35,4.633,29.67,7.1,0.09,2.5,0.394,0.0,0.0,0.0
2026-06-13 06:00:00,163,0,TK-05,1838.8,4.837,29.67,7.1,0.11,2.5,0.394,0.0,0.0,0.0
2026-06-13 14:00:00,163,1,TK-01,1497.4,4.766,37.05,7.1,0.09,2.5,0.5481,0.0,0.0,0.0
2026-06-13 14:00:00,163,1,TK-02,1382.13,4.399,37.05,7.1,0.09,2.5,0.5481,0.0,0.0,0.0
2026-06-13 14:00:00,163,1,TK-03,926.61,3.641,37.05,7.1,0.28,0.0,0.5481,0.00024,0.00559,0.00583
2026-06-13 14:00:00,163,1,TK-04,1512.09,4.813,37.05,7.1,0.09,2.5,0.5481,0.0,0.0,0.0
2026-06-13 14:00:00,163,1,TK-05,1909.88,5.024,37.05,7.1,0.11,2.5,0.5481,0.0,0.0,0.0
2026-06-13 22:00:00,163,2,TK-01,1525.56,4.856,31.8,7.1,0.09,2.5,0.434,0.0,0.0,0.0
2026-06-13 22:00:00,163,2,TK-02,1411.55,4.493,31.8,7.1,0.09,2.5,0.434,0.0,0.0,0.0
2026-06-13 22:00:00,163,2,TK-03,949.77,3.732,31.8,7.1,0.28,0.0,0.434,0.000201,0.0,0.000201
2026-06-13 22:00:00,163,2,TK-04,1404.09,4.469,31.8,7.1,0.09,2.5,0.434,0.0,0.002209,0.002209
2026-06-13 22:00:00,163,2,TK-05,1944.96,5.117,31.8,7.1,0.11,2.5,0.434,0.0,0.0,0.0
2026-06-14 06:00:00,164,0,TK-01,1573.56,5.009,31.81,7.1,0.09,2.5,0.4344,0.0,0.0,0.0
2026-06-14 06:00:00,164,0,TK-02,1461.68,4.653,31.81,7.1,0.09,2.5,0.4344,0.0,0.0,0.0
2026-06-14 06:00:00,164,0,TK-03,989.24,3.887,31.81,7.1,0.28,0.0,0.4344,0.000209,0.0,0.000209
2026-06-14 06:00:00,164,0,TK-04,1454.37,4.629,31.81,7.1,0.09,2.5,0.4344,0.0,0.0,0.0
2026-06-14 06:00:00,164,0,TK-05,1742.23,4.583,31.81,7.1,0.11,2.5,0.4344,0.0,0.004296,0.004296
2026-06-14 14:00:00,164,1,TK-01,1300.13,4.138,35.96,7.1,0.09,2.5,0.5225,0.0,0.006344,0.006344
2026-06-14 14:00:00,164,1,TK-02,1516.61,4.828,35.96,7.1,0.09,2.5,0.5225,0.0,0.0,0.0
2026-06-14 14:00:00,164,1,TK-03,1032.49,4.057,35.96,7.1,0.28,0.0,0.5225,0.000255,0.0,0.000255
2026-06-14 14:00:00,164,1,TK-04,1509.45,4.805,35.96,7.1,0.09,2.5,0.5225,0.0,0.0,0.0
2026-06-14 14:00:00,164,1,TK-05,1813.23,4.77,35.96,7.1,0.11,2.5,0.5225,0.0,0.0,0.0
2026-06-14 22:00:00,164,2,TK-01,1343.52,4.277,29.36,7.1,0.09,2.5,0.3885,0.0,0.0,0.0
2026-06-14 22:00:00,164,2,TK-02,1422.45,4.528,29.36,7.1,0.09,2.5,0.3885,0.0,0.001974,0.001974
2026-06-14 22:00:00,164,2,TK-03,1063.98,4.181,29.36,7.1,0.28,0.0,0.3885,0.000203,0.0,0.000203
2026-06-14 22:00:00,164,2,TK-04,1549.57,4.932,29.36,7.1,0.09,2.5,0.3885,0.0,0.0,0.0
2026-06-14 22:00:00,164,2,TK-05,1864.95,4.906,29.36,7.1,0.11,2.5,0.3885,0.0,0.0,0.0
2026-06-15 06:00:00,165,0,TK-01,1388.67,4.42,29.41,7.1,0.09,2.5,0.3893,0.0,0.0,0.0
2026-06-15 06:00:00,165,0,TK-02,1466.3,4.667,29.41,7.1,0.09,2.5,0.3893,0.0,0.0,0.0
2026-06-15 06:00:00,165,0,TK-03,1096.76,4.31,29.41,7.1,0.28,0.0,0.3893,0.00021,0.0,0.00021
2026-06-15 06:00:00,165,0,TK-04,1325.41,4.219,29.41,7.1,0.09,2.5,0.3893,0.0,0.003928,0.003928
2026-06-15 06:00:00,165,0,TK-05,1918.76,5.048,29.41,7.1,0.11,2.5,0.3893,0.0,0.0,0.0
2026-06-15 14:00:00,165,1,TK-01,1445.78,4.602,37.79,7.1,0.09,2.5,0.5661,0.0,0.0,0.0
2026-06-15 14:00:00,165,1,TK-02,1521.76,4.844,37.79,7.1,0.09,2.5,0.5661,0.0,0.0,0.0
2026-06-15 14:00:00,165,1,TK-03,1138.22,4.473,37.79,7.1,0.28,0.0,0.5661,0.0003,0.0,0.0003
2026-06-15 14:00:00,165,1,TK-04,1383.86,4.405,37.79,7.1,0.09,2.5,0.5661,0.0,0.0,0.0
2026-06-15 14:00:00,165,1,TK-05,1700.58,4.474,37.79,7.1,0.11,2.5,0.5661,0.0,0.006009,0.006009
2026-06-15 22:00:00,165,2,TK-01,1481.5,4.716,31.56,7.1,0.09,2.5,0.4294,0.0,0.0,0.0
2026-06-15 22:00:00,165,2,TK-02,1556.45,4.954,31.56,7.1,0.09,2.5,0.4294,0.0,0.0,0.0
2026-06-15 22:00:00,165,2,TK-03,997.23,3.919,31.56,7.1,0.28,0.0,0.4294,0.000208,0.00269,0.002899
2026-06-15 22:00:00,165,2,TK-04,1420.41,4.521,31.56,7.1,0.09,2.5,0.4294,0.0,0.0,0.0
2026-06-15 22:00:00,165,2,TK-05,1747.04,4.596,31.56,7.1,0.11,2.5,0.4294,0.0,0.0,0.0
2026-06-16 06:00:00,166,0,TK-01,1516.38,4.827,30.88,7.1,0.09,2.5,0.4164,0.0,0.0,0.0
2026-06-16 06:00:00,166,0,TK-02,1336.12,4.253,30.88,7.1,0.09,2.5,0.4164,0.0,0.003978,0.003978
2026-06-16 06:00:00,166,0,TK-03,1024.8,4.027,30.88,7.1,0.28,0.0,0.4164,0.000208,0.0,0.000208
2026-06-16 06:00:00,166,0,TK-04,1456.12,4.635,30.88,7.1,0.09,2.5,0.4164,0.0,0.0,0.0
2026-06-16 06:00:00,166,0,TK-05,1792.41,4.715,30.88,7.1,0.11,2.5,0.4164,0.0,0.0,0.0
2026-06-16 14:00:00,166,1,TK-01,1247.47,3.971,36.17,7.1,0.09,2.5,0.5273,0.0,0.006416,0.006416
2026-06-16 14:00:00,166,1,TK-02,1397.88,4.45,36.17,7.1,0.09,2.5,0.5273,0.0,0.0,0.0
2026-06-16 14:00:00,166,1,TK-03,1070.4,4.206,36.17,7.1,0.28,0.0,0.5273,0.000266,0.0,0.000266
2026-06-16 14:00:00,166,1,TK-04,1515.18,4.823,36.17,7.1,0.09,2.5,0.5273,0.0,0.0,0.0
2026-06-16 14:00:00,166,1,TK-05,1867.46,4.913,36.17,7.1,0.11,2.5,0.5273,0.0,0.0,0.0
2026-06-16 22:00:00,166,2,TK-01,1279.6,4.073,31.76,7.1,0.09,2.5,0.4333,0.0,0.0,0.0
2026-06-16 22:00:00,166,2,TK-02,1428.3,4.546,31.76,7.1,0.09,2.5,0.4333,0.0,0.0,0.0
2026-06-16 22:00:00,166,2,TK-03,1092.86,4.295,31.76,7.1,0.28,0.0,0.4333,0.000229,0.0,0.000229
2026-06-16 22:00:00,166,2,TK-04,1366.03,4.348,31.76,7.1,0.09,2.5,0.4333,0.0,0.002891,0.002891
2026-06-16 22:00:00,166,2,TK-05,1904.42,5.01,31.76,7.1,0.11,2.5,0.4333,0.0,0.0,0.0
2026-06-17 06:00:00,167,0,TK-01,1328.01,4.227,29.91,7.1,0.09,2.5,0.3984,0.0,0.0,0.0
2026-06-17 06:00:00,167,0,TK-02,1474.15,4.692,29.91,7.1,0.09,2.5,0.3984,0.0,0.0,0.0
2026-06-17 06:00:00,167,0,TK-03,1126.7,4.428,29.91,7.1,0.28,0.0,0.3984,0.00022,0.0,0.00022
2026-06-17 06:00:00,167,0,TK-04,1412.95,4.498,29.91,7.1,0.09,2.5,0.3984,0.0,0.0,0.0
2026-06-17 06:00:00,167,0,TK-05,1719.04,4.522,29.91,7.1,0.11,2.5,0.3984,0.0,0.003639,0.003639
2026-06-17 14:00:00,167,1,TK-01,1381.21,4.397,35.31,7.1,0.09,2.5,0.5077,0.0,0.0,0.0
2026-06-17 14:00:00,167,1,TK-02,1524.53,4.853,35.31,7.1,0.09,2.5,0.5077,0.0,0.0,0.0
2026-06-17 14:00:00,167,1,TK-03,877.22,3.447,35.31,7.1,0.28,0.0,0.5077,0.000213,0.005428,0.005641
2026-06-17 14:00:00,167,1,TK-04,1464.51,4.662,35.31,7.1,0.09,2.5,0.5077,0.0,0.0,0.0
2026-06-17 14:00:00,167,1,TK-05,1784.92,4.696,35.31,7.1,0.11,2.5,0.5077,0.0,0.0,0.0
2026-06-17 22:00:00,167,2,TK-01,1414.39,4.502,32.86,7.1,0.09,2.5,0.4552,0.0,0.0,0.0
2026-06-17 22:00:00,167,2,TK-02,1377.63,4.385,32.86,7.1,0.09,2.5,0.4552,0.0,0.003028,0.003028
2026-06-17 22:00:00,167,2,TK-03,903.94,3.552,32.86,7.1,0.28,0.0,0.4552,0.0002,0.0,0.0002
2026-06-17 22:00:00,167,2,TK-04,1496.67,4.764,32.86,7.1,0.09,2.5,0.4552,0.0,0.0,0.0
2026-06-17 22:00:00,167,2,TK-05,1826.01,4.804,32.86,7.1,0.11,2.5,0.4552,0.0,0.0,0.0
2026-06-18 06:00:00,168,0,TK-01,1458.0,4.641,29.89,7.1,0.09,2.5,0.3981,0.0,0.0,0.0
2026-06-18 06:00:00,168,0,TK-02,1421.84,4.526,29.89,7.1,0.09,2.5,0.3981,0.0,0.0,0.0
2026-06-18 06:00:00,168,0,TK-03,939.06,3.69,29.89,7.1,0.28,0.0,0.3981,0.000184,0.0,0.000184
2026-06-18 06:00:00,168,0,TK-04,1326.9,4.224,29.89,7.1,0.09,2.5,0.3981,0.0,0.003196,0.003196
2026-06-18 06:00:00,168,0,TK-05,1880.01,4.946,29.89,7.1,0.11,2.5,0.3981,0.0,0.0,0.0
2026-06-18 14:00:00,168,1,TK-01,1507.27,4.798,37.73,7.1,0.09,2.5,0.5644,0.0,0.0,0.0
2026-06-18 14:00:00,168,1,TK-02,1471.79,4.685,37.73,7.1,0.09,2.5,0.5644,0.0,0.0,0.0
2026-06-18 14:00:00,168,1,TK-03,978.74,3.846,37.73,7.1,0.28,0.0,0.5644,0.000259,0.0,0.000259
2026-06-18 14:00:00,168,1,TK-04,1378.64,4.388,37.73,7.1,0.09,2.5,0.5644,0.0,0.0,0.0
2026-06-18 14:00:00,168,1,TK-05,1691.95,4.451,37.73,7.1,0.11,2.5,0.5644,0.0,0.005199,0.005199
2026-06-18 22:00:00,168,2,TK-01,1406.98,4.479,30.28,7.1,0.09,2.5,0.4052,0.0,0.001968,0.001968
2026-06-18 22:00:00,168,2,TK-02,1501.32,4.779,30.28,7.1,0.09,2.5,0.4052,0.0,0.0,0.0
2026-06-18 22:00:00,168,2,TK-03,1002.19,3.938,30.28,7.1,0.28,0.0,0.4052,0.000199,0.0,0.000199
2026-06-18 22:00:00,168,2,TK-04,1409.22,4.486,30.28,7.1,0.09,2.5,0.4052,0.0,0.0,0.0
2026-06-18 22:00:00,168,2,TK-05,1730.84,4.553,30.28,7.1,0.11,2.5,0.4052,0.0,0.0,0.0
2026-06-19 06:00:00,169,0,TK-01,1452.64,4.624,28.21,7.1,0.09,2.5,0.3684,0.0,0.0,0.0
2026-06-19 06:00:00,169,0,TK-02,1354.51,4.312,28.21,7.1,0.09,2.5,0.3684,0.0,0.00268,0.00268
2026-06-19 06:00:00,169,0,TK-03,1037.17,4.076,28.21,7.1,0.28,0.0,0.3684,0.00019,0.0,0.00019
2026-06-19 06:00:00,169,0,TK-04,1454.84,4.631,28.21,7.1,0.09,2.5,0.3684,0.0,0.0,0.0
2026-06-19 06:00:00,169,0,TK-05,1788.84,4.706,28.21,7.1,0.11,2.5,0.3684,0.0,0.0,0.0
2026-06-19 14:00:00,169,1,TK-01,1519.36,4.836,37.66,7.1,0.09,2.5,0.5627,0.0,0.0,0.0
2026-06-19 14:00:00,169,1,TK-02,1423.73,4.532,37.66,7.1,0.09,2.5,0.5627,0.0,0.0,0.0
2026-06-19 14:00:00,169,1,TK-03,1088.31,4.277,37.66,7.1,0.28,0.0,0.5627,0.000286,0.0,0.000286
2026-06-19 14:00:00,169,1,TK-04,1235.29,3.932,37.66,7.1,0.09,2.5,0.5627,0.0,0.006002,0.006002
2026-06-19 14:00:00,169,1,TK-05,1873.6,4.929,37.66,7.1,0.11,2.5,0.5627,0.0,0.0,0.0
2026-06-19 22:00:00,169,2,TK-01,1388.82,4.421,29.72,7.1,0.09,2.5,0.3948,0.0,0.002444,0.002444
2026-06-19 22:00:00,169,2,TK-02,1458.89,4.644,29.72,7.1,0.09,2.5,0.3948,0.0,0.0,0.0
2026-06-19 22:00:00,169,2,TK-03,1114.28,4.379,29.72,7.1,0.28,0.0,0.3948,0.000216,0.0,0.000216
2026-06-19 22:00:00,169,2,TK-04,1272.95,4.052,29.72,7.1,0.09,2.5,0.3948,0.0,0.0,0.0
2026-06-19 22:00:00,169,2,TK-05,1916.66,5.042,29.72,7.1,0.11,2.5,0.3948,0.0,0.0,0.0
2026-06-20 06:00:00,170,0,TK-01,1429.8,4.551,31.21,7.1,0.09,2.5,0.4227,0.0,0.0,0.0
2026-06-20 06:00:00,170,0,TK-02,1498.8,4.771,31.21,7.1,0.09,2.5,0.4227,0.0,0.0,0.0
2026-06-20 06:00:00,170,0,TK-03,1143.76,4.495,31.21,7.1,0.28,0.0,0.4227,0.000234,0.0,0.000234
2026-06-20 06:00:00,170,0,TK-04,1315.68,4.188,31.21,7.1,0.09,2.5,0.4227,0.0,0.0,0.0
2026-06-20 06:00:00,170,0,TK-05,1729.15,4.549,31.21,7.1,0.11,2.5,0.4227,0.0,0.003759,0.003759
2026-06-20 14:00:00,170,1,TK-01,1491.4,4.747,37.04,7.1,0.09,2.5,0.5477,0.0,0.0,0.0
2026-06-20 14:00:00,170,1,TK-02,1558.8,4.962,37.04,7.1,0.09,2.5,0.5477,0.0,0.0,0.0
2026-06-20 14:00:00,170,1,TK-03,904.8,3.556,37.04,7.1,0.28,0.0,0.5477,0.000234,0.005775,0.006009
2026-06-20 14:00:00,170,1,TK-04,1379.93,4.392,37.04,7.1,0.09,2.5,0.5477,0.0,0.0,0.0
2026-06-20 14:00:00,170,1,TK-05,1808.13,4.757,37.04,7.1,0.11,2.5,0.5477,0.0,0.0,0.0
2026-06-20 22:00:00,170,2,TK-01,1524.67,4.853,32.17,7.1,0.09,2.5,0.4413,0.0,0.0,0.0
2026-06-20 22:00:00,170,2,TK-02,1441.73,4.589,32.17,7.1,0.09,2.5,0.4413,0.0,0.002471,0.002471
2026-06-20 22:00:00,170,2,TK-03,932.38,3.664,32.17,7.1,0.28,0.0,0.4413,0.0002,0.0,0.0002
2026-06-20 22:00:00,170,2,TK-04,1414.63,4.503,32.17,7.1,0.09,2.5,0.4413,0.0,0.0,0.0
2026-06-20 22:00:00,170,2,TK-05,1850.77,4.869,32.17,7.1,0.11,2.5,0.4413,0.0,0.0,0.0
2026-06-21 06:00:00,171,0,TK-01,1325.78,4.22,30.61,7.1,0.09,2.5,0.4112,0.0,0.003839,0.003839
2026-06-21 06:00:00,171,0,TK-02,1491.54,4.748,30.61,7.1,0.09,2.5,0.4112,0.0,0.0,0.0
2026-06-21 06:00:00,171,0,TK-03,972.37,3.821,30.61,7.1,0.28,0.0,0.4112,0.000196,0.0,0.000196
2026-06-21 06:00:00,171,0,TK-04,1464.95,4.663,30.61,7.1,0.09,2.5,0.4112,0.0,0.0,0.0
2026-06-21 06:00:00,171,0,TK-05,1912.62,5.031,30.61,7.1,0.11,2.5,0.4112,0.0,0.0,0.0
2026-06-21 14:00:00,171,1,TK-01,1393.28,4.435,36.78,7.1,0.09,2.5,0.5415,0.0,0.0,0.0
2026-06-21 14:00:00,171,1,TK-02,1554.99,4.95,36.78,7.1,0.09,2.5,0.5415,0.0,0.0,0.0
2026-06-21 14:00:00,171,1,TK-03,1023.3,4.021,36.78,7.1,0.28,0.0,0.5415,0.000261,0.0,0.000261
2026-06-21 14:00:00,171,1,TK-04,1529.04,4.867,36.78,7.1,0.09,2.5,0.5415,0.0,0.0,0.0
2026-06-21 14:00:00,171,1,TK-05,1757.95,4.625,36.78,7.1,0.11,2.5,0.5415,0.0,0.004716,0.004716
2026-06-21 22:00:00,171,2,TK-01,1428.14,4.546,32.14,7.1,0.09,2.5,0.4407,0.0,0.0,0.0
2026-06-21 22:00:00,171,2,TK-02,1450.9,4.618,32.14,7.1,0.09,2.5,0.4407,0.0,0.002258,0.002258
2026-06-21 22:00:00,171,2,TK-03,1049.6,4.125,32.14,7.1,0.28,0.0,0.4407,0.000224,0.0,0.000224
2026-06-21 22:00:00,171,2,TK-04,1562.14,4.972,32.14,7.1,0.09,2.5,0.4407,0.0,0.0,0.0
2026-06-21 22:00:00,171,2,TK-05,1801.67,4.74,32.14,7.1,0.11,2.5,0.4407,0.0,0.0,0.0
2026-06-22 06:00:00,172,0,TK-01,1478.7,4.707,30.68,7.1,0.09,2.5,0.4126,0.0,0.0,0.0
2026-06-22 06:00:00,172,0,TK-02,1501.03,4.778,30.68,7.1,0.09,2.5,0.4126,0.0,0.0,0.0
2026-06-22 06:00:00,172,0,TK-03,1087.75,4.275,30.68,7.1,0.28,0.0,0.4126,0.000219,0.0,0.000219
2026-06-22 06:00:00,172,0,TK-04,1360.52,4.331,30.68,7.1,0.09,2.5,0.4126,0.0,0.003902,0.003902
2026-06-22 06:00:00,172,0,TK-05,1865.06,4.906,30.68,7.1,0.11,2.5,0.4126,0.0,0.0,0.0
2026-06-22 14:00:00,172,1,TK-01,1539.45,4.9,36.32,7.1,0.09,2.5,0.5307,0.0,0.0,0.0
2026-06-22 14:00:00,172,1,TK-02,1289.76,4.105,36.32,7.1,0.09,2.5,0.5307,0.0,0.005382,0.005382
2026-06-22 14:00:00,172,1,TK-03,1133.59,4.455,36.32,7.1,0.28,0.0,0.5307,0.000283,0.0,0.000283
2026-06-22 14:00:00,172,1,TK-04,1424.02,4.533,36.32,7.1,0.09,2.5,0.5307,0.0,0.0,0.0
2026-06-22 14:00:00,172,1,TK-05,1941.23,5.107,36.32,7.1,0.11,2.5,0.5307,0.0,0.0,0.0
2026-06-22 22:00:00,172,2,TK-01,1351.03,4.3,32.41,7.1,0.09,2.5,0.4463,0.0,0.003682,0.003682
2026-06-22 22:00:00,172,2,TK-02,1325.51,4.219,32.41,7.1,0.09,2.5,0.4463,0.0,0.0,0.0
2026-06-22 22:00:00,172,2,TK-03,1158.15,4.551,32.41,7.1,0.28,0.0,0.4463,0.000249,0.0,0.000249
2026-06-22 22:00:00,172,2,TK-04,1458.06,4.641,32.41,7.1,0.09,2.5,0.4463,0.0,0.0,0.0
2026-06-22 22:00:00,172,2,TK-05,1982.05,5.214,32.41,7.1,0.11,2.5,0.4463,0.0,0.0,0.0
2026-06-23 06:00:00,173,0,TK-01,1398.44,4.451,29.68,7.1,0.09,2.5,0.3942,0.0,0.0,0.0
2026-06-23 06:00:00,173,0,TK-02,1373.37,4.372,29.68,7.1,0.09,2.5,0.3942,0.0,0.0,0.0
2026-06-23 06:00:00,173,0,TK-03,1191.04,4.68,29.68,7.1,0.28,0.0,0.3942,0.000229,0.0,0.000229
2026-06-23 06:00:00,173,0,TK-04,1503.61,4.786,29.68,7.1,0.09,2.5,0.3942,0.0,0.0,0.0
2026-06-23 06:00:00,173,0,TK-05,1821.21,4.791,29.68,7.1,0.11,2.5,0.3942,0.0,0.00322,0.00322
2026-06-23 14:00:00,173,1,TK-01,1444.92,4.599,35.56,7.1,0.09,2.5,0.5134,0.0,0.0,0.0
2026-06-23 14:00:00,173,1,TK-02,1420.28,4.521,35.56,7.1,0.09,2.5,0.5134,0.0,0.0,0.0
2026-06-23 14:00:00,173,1,TK-03,959.4,3.77,35.56,7.1,0.28,0.0,0.5134,0.000234,0.005037,0.005271
2026-06-23 14:00:00,173,1,TK-04,1548.26,4.928,35.56,7.1,0.09,2.5,0.5134,0.0,0.0,0.0
2026-06-23 14:00:00,173,1,TK-05,1878.5,4.942,35.56,7.1,0.11,2.5,0.5134,0.0,0.0,0.0
2026-06-23 22:00:00,173,2,TK-01,1484.18,4.724,31.58,7.1,0.09,2.5,0.4298,0.0,0.0,0.0
2026-06-23 22:00:00,173,2,TK-02,1459.91,4.647,31.58,7.1,0.09,2.5,0.4298,0.0,0.0,0.0
2026-06-23 22:00:00,173,2,TK-03,990.56,3.893,31.58,7.1,0.28,0.0,0.4298,0.000207,0.0,0.000207
2026-06-23 22:00:00,173,2,TK-04,1443.78,4.596,31.58,7.1,0.09,2.5,0.4298,0.0,0.002299,0.002299
2026-06-23 22:00:00,173,2,TK-05,1926.9,5.069,31.58,7.1,0.11,2.5,0.4298,0.0,0.0,0.0
2026-06-24 06:00:00,174,0,TK-01,1530.24,4.871,29.4,7.1,0.09,2.5,0.3891,0.0,0.0,0.0
2026-06-24 06:00:00,174,0,TK-02,1506.39,4.795,29.4,7.1,0.09,2.5,0.3891,0.0,0.0,0.0
2026-06-24 06:00:00,174,0,TK-03,1027.11,4.036,29.4,7.1,0.28,0.0,0.3891,0.000197,0.0,0.000197
2026-06-24 06:00:00,174,0,TK-04,1490.56,4.745,29.4,7.1,0.09,2.5,0.3891,0.0,0.0,0.0
2026-06-24 06:00:00,174,0,TK-05,1755.17,4.617,29.4,7.1,0.11,2.5,0.3891,0.0,0.003378,0.003378
2026-06-24 14:00:00,174,1,TK-01,1279.5,4.073,36.61,7.1,0.09,2.5,0.5377,0.0,0.006142,0.006142
2026-06-24 14:00:00,174,1,TK-02,1563.37,4.976,36.61,7.1,0.09,2.5,0.5377,0.0,0.0,0.0
2026-06-24 14:00:00,174,1,TK-03,1071.9,4.212,36.61,7.1,0.28,0.0,0.5377,0.000271,0.0,0.000271
2026-06-24 14:00:00,174,1,TK-04,1547.89,4.927,36.61,7.1,0.09,2.5,0.5377,0.0,0.0,0.0
2026-06-24 14:00:00,174,1,TK-05,1829.81,4.814,36.61,7.1,0.11,2.5,0.5377,0.0,0.0,0.0
2026-06-24 22:00:00,174,2,TK-01,1318.4,4.197,32.86,7.1,0.09,2.5,0.4553,0.0,0.0,0.0
2026-06-24 22:00:00,174,2,TK-02,1463.93,4.66,32.86,7.1,0.09,2.5,0.4553,0.0,0.002289,0.002289
2026-06-24 22:00:00,174,2,TK-03,1099.39,4.32,32.86,7.1,0.28,0.0,0.4553,0.000241,0.0,0.000241
2026-06-24 22:00:00,174,2,TK-04,1583.06,5.039,32.86,7.1,0.09,2.5,0.4553,0.0,0.0,0.0
2026-06-24 22:00:00,174,2,TK-05,1875.61,4.934,32.86,7.1,0.11,2.5,0.4553,0.0,0.0,0.0
2026-06-25 06:00:00,175,0,TK-01,1376.48,4.381,29.77,7.1,0.09,2.5,0.3958,0.0,0.0,0.0
2026-06-25 06:00:00,175,0,TK-02,1518.96,4.835,29.77,7.1,0.09,2.5,0.3958,0.0,0.0,0.0
2026-06-25 06:00:00,175,0,TK-03,1140.43,4.482,29.77,7.1,0.28,0.0,0.3958,0.000221,0.0,0.000221
2026-06-25 06:00:00,175,0,TK-04,1430.03,4.552,29.77,7.1,0.09,2.5,0.3958,0.0,0.003096,0.003096
2026-06-25 06:00:00,175,0,TK-05,1943.99,5.114,29.77,7.1,0.11,2.5,0.3958,0.0,0.0,0.0
2026-06-25 14:00:00,175,1,TK-01,1434.13,4.565,37.16,7.1,0.09,2.5,0.5507,0.0,0.0,0.0
2026-06-25 14:00:00,175,1,TK-02,1573.58,5.009,37.16,7.1,0.09,2.5,0.5507,0.0,0.0,0.0
2026-06-25 14:00:00,175,1,TK-03,1181.16,4.642,37.16,7.1,0.28,0.0,0.5507,0.000303,0.0,0.000303
2026-06-25 14:00:00,175,1,TK-04,1486.54,4.732,37.16,7.1,0.09,2.5,0.5507,0.0,0.0,0.0
2026-06-25 14:00:00,175,1,TK-05,1754.64,4.616,37.16,7.1,0.11,2.5,0.5507,0.0,0.005268,0.005268
2026-06-25 22:00:00,175,2,TK-01,1467.76,4.672,32.99,7.1,0.09,2.5,0.458,0.0,0.0,0.0
2026-06-25 22:00:00,175,2,TK-02,1605.44,5.11,32.99,7.1,0.09,2.5,0.458,0.0,0.0,0.0
2026-06-25 22:00:00,175,2,TK-03,1070.85,4.208,32.99,7.1,0.28,0.0,0.458,0.000236,0.002291,0.002527
2026-06-25 22:00:00,175,2,TK-04,1519.51,4.837,32.99,7.1,0.09,2.5,0.458,0.0,0.0,0.0
2026-06-25 22:00:00,175,2,TK-05,1797.5,4.729,32.99,7.1,0.11,2.5,0.458,0.0,0.0,0.0
2026-06-26 06:00:00,176,0,TK-01,1513.88,4.819,30.83,7.1,0.09,2.5,0.4155,0.0,0.0,0.0
2026-06-26 06:00:00,176,0,TK-02,1470.48,4.681,30.83,7.1,0.09,2.5,0.4155,0.0,0.002807,0.002807
2026-06-26 06:00:00,176,0,TK-03,1105.8,4.346,30.83,7.1,0.28,0.0,0.4155,0.000224,0.0,0.000224
2026-06-26 06:00:00,176,0,TK-04,1564.72,4.981,30.83,7.1,0.09,2.5,0.4155,0.0,0.0,0.0
2026-06-26 06:00:00,176,0,TK-05,1856.28,4.883,30.83,7.1,0.11,2.5,0.4155,0.0,0.0,0.0
2026-06-26 14:00:00,176,1,TK-01,1568.12,4.991,37.27,7.1,0.09,2.5,0.5534,0.0,0.0,0.0
2026-06-26 14:00:00,176,1,TK-02,1525.64,4.856,37.27,7.1,0.09,2.5,0.5534,0.0,0.0,0.0
2026-06-26 14:00:00,176,1,TK-03,1146.91,4.507,37.27,7.1,0.28,0.0,0.5534,0.000296,0.0,0.000296
2026-06-26 14:00:00,176,1,TK-04,1301.04,4.141,37.27,7.1,0.09,2.5,0.5534,0.0,0.006514,0.006514
2026-06-26 14:00:00,176,1,TK-05,1925.4,5.065,37.27,7.1,0.11,2.5,0.5534,0.0,0.0,0.0
2026-06-26 22:00:00,176,2,TK-01,1413.61,4.5,33.15,7.1,0.09,2.5,0.4613,0.0,0.003131,0.003131
2026-06-26 22:00:00,176,2,TK-02,1554.07,4.947,33.15,7.1,0.09,2.5,0.4613,0.0,0.0,0.0
2026-06-26 22:00:00,176,2,TK-03,1168.1,4.59,33.15,7.1,0.28,0.0,0.4613,0.000258,0.0,0.000258
2026-06-26 22:00:00,176,2,TK-04,1331.98,4.24,33.15,7.1,0.09,2.5,0.4613,0.0,0.0,0.0
2026-06-26 22:00:00,176,2,TK-05,1961.04,5.159,33.15,7.1,0.11,2.5,0.4613,0.0,0.0,0.0
2026-06-27 06:00:00,177,0,TK-01,1460.49,4.649,29.71,7.1,0.09,2.5,0.3948,0.0,0.0,0.0
2026-06-27 06:00:00,177,0,TK-02,1598.48,5.088,29.71,7.1,0.09,2.5,0.3948,0.0,0.0,0.0
2026-06-27 06:00:00,177,0,TK-03,961.0,3.777,29.71,7.1,0.28,0.0,0.3948,0.000187,0.003595,0.003782
2026-06-27 06:00:00,177,0,TK-04,1380.28,4.394,29.71,7.1,0.09,2.5,0.3948,0.0,0.0,0.0
2026-06-27 06:00:00,177,0,TK-05,2016.69,5.305,29.71,7.1,0.11,2.5,0.3948,0.0,0.0,0.0
2026-06-27 14:00:00,177,1,TK-01,1523.69,4.85,37.3,7.1,0.09,2.5,0.554,0.0,0.0,0.0
2026-06-27 14:00:00,177,1,TK-02,1349.71,4.296,37.3,7.1,0.09,2.5,0.554,0.0,0.006374,0.006374
2026-06-27 14:00:00,177,1,TK-03,1011.42,3.975,37.3,7.1,0.28,0.0,0.554,0.000263,0.0,0.000263
2026-06-27 14:00:00,177,1,TK-04,1445.42,4.601,37.3,7.1,0.09,2.5,0.554,0.0,0.0,0.0
2026-06-27 14:00:00,177,1,TK-05,2091.73,5.503,37.3,7.1,0.11,2.5,0.554,0.0,0.0,0.0
2026-06-27 22:00:00,177,2,TK-01,1552.18,4.941,32.7,7.1,0.09,2.5,0.452,0.0,0.0,0.0
2026-06-27 22:00:00,177,2,TK-02,1380.14,4.393,32.7,7.1,0.09,2.5,0.452,0.0,0.0,0.0
2026-06-27 22:00:00,177,2,TK-03,1034.14,4.064,32.7,7.1,0.28,0.0,0.452,0.000226,0.0,0.000226
2026-06-27 22:00:00,177,2,TK-04,1474.78,4.694,32.7,7.1,0.09,2.5,0.452,0.0,0.0,0.0
2026-06-27 22:00:00,177,2,TK-05,1935.87,5.093,32.7,7.1,0.11,2.5,0.452,0.0,0.003201,0.003201
2026-06-28 06:00:00,178,0,TK-01,1364.65,4.344,30.78,7.1,0.09,2.5,0.4145,0.0,0.003588,0.003588
2026-06-28 06:00:00,178,0,TK-02,1424.92,4.536,30.78,7.1,0.09,2.5,0.4145,0.0,0.0,0.0
2026-06-28 06:00:00,178,0,TK-03,1067.59,4.195,30.78,7.1,0.28,0.0,0.4145,0.000216,0.0,0.000216
2026-06-28 06:00:00,178,0,TK-04,1517.99,4.832,30.78,7.1,0.09,2.5,0.4145,0.0,0.0,0.0
2026-06-28 06:00:00,178,0,TK-05,1988.8,5.232,30.78,7.1,0.11,2.5,0.4145,0.0,0.0,0.0
2026-06-28 14:00:00,178,1,TK-01,1421.79,4.526,36.08,7.1,0.09,2.5,0.5253,0.0,0.0,0.0
2026-06-28 14:00:00,178,1,TK-02,1480.79,4.713,36.08,7.1,0.09,2.5,0.5253,0.0,0.0,0.0
2026-06-28 14:00:00,178,1,TK-03,1109.31,4.359,36.08,7.1,0.28,0.0,0.5253,0.000275,0.0,0.000275
2026-06-28 14:00:00,178,1,TK-04,1571.9,5.004,36.08,7.1,0.09,2.5,0.5253,0.0,0.0,0.0
2026-06-28 14:00:00,178,1,TK-05,1785.68,4.698,36.08,7.1,0.11,2.5,0.5253,0.0,0.005275,0.005275
2026-06-28 22:00:00,178,2,TK-01,1455.42,4.633,30.58,7.1,0.09,2.5,0.4108,0.0,0.0,0.0
2026-06-28 22:00:00,178,2,TK-02,1513.67,4.818,30.58,7.1,0.09,2.5,0.4108,0.0,0.0,0.0
2026-06-28 22:00:00,178,2,TK-03,1133.87,4.456,30.58,7.1,0.28,0.0,0.4108,0.000227,0.0,0.000227
2026-06-28 22:00:00,178,2,TK-04,1450.3,4.616,30.58,7.1,0.09,2.5,0.4108,0.0,0.002369,0.002369
2026-06-28 22:00:00,178,2,TK-05,1827.95,4.809,30.58,7.1,0.11,2.5,0.4108,0.0,0.0,0.0
2026-06-29 06:00:00,179,0,TK-01,1498.98,4.771,30.87,7.1,0.09,2.5,0.4163,0.0,0.0,0.0
2026-06-29 06:00:00,179,0,TK-02,1556.27,4.954,30.87,7.1,0.09,2.5,0.4163,0.0,0.0,0.0
2026-06-29 06:00:00,179,0,TK-03,920.07,3.616,30.87,7.1,0.28,0.0,0.4163,0.000188,0.003853,0.004041
2026-06-29 06:00:00,179,0,TK-04,1493.95,4.755,30.87,7.1,0.09,2.5,0.4163,0.0,0.0,0.0
2026-06-29 06:00:00,179,0,TK-05,1882.71,4.953,30.87,7.1,0.11,2.5,0.4163,0.0,0.0,0.0
2026-06-29 14:00:00,179,1,TK-01,1554.1,4.947,36.98,7.1,0.09,2.5,0.5464,0.0,0.0,0.0
2026-06-29 14:00:00,179,1,TK-02,1308.33,4.165,36.98,7.1,0.09,2.5,0.5464,0.0,0.006136,0.006136
2026-06-29 14:00:00,179,1,TK-03,965.56,3.794,36.98,7.1,0.28,0.0,0.5464,0.000249,0.0,0.000249
2026-06-29 14:00:00,179,1,TK-04,1549.17,4.931,36.98,7.1,0.09,2.5,0.5464,0.0,0.0,0.0
2026-06-29 14:00:00,179,1,TK-05,1951.98,5.135,36.98,7.1,0.11,2.5,0.5464,0.0,0.0,0.0
2026-06-29 22:00:00,179,2,TK-01,1435.07,4.568,31.15,7.1,0.09,2.5,0.4214,0.0,0.002398,0.002398
2026-06-29 22:00:00,179,2,TK-02,1344.04,4.278,31.15,7.1,0.09,2.5,0.4214,0.0,0.0,0.0
2026-06-29 22:00:00,179,2,TK-03,992.42,3.9,31.15,7.1,0.28,0.0,0.4214,0.000204,0.0,0.000204
2026-06-29 22:00:00,179,2,TK-04,1581.78,5.035,31.15,7.1,0.09,2.5,0.4214,0.0,0.0,0.0
2026-06-29 22:00:00,179,2,TK-05,1992.89,5.243,31.15,7.1,0.11,2.5,0.4214,0.0,0.0,0.0
