day,slot,mechanism,location,kl15,note
0,0,evaporation,TK-01,3e-06,"PV valve, set 2.5 kPa"
0,0,evaporation,TK-02,2e-06,"PV valve, set 2.5 kPa"
0,0,evaporation,TK-03,0.002227,FREE VENT - PV valve missing/stuck open
0,0,evaporation,TK-04,3e-06,"PV valve, set 2.5 kPa"
0,0,evaporation,TK-05,4e-06,"PV valve, set 2.5 kPa"
0,0,evaporation,loading bays,0.001947,vapour displaced from road tankers
0,1,evaporation,TK-01,1e-06,"PV valve, set 2.5 kPa"
0,1,evaporation,TK-02,0.0,"PV valve, set 2.5 kPa"
0,1,evaporation,TK-03,0.000191,FREE VENT - PV valve missing/stuck open
0,1,evaporation,TK-04,0.00331,"PV valve, set 2.5 kPa"
0,1,evaporation,TK-05,1e-06,"PV valve, set 2.5 kPa"
0,1,evaporation,loading bays,0.003639,vapour displaced from road tankers
0,2,evaporation,TK-01,0.001932,"PV valve, set 2.5 kPa"
0,2,evaporation,TK-02,2e-06,"PV valve, set 2.5 kPa"
0,2,evaporation,TK-03,0.000161,FREE VENT - PV valve missing/stuck open
0,2,evaporation,TK-04,2e-06,"PV valve, set 2.5 kPa"
0,2,evaporation,TK-05,3e-06,"PV valve, set 2.5 kPa"
0,2,evaporation,loading bays,0.001313,vapour displaced from road tankers
1,0,evaporation,TK-01,2e-06,"PV valve, set 2.5 kPa"
1,0,evaporation,TK-02,2e-06,"PV valve, set 2.5 kPa"
1,0,evaporation,TK-03,0.000158,FREE VENT - PV valve missing/stuck open
1,0,evaporation,TK-04,3e-06,"PV valve, set 2.5 kPa"
1,0,evaporation,TK-05,0.002504,"PV valve, set 2.5 kPa"
1,0,evaporation,loading bays,0.002022,vapour displaced from road tankers
1,1,evaporation,TK-01,0.0,"PV valve, set 2.5 kPa"
1,1,evaporation,TK-02,0.0,"PV valve, set 2.5 kPa"
1,1,evaporation,TK-03,0.000216,FREE VENT - PV valve missing/stuck open
1,1,evaporation,TK-04,0.003629,"PV valve, set 2.5 kPa"
1,1,evaporation,TK-05,0.0,"PV valve, set 2.5 kPa"
1,1,evaporation,loading bays,0.003168,vapour displaced from road tankers
1,2,evaporation,TK-01,2e-06,"PV valve, set 2.5 kPa"
1,2,evaporation,TK-02,2e-06,"PV valve, set 2.5 kPa"
1,2,evaporation,TK-03,0.002404,FREE VENT - PV valve missing/stuck open
1,2,evaporation,TK-04,2e-06,"PV valve, set 2.5 kPa"
1,2,evaporation,TK-05,2e-06,"PV valve, set 2.5 kPa"
1,2,evaporation,loading bays,0.001708,vapour displaced from road tankers
2,0,evaporation,TK-01,0.002449,"PV valve, set 2.5 kPa"
2,0,evaporation,TK-02,2e-06,"PV valve, set 2.5 kPa"
2,0,evaporation,TK-03,0.000143,FREE VENT - PV valve missing/stuck open
2,0,evaporation,TK-04,2e-06,"PV valve, set 2.5 kPa"
2,0,evaporation,TK-05,3e-06,"PV valve, set 2.5 kPa"
2,0,evaporation,loading bays,0.001946,vapour displaced from road tankers
2,1,evaporation,TK-01,0.0,"PV valve, set 2.5 kPa"
2,1,evaporation,TK-02,0.0,"PV valve, set 2.5 kPa"
2,1,evaporation,TK-03,0.000199,FREE VENT - PV valve missing/stuck open
2,1,evaporation,TK-04,0.0,"PV valve, set 2.5 kPa"
2,1,evaporation,TK-05,0.002413,"PV valve, set 2.5 kPa"
2,1,evaporation,loading bays,0.003323,vapour displaced from road tankers
2,2,evaporation,TK-01,2e-06,"PV valve, set 2.5 kPa"
2,2,evaporation,TK-02,2e-06,"PV valve, set 2.5 kPa"
2,2,evaporation,TK-03,0.00016,FREE VENT - PV valve missing/stuck open
2,2,evaporation,TK-04,0.001495,"PV valve, set 2.5 kPa"
2,2,evaporation,TK-05,3e-06,"PV valve, set 2.5 kPa"
2,2,evaporation,loading bays,0.001535,vapour displaced from road tankers
3,0,evaporation,TK-01,3e-06,"PV valve, set 2.5 kPa"
3,0,evaporation,TK-02,3e-06,"PV valve, set 2.5 kPa"
3,0,evaporation,TK-03,0.002085,FREE VENT - PV valve missing/stuck open
3,0,evaporation,TK-04,3e-06,"PV valve, set 2.5 kPa"
3,0,evaporation,TK-05,4e-06,"PV valve, set 2.5 kPa"
3,0,evaporation,loading bays,0.001981,vapour displaced from road tankers
3,1,evaporation,TK-01,0.0,"PV valve, set 2.5 kPa"
3,1,evaporation,TK-02,0.0,"PV valve, set 2.5 kPa"
3,1,evaporation,TK-03,0.000177,FREE VENT - PV valve missing/stuck open
3,1,evaporation,TK-04,0.0,"PV valve, set 2.5 kPa"
3,1,evaporation,TK-05,0.004219,"PV valve, set 2.5 kPa"
3,1,evaporation,loading bays,0.002917,vapour displaced from road tankers
3,2,evaporation,TK-01,0.001954,"PV valve, set 2.5 kPa"
3,2,evaporation,TK-02,2e-06,"PV valve, set 2.5 kPa"
3,2,evaporation,TK-03,0.00015,FREE VENT - PV valve missing/stuck open
3,2,evaporation,TK-04,2e-06,"PV valve, set 2.5 kPa"
3,2,evaporation,TK-05,2e-06,"PV valve, set 2.5 kPa"
3,2,evaporation,loading bays,0.001196,vapour displaced from road tankers
4,0,evaporation,TK-01,3e-06,"PV valve, set 2.5 kPa"
4,0,evaporation,TK-02,0.002464,"PV valve, set 2.5 kPa"
4,0,evaporation,TK-03,0.000137,FREE VENT - PV valve missing/stuck open
4,0,evaporation,TK-04,3e-06,"PV valve, set 2.5 kPa"
4,0,evaporation,TK-05,3e-06,"PV valve, set 2.5 kPa"
4,0,evaporation,loading bays,0.002031,vapour displaced from road tankers
4,1,evaporation,TK-01,0.0,"PV valve, set 2.5 kPa"
4,1,evaporation,TK-02,0.0,"PV valve, set 2.5 kPa"
4,1,evaporation,TK-03,0.000196,FREE VENT - PV valve missing/stuck open
4,1,evaporation,TK-04,0.004368,"PV valve, set 2.5 kPa"
4,1,evaporation,TK-05,0.0,"PV valve, set 2.5 kPa"
4,1,evaporation,loading bays,0.002564,vapour displaced from road tankers
4,2,evaporation,TK-01,0.001644,"PV valve, set 2.5 kPa"
4,2,evaporation,TK-02,2e-06,"PV valve, set 2.5 kPa"
4,2,evaporation,TK-03,0.000154,FREE VENT - PV valve missing/stuck open
4,2,evaporation,TK-04,2e-06,"PV valve, set 2.5 kPa"
4,2,evaporation,TK-05,3e-06,"PV valve, set 2.5 kPa"
4,2,evaporation,loading bays,0.001289,vapour displaced from road tankers
5,0,evaporation,TK-01,3e-06,"PV valve, set 2.5 kPa"
5,0,evaporation,TK-02,3e-06,"PV valve, set 2.5 kPa"
5,0,evaporation,TK-03,0.00015,FREE VENT - PV valve missing/stuck open
5,0,evaporation,TK-04,3e-06,"PV valve, set 2.5 kPa"
5,0,evaporation,TK-05,0.001817,"PV valve, set 2.5 kPa"
5,0,evaporation,loading bays,0.002131,vapour displaced from road tankers
5,1,evaporation,TK-01,0.0,"PV valve, set 2.5 kPa"
5,1,evaporation,TK-02,0.0,"PV valve, set 2.5 kPa"
5,1,evaporation,TK-03,0.004347,FREE VENT - PV valve missing/stuck open
5,1,evaporation,TK-04,0.0,"PV valve, set 2.5 kPa"
5,1,evaporation,TK-05,0.0,"PV valve, set 2.5 kPa"
5,1,evaporation,loading bays,0.003229,vapour displaced from road tankers
5,2,evaporation,TK-01,2e-06,"PV valve, set 2.5 kPa"
5,2,evaporation,TK-02,0.001773,"PV valve, set 2.5 kPa"
5,2,evaporation,TK-03,0.000129,FREE VENT - PV valve missing/stuck open
5,2,evaporation,TK-04,2e-06,"PV valve, set 2.5 kPa"
5,2,evaporation,TK-05,3e-06,"PV valve, set 2.5 kPa"
5,2,evaporation,loading bays,0.001332,vapour displaced from road tankers
6,0,evaporation,TK-01,0.002597,"PV valve, set 2.5 kPa"
6,0,evaporation,TK-02,2e-06,"PV valve, set 2.5 kPa"
6,0,evaporation,TK-03,0.000141,FREE VENT - PV valve missing/stuck open
6,0,evaporation,TK-04,2e-06,"PV valve, set 2.5 kPa"
6,0,evaporation,TK-05,3e-06,"PV valve, set 2.5 kPa"
6,0,evaporation,loading bays,0.002403,vapour displaced from road tankers
6,1,evaporation,TK-01,1e-06,"PV valve, set 2.5 kPa"
6,1,evaporation,TK-02,1e-06,"PV valve, set 2.5 kPa"
6,1,evaporation,TK-03,0.000172,FREE VENT - PV valve missing/stuck open
6,1,evaporation,TK-04,1e-06,"PV valve, set 2.5 kPa"
6,1,evaporation,TK-05,0.003895,"PV valve, set 2.5 kPa"
6,1,evaporation,loading bays,0.002901,vapour displaced from road tankers
6,2,evaporation,TK-01,2e-06,"PV valve, set 2.5 kPa"
6,2,evaporation,TK-02,2e-06,"PV valve, set 2.5 kPa"
6,2,evaporation,TK-03,0.000151,FREE VENT - PV valve missing/stuck open
6,2,evaporation,TK-04,0.001876,"PV valve, set 2.5 kPa"
6,2,evaporation,TK-05,2e-06,"PV valve, set 2.5 kPa"
6,2,evaporation,loading bays,0.001551,vapour displaced from road tankers
7,0,evaporation,TK-01,3e-06,"PV valve, set 2.5 kPa"
7,0,evaporation,TK-02,0.002133,"PV valve, set 2.5 kPa"
7,0,evaporation,TK-03,0.000134,FREE VENT - PV valve missing/stuck open
7,0,evaporation,TK-04,3e-06,"PV valve, set 2.5 kPa"
7,0,evaporation,TK-05,4e-06,"PV valve, set 2.5 kPa"
7,0,evaporation,loading bays,0.001966,vapour displaced from road tankers
7,1,evaporation,TK-01,0.0,"PV valve, set 2.5 kPa"
7,1,evaporation,TK-02,0.0,"PV valve, set 2.5 kPa"
7,1,evaporation,TK-03,0.000193,FREE VENT - PV valve missing/stuck open
7,1,evaporation,TK-04,0.003421,"PV valve, set 2.5 kPa"
7,1,evaporation,TK-05,1e-06,"PV valve, set 2.5 kPa"
7,1,evaporation,loading bays,0.002848,vapour displaced from road tankers
7,2,evaporation,TK-01,0.001856,"PV valve, set 2.5 kPa"
7,2,evaporation,TK-02,2e-06,"PV valve, set 2.5 kPa"
7,2,evaporation,TK-03,0.000165,FREE VENT - PV valve missing/stuck open
7,2,evaporation,TK-04,2e-06,"PV valve, set 2.5 kPa"
7,2,evaporation,TK-05,2e-06,"PV valve, set 2.5 kPa"
7,2,evaporation,loading bays,0.001566,vapour displaced from road tankers
8,0,evaporation,TK-01,3e-06,"PV valve, set 2.5 kPa"
8,0,evaporation,TK-02,3e-06,"PV valve, set 2.5 kPa"
8,0,evaporation,TK-03,0.000147,FREE VENT - PV valve missing/stuck open
8,0,evaporation,TK-04,3e-06,"PV valve, set 2.5 kPa"
8,0,evaporation,TK-05,0.002188,"PV valve, set 2.5 kPa"
8,0,evaporation,loading bays,0.00179,vapour displaced from road tankers
8,1,evaporation,TK-01,1e-06,"PV valve, set 2.5 kPa"
8,1,evaporation,TK-02,1e-06,"PV valve, set 2.5 kPa"
8,1,evaporation,TK-03,0.003917,FREE VENT - PV valve missing/stuck open
8,1,evaporation,TK-04,1e-06,"PV valve, set 2.5 kPa"
8,1,evaporation,TK-05,1e-06,"PV valve, set 2.5 kPa"
8,1,evaporation,loading bays,0.002849,vapour displaced from road tankers
8,2,evaporation,TK-01,2e-06,"PV valve, set 2.5 kPa"
8,2,evaporation,TK-02,0.001768,"PV valve, set 2.5 kPa"
8,2,evaporation,TK-03,0.000133,FREE VENT - PV valve missing/stuck open
8,2,evaporation,TK-04,2e-06,"PV valve, set 2.5 kPa"
8,2,evaporation,TK-05,3e-06,"PV valve, set 2.5 kPa"
8,2,evaporation,loading bays,0.001322,vapour displaced from road tankers
9,0,evaporation,TK-01,0.00244,"PV valve, set 2.5 kPa"
9,0,evaporation,TK-02,2e-06,"PV valve, set 2.5 kPa"
9,0,evaporation,TK-03,0.000129,FREE VENT - PV valve missing/stuck open
9,0,evaporation,TK-04,3e-06,"PV valve, set 2.5 kPa"
9,0,evaporation,TK-05,3e-06,"PV valve, set 2.5 kPa"
9,0,evaporation,loading bays,0.001829,vapour displaced from road tankers
9,1,evaporation,TK-01,0.0,"PV valve, set 2.5 kPa"
9,1,evaporation,TK-02,0.0,"PV valve, set 2.5 kPa"
9,1,evaporation,TK-03,0.00018,FREE VENT - PV valve missing/stuck open
9,1,evaporation,TK-04,0.0,"PV valve, set 2.5 kPa"
9,1,evaporation,TK-05,0.003034,"PV valve, set 2.5 kPa"
9,1,evaporation,loading bays,0.003376,vapour displaced from road tankers
9,2,evaporation,TK-01,2e-06,"PV valve, set 2.5 kPa"
9,2,evaporation,TK-02,2e-06,"PV valve, set 2.5 kPa"
9,2,evaporation,TK-03,0.000149,FREE VENT - PV valve missing/stuck open
9,2,evaporation,TK-04,0.001892,"PV valve, set 2.5 kPa"
9,2,evaporation,TK-05,3e-06,"PV valve, set 2.5 kPa"
9,2,evaporation,loading bays,0.001427,vapour displaced from road tankers
10,0,evaporation,TK-01,2e-06,"PV valve, set 2.5 kPa"
10,0,evaporation,TK-02,0.002,"PV valve, set 2.5 kPa"
10,0,evaporation,TK-03,0.000144,FREE VENT - PV valve missing/stuck open
10,0,evaporation,TK-04,3e-06,"PV valve, set 2.5 kPa"
10,0,evaporation,TK-05,3e-06,"PV valve, set 2.5 kPa"
10,0,evaporation,loading bays,0.001944,vapour displaced from road tankers
10,1,evaporation,TK-01,0.0,"PV valve, set 2.5 kPa"
10,1,evaporation,TK-02,0.0,"PV valve, set 2.5 kPa"
10,1,evaporation,TK-03,0.000198,FREE VENT - PV valve missing/stuck open
10,1,evaporation,TK-04,0.0,"PV valve, set 2.5 kPa"
10,1,evaporation,TK-05,0.003858,"PV valve, set 2.5 kPa"
10,1,evaporation,loading bays,0.00264,vapour displaced from road tankers
10,2,evaporation,TK-01,2e-06,"PV valve, set 2.5 kPa"
10,2,evaporation,TK-02,2e-06,"PV valve, set 2.5 kPa"
10,2,evaporation,TK-03,0.000159,FREE VENT - PV valve missing/stuck open
10,2,evaporation,TK-04,0.001308,"PV valve, set 2.5 kPa"
10,2,evaporation,TK-05,2e-06,"PV valve, set 2.5 kPa"
10,2,evaporation,loading bays,0.001451,vapour displaced from road tankers
11,0,evaporation,TK-01,0.001774,"PV valve, set 2.5 kPa"
11,0,evaporation,TK-02,3e-06,"PV valve, set 2.5 kPa"
11,0,evaporation,TK-03,0.000151,FREE VENT - PV valve missing/stuck open
11,0,evaporation,TK-04,3e-06,"PV valve, set 2.5 kPa"
11,0,evaporation,TK-05,3e-06,"PV valve, set 2.5 kPa"
11,0,evaporation,loading bays,0.001958,vapour displaced from road tankers
11,1,evaporation,TK-01,1e-06,"PV valve, set 2.5 kPa"
11,1,evaporation,TK-02,1e-06,"PV valve, set 2.5 kPa"
11,1,evaporation,TK-03,0.003797,FREE VENT - PV valve missing/stuck open
11,1,evaporation,TK-04,1e-06,"PV valve, set 2.5 kPa"
11,1,evaporation,TK-05,1e-06,"PV valve, set 2.5 kPa"
11,1,evaporation,loading bays,0.003221,vapour displaced from road tankers
11,2,evaporation,TK-01,2e-06,"PV valve, set 2.5 kPa"
11,2,evaporation,TK-02,0.002062,"PV valve, set 2.5 kPa"
11,2,evaporation,TK-03,0.000142,FREE VENT - PV valve missing/stuck open
11,2,evaporation,TK-04,2e-06,"PV valve, set 2.5 kPa"
11,2,evaporation,TK-05,2e-06,"PV valve, set 2.5 kPa"
11,2,evaporation,loading bays,0.001358,vapour displaced from road tankers
12,0,evaporation,TK-01,3e-06,"PV valve, set 2.5 kPa"
12,0,evaporation,TK-02,2e-06,"PV valve, set 2.5 kPa"
12,0,evaporation,TK-03,0.000133,FREE VENT - PV valve missing/stuck open
12,0,evaporation,TK-04,0.00249,"PV valve, set 2.5 kPa"
12,0,evaporation,TK-05,3e-06,"PV valve, set 2.5 kPa"
12,0,evaporation,loading bays,0.001857,vapour displaced from road tankers
12,1,evaporation,TK-01,0.003729,"PV valve, set 2.5 kPa"
12,1,evaporation,TK-02,1e-06,"PV valve, set 2.5 kPa"
12,1,evaporation,TK-03,0.000169,FREE VENT - PV valve missing/stuck open
12,1,evaporation,TK-04,1e-06,"PV valve, set 2.5 kPa"
12,1,evaporation,TK-05,1e-06,"PV valve, set 2.5 kPa"
12,1,evaporation,loading bays,0.003057,vapour displaced from road tankers
12,2,evaporation,TK-01,2e-06,"PV valve, set 2.5 kPa"
12,2,evaporation,TK-02,3e-06,"PV valve, set 2.5 kPa"
12,2,evaporation,TK-03,0.000144,FREE VENT - PV valve missing/stuck open
12,2,evaporation,TK-04,2e-06,"PV valve, set 2.5 kPa"
12,2,evaporation,TK-05,0.001534,"PV valve, set 2.5 kPa"
12,2,evaporation,loading bays,0.001408,vapour displaced from road tankers
13,0,evaporation,TK-01,3e-06,"PV valve, set 2.5 kPa"
13,0,evaporation,TK-02,0.00268,"PV valve, set 2.5 kPa"
13,0,evaporation,TK-03,0.000135,FREE VENT - PV valve missing/stuck open
13,0,evaporation,TK-04,3e-06,"PV valve, set 2.5 kPa"
13,0,evaporation,TK-05,4e-06,"PV valve, set 2.5 kPa"
13,0,evaporation,loading bays,0.001871,vapour displaced from road tankers
13,1,evaporation,TK-01,0.0,"PV valve, set 2.5 kPa"
13,1,evaporation,TK-02,0.0,"PV valve, set 2.5 kPa"
13,1,evaporation,TK-03,0.000201,FREE VENT - PV valve missing/stuck open
13,1,evaporation,TK-04,0.0,"PV valve, set 2.5 kPa"
13,1,evaporation,TK-05,0.004326,"PV valve, set 2.5 kPa"
13,1,evaporation,loading bays,0.003344,vapour displaced from road tankers
13,2,evaporation,TK-01,2e-06,"PV valve, set 2.5 kPa"
13,2,evaporation,TK-02,2e-06,"PV valve, set 2.5 kPa"
13,2,evaporation,TK-03,0.000155,FREE VENT - PV valve missing/stuck open
13,2,evaporation,TK-04,0.001656,"PV valve, set 2.5 kPa"
13,2,evaporation,TK-05,3e-06,"PV valve, set 2.5 kPa"
13,2,evaporation,loading bays,0.001323,vapour displaced from road tankers
14,0,evaporation,TK-01,3e-06,"PV valve, set 2.5 kPa"
14,0,evaporation,TK-02,2e-06,"PV valve, set 2.5 kPa"
14,0,evaporation,TK-03,0.002165,FREE VENT - PV valve missing/stuck open
14,0,evaporation,TK-04,3e-06,"PV valve, set 2.5 kPa"
14,0,evaporation,TK-05,3e-06,"PV valve, set 2.5 kPa"
14,0,evaporation,loading bays,0.001982,vapour displaced from road tankers
14,1,evaporation,TK-01,0.004105,"PV valve, set 2.5 kPa"
14,1,evaporation,TK-02,1e-06,"PV valve, set 2.5 kPa"
14,1,evaporation,TK-03,0.000179,FREE VENT - PV valve missing/stuck open
14,1,evaporation,TK-04,1e-06,"PV valve, set 2.5 kPa"
14,1,evaporation,TK-05,1e-06,"PV valve, set 2.5 kPa"
14,1,evaporation,loading bays,0.003674,vapour displaced from road tankers
14,2,evaporation,TK-01,2e-06,"PV valve, set 2.5 kPa"
14,2,evaporation,TK-02,2e-06,"PV valve, set 2.5 kPa"
14,2,evaporation,TK-03,0.000154,FREE VENT - PV valve missing/stuck open
14,2,evaporation,TK-04,0.001743,"PV valve, set 2.5 kPa"
14,2,evaporation,TK-05,3e-06,"PV valve, set 2.5 kPa"
14,2,evaporation,loading bays,0.001536,vapour displaced from road tankers
15,0,evaporation,TK-01,2e-06,"PV valve, set 2.5 kPa"
15,0,evaporation,TK-02,0.002206,"PV valve, set 2.5 kPa"
15,0,evaporation,TK-03,0.000146,FREE VENT - PV valve missing/stuck open
15,0,evaporation,TK-04,3e-06,"PV valve, set 2.5 kPa"
15,0,evaporation,TK-05,3e-06,"PV valve, set 2.5 kPa"
15,0,evaporation,loading bays,0.001985,vapour displaced from road tankers
15,1,evaporation,TK-01,1e-06,"PV valve, set 2.5 kPa"
15,1,evaporation,TK-02,1e-06,"PV valve, set 2.5 kPa"
15,1,evaporation,TK-03,0.000185,FREE VENT - PV valve missing/stuck open
15,1,evaporation,TK-04,1e-06,"PV valve, set 2.5 kPa"
15,1,evaporation,TK-05,0.004088,"PV valve, set 2.5 kPa"
15,1,evaporation,loading bays,0.002681,vapour displaced from road tankers
15,2,evaporation,TK-01,2e-06,"PV valve, set 2.5 kPa"
15,2,evaporation,TK-02,2e-06,"PV valve, set 2.5 kPa"
15,2,evaporation,TK-03,0.001448,FREE VENT - PV valve missing/stuck open
15,2,evaporation,TK-04,3e-06,"PV valve, set 2.5 kPa"
15,2,evaporation,TK-05,3e-06,"PV valve, set 2.5 kPa"
15,2,evaporation,loading bays,0.001472,vapour displaced from road tankers
16,0,evaporation,TK-01,3e-06,"PV valve, set 2.5 kPa"
16,0,evaporation,TK-02,3e-06,"PV valve, set 2.5 kPa"
16,0,evaporation,TK-03,0.000136,FREE VENT - PV valve missing/stuck open
16,0,evaporation,TK-04,0.002078,"PV valve, set 2.5 kPa"
16,0,evaporation,TK-05,4e-06,"PV valve, set 2.5 kPa"
16,0,evaporation,loading bays,0.002053,vapour displaced from road tankers
16,1,evaporation,TK-01,0.0,"PV valve, set 2.5 kPa"
16,1,evaporation,TK-02,0.002929,"PV valve, set 2.5 kPa"
16,1,evaporation,TK-03,0.000199,FREE VENT - PV valve missing/stuck open
16,1,evaporation,TK-04,0.0,"PV valve, set 2.5 kPa"
16,1,evaporation,TK-05,0.0,"PV valve, set 2.5 kPa"
16,1,evaporation,loading bays,0.003287,vapour displaced from road tankers
16,2,evaporation,TK-01,0.001832,"PV valve, set 2.5 kPa"
16,2,evaporation,TK-02,2e-06,"PV valve, set 2.5 kPa"
16,2,evaporation,TK-03,0.000167,FREE VENT - PV valve missing/stuck open
16,2,evaporation,TK-04,2e-06,"PV valve, set 2.5 kPa"
16,2,evaporation,TK-05,2e-06,"PV valve, set 2.5 kPa"
16,2,evaporation,loading bays,0.001388,vapour displaced from road tankers
17,0,evaporation,TK-01,2e-06,"PV valve, set 2.5 kPa"
17,0,evaporation,TK-02,2e-06,"PV valve, set 2.5 kPa"
17,0,evaporation,TK-03,0.000161,FREE VENT - PV valve missing/stuck open
17,0,evaporation,TK-04,2e-06,"PV valve, set 2.5 kPa"
17,0,evaporation,TK-05,0.002659,"PV valve, set 2.5 kPa"
17,0,evaporation,loading bays,0.001884,vapour displaced from road tankers
17,1,evaporation,TK-01,1e-06,"PV valve, set 2.5 kPa"
17,1,evaporation,TK-02,1e-06,"PV valve, set 2.5 kPa"
17,1,evaporation,TK-03,0.003357,FREE VENT - PV valve missing/stuck open
17,1,evaporation,TK-04,1e-06,"PV valve, set 2.5 kPa"
17,1,evaporation,TK-05,1e-06,"PV valve, set 2.5 kPa"
17,1,evaporation,loading bays,0.003095,vapour displaced from road tankers
17,2,evaporation,TK-01,2e-06,"PV valve, set 2.5 kPa"
17,2,evaporation,TK-02,2e-06,"PV valve, set 2.5 kPa"
17,2,evaporation,TK-03,0.000141,FREE VENT - PV valve missing/stuck open
17,2,evaporation,TK-04,0.001755,"PV valve, set 2.5 kPa"
17,2,evaporation,TK-05,3e-06,"PV valve, set 2.5 kPa"
17,2,evaporation,loading bays,0.001325,vapour displaced from road tankers
18,0,evaporation,TK-01,0.001958,"PV valve, set 2.5 kPa"
18,0,evaporation,TK-02,3e-06,"PV valve, set 2.5 kPa"
18,0,evaporation,TK-03,0.000136,FREE VENT - PV valve missing/stuck open
18,0,evaporation,TK-04,3e-06,"PV valve, set 2.5 kPa"
18,0,evaporation,TK-05,3e-06,"PV valve, set 2.5 kPa"
18,0,evaporation,loading bays,0.001688,vapour displaced from road tankers
18,1,evaporation,TK-01,1e-06,"PV valve, set 2.5 kPa"
18,1,evaporation,TK-02,0.003406,"PV valve, set 2.5 kPa"
18,1,evaporation,TK-03,0.000186,FREE VENT - PV valve missing/stuck open
18,1,evaporation,TK-04,1e-06,"PV valve, set 2.5 kPa"
18,1,evaporation,TK-05,1e-06,"PV valve, set 2.5 kPa"
18,1,evaporation,loading bays,0.003474,vapour displaced from road tankers
18,2,evaporation,TK-01,2e-06,"PV valve, set 2.5 kPa"
18,2,evaporation,TK-02,2e-06,"PV valve, set 2.5 kPa"
18,2,evaporation,TK-03,0.000151,FREE VENT - PV valve missing/stuck open
18,2,evaporation,TK-04,2e-06,"PV valve, set 2.5 kPa"
18,2,evaporation,TK-05,0.001601,"PV valve, set 2.5 kPa"
18,2,evaporation,loading bays,0.001285,vapour displaced from road tankers
19,0,evaporation,TK-01,3e-06,"PV valve, set 2.5 kPa"
19,0,evaporation,TK-02,3e-06,"PV valve, set 2.5 kPa"
19,0,evaporation,TK-03,0.00015,FREE VENT - PV valve missing/stuck open
19,0,evaporation,TK-04,0.002025,"PV valve, set 2.5 kPa"
19,0,evaporation,TK-05,3e-06,"PV valve, set 2.5 kPa"
19,0,evaporation,loading bays,0.002105,vapour displaced from road tankers
19,1,evaporation,TK-01,0.002783,"PV valve, set 2.5 kPa"
19,1,evaporation,TK-02,1e-06,"PV valve, set 2.5 kPa"
19,1,evaporation,TK-03,0.000188,FREE VENT - PV valve missing/stuck open
19,1,evaporation,TK-04,1e-06,"PV valve, set 2.5 kPa"
19,1,evaporation,TK-05,2e-06,"PV valve, set 2.5 kPa"
19,1,evaporation,loading bays,0.003354,vapour displaced from road tankers
19,2,evaporation,TK-01,2e-06,"PV valve, set 2.5 kPa"
19,2,evaporation,TK-02,2e-06,"PV valve, set 2.5 kPa"
19,2,evaporation,TK-03,0.001996,FREE VENT - PV valve missing/stuck open
19,2,evaporation,TK-04,2e-06,"PV valve, set 2.5 kPa"
19,2,evaporation,TK-05,3e-06,"PV valve, set 2.5 kPa"
19,2,evaporation,loading bays,0.001249,vapour displaced from road tankers
20,0,evaporation,TK-01,3e-06,"PV valve, set 2.5 kPa"
20,0,evaporation,TK-02,3e-06,"PV valve, set 2.5 kPa"
20,0,evaporation,TK-03,0.000134,FREE VENT - PV valve missing/stuck open
20,0,evaporation,TK-04,3e-06,"PV valve, set 2.5 kPa"
20,0,evaporation,TK-05,0.002126,"PV valve, set 2.5 kPa"
20,0,evaporation,loading bays,0.001716,vapour displaced from road tankers
20,1,evaporation,TK-01,0.0,"PV valve, set 2.5 kPa"
20,1,evaporation,TK-02,0.004755,"PV valve, set 2.5 kPa"
20,1,evaporation,TK-03,0.000194,FREE VENT - PV valve missing/stuck open
20,1,evaporation,TK-04,1e-06,"PV valve, set 2.5 kPa"
20,1,evaporation,TK-05,1e-06,"PV valve, set 2.5 kPa"
20,1,evaporation,loading bays,0.003349,vapour displaced from road tankers
20,2,evaporation,TK-01,2e-06,"PV valve, set 2.5 kPa"
20,2,evaporation,TK-02,2e-06,"PV valve, set 2.5 kPa"
20,2,evaporation,TK-03,0.000158,FREE VENT - PV valve missing/stuck open
20,2,evaporation,TK-04,0.001794,"PV valve, set 2.5 kPa"
20,2,evaporation,TK-05,3e-06,"PV valve, set 2.5 kPa"
20,2,evaporation,loading bays,0.001289,vapour displaced from road tankers
21,0,evaporation,TK-01,3e-06,"PV valve, set 2.5 kPa"
21,0,evaporation,TK-02,2e-06,"PV valve, set 2.5 kPa"
21,0,evaporation,TK-03,0.000157,FREE VENT - PV valve missing/stuck open
21,0,evaporation,TK-04,3e-06,"PV valve, set 2.5 kPa"
21,0,evaporation,TK-05,0.001917,"PV valve, set 2.5 kPa"
21,0,evaporation,loading bays,0.002189,vapour displaced from road tankers
21,1,evaporation,TK-01,0.003897,"PV valve, set 2.5 kPa"
21,1,evaporation,TK-02,0.0,"PV valve, set 2.5 kPa"
21,1,evaporation,TK-03,0.000217,FREE VENT - PV valve missing/stuck open
21,1,evaporation,TK-04,0.0,"PV valve, set 2.5 kPa"
21,1,evaporation,TK-05,0.0,"PV valve, set 2.5 kPa"
21,1,evaporation,loading bays,0.003274,vapour displaced from road tankers
21,2,evaporation,TK-01,2e-06,"PV valve, set 2.5 kPa"
21,2,evaporation,TK-02,2e-06,"PV valve, set 2.5 kPa"
21,2,evaporation,TK-03,0.00238,FREE VENT - PV valve missing/stuck open
21,2,evaporation,TK-04,2e-06,"PV valve, set 2.5 kPa"
21,2,evaporation,TK-05,3e-06,"PV valve, set 2.5 kPa"
21,2,evaporation,loading bays,0.001479,vapour displaced from road tankers
22,0,evaporation,TK-01,2e-06,"PV valve, set 2.5 kPa"
22,0,evaporation,TK-02,3e-06,"PV valve, set 2.5 kPa"
22,0,evaporation,TK-03,0.000145,FREE VENT - PV valve missing/stuck open
22,0,evaporation,TK-04,0.001896,"PV valve, set 2.5 kPa"
22,0,evaporation,TK-05,3e-06,"PV valve, set 2.5 kPa"
22,0,evaporation,loading bays,0.002397,vapour displaced from road tankers
22,1,evaporation,TK-01,0.0,"PV valve, set 2.5 kPa"
22,1,evaporation,TK-02,0.0,"PV valve, set 2.5 kPa"
22,1,evaporation,TK-03,0.000196,FREE VENT - PV valve missing/stuck open
22,1,evaporation,TK-04,0.0,"PV valve, set 2.5 kPa"
22,1,evaporation,TK-05,0.003902,"PV valve, set 2.5 kPa"
22,1,evaporation,loading bays,0.003274,vapour displaced from road tankers
22,2,evaporation,TK-01,2e-06,"PV valve, set 2.5 kPa"
22,2,evaporation,TK-02,0.001648,"PV valve, set 2.5 kPa"
22,2,evaporation,TK-03,0.000167,FREE VENT - PV valve missing/stuck open
22,2,evaporation,TK-04,2e-06,"PV valve, set 2.5 kPa"
22,2,evaporation,TK-05,2e-06,"PV valve, set 2.5 kPa"
22,2,evaporation,loading bays,0.001631,vapour displaced from road tankers
23,0,evaporation,TK-01,3e-06,"PV valve, set 2.5 kPa"
23,0,evaporation,TK-02,3e-06,"PV valve, set 2.5 kPa"
23,0,evaporation,TK-03,0.000154,FREE VENT - PV valve missing/stuck open
23,0,evaporation,TK-04,0.002217,"PV valve, set 2.5 kPa"
23,0,evaporation,TK-05,4e-06,"PV valve, set 2.5 kPa"
23,0,evaporation,loading bays,0.00199,vapour displaced from road tankers
23,1,evaporation,TK-01,0.003329,"PV valve, set 2.5 kPa"
23,1,evaporation,TK-02,1e-06,"PV valve, set 2.5 kPa"
23,1,evaporation,TK-03,0.000201,FREE VENT - PV valve missing/stuck open
23,1,evaporation,TK-04,1e-06,"PV valve, set 2.5 kPa"
23,1,evaporation,TK-05,1e-06,"PV valve, set 2.5 kPa"
23,1,evaporation,loading bays,0.002645,vapour displaced from road tankers
23,2,evaporation,TK-01,2e-06,"PV valve, set 2.5 kPa"
23,2,evaporation,TK-02,2e-06,"PV valve, set 2.5 kPa"
23,2,evaporation,TK-03,0.001828,FREE VENT - PV valve missing/stuck open
23,2,evaporation,TK-04,2e-06,"PV valve, set 2.5 kPa"
23,2,evaporation,TK-05,3e-06,"PV valve, set 2.5 kPa"
23,2,evaporation,loading bays,0.001631,vapour displaced from road tankers
24,0,evaporation,TK-01,2e-06,"PV valve, set 2.5 kPa"
24,0,evaporation,TK-02,0.002296,"PV valve, set 2.5 kPa"
24,0,evaporation,TK-03,0.000155,FREE VENT - PV valve missing/stuck open
24,0,evaporation,TK-04,2e-06,"PV valve, set 2.5 kPa"
24,0,evaporation,TK-05,3e-06,"PV valve, set 2.5 kPa"
24,0,evaporation,loading bays,0.002141,vapour displaced from road tankers
24,1,evaporation,TK-01,1e-06,"PV valve, set 2.5 kPa"
24,1,evaporation,TK-02,1e-06,"PV valve, set 2.5 kPa"
24,1,evaporation,TK-03,0.000194,FREE VENT - PV valve missing/stuck open
24,1,evaporation,TK-04,1e-06,"PV valve, set 2.5 kPa"
24,1,evaporation,TK-05,0.003397,"PV valve, set 2.5 kPa"
24,1,evaporation,loading bays,0.00286,vapour displaced from road tankers
24,2,evaporation,TK-01,2e-06,"PV valve, set 2.5 kPa"
24,2,evaporation,TK-02,2e-06,"PV valve, set 2.5 kPa"
24,2,evaporation,TK-03,0.00017,FREE VENT - PV valve missing/stuck open
24,2,evaporation,TK-04,0.001932,"PV valve, set 2.5 kPa"
24,2,evaporation,TK-05,3e-06,"PV valve, set 2.5 kPa"
24,2,evaporation,loading bays,0.001257,vapour displaced from road tankers
25,0,evaporation,TK-01,2e-06,"PV valve, set 2.5 kPa"
25,0,evaporation,TK-02,2e-06,"PV valve, set 2.5 kPa"
25,0,evaporation,TK-03,0.002706,FREE VENT - PV valve missing/stuck open
25,0,evaporation,TK-04,2e-06,"PV valve, set 2.5 kPa"
25,0,evaporation,TK-05,3e-06,"PV valve, set 2.5 kPa"
25,0,evaporation,loading bays,0.002089,vapour displaced from road tankers
25,1,evaporation,TK-01,0.003484,"PV valve, set 2.5 kPa"
25,1,evaporation,TK-02,0.0,"PV valve, set 2.5 kPa"
25,1,evaporation,TK-03,0.000184,FREE VENT - PV valve missing/stuck open
25,1,evaporation,TK-04,0.0,"PV valve, set 2.5 kPa"
25,1,evaporation,TK-05,0.0,"PV valve, set 2.5 kPa"
25,1,evaporation,loading bays,0.002902,vapour displaced from road tankers
25,2,evaporation,TK-01,2e-06,"PV valve, set 2.5 kPa"
25,2,evaporation,TK-02,0.002171,"PV valve, set 2.5 kPa"
25,2,evaporation,TK-03,0.000159,FREE VENT - PV valve missing/stuck open
25,2,evaporation,TK-04,2e-06,"PV valve, set 2.5 kPa"
25,2,evaporation,TK-05,2e-06,"PV valve, set 2.5 kPa"
25,2,evaporation,loading bays,0.001174,vapour displaced from road tankers
26,0,evaporation,TK-01,3e-06,"PV valve, set 2.5 kPa"
26,0,evaporation,TK-02,3e-06,"PV valve, set 2.5 kPa"
26,0,evaporation,TK-03,0.000145,FREE VENT - PV valve missing/stuck open
26,0,evaporation,TK-04,3e-06,"PV valve, set 2.5 kPa"
26,0,evaporation,TK-05,0.002147,"PV valve, set 2.5 kPa"
26,0,evaporation,loading bays,0.001702,vapour displaced from road tankers
26,1,evaporation,TK-01,1e-06,"PV valve, set 2.5 kPa"
26,1,evaporation,TK-02,1e-06,"PV valve, set 2.5 kPa"
26,1,evaporation,TK-03,0.00019,FREE VENT - PV valve missing/stuck open
26,1,evaporation,TK-04,0.003431,"PV valve, set 2.5 kPa"
26,1,evaporation,TK-05,1e-06,"PV valve, set 2.5 kPa"
26,1,evaporation,loading bays,0.002817,vapour displaced from road tankers
26,2,evaporation,TK-01,2e-06,"PV valve, set 2.5 kPa"
26,2,evaporation,TK-02,2e-06,"PV valve, set 2.5 kPa"
26,2,evaporation,TK-03,0.000169,FREE VENT - PV valve missing/stuck open
26,2,evaporation,TK-04,2e-06,"PV valve, set 2.5 kPa"
26,2,evaporation,TK-05,0.002169,"PV valve, set 2.5 kPa"
26,2,evaporation,loading bays,0.00174,vapour displaced from road tankers
27,0,evaporation,TK-01,3e-06,"PV valve, set 2.5 kPa"
27,0,evaporation,TK-02,0.00286,"PV valve, set 2.5 kPa"
27,0,evaporation,TK-03,0.000156,FREE VENT - PV valve missing/stuck open
27,0,evaporation,TK-04,3e-06,"PV valve, set 2.5 kPa"
27,0,evaporation,TK-05,3e-06,"PV valve, set 2.5 kPa"
27,0,evaporation,loading bays,0.001994,vapour displaced from road tankers
27,1,evaporation,TK-01,0.003557,"PV valve, set 2.5 kPa"
27,1,evaporation,TK-02,1e-06,"PV valve, set 2.5 kPa"
27,1,evaporation,TK-03,0.00021,FREE VENT - PV valve missing/stuck open
27,1,evaporation,TK-04,1e-06,"PV valve, set 2.5 kPa"
27,1,evaporation,TK-05,1e-06,"PV valve, set 2.5 kPa"
27,1,evaporation,loading bays,0.002783,vapour displaced from road tankers
27,2,evaporation,TK-01,2e-06,"PV valve, set 2.5 kPa"
27,2,evaporation,TK-02,2e-06,"PV valve, set 2.5 kPa"
27,2,evaporation,TK-03,0.002094,FREE VENT - PV valve missing/stuck open
27,2,evaporation,TK-04,2e-06,"PV valve, set 2.5 kPa"
27,2,evaporation,TK-05,3e-06,"PV valve, set 2.5 kPa"
27,2,evaporation,loading bays,0.001391,vapour displaced from road tankers
28,0,evaporation,TK-01,2e-06,"PV valve, set 2.5 kPa"
28,0,evaporation,TK-02,2e-06,"PV valve, set 2.5 kPa"
28,0,evaporation,TK-03,0.000153,FREE VENT - PV valve missing/stuck open
28,0,evaporation,TK-04,2e-06,"PV valve, set 2.5 kPa"
28,0,evaporation,TK-05,0.00233,"PV valve, set 2.5 kPa"
28,0,evaporation,loading bays,0.002022,vapour displaced from road tankers
28,1,evaporation,TK-01,0.0,"PV valve, set 2.5 kPa"
28,1,evaporation,TK-02,0.0,"PV valve, set 2.5 kPa"
28,1,evaporation,TK-03,0.000206,FREE VENT - PV valve missing/stuck open
28,1,evaporation,TK-04,0.004263,"PV valve, set 2.5 kPa"
28,1,evaporation,TK-05,0.0,"PV valve, set 2.5 kPa"
28,1,evaporation,loading bays,0.003608,vapour displaced from road tankers
28,2,evaporation,TK-01,3e-06,"PV valve, set 2.5 kPa"
28,2,evaporation,TK-02,0.001809,"PV valve, set 2.5 kPa"
28,2,evaporation,TK-03,0.000154,FREE VENT - PV valve missing/stuck open
28,2,evaporation,TK-04,2e-06,"PV valve, set 2.5 kPa"
28,2,evaporation,TK-05,3e-06,"PV valve, set 2.5 kPa"
28,2,evaporation,loading bays,0.00149,vapour displaced from road tankers
29,0,evaporation,TK-01,0.002189,"PV valve, set 2.5 kPa"
29,0,evaporation,TK-02,2e-06,"PV valve, set 2.5 kPa"
29,0,evaporation,TK-03,0.000159,FREE VENT - PV valve missing/stuck open
29,0,evaporation,TK-04,2e-06,"PV valve, set 2.5 kPa"
29,0,evaporation,TK-05,3e-06,"PV valve, set 2.5 kPa"
29,0,evaporation,loading bays,0.002047,vapour displaced from road tankers
29,1,evaporation,TK-01,0.0,"PV valve, set 2.5 kPa"
29,1,evaporation,TK-02,0.0,"PV valve, set 2.5 kPa"
29,1,evaporation,TK-03,0.003464,FREE VENT - PV valve missing/stuck open
29,1,evaporation,TK-04,0.0,"PV valve, set 2.5 kPa"
29,1,evaporation,TK-05,0.0,"PV valve, set 2.5 kPa"
29,1,evaporation,loading bays,0.003576,vapour displaced from road tankers
29,2,evaporation,TK-01,2e-06,"PV valve, set 2.5 kPa"
29,2,evaporation,TK-02,2e-06,"PV valve, set 2.5 kPa"
29,2,evaporation,TK-03,0.00015,FREE VENT - PV valve missing/stuck open
29,2,evaporation,TK-04,2e-06,"PV valve, set 2.5 kPa"
29,2,evaporation,TK-05,0.001833,"PV valve, set 2.5 kPa"
29,2,evaporation,loading bays,0.001478,vapour displaced from road tankers
30,0,evaporation,TK-01,2e-06,"PV valve, set 2.5 kPa"
30,0,evaporation,TK-02,2e-06,"PV valve, set 2.5 kPa"
30,0,evaporation,TK-03,0.000147,FREE VENT - PV valve missing/stuck open
30,0,evaporation,TK-04,2e-06,"PV valve, set 2.5 kPa"
30,0,evaporation,TK-05,0.002737,"PV valve, set 2.5 kPa"
30,0,evaporation,loading bays,0.002016,vapour displaced from road tankers
30,1,evaporation,TK-01,0.0,"PV valve, set 2.5 kPa"
30,1,evaporation,TK-02,0.0,"PV valve, set 2.5 kPa"
30,1,evaporation,TK-03,0.000199,FREE VENT - PV valve missing/stuck open
30,1,evaporation,TK-04,0.004629,"PV valve, set 2.5 kPa"
30,1,evaporation,TK-05,0.0,"PV valve, set 2.5 kPa"
30,1,evaporation,loading bays,0.003602,vapour displaced from road tankers
30,2,evaporation,TK-01,3e-06,"PV valve, set 2.5 kPa"
30,2,evaporation,TK-02,0.001531,"PV valve, set 2.5 kPa"
30,2,evaporation,TK-03,0.000155,FREE VENT - PV valve missing/stuck open
30,2,evaporation,TK-04,2e-06,"PV valve, set 2.5 kPa"
30,2,evaporation,TK-05,3e-06,"PV valve, set 2.5 kPa"
30,2,evaporation,loading bays,0.001271,vapour displaced from road tankers
31,0,evaporation,TK-01,0.0021,"PV valve, set 2.5 kPa"
31,0,evaporation,TK-02,3e-06,"PV valve, set 2.5 kPa"
31,0,evaporation,TK-03,0.000154,FREE VENT - PV valve missing/stuck open
31,0,evaporation,TK-04,2e-06,"PV valve, set 2.5 kPa"
31,0,evaporation,TK-05,3e-06,"PV valve, set 2.5 kPa"
31,0,evaporation,loading bays,0.002016,vapour displaced from road tankers
31,1,evaporation,TK-01,0.0,"PV valve, set 2.5 kPa"
31,1,evaporation,TK-02,0.004153,"PV valve, set 2.5 kPa"
31,1,evaporation,TK-03,0.000219,FREE VENT - PV valve missing/stuck open
31,1,evaporation,TK-04,0.0,"PV valve, set 2.5 kPa"
31,1,evaporation,TK-05,0.0,"PV valve, set 2.5 kPa"
31,1,evaporation,loading bays,0.003525,vapour displaced from road tankers
31,2,evaporation,TK-01,2e-06,"PV valve, set 2.5 kPa"
31,2,evaporation,TK-02,2e-06,"PV valve, set 2.5 kPa"
31,2,evaporation,TK-03,0.001951,FREE VENT - PV valve missing/stuck open
31,2,evaporation,TK-04,2e-06,"PV valve, set 2.5 kPa"
31,2,evaporation,TK-05,3e-06,"PV valve, set 2.5 kPa"
31,2,evaporation,loading bays,0.001412,vapour displaced from road tankers
32,0,evaporation,TK-01,3e-06,"PV valve, set 2.5 kPa"
32,0,evaporation,TK-02,2e-06,"PV valve, set 2.5 kPa"
32,0,evaporation,TK-03,0.000147,FREE VENT - PV valve missing/stuck open
32,0,evaporation,TK-04,3e-06,"PV valve, set 2.5 kPa"
32,0,evaporation,TK-05,0.002335,"PV valve, set 2.5 kPa"
32,0,evaporation,loading bays,0.00154,vapour displaced from road tankers
32,1,evaporation,TK-01,0.004789,"PV valve, set 2.5 kPa"
32,1,evaporation,TK-02,0.0,"PV valve, set 2.5 kPa"
32,1,evaporation,TK-03,0.000199,FREE VENT - PV valve missing/stuck open
32,1,evaporation,TK-04,0.0,"PV valve, set 2.5 kPa"
32,1,evaporation,TK-05,1e-06,"PV valve, set 2.5 kPa"
32,1,evaporation,loading bays,0.003522,vapour displaced from road tankers
32,2,evaporation,TK-01,2e-06,"PV valve, set 2.5 kPa"
32,2,evaporation,TK-02,2e-06,"PV valve, set 2.5 kPa"
32,2,evaporation,TK-03,0.000171,FREE VENT - PV valve missing/stuck open
32,2,evaporation,TK-04,0.001258,"PV valve, set 2.5 kPa"
32,2,evaporation,TK-05,3e-06,"PV valve, set 2.5 kPa"
32,2,evaporation,loading bays,0.001573,vapour displaced from road tankers
33,0,evaporation,TK-01,2e-06,"PV valve, set 2.5 kPa"
33,0,evaporation,TK-02,2e-06,"PV valve, set 2.5 kPa"
33,0,evaporation,TK-03,0.002934,FREE VENT - PV valve missing/stuck open
33,0,evaporation,TK-04,2e-06,"PV valve, set 2.5 kPa"
33,0,evaporation,TK-05,3e-06,"PV valve, set 2.5 kPa"
33,0,evaporation,loading bays,0.001957,vapour displaced from road tankers
33,1,evaporation,TK-01,1e-06,"PV valve, set 2.5 kPa"
33,1,evaporation,TK-02,1e-06,"PV valve, set 2.5 kPa"
33,1,evaporation,TK-03,0.00017,FREE VENT - PV valve missing/stuck open
33,1,evaporation,TK-04,1e-06,"PV valve, set 2.5 kPa"
33,1,evaporation,TK-05,0.004572,"PV valve, set 2.5 kPa"
33,1,evaporation,loading bays,0.003773,vapour displaced from road tankers
33,2,evaporation,TK-01,1e-06,"PV valve, set 2.5 kPa"
33,2,evaporation,TK-02,2e-06,"PV valve, set 2.5 kPa"
33,2,evaporation,TK-03,0.000159,FREE VENT - PV valve missing/stuck open
33,2,evaporation,TK-04,0.002162,"PV valve, set 2.5 kPa"
33,2,evaporation,TK-05,2e-06,"PV valve, set 2.5 kPa"
33,2,evaporation,loading bays,0.00155,vapour displaced from road tankers
34,0,evaporation,TK-01,3e-06,"PV valve, set 2.5 kPa"
34,0,evaporation,TK-02,0.002511,"PV valve, set 2.5 kPa"
34,0,evaporation,TK-03,0.000134,FREE VENT - PV valve missing/stuck open
34,0,evaporation,TK-04,3e-06,"PV valve, set 2.5 kPa"
34,0,evaporation,TK-05,4e-06,"PV valve, set 2.5 kPa"
34,0,evaporation,loading bays,0.001856,vapour displaced from road tankers
34,1,evaporation,TK-01,0.004213,"PV valve, set 2.5 kPa"
34,1,evaporation,TK-02,0.0,"PV valve, set 2.5 kPa"
34,1,evaporation,TK-03,0.000196,FREE VENT - PV valve missing/stuck open
34,1,evaporation,TK-04,0.0,"PV valve, set 2.5 kPa"
34,1,evaporation,TK-05,0.0,"PV valve, set 2.5 kPa"
34,1,evaporation,loading bays,0.003084,vapour displaced from road tankers
34,2,evaporation,TK-01,2e-06,"PV valve, set 2.5 kPa"
34,2,evaporation,TK-02,2e-06,"PV valve, set 2.5 kPa"
34,2,evaporation,TK-03,0.000162,FREE VENT - PV valve missing/stuck open
34,2,evaporation,TK-04,0.001783,"PV valve, set 2.5 kPa"
34,2,evaporation,TK-05,3e-06,"PV valve, set 2.5 kPa"
34,2,evaporation,loading bays,0.001512,vapour displaced from road tankers
35,0,evaporation,TK-01,2e-06,"PV valve, set 2.5 kPa"
35,0,evaporation,TK-02,2e-06,"PV valve, set 2.5 kPa"
35,0,evaporation,TK-03,0.000158,FREE VENT - PV valve missing/stuck open
35,0,evaporation,TK-04,2e-06,"PV valve, set 2.5 kPa"
35,0,evaporation,TK-05,0.002413,"PV valve, set 2.5 kPa"
35,0,evaporation,loading bays,0.002019,vapour displaced from road tankers
35,1,evaporation,TK-01,0.0,"PV valve, set 2.5 kPa"
35,1,evaporation,TK-02,0.004309,"PV valve, set 2.5 kPa"
35,1,evaporation,TK-03,0.000216,FREE VENT - PV valve missing/stuck open
35,1,evaporation,TK-04,0.0,"PV valve, set 2.5 kPa"
35,1,evaporation,TK-05,0.0,"PV valve, set 2.5 kPa"
35,1,evaporation,loading bays,0.003538,vapour displaced from road tankers
35,2,evaporation,TK-01,1e-06,"PV valve, set 2.5 kPa"
35,2,evaporation,TK-02,1e-06,"PV valve, set 2.5 kPa"
35,2,evaporation,TK-03,0.002048,FREE VENT - PV valve missing/stuck open
35,2,evaporation,TK-04,1e-06,"PV valve, set 2.5 kPa"
35,2,evaporation,TK-05,2e-06,"PV valve, set 2.5 kPa"
35,2,evaporation,loading bays,0.001579,vapour displaced from road tankers
36,0,evaporation,TK-01,2e-06,"PV valve, set 2.5 kPa"
36,0,evaporation,TK-02,2e-06,"PV valve, set 2.5 kPa"
36,0,evaporation,TK-03,0.000157,FREE VENT - PV valve missing/stuck open
36,0,evaporation,TK-04,0.002267,"PV valve, set 2.5 kPa"
36,0,evaporation,TK-05,3e-06,"PV valve, set 2.5 kPa"
36,0,evaporation,loading bays,0.002349,vapour displaced from road tankers
36,1,evaporation,TK-01,0.0,"PV valve, set 2.5 kPa"
36,1,evaporation,TK-02,0.0,"PV valve, set 2.5 kPa"
36,1,evaporation,TK-03,0.000202,FREE VENT - PV valve missing/stuck open
36,1,evaporation,TK-04,0.0,"PV valve, set 2.5 kPa"
36,1,evaporation,TK-05,0.003279,"PV valve, set 2.5 kPa"
36,1,evaporation,loading bays,0.003313,vapour displaced from road tankers
36,2,evaporation,TK-01,0.002126,"PV valve, set 2.5 kPa"
36,2,evaporation,TK-02,2e-06,"PV valve, set 2.5 kPa"
36,2,evaporation,TK-03,0.000173,FREE VENT - PV valve missing/stuck open
36,2,evaporation,TK-04,2e-06,"PV valve, set 2.5 kPa"
36,2,evaporation,TK-05,2e-06,"PV valve, set 2.5 kPa"
36,2,evaporation,loading bays,0.001668,vapour displaced from road tankers
37,0,evaporation,TK-01,2e-06,"PV valve, set 2.5 kPa"
37,0,evaporation,TK-02,2e-06,"PV valve, set 2.5 kPa"
37,0,evaporation,TK-03,0.003034,FREE VENT - PV valve missing/stuck open
37,0,evaporation,TK-04,2e-06,"PV valve, set 2.5 kPa"
37,0,evaporation,TK-05,2e-06,"PV valve, set 2.5 kPa"
37,0,evaporation,loading bays,0.001594,vapour displaced from road tankers
37,1,evaporation,TK-01,0.0,"PV valve, set 2.5 kPa"
37,1,evaporation,TK-02,0.0,"PV valve, set 2.5 kPa"
37,1,evaporation,TK-03,0.000173,FREE VENT - PV valve missing/stuck open
37,1,evaporation,TK-04,0.003954,"PV valve, set 2.5 kPa"
37,1,evaporation,TK-05,0.0,"PV valve, set 2.5 kPa"
37,1,evaporation,loading bays,0.003315,vapour displaced from road tankers
37,2,evaporation,TK-01,2e-06,"PV valve, set 2.5 kPa"
37,2,evaporation,TK-02,0.001994,"PV valve, set 2.5 kPa"
37,2,evaporation,TK-03,0.000147,FREE VENT - PV valve missing/stuck open
37,2,evaporation,TK-04,2e-06,"PV valve, set 2.5 kPa"
37,2,evaporation,TK-05,3e-06,"PV valve, set 2.5 kPa"
37,2,evaporation,loading bays,0.001647,vapour displaced from road tankers
38,0,evaporation,TK-01,3e-06,"PV valve, set 2.5 kPa"
38,0,evaporation,TK-02,3e-06,"PV valve, set 2.5 kPa"
38,0,evaporation,TK-03,0.000135,FREE VENT - PV valve missing/stuck open
38,0,evaporation,TK-04,3e-06,"PV valve, set 2.5 kPa"
38,0,evaporation,TK-05,0.00227,"PV valve, set 2.5 kPa"
38,0,evaporation,loading bays,0.001461,vapour displaced from road tankers
38,1,evaporation,TK-01,0.003907,"PV valve, set 2.5 kPa"
38,1,evaporation,TK-03,0.0002,FREE VENT - PV valve missing/stuck open
38,1,evaporation,loading bays,0.003611,vapour displaced from road tankers
38,2,evaporation,TK-01,2e-06,"PV valve, set 2.5 kPa"
38,2,evaporation,TK-02,0.002323,"PV valve, set 2.5 kPa"
38,2,evaporation,TK-03,0.00016,FREE VENT - PV valve missing/stuck open
38,2,evaporation,TK-04,2e-06,"PV valve, set 2.5 kPa"
38,2,evaporation,TK-05,3e-06,"PV valve, set 2.5 kPa"
38,2,evaporation,loading bays,0.001494,vapour displaced from road tankers
39,0,evaporation,TK-01,2e-06,"PV valve, set 2.5 kPa"
39,0,evaporation,TK-02,2e-06,"PV valve, set 2.5 kPa"
39,0,evaporation,TK-03,0.000157,FREE VENT - PV valve missing/stuck open
39,0,evaporation,TK-04,2e-06,"PV valve, set 2.5 kPa"
39,0,evaporation,TK-05,0.002141,"PV valve, set 2.5 kPa"
39,0,evaporation,loading bays,0.002165,vapour displaced from road tankers
39,1,evaporation,TK-01,1e-06,"PV valve, set 2.5 kPa"
39,1,evaporation,TK-02,1e-06,"PV valve, set 2.5 kPa"
39,1,evaporation,TK-03,0.000196,FREE VENT - PV valve missing/stuck open
39,1,evaporation,TK-04,0.003702,"PV valve, set 2.5 kPa"
39,1,evaporation,TK-05,1e-06,"PV valve, set 2.5 kPa"
39,1,evaporation,loading bays,0.003153,vapour displaced from road tankers
39,2,evaporation,TK-01,2e-06,"PV valve, set 2.5 kPa"
39,2,evaporation,TK-02,2e-06,"PV valve, set 2.5 kPa"
39,2,evaporation,TK-03,0.001696,FREE VENT - PV valve missing/stuck open
39,2,evaporation,TK-04,2e-06,"PV valve, set 2.5 kPa"
39,2,evaporation,TK-05,3e-06,"PV valve, set 2.5 kPa"
39,2,evaporation,loading bays,0.001509,vapour displaced from road tankers
40,0,evaporation,TK-01,0.002413,"PV valve, set 2.5 kPa"
40,0,evaporation,TK-02,3e-06,"PV valve, set 2.5 kPa"
40,0,evaporation,TK-03,0.000145,FREE VENT - PV valve missing/stuck open
40,0,evaporation,TK-04,2e-06,"PV valve, set 2.5 kPa"
40,0,evaporation,TK-05,3e-06,"PV valve, set 2.5 kPa"
40,0,evaporation,loading bays,0.00183,vapour displaced from road tankers
40,1,evaporation,TK-01,0.0,"PV valve, set 2.5 kPa"
40,1,evaporation,TK-02,0.0,"PV valve, set 2.5 kPa"
40,1,evaporation,TK-03,0.000203,FREE VENT - PV valve missing/stuck open
40,1,evaporation,TK-04,0.0,"PV valve, set 2.5 kPa"
40,1,evaporation,TK-05,0.003728,"PV valve, set 2.5 kPa"
40,1,evaporation,loading bays,0.002847,vapour displaced from road tankers
40,2,evaporation,TK-01,2e-06,"PV valve, set 2.5 kPa"
40,2,evaporation,TK-02,0.001859,"PV valve, set 2.5 kPa"
40,2,evaporation,TK-03,0.000175,FREE VENT - PV valve missing/stuck open
40,2,evaporation,TK-04,2e-06,"PV valve, set 2.5 kPa"
40,2,evaporation,TK-05,2e-06,"PV valve, set 2.5 kPa"
40,2,evaporation,loading bays,0.001609,vapour displaced from road tankers
41,0,evaporation,TK-01,2e-06,"PV valve, set 2.5 kPa"
41,0,evaporation,TK-02,2e-06,"PV valve, set 2.5 kPa"
41,0,evaporation,TK-03,0.002661,FREE VENT - PV valve missing/stuck open
41,0,evaporation,TK-04,2e-06,"PV valve, set 2.5 kPa"
41,0,evaporation,TK-05,3e-06,"PV valve, set 2.5 kPa"
41,0,evaporation,loading bays,0.002023,vapour displaced from road tankers
41,1,evaporation,TK-01,0.0,"PV valve, set 2.5 kPa"
41,1,evaporation,TK-02,0.0,"PV valve, set 2.5 kPa"
41,1,evaporation,TK-03,0.000178,FREE VENT - PV valve missing/stuck open
41,1,evaporation,TK-04,0.003175,"PV valve, set 2.5 kPa"
41,1,evaporation,TK-05,0.0,"PV valve, set 2.5 kPa"
41,1,evaporation,loading bays,0.003431,vapour displaced from road tankers
41,2,evaporation,TK-01,2e-06,"PV valve, set 2.5 kPa"
41,2,evaporation,TK-02,0.001772,"PV valve, set 2.5 kPa"
41,2,evaporation,TK-03,0.000145,FREE VENT - PV valve missing/stuck open
41,2,evaporation,TK-04,2e-06,"PV valve, set 2.5 kPa"
41,2,evaporation,TK-05,3e-06,"PV valve, set 2.5 kPa"
41,2,evaporation,loading bays,0.001626,vapour displaced from road tankers
42,0,evaporation,TK-01,0.002737,"PV valve, set 2.5 kPa"
42,0,evaporation,TK-02,2e-06,"PV valve, set 2.5 kPa"
42,0,evaporation,TK-03,0.000144,FREE VENT - PV valve missing/stuck open
42,0,evaporation,TK-04,2e-06,"PV valve, set 2.5 kPa"
42,0,evaporation,TK-05,3e-06,"PV valve, set 2.5 kPa"
42,0,evaporation,loading bays,0.001925,vapour displaced from road tankers
42,1,evaporation,TK-01,0.0,"PV valve, set 2.5 kPa"
42,1,evaporation,TK-02,0.0,"PV valve, set 2.5 kPa"
42,1,evaporation,TK-03,0.000197,FREE VENT - PV valve missing/stuck open
42,1,evaporation,TK-04,0.0,"PV valve, set 2.5 kPa"
42,1,evaporation,TK-05,0.003713,"PV valve, set 2.5 kPa"
42,1,evaporation,loading bays,0.003511,vapour displaced from road tankers
42,2,evaporation,TK-01,2e-06,"PV valve, set 2.5 kPa"
42,2,evaporation,TK-02,0.002043,"PV valve, set 2.5 kPa"
42,2,evaporation,TK-03,0.000163,FREE VENT - PV valve missing/stuck open
42,2,evaporation,TK-04,2e-06,"PV valve, set 2.5 kPa"
42,2,evaporation,TK-05,3e-06,"PV valve, set 2.5 kPa"
42,2,evaporation,loading bays,0.001565,vapour displaced from road tankers
43,0,evaporation,TK-01,2e-06,"PV valve, set 2.5 kPa"
43,0,evaporation,TK-02,2e-06,"PV valve, set 2.5 kPa"
43,0,evaporation,TK-03,0.000168,FREE VENT - PV valve missing/stuck open
43,0,evaporation,TK-04,0.002643,"PV valve, set 2.5 kPa"
43,0,evaporation,TK-05,3e-06,"PV valve, set 2.5 kPa"
43,0,evaporation,loading bays,0.001948,vapour displaced from road tankers
43,1,evaporation,TK-01,0.0,"PV valve, set 2.5 kPa"
43,1,evaporation,TK-02,0.0,"PV valve, set 2.5 kPa"
43,1,evaporation,TK-03,0.004289,FREE VENT - PV valve missing/stuck open
43,1,evaporation,TK-04,0.0,"PV valve, set 2.5 kPa"
43,1,evaporation,TK-05,0.0,"PV valve, set 2.5 kPa"
43,1,evaporation,loading bays,0.00352,vapour displaced from road tankers
43,2,evaporation,TK-01,2e-06,"PV valve, set 2.5 kPa"
43,2,evaporation,TK-02,2e-06,"PV valve, set 2.5 kPa"
43,2,evaporation,TK-03,0.000141,FREE VENT - PV valve missing/stuck open
43,2,evaporation,TK-04,2e-06,"PV valve, set 2.5 kPa"
43,2,evaporation,TK-05,0.001572,"PV valve, set 2.5 kPa"
43,2,evaporation,loading bays,0.001491,vapour displaced from road tankers
44,0,evaporation,TK-01,0.002108,"PV valve, set 2.5 kPa"
44,0,evaporation,TK-02,3e-06,"PV valve, set 2.5 kPa"
44,0,evaporation,TK-03,0.000133,FREE VENT - PV valve missing/stuck open
44,0,evaporation,TK-04,2e-06,"PV valve, set 2.5 kPa"
44,0,evaporation,TK-05,3e-06,"PV valve, set 2.5 kPa"
44,0,evaporation,loading bays,0.002204,vapour displaced from road tankers
44,1,evaporation,TK-01,0.0,"PV valve, set 2.5 kPa"
44,1,evaporation,TK-02,0.003961,"PV valve, set 2.5 kPa"
44,1,evaporation,TK-03,0.000187,FREE VENT - PV valve missing/stuck open
44,1,evaporation,TK-04,0.0,"PV valve, set 2.5 kPa"
44,1,evaporation,TK-05,0.0,"PV valve, set 2.5 kPa"
44,1,evaporation,loading bays,0.003027,vapour displaced from road tankers
44,2,evaporation,TK-01,2e-06,"PV valve, set 2.5 kPa"
44,2,evaporation,TK-02,2e-06,"PV valve, set 2.5 kPa"
44,2,evaporation,TK-03,0.000154,FREE VENT - PV valve missing/stuck open
44,2,evaporation,TK-04,2e-06,"PV valve, set 2.5 kPa"
44,2,evaporation,TK-05,0.001728,"PV valve, set 2.5 kPa"
44,2,evaporation,loading bays,0.001545,vapour displaced from road tankers
45,0,evaporation,TK-01,3e-06,"PV valve, set 2.5 kPa"
45,0,evaporation,TK-02,3e-06,"PV valve, set 2.5 kPa"
45,0,evaporation,TK-03,0.000142,FREE VENT - PV valve missing/stuck open
45,0,evaporation,TK-04,0.00229,"PV valve, set 2.5 kPa"
45,0,evaporation,TK-05,3e-06,"PV valve, set 2.5 kPa"
45,0,evaporation,loading bays,0.00169,vapour displaced from road tankers
45,1,evaporation,TK-01,0.0,"PV valve, set 2.5 kPa"
45,1,evaporation,TK-02,0.0,"PV valve, set 2.5 kPa"
45,1,evaporation,TK-03,0.000205,FREE VENT - PV valve missing/stuck open
45,1,evaporation,TK-04,0.0,"PV valve, set 2.5 kPa"
45,1,evaporation,TK-05,0.004345,"PV valve, set 2.5 kPa"
45,1,evaporation,loading bays,0.003178,vapour displaced from road tankers
45,2,evaporation,TK-01,0.00196,"PV valve, set 2.5 kPa"
45,2,evaporation,TK-02,2e-06,"PV valve, set 2.5 kPa"
45,2,evaporation,TK-03,0.000173,FREE VENT - PV valve missing/stuck open
45,2,evaporation,TK-04,2e-06,"PV valve, set 2.5 kPa"
45,2,evaporation,TK-05,2e-06,"PV valve, set 2.5 kPa"
45,2,evaporation,loading bays,0.001454,vapour displaced from road tankers
46,0,evaporation,TK-01,3e-06,"PV valve, set 2.5 kPa"
46,0,evaporation,TK-02,3e-06,"PV valve, set 2.5 kPa"
46,0,evaporation,TK-03,0.002104,FREE VENT - PV valve missing/stuck open
46,0,evaporation,TK-04,3e-06,"PV valve, set 2.5 kPa"
46,0,evaporation,TK-05,3e-06,"PV valve, set 2.5 kPa"
46,0,evaporation,loading bays,0.001916,vapour displaced from road tankers
46,0,seepage,SEG-D,0.0001,quadratic growth from onset
46,1,evaporation,TK-01,0.0,"PV valve, set 2.5 kPa"
46,1,evaporation,TK-02,0.003967,"PV valve, set 2.5 kPa"
46,1,evaporation,TK-03,0.000182,FREE VENT - PV valve missing/stuck open
46,1,evaporation,TK-04,0.0,"PV valve, set 2.5 kPa"
46,1,evaporation,TK-05,0.0,"PV valve, set 2.5 kPa"
46,1,evaporation,loading bays,0.003381,vapour displaced from road tankers
46,1,seepage,SEG-D,0.0001,quadratic growth from onset
46,2,evaporation,TK-01,0.001488,"PV valve, set 2.5 kPa"
46,2,evaporation,TK-02,2e-06,"PV valve, set 2.5 kPa"
46,2,evaporation,TK-03,0.000154,FREE VENT - PV valve missing/stuck open
46,2,evaporation,TK-04,2e-06,"PV valve, set 2.5 kPa"
46,2,evaporation,TK-05,2e-06,"PV valve, set 2.5 kPa"
46,2,evaporation,loading bays,0.001381,vapour displaced from road tankers
46,2,seepage,SEG-D,0.0,quadratic growth from onset
47,0,evaporation,TK-01,3e-06,"PV valve, set 2.5 kPa"
47,0,evaporation,TK-02,2e-06,"PV valve, set 2.5 kPa"
47,0,evaporation,TK-03,0.000142,FREE VENT - PV valve missing/stuck open
47,0,evaporation,TK-04,0.002344,"PV valve, set 2.5 kPa"
47,0,evaporation,TK-05,4e-06,"PV valve, set 2.5 kPa"
47,0,evaporation,loading bays,0.001335,vapour displaced from road tankers
47,0,seepage,SEG-D,0.0003,quadratic growth from onset
47,1,evaporation,TK-03,0.000214,FREE VENT - PV valve missing/stuck open
47,1,evaporation,TK-05,0.004228,"PV valve, set 2.5 kPa"
47,1,evaporation,loading bays,0.004029,vapour displaced from road tankers
47,1,seepage,SEG-D,0.0003,quadratic growth from onset
47,2,evaporation,TK-01,0.001996,"PV valve, set 2.5 kPa"
47,2,evaporation,TK-02,2e-06,"PV valve, set 2.5 kPa"
47,2,evaporation,TK-03,0.000172,FREE VENT - PV valve missing/stuck open
47,2,evaporation,TK-04,2e-06,"PV valve, set 2.5 kPa"
47,2,evaporation,TK-05,2e-06,"PV valve, set 2.5 kPa"
47,2,evaporation,loading bays,0.001527,vapour displaced from road tankers
47,2,seepage,SEG-D,0.0002,quadratic growth from onset
48,0,evaporation,TK-01,3e-06,"PV valve, set 2.5 kPa"
48,0,evaporation,TK-02,3e-06,"PV valve, set 2.5 kPa"
48,0,evaporation,TK-03,0.002194,FREE VENT - PV valve missing/stuck open
48,0,evaporation,TK-04,3e-06,"PV valve, set 2.5 kPa"
48,0,evaporation,TK-05,3e-06,"PV valve, set 2.5 kPa"
48,0,evaporation,loading bays,0.002163,vapour displaced from road tankers
48,0,seepage,SEG-D,0.0006,quadratic growth from onset
48,1,evaporation,TK-01,0.0,"PV valve, set 2.5 kPa"
48,1,evaporation,TK-02,0.003848,"PV valve, set 2.5 kPa"
48,1,evaporation,TK-03,0.000189,FREE VENT - PV valve missing/stuck open
48,1,evaporation,TK-04,0.0,"PV valve, set 2.5 kPa"
48,1,evaporation,TK-05,0.0,"PV valve, set 2.5 kPa"
48,1,evaporation,loading bays,0.003525,vapour displaced from road tankers
48,1,seepage,SEG-D,0.0008,quadratic growth from onset
48,2,evaporation,TK-01,2e-06,"PV valve, set 2.5 kPa"
48,2,evaporation,TK-02,1e-06,"PV valve, set 2.5 kPa"
48,2,evaporation,TK-03,0.000161,FREE VENT - PV valve missing/stuck open
48,2,evaporation,TK-04,0.001899,"PV valve, set 2.5 kPa"
48,2,evaporation,TK-05,2e-06,"PV valve, set 2.5 kPa"
48,2,evaporation,loading bays,0.001428,vapour displaced from road tankers
48,2,seepage,SEG-D,0.0004,quadratic growth from onset
49,0,evaporation,TK-01,2e-06,"PV valve, set 2.5 kPa"
49,0,evaporation,TK-02,2e-06,"PV valve, set 2.5 kPa"
49,0,evaporation,TK-03,0.000151,FREE VENT - PV valve missing/stuck open
49,0,evaporation,TK-04,2e-06,"PV valve, set 2.5 kPa"
49,0,evaporation,TK-05,0.002391,"PV valve, set 2.5 kPa"
49,0,evaporation,loading bays,0.002065,vapour displaced from road tankers
49,0,seepage,SEG-D,0.0011,quadratic growth from onset
49,1,evaporation,TK-01,0.004308,"PV valve, set 2.5 kPa"
49,1,evaporation,TK-03,0.000214,FREE VENT - PV valve missing/stuck open
49,1,evaporation,loading bays,0.003415,vapour displaced from road tankers
49,1,seepage,SEG-D,0.0013,quadratic growth from onset
49,2,evaporation,TK-01,1e-06,"PV valve, set 2.5 kPa"
49,2,evaporation,TK-02,1e-06,"PV valve, set 2.5 kPa"
49,2,evaporation,TK-03,0.000185,FREE VENT - PV valve missing/stuck open
49,2,evaporation,TK-04,0.001692,"PV valve, set 2.5 kPa"
49,2,evaporation,TK-05,2e-06,"PV valve, set 2.5 kPa"
49,2,evaporation,loading bays,0.001675,vapour displaced from road tankers
49,2,seepage,SEG-D,0.0008,quadratic growth from onset
50,0,evaporation,TK-01,2e-06,"PV valve, set 2.5 kPa"
50,0,evaporation,TK-02,2e-06,"PV valve, set 2.5 kPa"
50,0,evaporation,TK-03,0.00296,FREE VENT - PV valve missing/stuck open
50,0,evaporation,TK-04,2e-06,"PV valve, set 2.5 kPa"
50,0,evaporation,TK-05,3e-06,"PV valve, set 2.5 kPa"
50,0,evaporation,loading bays,0.001783,vapour displaced from road tankers
50,0,seepage,SEG-D,0.0017,quadratic growth from onset
50,1,evaporation,TK-03,0.000195,FREE VENT - PV valve missing/stuck open
50,1,evaporation,TK-05,0.004692,"PV valve, set 2.5 kPa"
50,1,evaporation,loading bays,0.004092,vapour displaced from road tankers
50,1,seepage,SEG-D,0.0021,quadratic growth from onset
50,2,evaporation,TK-01,2e-06,"PV valve, set 2.5 kPa"
50,2,evaporation,TK-02,0.001838,"PV valve, set 2.5 kPa"
50,2,evaporation,TK-03,0.000154,FREE VENT - PV valve missing/stuck open
50,2,evaporation,TK-04,2e-06,"PV valve, set 2.5 kPa"
50,2,evaporation,TK-05,2e-06,"PV valve, set 2.5 kPa"
50,2,evaporation,loading bays,0.001447,vapour displaced from road tankers
50,2,seepage,SEG-D,0.0012,quadratic growth from onset
51,0,evaporation,TK-01,2e-06,"PV valve, set 2.5 kPa"
51,0,evaporation,TK-02,2e-06,"PV valve, set 2.5 kPa"
51,0,evaporation,TK-03,0.000146,FREE VENT - PV valve missing/stuck open
51,0,evaporation,TK-04,0.002562,"PV valve, set 2.5 kPa"
51,0,evaporation,TK-05,3e-06,"PV valve, set 2.5 kPa"
51,0,evaporation,loading bays,0.002052,vapour displaced from road tankers
51,0,seepage,SEG-D,0.0024,quadratic growth from onset
51,1,evaporation,TK-01,0.003384,"PV valve, set 2.5 kPa"
51,1,evaporation,TK-02,0.0,"PV valve, set 2.5 kPa"
51,1,evaporation,TK-03,0.000193,FREE VENT - PV valve missing/stuck open
51,1,evaporation,TK-04,0.0,"PV valve, set 2.5 kPa"
51,1,evaporation,TK-05,0.0,"PV valve, set 2.5 kPa"
51,1,evaporation,loading bays,0.003697,vapour displaced from road tankers
51,1,seepage,SEG-D,0.003,quadratic growth from onset
51,2,evaporation,TK-01,2e-06,"PV valve, set 2.5 kPa"
51,2,evaporation,TK-02,0.001696,"PV valve, set 2.5 kPa"
51,2,evaporation,TK-03,0.000154,FREE VENT - PV valve missing/stuck open
51,2,evaporation,TK-04,2e-06,"PV valve, set 2.5 kPa"
51,2,evaporation,TK-05,3e-06,"PV valve, set 2.5 kPa"
51,2,evaporation,loading bays,0.001532,vapour displaced from road tankers
51,2,seepage,SEG-D,0.0017,quadratic growth from onset
52,0,evaporation,TK-01,2e-06,"PV valve, set 2.5 kPa"
52,0,evaporation,TK-02,3e-06,"PV valve, set 2.5 kPa"
52,0,evaporation,TK-03,0.000154,FREE VENT - PV valve missing/stuck open
52,0,evaporation,TK-04,3e-06,"PV valve, set 2.5 kPa"
52,0,evaporation,TK-05,0.002236,"PV valve, set 2.5 kPa"
52,0,evaporation,loading bays,0.001838,vapour displaced from road tankers
52,0,seepage,SEG-D,0.0033,quadratic growth from onset
52,1,evaporation,TK-03,0.004677,FREE VENT - PV valve missing/stuck open
52,1,evaporation,loading bays,0.003577,vapour displaced from road tankers
52,1,seepage,SEG-D,0.0041,quadratic growth from onset
52,2,evaporation,TK-01,2e-06,"PV valve, set 2.5 kPa"
52,2,evaporation,TK-02,2e-06,"PV valve, set 2.5 kPa"
52,2,evaporation,TK-03,0.000142,FREE VENT - PV valve missing/stuck open
52,2,evaporation,TK-04,0.001512,"PV valve, set 2.5 kPa"
52,2,evaporation,TK-05,2e-06,"PV valve, set 2.5 kPa"
52,2,evaporation,loading bays,0.001553,vapour displaced from road tankers
52,2,seepage,SEG-D,0.0024,quadratic growth from onset
53,0,evaporation,TK-01,2e-06,"PV valve, set 2.5 kPa"
53,0,evaporation,TK-02,0.003056,"PV valve, set 2.5 kPa"
53,0,evaporation,TK-03,0.000141,FREE VENT - PV valve missing/stuck open
53,0,evaporation,TK-04,2e-06,"PV valve, set 2.5 kPa"
53,0,evaporation,TK-05,3e-06,"PV valve, set 2.5 kPa"
53,0,evaporation,loading bays,0.002367,vapour displaced from road tankers
53,0,seepage,SEG-D,0.0044,quadratic growth from onset
53,1,evaporation,TK-01,0.004719,"PV valve, set 2.5 kPa"
53,1,evaporation,TK-03,0.000184,FREE VENT - PV valve missing/stuck open
53,1,evaporation,loading bays,0.003306,vapour displaced from road tankers
53,1,seepage,SEG-D,0.0054,quadratic growth from onset
53,2,evaporation,TK-01,1e-06,"PV valve, set 2.5 kPa"
53,2,evaporation,TK-02,2e-06,"PV valve, set 2.5 kPa"
53,2,evaporation,TK-03,0.000158,FREE VENT - PV valve missing/stuck open
53,2,evaporation,TK-04,2e-06,"PV valve, set 2.5 kPa"
53,2,evaporation,TK-05,0.001819,"PV valve, set 2.5 kPa"
53,2,evaporation,loading bays,0.001655,vapour displaced from road tankers
53,2,seepage,SEG-D,0.0031,quadratic growth from onset
54,0,evaporation,TK-01,2e-06,"PV valve, set 2.5 kPa"
54,0,evaporation,TK-02,2e-06,"PV valve, set 2.5 kPa"
54,0,evaporation,TK-03,0.000146,FREE VENT - PV valve missing/stuck open
54,0,evaporation,TK-04,0.002049,"PV valve, set 2.5 kPa"
54,0,evaporation,TK-05,3e-06,"PV valve, set 2.5 kPa"
54,0,evaporation,loading bays,0.002068,vapour displaced from road tankers
54,0,seepage,SEG-D,0.0055,quadratic growth from onset
54,1,evaporation,TK-01,0.0,"PV valve, set 2.5 kPa"
54,1,evaporation,TK-02,0.0,"PV valve, set 2.5 kPa"
54,1,evaporation,TK-03,0.000202,FREE VENT - PV valve missing/stuck open
54,1,evaporation,TK-04,0.0,"PV valve, set 2.5 kPa"
54,1,evaporation,TK-05,0.003577,"PV valve, set 2.5 kPa"
54,1,evaporation,loading bays,0.003394,vapour displaced from road tankers
54,1,seepage,SEG-D,0.0068,quadratic growth from onset
54,2,evaporation,TK-01,2e-06,"PV valve, set 2.5 kPa"
54,2,evaporation,TK-02,0.001862,"PV valve, set 2.5 kPa"
54,2,evaporation,TK-03,0.000171,FREE VENT - PV valve missing/stuck open
54,2,evaporation,TK-04,2e-06,"PV valve, set 2.5 kPa"
54,2,evaporation,TK-05,2e-06,"PV valve, set 2.5 kPa"
54,2,evaporation,loading bays,0.001882,vapour displaced from road tankers
54,2,seepage,SEG-D,0.0039,quadratic growth from onset
55,0,evaporation,TK-01,2e-06,"PV valve, set 2.5 kPa"
55,0,evaporation,TK-02,2e-06,"PV valve, set 2.5 kPa"
55,0,evaporation,TK-03,0.000159,FREE VENT - PV valve missing/stuck open
55,0,evaporation,TK-04,0.0025,"PV valve, set 2.5 kPa"
55,0,evaporation,TK-05,3e-06,"PV valve, set 2.5 kPa"
55,0,evaporation,loading bays,0.001566,vapour displaced from road tankers
55,0,seepage,SEG-D,0.0068,quadratic growth from onset
55,1,evaporation,TK-03,0.003453,FREE VENT - PV valve missing/stuck open
55,1,evaporation,loading bays,0.00311,vapour displaced from road tankers
55,1,seepage,SEG-D,0.0084,quadratic growth from onset
55,2,evaporation,TK-01,0.002048,"PV valve, set 2.5 kPa"
55,2,evaporation,TK-02,2e-06,"PV valve, set 2.5 kPa"
55,2,evaporation,TK-03,0.000146,FREE VENT - PV valve missing/stuck open
55,2,evaporation,TK-04,2e-06,"PV valve, set 2.5 kPa"
55,2,evaporation,TK-05,3e-06,"PV valve, set 2.5 kPa"
55,2,evaporation,loading bays,0.001592,vapour displaced from road tankers
55,2,seepage,SEG-D,0.0048,quadratic growth from onset
56,0,evaporation,TK-01,2e-06,"PV valve, set 2.5 kPa"
56,0,evaporation,TK-02,2e-06,"PV valve, set 2.5 kPa"
56,0,evaporation,TK-03,0.00015,FREE VENT - PV valve missing/stuck open
56,0,evaporation,TK-04,2e-06,"PV valve, set 2.5 kPa"
56,0,evaporation,TK-05,0.002577,"PV valve, set 2.5 kPa"
56,0,evaporation,loading bays,0.00217,vapour displaced from road tankers
56,0,seepage,SEG-D,0.0082,quadratic growth from onset
56,1,evaporation,TK-01,0.0,"PV valve, set 2.5 kPa"
56,1,evaporation,TK-02,0.003879,"PV valve, set 2.5 kPa"
56,1,evaporation,TK-03,0.000192,FREE VENT - PV valve missing/stuck open
56,1,evaporation,TK-04,0.0,"PV valve, set 2.5 kPa"
56,1,evaporation,TK-05,0.0,"PV valve, set 2.5 kPa"
56,1,evaporation,loading bays,0.002897,vapour displaced from road tankers
56,1,seepage,SEG-D,0.0102,quadratic growth from onset
56,2,evaporation,TK-01,2e-06,"PV valve, set 2.5 kPa"
56,2,evaporation,TK-02,2e-06,"PV valve, set 2.5 kPa"
56,2,evaporation,TK-03,0.000169,FREE VENT - PV valve missing/stuck open
56,2,evaporation,TK-04,0.001837,"PV valve, set 2.5 kPa"
56,2,evaporation,TK-05,2e-06,"PV valve, set 2.5 kPa"
56,2,evaporation,loading bays,0.001617,vapour displaced from road tankers
56,2,seepage,SEG-D,0.0058,quadratic growth from onset
57,0,evaporation,TK-01,0.002539,"PV valve, set 2.5 kPa"
57,0,evaporation,TK-02,2e-06,"PV valve, set 2.5 kPa"
57,0,evaporation,TK-03,0.000159,FREE VENT - PV valve missing/stuck open
57,0,evaporation,TK-04,2e-06,"PV valve, set 2.5 kPa"
57,0,evaporation,TK-05,3e-06,"PV valve, set 2.5 kPa"
57,0,evaporation,loading bays,0.001987,vapour displaced from road tankers
57,0,seepage,SEG-D,0.0098,quadratic growth from onset
57,1,evaporation,TK-01,0.0,"PV valve, set 2.5 kPa"
57,1,evaporation,TK-02,0.0,"PV valve, set 2.5 kPa"
57,1,evaporation,TK-03,0.000209,FREE VENT - PV valve missing/stuck open
57,1,evaporation,TK-04,0.0,"PV valve, set 2.5 kPa"
57,1,evaporation,TK-05,0.00394,"PV valve, set 2.5 kPa"
57,1,evaporation,loading bays,0.002762,vapour displaced from road tankers
57,1,seepage,SEG-D,0.0121,quadratic growth from onset
57,2,evaporation,TK-01,2e-06,"PV valve, set 2.5 kPa"
57,2,evaporation,TK-02,2e-06,"PV valve, set 2.5 kPa"
57,2,evaporation,TK-03,0.002143,FREE VENT - PV valve missing/stuck open
57,2,evaporation,TK-04,2e-06,"PV valve, set 2.5 kPa"
57,2,evaporation,TK-05,2e-06,"PV valve, set 2.5 kPa"
57,2,evaporation,loading bays,0.001368,vapour displaced from road tankers
57,2,seepage,SEG-D,0.0069,quadratic growth from onset
58,0,evaporation,TK-01,2e-06,"PV valve, set 2.5 kPa"
58,0,evaporation,TK-02,2e-06,"PV valve, set 2.5 kPa"
58,0,evaporation,TK-03,0.000146,FREE VENT - PV valve missing/stuck open
58,0,evaporation,TK-04,0.002985,"PV valve, set 2.5 kPa"
58,0,evaporation,TK-05,3e-06,"PV valve, set 2.5 kPa"
58,0,evaporation,loading bays,0.001927,vapour displaced from road tankers
58,0,seepage,SEG-D,0.0115,quadratic growth from onset
58,1,evaporation,TK-02,0.004422,"PV valve, set 2.5 kPa"
58,1,evaporation,TK-03,0.00021,FREE VENT - PV valve missing/stuck open
58,1,evaporation,loading bays,0.003772,vapour displaced from road tankers
58,1,seepage,SEG-D,0.0142,quadratic growth from onset
58,2,evaporation,TK-01,0.00203,"PV valve, set 2.5 kPa"
58,2,evaporation,TK-02,1e-06,"PV valve, set 2.5 kPa"
58,2,evaporation,TK-03,0.000173,FREE VENT - PV valve missing/stuck open
58,2,evaporation,TK-04,1e-06,"PV valve, set 2.5 kPa"
58,2,evaporation,TK-05,2e-06,"PV valve, set 2.5 kPa"
58,2,evaporation,loading bays,0.001637,vapour displaced from road tankers
58,2,seepage,SEG-D,0.0081,quadratic growth from onset
59,0,evaporation,TK-01,3e-06,"PV valve, set 2.5 kPa"
59,0,evaporation,TK-02,2e-06,"PV valve, set 2.5 kPa"
59,0,evaporation,TK-03,0.000153,FREE VENT - PV valve missing/stuck open
59,0,evaporation,TK-04,3e-06,"PV valve, set 2.5 kPa"
59,0,evaporation,TK-05,0.001929,"PV valve, set 2.5 kPa"
59,0,evaporation,loading bays,0.001609,vapour displaced from road tankers
59,0,seepage,SEG-D,0.0133,quadratic growth from onset
59,1,evaporation,TK-01,0.0,"PV valve, set 2.5 kPa"
59,1,evaporation,TK-02,0.0,"PV valve, set 2.5 kPa"
59,1,evaporation,TK-03,0.004292,FREE VENT - PV valve missing/stuck open
59,1,evaporation,TK-04,0.0,"PV valve, set 2.5 kPa"
59,1,evaporation,TK-05,0.0,"PV valve, set 2.5 kPa"
59,1,evaporation,loading bays,0.003183,vapour displaced from road tankers
59,1,seepage,SEG-D,0.0165,quadratic growth from onset
59,2,evaporation,TK-01,0.002241,"PV valve, set 2.5 kPa"
59,2,evaporation,TK-02,2e-06,"PV valve, set 2.5 kPa"
59,2,evaporation,TK-03,0.000138,FREE VENT - PV valve missing/stuck open
59,2,evaporation,TK-04,2e-06,"PV valve, set 2.5 kPa"
59,2,evaporation,TK-05,2e-06,"PV valve, set 2.5 kPa"
59,2,evaporation,loading bays,0.001381,vapour displaced from road tankers
59,2,seepage,SEG-D,0.0094,quadratic growth from onset
60,0,evaporation,TK-01,2e-06,"PV valve, set 2.5 kPa"
60,0,evaporation,TK-02,2e-06,"PV valve, set 2.5 kPa"
60,0,evaporation,TK-03,0.000137,FREE VENT - PV valve missing/stuck open
60,0,evaporation,TK-04,0.002826,"PV valve, set 2.5 kPa"
60,0,evaporation,TK-05,3e-06,"PV valve, set 2.5 kPa"
60,0,evaporation,loading bays,0.002074,vapour displaced from road tankers
60,0,seepage,SEG-D,0.0153,quadratic growth from onset
60,1,evaporation,TK-03,0.000199,FREE VENT - PV valve missing/stuck open
60,1,evaporation,TK-05,0.004901,"PV valve, set 2.5 kPa"
60,1,evaporation,loading bays,0.003768,vapour displaced from road tankers
60,1,seepage,SEG-D,0.0189,quadratic growth from onset
60,2,evaporation,TK-01,1e-06,"PV valve, set 2.5 kPa"
60,2,evaporation,TK-02,0.001744,"PV valve, set 2.5 kPa"
60,2,evaporation,TK-03,0.000165,FREE VENT - PV valve missing/stuck open
60,2,evaporation,TK-04,1e-06,"PV valve, set 2.5 kPa"
60,2,evaporation,TK-05,1e-06,"PV valve, set 2.5 kPa"
60,2,evaporation,loading bays,0.001787,vapour displaced from road tankers
60,2,seepage,SEG-D,0.0108,quadratic growth from onset
61,0,evaporation,TK-01,0.00261,"PV valve, set 2.5 kPa"
61,0,evaporation,TK-02,2e-06,"PV valve, set 2.5 kPa"
61,0,evaporation,TK-03,0.000156,FREE VENT - PV valve missing/stuck open
61,0,evaporation,TK-04,2e-06,"PV valve, set 2.5 kPa"
61,0,evaporation,TK-05,2e-06,"PV valve, set 2.5 kPa"
61,0,evaporation,loading bays,0.002419,vapour displaced from road tankers
61,0,seepage,SEG-D,0.0174,quadratic growth from onset
61,1,evaporation,TK-02,0.003162,"PV valve, set 2.5 kPa"
61,1,evaporation,TK-03,0.000212,FREE VENT - PV valve missing/stuck open
61,1,evaporation,loading bays,0.003504,vapour displaced from road tankers
61,1,seepage,SEG-D,0.0215,quadratic growth from onset
61,2,evaporation,TK-01,1e-06,"PV valve, set 2.5 kPa"
61,2,evaporation,TK-02,1e-06,"PV valve, set 2.5 kPa"
61,2,evaporation,TK-03,0.000182,FREE VENT - PV valve missing/stuck open
61,2,evaporation,TK-04,0.002247,"PV valve, set 2.5 kPa"
61,2,evaporation,TK-05,2e-06,"PV valve, set 2.5 kPa"
61,2,evaporation,loading bays,0.001896,vapour displaced from road tankers
61,2,seepage,SEG-D,0.0123,quadratic growth from onset
62,0,evaporation,TK-01,2e-06,"PV valve, set 2.5 kPa"
62,0,evaporation,TK-02,2e-06,"PV valve, set 2.5 kPa"
62,0,evaporation,TK-03,0.000163,FREE VENT - PV valve missing/stuck open
62,0,evaporation,TK-04,2e-06,"PV valve, set 2.5 kPa"
62,0,evaporation,TK-05,0.002996,"PV valve, set 2.5 kPa"
62,0,evaporation,loading bays,0.001856,vapour displaced from road tankers
62,0,leakage,SEG-B,0.408,step change from onset
62,0,seepage,SEG-D,0.0197,quadratic growth from onset
62,1,evaporation,TK-03,0.005146,FREE VENT - PV valve missing/stuck open
62,1,evaporation,loading bays,0.004667,vapour displaced from road tankers
62,1,leakage,SEG-B,0.504,step change from onset
62,1,seepage,SEG-D,0.0243,quadratic growth from onset
62,2,evaporation,TK-01,2e-06,"PV valve, set 2.5 kPa"
62,2,evaporation,TK-02,0.001634,"PV valve, set 2.5 kPa"
62,2,evaporation,TK-03,0.000145,FREE VENT - PV valve missing/stuck open
62,2,evaporation,TK-04,2e-06,"PV valve, set 2.5 kPa"
62,2,evaporation,TK-05,2e-06,"PV valve, set 2.5 kPa"
62,2,evaporation,loading bays,0.001686,vapour displaced from road tankers
62,2,leakage,SEG-B,0.288,step change from onset
62,2,seepage,SEG-D,0.0139,quadratic growth from onset
63,0,evaporation,TK-01,0.002273,"PV valve, set 2.5 kPa"
63,0,evaporation,TK-02,2e-06,"PV valve, set 2.5 kPa"
63,0,evaporation,TK-03,0.000146,FREE VENT - PV valve missing/stuck open
63,0,evaporation,TK-04,2e-06,"PV valve, set 2.5 kPa"
63,0,evaporation,TK-05,2e-06,"PV valve, set 2.5 kPa"
63,0,evaporation,loading bays,0.002158,vapour displaced from road tankers
63,0,leakage,SEG-B,0.408,step change from onset
63,0,seepage,SEG-D,0.022,quadratic growth from onset
63,1,evaporation,TK-03,0.000201,FREE VENT - PV valve missing/stuck open
63,1,evaporation,TK-04,0.003915,"PV valve, set 2.5 kPa"
63,1,evaporation,loading bays,0.003597,vapour displaced from road tankers
63,1,leakage,SEG-B,0.504,step change from onset
63,1,seepage,SEG-D,0.0272,quadratic growth from onset
63,2,evaporation,TK-01,2e-06,"PV valve, set 2.5 kPa"
63,2,evaporation,TK-02,2e-06,"PV valve, set 2.5 kPa"
63,2,evaporation,TK-03,0.000162,FREE VENT - PV valve missing/stuck open
63,2,evaporation,TK-04,1e-06,"PV valve, set 2.5 kPa"
63,2,evaporation,TK-05,0.002038,"PV valve, set 2.5 kPa"
63,2,evaporation,loading bays,0.001461,vapour displaced from road tankers
63,2,leakage,SEG-B,0.288,step change from onset
63,2,seepage,SEG-D,0.0156,quadratic growth from onset
64,0,evaporation,TK-01,2e-06,"PV valve, set 2.5 kPa"
64,0,evaporation,TK-02,0.00259,"PV valve, set 2.5 kPa"
64,0,evaporation,TK-03,0.000155,FREE VENT - PV valve missing/stuck open
64,0,evaporation,TK-04,2e-06,"PV valve, set 2.5 kPa"
64,0,evaporation,TK-05,3e-06,"PV valve, set 2.5 kPa"
64,0,evaporation,loading bays,0.001899,vapour displaced from road tankers
64,0,leakage,SEG-B,0.408,step change from onset
64,0,seepage,SEG-D,0.0245,quadratic growth from onset
64,1,evaporation,TK-01,0.004835,"PV valve, set 2.5 kPa"
64,1,evaporation,TK-03,0.000223,FREE VENT - PV valve missing/stuck open
64,1,evaporation,loading bays,0.004166,vapour displaced from road tankers
64,1,leakage,SEG-B,0.504,step change from onset
64,1,seepage,SEG-D,0.0303,quadratic growth from onset
64,2,evaporation,TK-01,1e-06,"PV valve, set 2.5 kPa"
64,2,evaporation,TK-02,1e-06,"PV valve, set 2.5 kPa"
64,2,evaporation,TK-03,0.000178,FREE VENT - PV valve missing/stuck open
64,2,evaporation,TK-04,2e-06,"PV valve, set 2.5 kPa"
64,2,evaporation,TK-05,0.002202,"PV valve, set 2.5 kPa"
64,2,evaporation,loading bays,0.001436,vapour displaced from road tankers
64,2,leakage,SEG-B,0.288,step change from onset
64,2,seepage,SEG-D,0.0173,quadratic growth from onset
65,0,evaporation,TK-01,2e-06,"PV valve, set 2.5 kPa"
65,0,evaporation,TK-02,2e-06,"PV valve, set 2.5 kPa"
65,0,evaporation,TK-03,0.002215,FREE VENT - PV valve missing/stuck open
65,0,evaporation,TK-04,2e-06,"PV valve, set 2.5 kPa"
65,0,evaporation,TK-05,3e-06,"PV valve, set 2.5 kPa"
65,0,evaporation,loading bays,0.002101,vapour displaced from road tankers
65,0,leakage,SEG-B,0.408,step change from onset
65,0,seepage,SEG-D,0.0272,quadratic growth from onset
65,1,evaporation,TK-03,0.000193,FREE VENT - PV valve missing/stuck open
65,1,evaporation,TK-04,0.003717,"PV valve, set 2.5 kPa"
65,1,evaporation,loading bays,0.003637,vapour displaced from road tankers
65,1,leakage,SEG-B,0.504,step change from onset
65,1,seepage,SEG-D,0.0336,quadratic growth from onset
65,2,evaporation,TK-01,1e-06,"PV valve, set 2.5 kPa"
65,2,evaporation,TK-02,2e-06,"PV valve, set 2.5 kPa"
65,2,evaporation,TK-03,0.000164,FREE VENT - PV valve missing/stuck open
65,2,evaporation,TK-04,1e-06,"PV valve, set 2.5 kPa"
65,2,evaporation,TK-05,0.002055,"PV valve, set 2.5 kPa"
65,2,evaporation,loading bays,0.001523,vapour displaced from road tankers
65,2,leakage,SEG-B,0.288,step change from onset
65,2,seepage,SEG-D,0.0192,quadratic growth from onset
66,0,evaporation,TK-01,2e-06,"PV valve, set 2.5 kPa"
66,0,evaporation,TK-02,0.002736,"PV valve, set 2.5 kPa"
66,0,evaporation,TK-03,0.000161,FREE VENT - PV valve missing/stuck open
66,0,evaporation,TK-04,2e-06,"PV valve, set 2.5 kPa"
66,0,evaporation,TK-05,2e-06,"PV valve, set 2.5 kPa"
66,0,evaporation,loading bays,0.002347,vapour displaced from road tankers
66,0,leakage,SEG-B,0.408,step change from onset
66,0,seepage,SEG-D,0.03,quadratic growth from onset
66,1,evaporation,TK-01,0.003706,"PV valve, set 2.5 kPa"
66,1,evaporation,TK-03,0.000213,FREE VENT - PV valve missing/stuck open
66,1,evaporation,loading bays,0.003556,vapour displaced from road tankers
66,1,leakage,SEG-B,0.504,step change from onset
66,1,seepage,SEG-D,0.037,quadratic growth from onset
66,2,evaporation,TK-01,1e-06,"PV valve, set 2.5 kPa"
66,2,evaporation,TK-02,1e-06,"PV valve, set 2.5 kPa"
66,2,evaporation,TK-03,0.000191,FREE VENT - PV valve missing/stuck open
66,2,evaporation,TK-04,1e-06,"PV valve, set 2.5 kPa"
66,2,evaporation,TK-05,0.002217,"PV valve, set 2.5 kPa"
66,2,evaporation,loading bays,0.001981,vapour displaced from road tankers
66,2,leakage,SEG-B,0.288,step change from onset
66,2,seepage,SEG-D,0.0212,quadratic growth from onset
67,0,evaporation,TK-01,2e-06,"PV valve, set 2.5 kPa"
67,0,evaporation,TK-02,2e-06,"PV valve, set 2.5 kPa"
67,0,evaporation,TK-03,0.002744,FREE VENT - PV valve missing/stuck open
67,0,evaporation,TK-04,2e-06,"PV valve, set 2.5 kPa"
67,0,evaporation,TK-05,2e-06,"PV valve, set 2.5 kPa"
67,0,evaporation,loading bays,0.002141,vapour displaced from road tankers
67,0,leakage,SEG-B,0.408,step change from onset
67,0,seepage,SEG-D,0.0329,quadratic growth from onset
67,1,evaporation,TK-03,0.000195,FREE VENT - PV valve missing/stuck open
67,1,evaporation,TK-04,0.004136,"PV valve, set 2.5 kPa"
67,1,evaporation,loading bays,0.003479,vapour displaced from road tankers
67,1,leakage,SEG-B,0.504,step change from onset
67,1,seepage,SEG-D,0.0407,quadratic growth from onset
67,2,evaporation,TK-01,1e-06,"PV valve, set 2.5 kPa"
67,2,evaporation,TK-02,0.002102,"PV valve, set 2.5 kPa"
67,2,evaporation,TK-03,0.000167,FREE VENT - PV valve missing/stuck open
67,2,evaporation,TK-04,1e-06,"PV valve, set 2.5 kPa"
67,2,evaporation,TK-05,2e-06,"PV valve, set 2.5 kPa"
67,2,evaporation,loading bays,0.001693,vapour displaced from road tankers
67,2,leakage,SEG-B,0.288,step change from onset
67,2,seepage,SEG-D,0.0232,quadratic growth from onset
68,0,evaporation,TK-01,2e-06,"PV valve, set 2.5 kPa"
68,0,evaporation,TK-02,2e-06,"PV valve, set 2.5 kPa"
68,0,evaporation,TK-03,0.000163,FREE VENT - PV valve missing/stuck open
68,0,evaporation,TK-04,2e-06,"PV valve, set 2.5 kPa"
68,0,evaporation,TK-05,0.002441,"PV valve, set 2.5 kPa"
68,0,evaporation,loading bays,0.002187,vapour displaced from road tankers
68,0,leakage,SEG-B,0.408,step change from onset
68,0,seepage,SEG-D,0.036,quadratic growth from onset
68,1,evaporation,TK-01,0.004154,"PV valve, set 2.5 kPa"
68,1,evaporation,TK-02,0.0,"PV valve, set 2.5 kPa"
68,1,evaporation,TK-03,0.0002,FREE VENT - PV valve missing/stuck open
68,1,evaporation,TK-04,0.0,"PV valve, set 2.5 kPa"
68,1,evaporation,TK-05,0.0,"PV valve, set 2.5 kPa"
68,1,evaporation,loading bays,0.003666,vapour displaced from road tankers
68,1,leakage,SEG-B,0.504,step change from onset
68,1,seepage,SEG-D,0.0444,quadratic growth from onset
68,2,evaporation,TK-01,1e-06,"PV valve, set 2.5 kPa"
68,2,evaporation,TK-02,0.002266,"PV valve, set 2.5 kPa"
68,2,evaporation,TK-03,0.000177,FREE VENT - PV valve missing/stuck open
68,2,evaporation,TK-04,2e-06,"PV valve, set 2.5 kPa"
68,2,evaporation,TK-05,2e-06,"PV valve, set 2.5 kPa"
68,2,evaporation,loading bays,0.001732,vapour displaced from road tankers
68,2,leakage,SEG-B,0.288,step change from onset
68,2,seepage,SEG-D,0.0254,quadratic growth from onset
69,0,evaporation,TK-01,2e-06,"PV valve, set 2.5 kPa"
69,0,evaporation,TK-02,2e-06,"PV valve, set 2.5 kPa"
69,0,evaporation,TK-03,0.000175,FREE VENT - PV valve missing/stuck open
69,0,evaporation,TK-04,2e-06,"PV valve, set 2.5 kPa"
69,0,evaporation,TK-05,0.002318,"PV valve, set 2.5 kPa"
69,0,evaporation,loading bays,0.002023,vapour displaced from road tankers
69,0,leakage,SEG-B,0.408,step change from onset
69,0,seepage,SEG-D,0.0392,quadratic growth from onset
69,1,evaporation,TK-03,0.000224,FREE VENT - PV valve missing/stuck open
69,1,evaporation,TK-04,0.003145,"PV valve, set 2.5 kPa"
69,1,evaporation,loading bays,0.002891,vapour displaced from road tankers
69,1,leakage,SEG-B,0.504,step change from onset
69,1,seepage,SEG-D,0.0484,quadratic growth from onset
69,2,evaporation,TK-01,1e-06,"PV valve, set 2.5 kPa"
69,2,evaporation,TK-02,2e-06,"PV valve, set 2.5 kPa"
69,2,evaporation,TK-03,0.001759,FREE VENT - PV valve missing/stuck open
69,2,evaporation,TK-04,1e-06,"PV valve, set 2.5 kPa"
69,2,evaporation,TK-05,2e-06,"PV valve, set 2.5 kPa"
69,2,evaporation,loading bays,0.001774,vapour displaced from road tankers
69,2,leakage,SEG-B,0.288,step change from onset
69,2,seepage,SEG-D,0.0276,quadratic growth from onset
70,0,evaporation,TK-01,2e-06,"PV valve, set 2.5 kPa"
70,0,evaporation,TK-02,0.002012,"PV valve, set 2.5 kPa"
70,0,evaporation,TK-03,0.000166,FREE VENT - PV valve missing/stuck open
70,0,evaporation,TK-04,2e-06,"PV valve, set 2.5 kPa"
70,0,evaporation,TK-05,3e-06,"PV valve, set 2.5 kPa"
70,0,evaporation,loading bays,0.002182,vapour displaced from road tankers
70,0,leakage,SEG-B,0.408,step change from onset
70,0,seepage,SEG-D,0.0425,quadratic growth from onset
70,1,evaporation,TK-03,0.000223,FREE VENT - PV valve missing/stuck open
70,1,evaporation,TK-05,0.003481,"PV valve, set 2.5 kPa"
70,1,evaporation,loading bays,0.003866,vapour displaced from road tankers
70,1,leakage,SEG-B,0.504,step change from onset
70,1,seepage,SEG-D,0.0525,quadratic growth from onset
70,2,evaporation,TK-01,1e-06,"PV valve, set 2.5 kPa"
70,2,evaporation,TK-02,1e-06,"PV valve, set 2.5 kPa"
70,2,evaporation,TK-03,0.002124,FREE VENT - PV valve missing/stuck open
70,2,evaporation,TK-04,1e-06,"PV valve, set 2.5 kPa"
70,2,evaporation,TK-05,2e-06,"PV valve, set 2.5 kPa"
70,2,evaporation,loading bays,0.001755,vapour displaced from road tankers
70,2,leakage,SEG-B,0.288,step change from onset
70,2,seepage,SEG-D,0.03,quadratic growth from onset
71,0,evaporation,TK-01,0.002773,"PV valve, set 2.5 kPa"
71,0,evaporation,TK-02,2e-06,"PV valve, set 2.5 kPa"
71,0,evaporation,TK-03,0.000161,FREE VENT - PV valve missing/stuck open
71,0,evaporation,TK-04,2e-06,"PV valve, set 2.5 kPa"
71,0,evaporation,TK-05,2e-06,"PV valve, set 2.5 kPa"
71,0,evaporation,loading bays,0.001784,vapour displaced from road tankers
71,0,leakage,SEG-B,0.408,step change from onset
71,0,seepage,SEG-D,0.046,quadratic growth from onset
71,1,evaporation,TK-03,0.000222,FREE VENT - PV valve missing/stuck open
71,1,evaporation,TK-04,0.004349,"PV valve, set 2.5 kPa"
71,1,evaporation,loading bays,0.003927,vapour displaced from road tankers
71,1,leakage,SEG-B,0.504,step change from onset
71,1,seepage,SEG-D,0.0568,quadratic growth from onset
71,2,evaporation,TK-01,1e-06,"PV valve, set 2.5 kPa"
71,2,evaporation,TK-02,0.001972,"PV valve, set 2.5 kPa"
71,2,evaporation,TK-03,0.00019,FREE VENT - PV valve missing/stuck open
71,2,evaporation,TK-04,1e-06,"PV valve, set 2.5 kPa"
71,2,evaporation,TK-05,1e-06,"PV valve, set 2.5 kPa"
71,2,evaporation,loading bays,0.001702,vapour displaced from road tankers
71,2,leakage,SEG-B,0.288,step change from onset
71,2,seepage,SEG-D,0.0324,quadratic growth from onset
72,0,evaporation,TK-01,2e-06,"PV valve, set 2.5 kPa"
72,0,evaporation,TK-02,2e-06,"PV valve, set 2.5 kPa"
72,0,evaporation,TK-03,0.000181,FREE VENT - PV valve missing/stuck open
72,0,evaporation,TK-04,2e-06,"PV valve, set 2.5 kPa"
72,0,evaporation,TK-05,0.002527,"PV valve, set 2.5 kPa"
72,0,evaporation,loading bays,0.002308,vapour displaced from road tankers
72,0,leakage,SEG-B,0.408,step change from onset
72,0,seepage,SEG-D,0.0496,quadratic growth from onset
72,1,evaporation,TK-03,0.004053,FREE VENT - PV valve missing/stuck open
72,1,evaporation,loading bays,0.003653,vapour displaced from road tankers
72,1,leakage,SEG-B,0.504,step change from onset
72,1,seepage,SEG-D,0.0612,quadratic growth from onset
72,2,evaporation,TK-01,0.002261,"PV valve, set 2.5 kPa"
72,2,evaporation,TK-02,2e-06,"PV valve, set 2.5 kPa"
72,2,evaporation,TK-03,0.000156,FREE VENT - PV valve missing/stuck open
72,2,evaporation,TK-04,2e-06,"PV valve, set 2.5 kPa"
72,2,evaporation,TK-05,2e-06,"PV valve, set 2.5 kPa"
72,2,evaporation,loading bays,0.001399,vapour displaced from road tankers
72,2,leakage,SEG-B,0.288,step change from onset
72,2,seepage,SEG-D,0.035,quadratic growth from onset
73,0,evaporation,TK-01,2e-06,"PV valve, set 2.5 kPa"
73,0,evaporation,TK-02,0.002846,"PV valve, set 2.5 kPa"
73,0,evaporation,TK-03,0.000156,FREE VENT - PV valve missing/stuck open
73,0,evaporation,TK-04,2e-06,"PV valve, set 2.5 kPa"
73,0,evaporation,TK-05,3e-06,"PV valve, set 2.5 kPa"
73,0,evaporation,loading bays,0.002141,vapour displaced from road tankers
73,0,leakage,SEG-B,0.408,step change from onset
73,0,seepage,SEG-D,0.0533,quadratic growth from onset
73,1,evaporation,TK-03,0.000207,FREE VENT - PV valve missing/stuck open
73,1,evaporation,TK-04,0.004514,"PV valve, set 2.5 kPa"
73,1,evaporation,loading bays,0.003642,vapour displaced from road tankers
73,1,leakage,SEG-B,0.504,step change from onset
73,1,seepage,SEG-D,0.0659,quadratic growth from onset
73,2,evaporation,TK-01,2e-06,"PV valve, set 2.5 kPa"
73,2,evaporation,TK-02,1e-06,"PV valve, set 2.5 kPa"
73,2,evaporation,TK-03,0.000174,FREE VENT - PV valve missing/stuck open
73,2,evaporation,TK-04,1e-06,"PV valve, set 2.5 kPa"
73,2,evaporation,TK-05,0.001898,"PV valve, set 2.5 kPa"
73,2,evaporation,loading bays,0.00157,vapour displaced from road tankers
73,2,leakage,SEG-B,0.288,step change from onset
73,2,seepage,SEG-D,0.0376,quadratic growth from onset
74,0,evaporation,TK-01,0.002179,"PV valve, set 2.5 kPa"
74,0,evaporation,TK-02,2e-06,"PV valve, set 2.5 kPa"
74,0,evaporation,TK-03,0.000161,FREE VENT - PV valve missing/stuck open
74,0,evaporation,TK-04,2e-06,"PV valve, set 2.5 kPa"
74,0,evaporation,TK-05,3e-06,"PV valve, set 2.5 kPa"
74,0,evaporation,loading bays,0.002207,vapour displaced from road tankers
74,0,leakage,SEG-B,0.408,step change from onset
74,0,seepage,SEG-D,0.0572,quadratic growth from onset
74,1,evaporation,TK-03,0.000232,FREE VENT - PV valve missing/stuck open
74,1,evaporation,TK-05,0.004803,"PV valve, set 2.5 kPa"
74,1,evaporation,loading bays,0.003072,vapour displaced from road tankers
74,1,leakage,SEG-B,0.504,step change from onset
74,1,seepage,SEG-D,0.0706,quadratic growth from onset
74,2,evaporation,TK-01,1e-06,"PV valve, set 2.5 kPa"
74,2,evaporation,TK-02,1e-06,"PV valve, set 2.5 kPa"
74,2,evaporation,TK-03,0.002205,FREE VENT - PV valve missing/stuck open
74,2,evaporation,TK-04,1e-06,"PV valve, set 2.5 kPa"
74,2,evaporation,TK-05,1e-06,"PV valve, set 2.5 kPa"
74,2,evaporation,loading bays,0.001719,vapour displaced from road tankers
74,2,leakage,SEG-B,0.288,step change from onset
74,2,seepage,SEG-D,0.0404,quadratic growth from onset
75,0,evaporation,TK-01,2e-06,"PV valve, set 2.5 kPa"
75,0,evaporation,TK-02,0.00168,"PV valve, set 2.5 kPa"
75,0,evaporation,TK-03,0.000156,FREE VENT - PV valve missing/stuck open
75,0,evaporation,TK-04,2e-06,"PV valve, set 2.5 kPa"
75,0,evaporation,TK-05,3e-06,"PV valve, set 2.5 kPa"
75,0,evaporation,loading bays,0.002059,vapour displaced from road tankers
75,0,leakage,SEG-B,0.408,step change from onset
75,0,seepage,SEG-D,0.0612,quadratic growth from onset
75,1,evaporation,TK-03,0.000219,FREE VENT - PV valve missing/stuck open
75,1,evaporation,TK-04,0.00459,"PV valve, set 2.5 kPa"
75,1,evaporation,loading bays,0.003443,vapour displaced from road tankers
75,1,leakage,SEG-B,0.504,step change from onset
75,1,seepage,SEG-D,0.0756,quadratic growth from onset
75,2,evaporation,TK-01,0.002083,"PV valve, set 2.5 kPa"
75,2,evaporation,TK-02,1e-06,"PV valve, set 2.5 kPa"
75,2,evaporation,TK-03,0.000183,FREE VENT - PV valve missing/stuck open
75,2,evaporation,TK-04,1e-06,"PV valve, set 2.5 kPa"
75,2,evaporation,TK-05,2e-06,"PV valve, set 2.5 kPa"
75,2,evaporation,loading bays,0.001281,vapour displaced from road tankers
75,2,leakage,SEG-B,0.288,step change from onset
75,2,seepage,SEG-D,0.0432,quadratic growth from onset
76,0,evaporation,TK-01,2e-06,"PV valve, set 2.5 kPa"
76,0,evaporation,TK-02,0.002403,"PV valve, set 2.5 kPa"
76,0,evaporation,TK-03,0.000175,FREE VENT - PV valve missing/stuck open
76,0,evaporation,TK-04,2e-06,"PV valve, set 2.5 kPa"
76,0,evaporation,TK-05,3e-06,"PV valve, set 2.5 kPa"
76,0,evaporation,loading bays,0.002212,vapour displaced from road tankers
76,0,leakage,SEG-B,0.408,step change from onset
76,0,seepage,SEG-D,0.0653,quadratic growth from onset
76,1,evaporation,TK-03,0.000235,FREE VENT - PV valve missing/stuck open
76,1,evaporation,TK-05,0.004616,"PV valve, set 2.5 kPa"
76,1,evaporation,loading bays,0.003977,vapour displaced from road tankers
76,1,leakage,SEG-B,0.504,step change from onset
76,1,seepage,SEG-D,0.0807,quadratic growth from onset
76,2,evaporation,TK-01,1e-06,"PV valve, set 2.5 kPa"
76,2,evaporation,TK-02,1e-06,"PV valve, set 2.5 kPa"
76,2,evaporation,TK-03,0.002087,FREE VENT - PV valve missing/stuck open
76,2,evaporation,TK-04,1e-06,"PV valve, set 2.5 kPa"
76,2,evaporation,TK-05,1e-06,"PV valve, set 2.5 kPa"
76,2,evaporation,loading bays,0.001662,vapour displaced from road tankers
76,2,leakage,SEG-B,0.288,step change from onset
76,2,seepage,SEG-D,0.0461,quadratic growth from onset
77,0,evaporation,TK-01,0.002945,"PV valve, set 2.5 kPa"
77,0,evaporation,TK-02,2e-06,"PV valve, set 2.5 kPa"
77,0,evaporation,TK-03,0.000173,FREE VENT - PV valve missing/stuck open
77,0,evaporation,TK-04,2e-06,"PV valve, set 2.5 kPa"
77,0,evaporation,TK-05,2e-06,"PV valve, set 2.5 kPa"
77,0,evaporation,loading bays,0.002516,vapour displaced from road tankers
77,0,leakage,SEG-B,0.408,step change from onset
77,0,seepage,SEG-D,0.0696,quadratic growth from onset
77,1,spill,LB-05,8.5,hose coupling failure during loading
77,1,evaporation,TK-03,0.000231,FREE VENT - PV valve missing/stuck open
77,1,evaporation,TK-04,0.004821,"PV valve, set 2.5 kPa"
77,1,evaporation,loading bays,0.00318,vapour displaced from road tankers
77,1,leakage,SEG-B,0.504,step change from onset
77,1,seepage,SEG-D,0.086,quadratic growth from onset
77,2,evaporation,TK-01,1e-06,"PV valve, set 2.5 kPa"
77,2,evaporation,TK-02,0.002515,"PV valve, set 2.5 kPa"
77,2,evaporation,TK-03,0.000196,FREE VENT - PV valve missing/stuck open
77,2,evaporation,TK-04,1e-06,"PV valve, set 2.5 kPa"
77,2,evaporation,TK-05,1e-06,"PV valve, set 2.5 kPa"
77,2,evaporation,loading bays,0.001688,vapour displaced from road tankers
77,2,leakage,SEG-B,0.288,step change from onset
77,2,seepage,SEG-D,0.0492,quadratic growth from onset
78,0,evaporation,TK-01,2e-06,"PV valve, set 2.5 kPa"
78,0,evaporation,TK-02,2e-06,"PV valve, set 2.5 kPa"
78,0,evaporation,TK-03,0.002295,FREE VENT - PV valve missing/stuck open
78,0,evaporation,TK-04,2e-06,"PV valve, set 2.5 kPa"
78,0,evaporation,TK-05,2e-06,"PV valve, set 2.5 kPa"
78,0,evaporation,loading bays,0.002461,vapour displaced from road tankers
78,0,leakage,SEG-B,0.408,step change from onset
78,0,seepage,SEG-D,0.0741,quadratic growth from onset
78,1,evaporation,TK-03,0.000222,FREE VENT - PV valve missing/stuck open
78,1,evaporation,TK-05,0.004726,"PV valve, set 2.5 kPa"
78,1,evaporation,loading bays,0.003634,vapour displaced from road tankers
78,1,leakage,SEG-B,0.504,step change from onset
78,1,seepage,SEG-D,0.0915,quadratic growth from onset
78,2,evaporation,TK-01,0.002203,"PV valve, set 2.5 kPa"
78,2,evaporation,TK-02,1e-06,"PV valve, set 2.5 kPa"
78,2,evaporation,TK-03,0.00019,FREE VENT - PV valve missing/stuck open
78,2,evaporation,TK-04,1e-06,"PV valve, set 2.5 kPa"
78,2,evaporation,TK-05,1e-06,"PV valve, set 2.5 kPa"
78,2,evaporation,loading bays,0.001613,vapour displaced from road tankers
78,2,leakage,SEG-B,0.288,step change from onset
78,2,seepage,SEG-D,0.0523,quadratic growth from onset
79,0,evaporation,TK-01,2e-06,"PV valve, set 2.5 kPa"
79,0,evaporation,TK-02,0.002207,"PV valve, set 2.5 kPa"
79,0,evaporation,TK-03,0.000175,FREE VENT - PV valve missing/stuck open
79,0,evaporation,TK-04,2e-06,"PV valve, set 2.5 kPa"
79,0,evaporation,TK-05,2e-06,"PV valve, set 2.5 kPa"
79,0,evaporation,loading bays,0.002051,vapour displaced from road tankers
79,0,leakage,SEG-B,0.408,step change from onset
79,0,seepage,SEG-D,0.0786,quadratic growth from onset
79,1,evaporation,TK-03,0.003667,FREE VENT - PV valve missing/stuck open
79,1,evaporation,loading bays,0.003461,vapour displaced from road tankers
79,1,leakage,SEG-B,0.504,step change from onset
79,1,seepage,SEG-D,0.0971,quadratic growth from onset
79,2,evaporation,TK-01,1e-06,"PV valve, set 2.5 kPa"
79,2,evaporation,TK-02,1e-06,"PV valve, set 2.5 kPa"
79,2,evaporation,TK-03,0.000165,FREE VENT - PV valve missing/stuck open
79,2,evaporation,TK-04,1e-06,"PV valve, set 2.5 kPa"
79,2,evaporation,TK-05,0.0022,"PV valve, set 2.5 kPa"
79,2,evaporation,loading bays,0.001704,vapour displaced from road tankers
79,2,leakage,SEG-B,0.288,step change from onset
79,2,seepage,SEG-D,0.0555,quadratic growth from onset
80,0,evaporation,TK-01,1e-06,"PV valve, set 2.5 kPa"
80,0,evaporation,TK-02,1e-06,"PV valve, set 2.5 kPa"
80,0,evaporation,TK-03,0.000163,FREE VENT - PV valve missing/stuck open
80,0,evaporation,TK-04,0.00298,"PV valve, set 2.5 kPa"
80,0,evaporation,TK-05,2e-06,"PV valve, set 2.5 kPa"
80,0,evaporation,loading bays,0.002353,vapour displaced from road tankers
80,0,leakage,SEG-B,0.408,step change from onset
80,0,seepage,SEG-D,0.0833,quadratic growth from onset
80,1,evaporation,TK-01,0.004453,"PV valve, set 2.5 kPa"
80,1,evaporation,TK-03,0.000223,FREE VENT - PV valve missing/stuck open
80,1,evaporation,loading bays,0.0039,vapour displaced from road tankers
80,1,leakage,SEG-B,0.504,step change from onset
80,1,seepage,SEG-D,0.1029,quadratic growth from onset
80,2,evaporation,TK-01,2e-06,"PV valve, set 2.5 kPa"
80,2,evaporation,TK-02,0.001935,"PV valve, set 2.5 kPa"
80,2,evaporation,TK-03,0.000167,FREE VENT - PV valve missing/stuck open
80,2,evaporation,TK-04,2e-06,"PV valve, set 2.5 kPa"
80,2,evaporation,TK-05,2e-06,"PV valve, set 2.5 kPa"
80,2,evaporation,loading bays,0.001576,vapour displaced from road tankers
80,2,leakage,SEG-B,0.288,step change from onset
80,2,seepage,SEG-D,0.0588,quadratic growth from onset
81,0,evaporation,TK-01,2e-06,"PV valve, set 2.5 kPa"
81,0,evaporation,TK-02,2e-06,"PV valve, set 2.5 kPa"
81,0,evaporation,TK-03,0.000165,FREE VENT - PV valve missing/stuck open
81,0,evaporation,TK-04,2e-06,"PV valve, set 2.5 kPa"
81,0,evaporation,TK-05,0.002604,"PV valve, set 2.5 kPa"
81,0,evaporation,loading bays,0.001658,vapour displaced from road tankers
81,0,leakage,SEG-B,0.408,step change from onset
81,0,seepage,SEG-D,0.0881,quadratic growth from onset
81,1,evaporation,TK-03,0.000229,FREE VENT - PV valve missing/stuck open
81,1,evaporation,TK-04,0.004308,"PV valve, set 2.5 kPa"
81,1,evaporation,loading bays,0.003899,vapour displaced from road tankers
81,1,leakage,SEG-B,0.504,step change from onset
81,1,seepage,SEG-D,0.1089,quadratic growth from onset
81,2,evaporation,TK-01,1e-06,"PV valve, set 2.5 kPa"
81,2,evaporation,TK-02,0.002168,"PV valve, set 2.5 kPa"
81,2,evaporation,TK-03,0.000206,FREE VENT - PV valve missing/stuck open
81,2,evaporation,TK-04,1e-06,"PV valve, set 2.5 kPa"
81,2,evaporation,TK-05,1e-06,"PV valve, set 2.5 kPa"
81,2,evaporation,loading bays,0.001945,vapour displaced from road tankers
81,2,leakage,SEG-B,0.288,step change from onset
81,2,seepage,SEG-D,0.0622,quadratic growth from onset
82,0,evaporation,TK-01,2e-06,"PV valve, set 2.5 kPa"
82,0,evaporation,TK-02,2e-06,"PV valve, set 2.5 kPa"
82,0,evaporation,TK-03,0.003628,FREE VENT - PV valve missing/stuck open
82,0,evaporation,TK-04,2e-06,"PV valve, set 2.5 kPa"
82,0,evaporation,TK-05,2e-06,"PV valve, set 2.5 kPa"
82,0,evaporation,loading bays,0.002363,vapour displaced from road tankers
82,0,leakage,SEG-B,0.408,step change from onset
82,0,seepage,SEG-D,0.0931,quadratic growth from onset
82,1,evaporation,TK-01,0.00375,"PV valve, set 2.5 kPa"
82,1,evaporation,TK-03,0.000191,FREE VENT - PV valve missing/stuck open
82,1,evaporation,loading bays,0.003531,vapour displaced from road tankers
82,1,leakage,SEG-B,0.504,step change from onset
82,1,seepage,SEG-D,0.115,quadratic growth from onset
82,2,evaporation,TK-01,1e-06,"PV valve, set 2.5 kPa"
82,2,evaporation,TK-02,1e-06,"PV valve, set 2.5 kPa"
82,2,evaporation,TK-03,0.000164,FREE VENT - PV valve missing/stuck open
82,2,evaporation,TK-04,1e-06,"PV valve, set 2.5 kPa"
82,2,evaporation,TK-05,0.002197,"PV valve, set 2.5 kPa"
82,2,evaporation,loading bays,0.001566,vapour displaced from road tankers
82,2,leakage,SEG-B,0.288,step change from onset
82,2,seepage,SEG-D,0.0657,quadratic growth from onset
83,0,evaporation,TK-01,1e-06,"PV valve, set 2.5 kPa"
83,0,evaporation,TK-02,0.00295,"PV valve, set 2.5 kPa"
83,0,evaporation,TK-03,0.000164,FREE VENT - PV valve missing/stuck open
83,0,evaporation,TK-04,1e-06,"PV valve, set 2.5 kPa"
83,0,evaporation,TK-05,2e-06,"PV valve, set 2.5 kPa"
83,0,evaporation,loading bays,0.002117,vapour displaced from road tankers
83,0,leakage,SEG-B,0.408,step change from onset
83,0,seepage,SEG-D,0.0982,quadratic growth from onset
83,1,evaporation,TK-03,0.000221,FREE VENT - PV valve missing/stuck open
83,1,evaporation,TK-05,0.004407,"PV valve, set 2.5 kPa"
83,1,evaporation,loading bays,0.00394,vapour displaced from road tankers
83,1,leakage,SEG-B,0.504,step change from onset
83,1,seepage,SEG-D,0.1213,quadratic growth from onset
83,2,evaporation,TK-01,1e-06,"PV valve, set 2.5 kPa"
83,2,evaporation,TK-02,1e-06,"PV valve, set 2.5 kPa"
83,2,evaporation,TK-03,0.000179,FREE VENT - PV valve missing/stuck open
83,2,evaporation,TK-04,0.001996,"PV valve, set 2.5 kPa"
83,2,evaporation,TK-05,1e-06,"PV valve, set 2.5 kPa"
83,2,evaporation,loading bays,0.001669,vapour displaced from road tankers
83,2,leakage,SEG-B,0.288,step change from onset
83,2,seepage,SEG-D,0.0693,quadratic growth from onset
84,0,evaporation,TK-01,0.002952,"PV valve, set 2.5 kPa"
84,0,evaporation,TK-02,1e-06,"PV valve, set 2.5 kPa"
84,0,evaporation,TK-03,0.000181,FREE VENT - PV valve missing/stuck open
84,0,evaporation,TK-04,1e-06,"PV valve, set 2.5 kPa"
84,0,evaporation,TK-05,2e-06,"PV valve, set 2.5 kPa"
84,0,evaporation,loading bays,0.00229,vapour displaced from road tankers
84,0,leakage,SEG-B,0.408,step change from onset
84,0,seepage,SEG-D,0.1034,quadratic growth from onset
84,1,evaporation,TK-03,0.004837,FREE VENT - PV valve missing/stuck open
84,1,evaporation,loading bays,0.003171,vapour displaced from road tankers
84,1,leakage,SEG-B,0.504,step change from onset
84,1,seepage,SEG-D,0.1278,quadratic growth from onset
84,2,evaporation,TK-01,1e-06,"PV valve, set 2.5 kPa"
84,2,evaporation,TK-02,0.002415,"PV valve, set 2.5 kPa"
84,2,evaporation,TK-03,0.000152,FREE VENT - PV valve missing/stuck open
84,2,evaporation,TK-04,1e-06,"PV valve, set 2.5 kPa"
84,2,evaporation,TK-05,1e-06,"PV valve, set 2.5 kPa"
84,2,evaporation,loading bays,0.001998,vapour displaced from road tankers
84,2,leakage,SEG-B,0.288,step change from onset
84,2,seepage,SEG-D,0.073,quadratic growth from onset
85,0,evaporation,TK-01,1e-06,"PV valve, set 2.5 kPa"
85,0,evaporation,TK-02,1e-06,"PV valve, set 2.5 kPa"
85,0,evaporation,TK-03,0.00015,FREE VENT - PV valve missing/stuck open
85,0,evaporation,TK-04,0.002498,"PV valve, set 2.5 kPa"
85,0,evaporation,TK-05,2e-06,"PV valve, set 2.5 kPa"
85,0,evaporation,loading bays,0.002269,vapour displaced from road tankers
85,0,leakage,SEG-B,0.408,step change from onset
85,0,seepage,SEG-D,0.1088,quadratic growth from onset
85,1,evaporation,TK-03,0.000196,FREE VENT - PV valve missing/stuck open
85,1,evaporation,TK-05,0.004501,"PV valve, set 2.5 kPa"
85,1,evaporation,loading bays,0.003763,vapour displaced from road tankers
85,1,leakage,SEG-B,0.504,step change from onset
85,1,seepage,SEG-D,0.1344,quadratic growth from onset
85,2,evaporation,TK-01,0.002181,"PV valve, set 2.5 kPa"
85,2,evaporation,TK-02,0.0,"PV valve, set 2.5 kPa"
85,2,evaporation,TK-03,0.000182,FREE VENT - PV valve missing/stuck open
85,2,evaporation,TK-04,0.0,"PV valve, set 2.5 kPa"
85,2,evaporation,TK-05,0.0,"PV valve, set 2.5 kPa"
85,2,evaporation,loading bays,0.002031,vapour displaced from road tankers
85,2,leakage,SEG-B,0.288,step change from onset
85,2,seepage,SEG-D,0.0768,quadratic growth from onset
86,0,evaporation,TK-01,1e-06,"PV valve, set 2.5 kPa"
86,0,evaporation,TK-02,0.002774,"PV valve, set 2.5 kPa"
86,0,evaporation,TK-03,0.000172,FREE VENT - PV valve missing/stuck open
86,0,evaporation,TK-04,1e-06,"PV valve, set 2.5 kPa"
86,0,evaporation,TK-05,1e-06,"PV valve, set 2.5 kPa"
86,0,evaporation,loading bays,0.002232,vapour displaced from road tankers
86,0,leakage,SEG-B,0.408,step change from onset
86,0,seepage,SEG-D,0.1143,quadratic growth from onset
86,1,evaporation,TK-03,0.000229,FREE VENT - PV valve missing/stuck open
86,1,evaporation,TK-04,0.005814,"PV valve, set 2.5 kPa"
86,1,evaporation,loading bays,0.003467,vapour displaced from road tankers
86,1,leakage,SEG-B,0.504,step change from onset
86,1,seepage,SEG-D,0.1412,quadratic growth from onset
86,2,evaporation,TK-01,1e-06,"PV valve, set 2.5 kPa"
86,2,evaporation,TK-02,1e-06,"PV valve, set 2.5 kPa"
86,2,evaporation,TK-03,0.000185,FREE VENT - PV valve missing/stuck open
86,2,evaporation,TK-04,1e-06,"PV valve, set 2.5 kPa"
86,2,evaporation,TK-05,0.001936,"PV valve, set 2.5 kPa"
86,2,evaporation,loading bays,0.001595,vapour displaced from road tankers
86,2,leakage,SEG-B,0.288,step change from onset
86,2,seepage,SEG-D,0.0807,quadratic growth from onset
87,0,evaporation,TK-01,0.002965,"PV valve, set 2.5 kPa"
87,0,evaporation,TK-02,1e-06,"PV valve, set 2.5 kPa"
87,0,evaporation,TK-03,0.000181,FREE VENT - PV valve missing/stuck open
87,0,evaporation,TK-04,1e-06,"PV valve, set 2.5 kPa"
87,0,evaporation,TK-05,2e-06,"PV valve, set 2.5 kPa"
87,0,evaporation,loading bays,0.002302,vapour displaced from road tankers
87,0,leakage,SEG-B,0.408,step change from onset
87,0,seepage,SEG-D,0.12,quadratic growth from onset
87,1,evaporation,TK-03,0.004686,FREE VENT - PV valve missing/stuck open
87,1,evaporation,loading bays,0.003819,vapour displaced from road tankers
87,1,leakage,SEG-B,0.504,step change from onset
87,1,seepage,SEG-D,0.1482,quadratic growth from onset
87,2,evaporation,TK-01,1e-06,"PV valve, set 2.5 kPa"
87,2,evaporation,TK-02,1e-06,"PV valve, set 2.5 kPa"
87,2,evaporation,TK-03,0.00016,FREE VENT - PV valve missing/stuck open
87,2,evaporation,TK-04,1e-06,"PV valve, set 2.5 kPa"
87,2,evaporation,TK-05,0.002387,"PV valve, set 2.5 kPa"
87,2,evaporation,loading bays,0.001824,vapour displaced from road tankers
87,2,leakage,SEG-B,0.288,step change from onset
87,2,seepage,SEG-D,0.0847,quadratic growth from onset
88,0,evaporation,TK-01,2e-06,"PV valve, set 2.5 kPa"
88,0,evaporation,TK-02,0.002606,"PV valve, set 2.5 kPa"
88,0,evaporation,TK-03,0.000147,FREE VENT - PV valve missing/stuck open
88,0,evaporation,TK-04,2e-06,"PV valve, set 2.5 kPa"
88,0,evaporation,TK-05,2e-06,"PV valve, set 2.5 kPa"
88,0,evaporation,loading bays,0.00246,vapour displaced from road tankers
88,0,leakage,SEG-B,0.408,step change from onset
88,0,seepage,SEG-D,0.1257,quadratic growth from onset
88,1,evaporation,TK-03,0.000213,FREE VENT - PV valve missing/stuck open
88,1,evaporation,TK-05,0.004179,"PV valve, set 2.5 kPa"
88,1,evaporation,loading bays,0.004142,vapour displaced from road tankers
88,1,leakage,SEG-B,0.504,step change from onset
88,1,seepage,SEG-D,0.1553,quadratic growth from onset
88,2,evaporation,TK-01,0.001741,"PV valve, set 2.5 kPa"
88,2,evaporation,TK-02,1e-06,"PV valve, set 2.5 kPa"
88,2,evaporation,TK-03,0.000186,FREE VENT - PV valve missing/stuck open
88,2,evaporation,TK-04,1e-06,"PV valve, set 2.5 kPa"
88,2,evaporation,TK-05,1e-06,"PV valve, set 2.5 kPa"
88,2,evaporation,loading bays,0.001907,vapour displaced from road tankers
88,2,leakage,SEG-B,0.288,step change from onset
88,2,seepage,SEG-D,0.0888,quadratic growth from onset
89,0,evaporation,TK-01,1e-06,"PV valve, set 2.5 kPa"
89,0,evaporation,TK-02,1e-06,"PV valve, set 2.5 kPa"
89,0,evaporation,TK-03,0.000175,FREE VENT - PV valve missing/stuck open
89,0,evaporation,TK-04,0.002682,"PV valve, set 2.5 kPa"
89,0,evaporation,TK-05,2e-06,"PV valve, set 2.5 kPa"
89,0,evaporation,loading bays,0.002297,vapour displaced from road tankers
89,0,leakage,SEG-B,0.408,step change from onset
89,0,seepage,SEG-D,0.1316,quadratic growth from onset
89,1,evaporation,TK-02,0.004895,"PV valve, set 2.5 kPa"
89,1,evaporation,TK-03,0.000236,FREE VENT - PV valve missing/stuck open
89,1,evaporation,loading bays,0.003458,vapour displaced from road tankers
89,1,leakage,SEG-B,0.504,step change from onset
89,1,seepage,SEG-D,0.1626,quadratic growth from onset
89,2,evaporation,TK-01,0.002684,"PV valve, set 2.5 kPa"
89,2,evaporation,TK-02,0.0,"PV valve, set 2.5 kPa"
89,2,evaporation,TK-03,0.000207,FREE VENT - PV valve missing/stuck open
89,2,evaporation,TK-04,0.0,"PV valve, set 2.5 kPa"
89,2,evaporation,TK-05,0.0,"PV valve, set 2.5 kPa"
89,2,evaporation,loading bays,0.001839,vapour displaced from road tankers
89,2,leakage,SEG-B,0.288,step change from onset
89,2,seepage,SEG-D,0.0929,quadratic growth from onset
90,0,evaporation,TK-01,2e-06,"PV valve, set 2.5 kPa"
90,0,evaporation,TK-02,2e-06,"PV valve, set 2.5 kPa"
90,0,evaporation,TK-03,0.002789,FREE VENT - PV valve missing/stuck open
90,0,evaporation,TK-04,2e-06,"PV valve, set 2.5 kPa"
90,0,evaporation,TK-05,2e-06,"PV valve, set 2.5 kPa"
90,0,evaporation,loading bays,0.002397,vapour displaced from road tankers
90,0,leakage,SEG-B,0.408,step change from onset
90,0,seepage,SEG-D,0.1377,quadratic growth from onset
90,1,evaporation,TK-03,0.000214,FREE VENT - PV valve missing/stuck open
90,1,evaporation,TK-05,0.004478,"PV valve, set 2.5 kPa"
90,1,evaporation,loading bays,0.003978,vapour displaced from road tankers
90,1,leakage,SEG-B,0.504,step change from onset
90,1,seepage,SEG-D,0.1701,quadratic growth from onset
90,2,evaporation,TK-01,1e-06,"PV valve, set 2.5 kPa"
90,2,evaporation,TK-02,1e-06,"PV valve, set 2.5 kPa"
90,2,evaporation,TK-03,0.000181,FREE VENT - PV valve missing/stuck open
90,2,evaporation,TK-04,0.002129,"PV valve, set 2.5 kPa"
90,2,evaporation,TK-05,1e-06,"PV valve, set 2.5 kPa"
90,2,evaporation,loading bays,0.001444,vapour displaced from road tankers
90,2,leakage,SEG-B,0.288,step change from onset
90,2,seepage,SEG-D,0.0972,quadratic growth from onset
91,0,evaporation,TK-01,0.002303,"PV valve, set 2.5 kPa"
91,0,evaporation,TK-02,1e-06,"PV valve, set 2.5 kPa"
91,0,evaporation,TK-03,0.00018,FREE VENT - PV valve missing/stuck open
91,0,evaporation,TK-04,1e-06,"PV valve, set 2.5 kPa"
91,0,evaporation,TK-05,1e-06,"PV valve, set 2.5 kPa"
91,0,evaporation,loading bays,0.002176,vapour displaced from road tankers
91,0,leakage,SEG-B,0.408,step change from onset
91,0,seepage,SEG-D,0.1439,quadratic growth from onset
91,1,evaporation,TK-02,0.003631,"PV valve, set 2.5 kPa"
91,1,evaporation,TK-03,0.000221,FREE VENT - PV valve missing/stuck open
91,1,evaporation,loading bays,0.003698,vapour displaced from road tankers
91,1,leakage,SEG-B,0.504,step change from onset
91,1,seepage,SEG-D,0.1777,quadratic growth from onset
91,2,evaporation,TK-01,1e-06,"PV valve, set 2.5 kPa"
91,2,evaporation,TK-02,1e-06,"PV valve, set 2.5 kPa"
91,2,evaporation,TK-03,0.000197,FREE VENT - PV valve missing/stuck open
91,2,evaporation,TK-04,0.001931,"PV valve, set 2.5 kPa"
91,2,evaporation,TK-05,1e-06,"PV valve, set 2.5 kPa"
91,2,evaporation,loading bays,0.001826,vapour displaced from road tankers
91,2,leakage,SEG-B,0.288,step change from onset
91,2,seepage,SEG-D,0.1016,quadratic growth from onset
92,0,evaporation,TK-01,2e-06,"PV valve, set 2.5 kPa"
92,0,evaporation,TK-02,1e-06,"PV valve, set 2.5 kPa"
92,0,evaporation,TK-03,0.000183,FREE VENT - PV valve missing/stuck open
92,0,evaporation,TK-04,1e-06,"PV valve, set 2.5 kPa"
92,0,evaporation,TK-05,0.002677,"PV valve, set 2.5 kPa"
92,0,evaporation,loading bays,0.002281,vapour displaced from road tankers
92,0,leakage,SEG-B,0.408,step change from onset
92,0,seepage,SEG-D,0.1502,quadratic growth from onset
92,1,evaporation,TK-03,0.004823,FREE VENT - PV valve missing/stuck open
92,1,evaporation,loading bays,0.003427,vapour displaced from road tankers
92,1,leakage,SEG-B,0.504,step change from onset
92,1,seepage,SEG-D,0.1856,quadratic growth from onset
92,2,evaporation,TK-01,0.002373,"PV valve, set 2.5 kPa"
92,2,evaporation,TK-02,1e-06,"PV valve, set 2.5 kPa"
92,2,evaporation,TK-03,0.000163,FREE VENT - PV valve missing/stuck open
92,2,evaporation,TK-04,1e-06,"PV valve, set 2.5 kPa"
92,2,evaporation,TK-05,1e-06,"PV valve, set 2.5 kPa"
92,2,evaporation,loading bays,0.001679,vapour displaced from road tankers
92,2,leakage,SEG-B,0.288,step change from onset
92,2,seepage,SEG-D,0.106,quadratic growth from onset
93,0,evaporation,TK-01,2e-06,"PV valve, set 2.5 kPa"
93,0,evaporation,TK-02,2e-06,"PV valve, set 2.5 kPa"
93,0,evaporation,TK-03,0.000153,FREE VENT - PV valve missing/stuck open
93,0,evaporation,TK-04,0.002836,"PV valve, set 2.5 kPa"
93,0,evaporation,TK-05,2e-06,"PV valve, set 2.5 kPa"
93,0,evaporation,loading bays,0.001797,vapour displaced from road tankers
93,0,leakage,SEG-B,0.408,step change from onset
93,0,seepage,SEG-D,0.1567,quadratic growth from onset
93,1,evaporation,TK-03,0.000205,FREE VENT - PV valve missing/stuck open
93,1,evaporation,TK-05,0.004115,"PV valve, set 2.5 kPa"
93,1,evaporation,loading bays,0.003711,vapour displaced from road tankers
93,1,leakage,SEG-B,0.504,step change from onset
93,1,seepage,SEG-D,0.1935,quadratic growth from onset
93,2,evaporation,TK-01,1e-06,"PV valve, set 2.5 kPa"
93,2,evaporation,TK-02,0.002185,"PV valve, set 2.5 kPa"
93,2,evaporation,TK-03,0.00018,FREE VENT - PV valve missing/stuck open
93,2,evaporation,TK-04,1e-06,"PV valve, set 2.5 kPa"
93,2,evaporation,TK-05,1e-06,"PV valve, set 2.5 kPa"
93,2,evaporation,loading bays,0.001812,vapour displaced from road tankers
93,2,leakage,SEG-B,0.288,step change from onset
93,2,seepage,SEG-D,0.1106,quadratic growth from onset
94,0,evaporation,TK-01,0.002657,"PV valve, set 2.5 kPa"
94,0,evaporation,TK-02,1e-06,"PV valve, set 2.5 kPa"
94,0,evaporation,TK-03,0.000176,FREE VENT - PV valve missing/stuck open
94,0,evaporation,TK-04,1e-06,"PV valve, set 2.5 kPa"
94,0,evaporation,TK-05,2e-06,"PV valve, set 2.5 kPa"
94,0,evaporation,loading bays,0.002115,vapour displaced from road tankers
94,0,leakage,SEG-B,0.408,step change from onset
94,0,seepage,SEG-D,0.1633,quadratic growth from onset
94,1,evaporation,TK-02,0.003831,"PV valve, set 2.5 kPa"
94,1,evaporation,TK-03,0.000247,FREE VENT - PV valve missing/stuck open
94,1,evaporation,loading bays,0.00349,vapour displaced from road tankers
94,1,leakage,SEG-B,0.504,step change from onset
94,1,seepage,SEG-D,0.2017,quadratic growth from onset
94,2,evaporation,TK-01,0.0,"PV valve, set 2.5 kPa"
94,2,evaporation,TK-02,0.0,"PV valve, set 2.5 kPa"
94,2,evaporation,TK-03,0.000201,FREE VENT - PV valve missing/stuck open
94,2,evaporation,TK-04,0.002013,"PV valve, set 2.5 kPa"
94,2,evaporation,TK-05,1e-06,"PV valve, set 2.5 kPa"
94,2,evaporation,loading bays,0.001451,vapour displaced from road tankers
94,2,leakage,SEG-B,0.288,step change from onset
94,2,seepage,SEG-D,0.1152,quadratic growth from onset
95,0,evaporation,TK-01,2e-06,"PV valve, set 2.5 kPa"
95,0,evaporation,TK-02,2e-06,"PV valve, set 2.5 kPa"
95,0,evaporation,TK-03,0.000176,FREE VENT - PV valve missing/stuck open
95,0,evaporation,TK-04,2e-06,"PV valve, set 2.5 kPa"
95,0,evaporation,TK-05,0.002513,"PV valve, set 2.5 kPa"
95,0,evaporation,loading bays,0.0024,vapour displaced from road tankers
95,0,leakage,SEG-B,0.408,step change from onset
95,0,seepage,SEG-D,0.17,quadratic growth from onset
95,1,evaporation,TK-03,0.004862,FREE VENT - PV valve missing/stuck open
95,1,evaporation,loading bays,0.004041,vapour displaced from road tankers
95,1,leakage,SEG-B,0.504,step change from onset
95,1,seepage,SEG-D,0.21,quadratic growth from onset
95,2,evaporation,TK-01,0.001841,"PV valve, set 2.5 kPa"
95,2,evaporation,TK-02,0.0,"PV valve, set 2.5 kPa"
95,2,evaporation,TK-03,0.000173,FREE VENT - PV valve missing/stuck open
95,2,evaporation,TK-04,0.0,"PV valve, set 2.5 kPa"
95,2,evaporation,TK-05,0.0,"PV valve, set 2.5 kPa"
95,2,evaporation,loading bays,0.002146,vapour displaced from road tankers
95,2,leakage,SEG-B,0.288,step change from onset
95,2,seepage,SEG-D,0.12,quadratic growth from onset
96,0,evaporation,TK-01,1e-06,"PV valve, set 2.5 kPa"
96,0,evaporation,TK-02,1e-06,"PV valve, set 2.5 kPa"
96,0,evaporation,TK-03,0.000163,FREE VENT - PV valve missing/stuck open
96,0,evaporation,TK-04,0.003319,"PV valve, set 2.5 kPa"
96,0,evaporation,TK-05,2e-06,"PV valve, set 2.5 kPa"
96,0,evaporation,loading bays,0.002279,vapour displaced from road tankers
96,0,leakage,SEG-B,0.408,step change from onset
96,0,seepage,SEG-D,0.1769,quadratic growth from onset
96,1,evaporation,TK-03,0.000215,FREE VENT - PV valve missing/stuck open
96,1,evaporation,TK-05,0.004651,"PV valve, set 2.5 kPa"
96,1,evaporation,loading bays,0.004008,vapour displaced from road tankers
96,1,leakage,SEG-B,0.504,step change from onset
96,1,seepage,SEG-D,0.2185,quadratic growth from onset
96,2,evaporation,TK-01,0.0,"PV valve, set 2.5 kPa"
96,2,evaporation,TK-02,0.002035,"PV valve, set 2.5 kPa"
96,2,evaporation,TK-03,0.000197,FREE VENT - PV valve missing/stuck open
96,2,evaporation,TK-04,0.0,"PV valve, set 2.5 kPa"
96,2,evaporation,TK-05,0.0,"PV valve, set 2.5 kPa"
96,2,evaporation,loading bays,0.001955,vapour displaced from road tankers
96,2,leakage,SEG-B,0.288,step change from onset
96,2,seepage,SEG-D,0.1248,quadratic growth from onset
97,0,evaporation,TK-01,0.003188,"PV valve, set 2.5 kPa"
97,0,evaporation,TK-02,1e-06,"PV valve, set 2.5 kPa"
97,0,evaporation,TK-03,0.000193,FREE VENT - PV valve missing/stuck open
97,0,evaporation,TK-04,1e-06,"PV valve, set 2.5 kPa"
97,0,evaporation,TK-05,1e-06,"PV valve, set 2.5 kPa"
97,0,evaporation,loading bays,0.00273,vapour displaced from road tankers
97,0,leakage,SEG-B,0.408,step change from onset
97,0,seepage,SEG-D,0.1839,quadratic growth from onset
97,1,evaporation,TK-02,0.005007,"PV valve, set 2.5 kPa"
97,1,evaporation,TK-03,0.000258,FREE VENT - PV valve missing/stuck open
97,1,evaporation,loading bays,0.004011,vapour displaced from road tankers
97,1,leakage,SEG-B,0.504,step change from onset
97,1,seepage,SEG-D,0.2271,quadratic growth from onset
97,2,evaporation,TK-01,1e-06,"PV valve, set 2.5 kPa"
97,2,evaporation,TK-02,1e-06,"PV valve, set 2.5 kPa"
97,2,evaporation,TK-03,0.002303,FREE VENT - PV valve missing/stuck open
97,2,evaporation,TK-04,1e-06,"PV valve, set 2.5 kPa"
97,2,evaporation,TK-05,1e-06,"PV valve, set 2.5 kPa"
97,2,evaporation,loading bays,0.001734,vapour displaced from road tankers
97,2,leakage,SEG-B,0.288,step change from onset
97,2,seepage,SEG-D,0.1298,quadratic growth from onset
98,0,evaporation,TK-01,1e-06,"PV valve, set 2.5 kPa"
98,0,evaporation,TK-02,1e-06,"PV valve, set 2.5 kPa"
98,0,evaporation,TK-03,0.000179,FREE VENT - PV valve missing/stuck open
98,0,evaporation,TK-04,0.003053,"PV valve, set 2.5 kPa"
98,0,evaporation,TK-05,1e-06,"PV valve, set 2.5 kPa"
98,0,evaporation,loading bays,0.002224,vapour displaced from road tankers
98,0,leakage,SEG-B,0.408,step change from onset
98,0,seepage,SEG-D,0.191,quadratic growth from onset
98,1,evaporation,TK-03,0.000224,FREE VENT - PV valve missing/stuck open
98,1,evaporation,TK-05,0.003883,"PV valve, set 2.5 kPa"
98,1,evaporation,loading bays,0.004341,vapour displaced from road tankers
98,1,leakage,SEG-B,0.504,step change from onset
98,1,seepage,SEG-D,0.236,quadratic growth from onset
98,2,evaporation,TK-01,0.002186,"PV valve, set 2.5 kPa"
98,2,evaporation,TK-02,0.0,"PV valve, set 2.5 kPa"
98,2,evaporation,TK-03,0.000197,FREE VENT - PV valve missing/stuck open
98,2,evaporation,TK-04,0.0,"PV valve, set 2.5 kPa"
98,2,evaporation,TK-05,1e-06,"PV valve, set 2.5 kPa"
98,2,evaporation,loading bays,0.001784,vapour displaced from road tankers
98,2,leakage,SEG-B,0.288,step change from onset
98,2,seepage,SEG-D,0.1348,quadratic growth from onset
99,0,evaporation,TK-01,1e-06,"PV valve, set 2.5 kPa"
99,0,evaporation,TK-02,1e-06,"PV valve, set 2.5 kPa"
99,0,evaporation,TK-03,0.002952,FREE VENT - PV valve missing/stuck open
99,0,evaporation,TK-04,1e-06,"PV valve, set 2.5 kPa"
99,0,evaporation,TK-05,2e-06,"PV valve, set 2.5 kPa"
99,0,evaporation,loading bays,0.002496,vapour displaced from road tankers
99,0,leakage,SEG-B,0.408,step change from onset
99,0,seepage,SEG-D,0.1983,quadratic growth from onset
99,1,evaporation,TK-03,0.000219,FREE VENT - PV valve missing/stuck open
99,1,evaporation,TK-05,0.005586,"PV valve, set 2.5 kPa"
99,1,evaporation,loading bays,0.004246,vapour displaced from road tankers
99,1,leakage,SEG-B,0.504,step change from onset
99,1,seepage,SEG-D,0.2449,quadratic growth from onset
99,2,evaporation,TK-01,0.0,"PV valve, set 2.5 kPa"
99,2,evaporation,TK-02,0.002677,"PV valve, set 2.5 kPa"
99,2,evaporation,TK-03,0.000183,FREE VENT - PV valve missing/stuck open
99,2,evaporation,TK-04,0.0,"PV valve, set 2.5 kPa"
99,2,evaporation,TK-05,0.0,"PV valve, set 2.5 kPa"
99,2,evaporation,loading bays,0.001883,vapour displaced from road tankers
99,2,leakage,SEG-B,0.288,step change from onset
99,2,seepage,SEG-D,0.14,quadratic growth from onset
100,0,evaporation,TK-01,2e-06,"PV valve, set 2.5 kPa"
100,0,evaporation,TK-02,2e-06,"PV valve, set 2.5 kPa"
100,0,evaporation,TK-03,0.000159,FREE VENT - PV valve missing/stuck open
100,0,evaporation,TK-04,0.002732,"PV valve, set 2.5 kPa"
100,0,evaporation,TK-05,2e-06,"PV valve, set 2.5 kPa"
100,0,evaporation,loading bays,0.002138,vapour displaced from road tankers
100,0,leakage,SEG-B,0.408,step change from onset
100,0,seepage,SEG-D,0.2057,quadratic growth from onset
100,1,evaporation,TK-01,0.004582,"PV valve, set 2.5 kPa"
100,1,evaporation,TK-03,0.000228,FREE VENT - PV valve missing/stuck open
100,1,evaporation,loading bays,0.003549,vapour displaced from road tankers
100,1,leakage,SEG-B,0.504,step change from onset
100,1,seepage,SEG-D,0.2541,quadratic growth from onset
100,2,evaporation,TK-01,0.0,"PV valve, set 2.5 kPa"
100,2,evaporation,TK-02,0.001917,"PV valve, set 2.5 kPa"
100,2,evaporation,TK-03,0.000194,FREE VENT - PV valve missing/stuck open
100,2,evaporation,TK-04,0.0,"PV valve, set 2.5 kPa"
100,2,evaporation,TK-05,1e-06,"PV valve, set 2.5 kPa"
100,2,evaporation,loading bays,0.001758,vapour displaced from road tankers
100,2,leakage,SEG-B,0.288,step change from onset
100,2,seepage,SEG-D,0.1452,quadratic growth from onset
101,0,evaporation,TK-01,1e-06,"PV valve, set 2.5 kPa"
101,0,evaporation,TK-02,1e-06,"PV valve, set 2.5 kPa"
101,0,evaporation,TK-03,0.000183,FREE VENT - PV valve missing/stuck open
101,0,evaporation,TK-04,1e-06,"PV valve, set 2.5 kPa"
101,0,evaporation,TK-05,0.003099,"PV valve, set 2.5 kPa"
101,0,evaporation,loading bays,0.002228,vapour displaced from road tankers
101,0,leakage,SEG-B,0.408,step change from onset
101,0,seepage,SEG-D,0.2132,quadratic growth from onset
101,1,evaporation,TK-03,0.000254,FREE VENT - PV valve missing/stuck open
101,1,evaporation,TK-04,0.005107,"PV valve, set 2.5 kPa"
101,1,evaporation,loading bays,0.00455,vapour displaced from road tankers
101,1,leakage,SEG-B,0.504,step change from onset
101,1,seepage,SEG-D,0.2634,quadratic growth from onset
101,2,evaporation,TK-01,0.0,"PV valve, set 2.5 kPa"
101,2,evaporation,TK-02,0.0,"PV valve, set 2.5 kPa"
101,2,evaporation,TK-03,0.002664,FREE VENT - PV valve missing/stuck open
101,2,evaporation,TK-04,0.0,"PV valve, set 2.5 kPa"
101,2,evaporation,TK-05,0.0,"PV valve, set 2.5 kPa"
101,2,evaporation,loading bays,0.002081,vapour displaced from road tankers
101,2,leakage,SEG-B,0.288,step change from onset
101,2,seepage,SEG-D,0.1505,quadratic growth from onset
102,0,evaporation,TK-01,0.002158,"PV valve, set 2.5 kPa"
102,0,evaporation,TK-02,1e-06,"PV valve, set 2.5 kPa"
102,0,evaporation,TK-03,0.000185,FREE VENT - PV valve missing/stuck open
102,0,evaporation,TK-04,1e-06,"PV valve, set 2.5 kPa"
102,0,evaporation,TK-05,1e-06,"PV valve, set 2.5 kPa"
102,0,evaporation,loading bays,0.002547,vapour displaced from road tankers
102,0,leakage,SEG-B,0.408,step change from onset
102,0,seepage,SEG-D,0.2209,quadratic growth from onset
102,1,evaporation,TK-02,0.005378,"PV valve, set 2.5 kPa"
102,1,evaporation,TK-03,0.000248,FREE VENT - PV valve missing/stuck open
102,1,evaporation,loading bays,0.00436,vapour displaced from road tankers
102,1,leakage,SEG-B,0.504,step change from onset
102,1,seepage,SEG-D,0.2729,quadratic growth from onset
102,2,evaporation,TK-01,0.0,"PV valve, set 2.5 kPa"
102,2,evaporation,TK-02,0.0,"PV valve, set 2.5 kPa"
102,2,evaporation,TK-03,0.000199,FREE VENT - PV valve missing/stuck open
102,2,evaporation,TK-04,0.0,"PV valve, set 2.5 kPa"
102,2,evaporation,TK-05,0.001885,"PV valve, set 2.5 kPa"
102,2,evaporation,loading bays,0.001723,vapour displaced from road tankers
102,2,leakage,SEG-B,0.288,step change from onset
102,2,seepage,SEG-D,0.156,quadratic growth from onset
103,0,evaporation,TK-01,0.003713,"PV valve, set 2.5 kPa"
103,0,evaporation,TK-02,1e-06,"PV valve, set 2.5 kPa"
103,0,evaporation,TK-03,0.000194,FREE VENT - PV valve missing/stuck open
103,0,evaporation,TK-04,1e-06,"PV valve, set 2.5 kPa"
103,0,evaporation,TK-05,1e-06,"PV valve, set 2.5 kPa"
103,0,evaporation,loading bays,0.00189,vapour displaced from road tankers
103,0,leakage,SEG-B,0.408,step change from onset
103,0,seepage,SEG-D,0.2288,quadratic growth from onset
103,1,evaporation,TK-03,0.004579,FREE VENT - PV valve missing/stuck open
103,1,evaporation,loading bays,0.004118,vapour displaced from road tankers
103,1,leakage,SEG-B,0.504,step change from onset
103,1,seepage,SEG-D,0.2826,quadratic growth from onset
103,2,evaporation,TK-01,1e-06,"PV valve, set 2.5 kPa"
103,2,evaporation,TK-02,1e-06,"PV valve, set 2.5 kPa"
103,2,evaporation,TK-03,0.000168,FREE VENT - PV valve missing/stuck open
103,2,evaporation,TK-04,0.002174,"PV valve, set 2.5 kPa"
103,2,evaporation,TK-05,1e-06,"PV valve, set 2.5 kPa"
103,2,evaporation,loading bays,0.00156,vapour displaced from road tankers
103,2,leakage,SEG-B,0.288,step change from onset
103,2,seepage,SEG-D,0.1615,quadratic growth from onset
104,0,evaporation,TK-01,1e-06,"PV valve, set 2.5 kPa"
104,0,evaporation,TK-02,1e-06,"PV valve, set 2.5 kPa"
104,0,evaporation,TK-03,0.000165,FREE VENT - PV valve missing/stuck open
104,0,evaporation,TK-04,1e-06,"PV valve, set 2.5 kPa"
104,0,evaporation,TK-05,0.002883,"PV valve, set 2.5 kPa"
104,0,evaporation,loading bays,0.002546,vapour displaced from road tankers
104,0,leakage,SEG-B,0.408,step change from onset
104,0,seepage,SEG-D,0.2367,quadratic growth from onset
104,1,evaporation,TK-02,0.005955,"PV valve, set 2.5 kPa"
104,1,evaporation,TK-03,0.000227,FREE VENT - PV valve missing/stuck open
104,1,evaporation,loading bays,0.003365,vapour displaced from road tankers
104,1,leakage,SEG-B,0.504,step change from onset
104,1,seepage,SEG-D,0.2924,quadratic growth from onset
104,2,evaporation,TK-01,1e-06,"PV valve, set 2.5 kPa"
104,2,evaporation,TK-02,1e-06,"PV valve, set 2.5 kPa"
104,2,evaporation,TK-03,0.000184,FREE VENT - PV valve missing/stuck open
104,2,evaporation,TK-04,0.001775,"PV valve, set 2.5 kPa"
104,2,evaporation,TK-05,1e-06,"PV valve, set 2.5 kPa"
104,2,evaporation,loading bays,0.00165,vapour displaced from road tankers
104,2,leakage,SEG-B,0.288,step change from onset
104,2,seepage,SEG-D,0.1671,quadratic growth from onset
105,0,evaporation,TK-01,1e-06,"PV valve, set 2.5 kPa"
105,0,evaporation,TK-02,1e-06,"PV valve, set 2.5 kPa"
105,0,evaporation,TK-03,0.000179,FREE VENT - PV valve missing/stuck open
105,0,evaporation,TK-04,1e-06,"PV valve, set 2.5 kPa"
105,0,evaporation,TK-05,0.00221,"PV valve, set 2.5 kPa"
105,0,evaporation,loading bays,0.001959,vapour displaced from road tankers
105,0,leakage,SEG-B,0.408,step change from onset
105,0,seepage,SEG-D,0.2448,quadratic growth from onset
105,1,evaporation,TK-01,0.005118,"PV valve, set 2.5 kPa"
105,1,evaporation,TK-03,0.000243,FREE VENT - PV valve missing/stuck open
105,1,evaporation,loading bays,0.003403,vapour displaced from road tankers
105,1,leakage,SEG-B,0.504,step change from onset
105,1,seepage,SEG-D,0.3024,quadratic growth from onset
105,2,evaporation,TK-01,0.0,"PV valve, set 2.5 kPa"
105,2,evaporation,TK-02,1e-06,"PV valve, set 2.5 kPa"
105,2,evaporation,TK-03,0.0002,FREE VENT - PV valve missing/stuck open
105,2,evaporation,TK-04,0.002497,"PV valve, set 2.5 kPa"
105,2,evaporation,TK-05,1e-06,"PV valve, set 2.5 kPa"
105,2,evaporation,loading bays,0.001674,vapour displaced from road tankers
105,2,leakage,SEG-B,0.288,step change from onset
105,2,seepage,SEG-D,0.1728,quadratic growth from onset
106,0,evaporation,TK-01,1e-06,"PV valve, set 2.5 kPa"
106,0,evaporation,TK-02,1e-06,"PV valve, set 2.5 kPa"
106,0,evaporation,TK-03,0.00328,FREE VENT - PV valve missing/stuck open
106,0,evaporation,TK-04,1e-06,"PV valve, set 2.5 kPa"
106,0,evaporation,TK-05,1e-06,"PV valve, set 2.5 kPa"
106,0,evaporation,loading bays,0.00264,vapour displaced from road tankers
106,0,leakage,SEG-B,0.408,step change from onset
106,0,seepage,SEG-D,0.253,quadratic growth from onset
106,1,evaporation,TK-03,0.00022,FREE VENT - PV valve missing/stuck open
106,1,evaporation,TK-05,0.006018,"PV valve, set 2.5 kPa"
106,1,evaporation,loading bays,0.003954,vapour displaced from road tankers
106,1,leakage,SEG-B,0.504,step change from onset
106,1,seepage,SEG-D,0.3126,quadratic growth from onset
106,2,evaporation,TK-01,1e-06,"PV valve, set 2.5 kPa"
106,2,evaporation,TK-02,0.001997,"PV valve, set 2.5 kPa"
106,2,evaporation,TK-03,0.000178,FREE VENT - PV valve missing/stuck open
106,2,evaporation,TK-04,1e-06,"PV valve, set 2.5 kPa"
106,2,evaporation,TK-05,1e-06,"PV valve, set 2.5 kPa"
106,2,evaporation,loading bays,0.00193,vapour displaced from road tankers
106,2,leakage,SEG-B,0.288,step change from onset
106,2,seepage,SEG-D,0.1786,quadratic growth from onset
107,0,evaporation,TK-01,1e-06,"PV valve, set 2.5 kPa"
107,0,evaporation,TK-02,1e-06,"PV valve, set 2.5 kPa"
107,0,evaporation,TK-03,0.00017,FREE VENT - PV valve missing/stuck open
107,0,evaporation,TK-04,0.002238,"PV valve, set 2.5 kPa"
107,0,evaporation,TK-05,2e-06,"PV valve, set 2.5 kPa"
107,0,evaporation,loading bays,0.002675,vapour displaced from road tankers
107,0,leakage,SEG-B,0.408,step change from onset
107,0,seepage,SEG-D,0.2614,quadratic growth from onset
107,1,evaporation,TK-01,0.005062,"PV valve, set 2.5 kPa"
107,1,evaporation,TK-03,0.000253,FREE VENT - PV valve missing/stuck open
107,1,evaporation,loading bays,0.003907,vapour displaced from road tankers
107,1,leakage,SEG-B,0.504,step change from onset
107,1,seepage,SEG-D,0.3229,quadratic growth from onset
107,2,evaporation,TK-01,0.0,"PV valve, set 2.5 kPa"
107,2,evaporation,TK-02,0.00173,"PV valve, set 2.5 kPa"
107,2,evaporation,TK-03,0.000201,FREE VENT - PV valve missing/stuck open
107,2,evaporation,TK-04,0.0,"PV valve, set 2.5 kPa"
107,2,evaporation,TK-05,0.0,"PV valve, set 2.5 kPa"
107,2,evaporation,loading bays,0.001868,vapour displaced from road tankers
107,2,leakage,SEG-B,0.288,step change from onset
107,2,seepage,SEG-D,0.1845,quadratic growth from onset
108,0,evaporation,TK-01,1e-06,"PV valve, set 2.5 kPa"
108,0,evaporation,TK-02,1e-06,"PV valve, set 2.5 kPa"
108,0,evaporation,TK-03,0.000198,FREE VENT - PV valve missing/stuck open
108,0,evaporation,TK-04,1e-06,"PV valve, set 2.5 kPa"
108,0,evaporation,TK-05,0.003433,"PV valve, set 2.5 kPa"
108,0,evaporation,loading bays,0.002568,vapour displaced from road tankers
108,0,leakage,SEG-B,0.408,step change from onset
108,0,seepage,SEG-D,0.2699,quadratic growth from onset
108,1,evaporation,TK-03,0.005224,FREE VENT - PV valve missing/stuck open
108,1,evaporation,loading bays,0.004022,vapour displaced from road tankers
108,1,leakage,SEG-B,0.504,step change from onset
108,1,seepage,SEG-D,0.3334,quadratic growth from onset
108,2,evaporation,TK-01,0.0,"PV valve, set 2.5 kPa"
108,2,evaporation,TK-02,0.0,"PV valve, set 2.5 kPa"
108,2,evaporation,TK-03,0.000171,FREE VENT - PV valve missing/stuck open
108,2,evaporation,TK-04,0.00196,"PV valve, set 2.5 kPa"
108,2,evaporation,TK-05,0.0,"PV valve, set 2.5 kPa"
108,2,evaporation,loading bays,0.002079,vapour displaced from road tankers
108,2,leakage,SEG-B,0.288,step change from onset
108,2,seepage,SEG-D,0.1905,quadratic growth from onset
109,0,evaporation,TK-01,1e-06,"PV valve, set 2.5 kPa"
109,0,evaporation,TK-02,0.003399,"PV valve, set 2.5 kPa"
109,0,evaporation,TK-03,0.000168,FREE VENT - PV valve missing/stuck open
109,0,evaporation,TK-04,1e-06,"PV valve, set 2.5 kPa"
109,0,evaporation,TK-05,1e-06,"PV valve, set 2.5 kPa"
109,0,evaporation,loading bays,0.00266,vapour displaced from road tankers
109,0,leakage,SEG-B,0.408,step change from onset
109,0,seepage,SEG-D,0.2785,quadratic growth from onset
109,1,evaporation,TK-01,0.00554,"PV valve, set 2.5 kPa"
109,1,evaporation,TK-03,0.000224,FREE VENT - PV valve missing/stuck open
109,1,evaporation,loading bays,0.004482,vapour displaced from road tankers
109,1,leakage,SEG-B,0.504,step change from onset
109,1,seepage,SEG-D,0.3441,quadratic growth from onset
109,2,evaporation,TK-01,0.0,"PV valve, set 2.5 kPa"
109,2,evaporation,TK-02,0.0,"PV valve, set 2.5 kPa"
109,2,evaporation,TK-03,0.000188,FREE VENT - PV valve missing/stuck open
109,2,evaporation,TK-04,0.00222,"PV valve, set 2.5 kPa"
109,2,evaporation,TK-05,0.0,"PV valve, set 2.5 kPa"
109,2,evaporation,loading bays,0.001977,vapour displaced from road tankers
109,2,leakage,SEG-B,0.288,step change from onset
109,2,seepage,SEG-D,0.1966,quadratic growth from onset
110,0,evaporation,TK-01,1e-06,"PV valve, set 2.5 kPa"
110,0,evaporation,TK-02,1e-06,"PV valve, set 2.5 kPa"
110,0,evaporation,TK-03,0.000178,FREE VENT - PV valve missing/stuck open
110,0,evaporation,TK-04,1e-06,"PV valve, set 2.5 kPa"
110,0,evaporation,TK-05,0.003037,"PV valve, set 2.5 kPa"
110,0,evaporation,loading bays,0.002662,vapour displaced from road tankers
110,0,leakage,SEG-B,0.408,step change from onset
110,0,seepage,SEG-D,0.2873,quadratic growth from onset
110,1,evaporation,TK-02,0.005069,"PV valve, set 2.5 kPa"
110,1,evaporation,TK-03,0.000242,FREE VENT - PV valve missing/stuck open
110,1,evaporation,loading bays,0.003948,vapour displaced from road tankers
110,1,leakage,SEG-B,0.504,step change from onset
110,1,seepage,SEG-D,0.3549,quadratic growth from onset
110,2,evaporation,TK-03,0.000222,FREE VENT - PV valve missing/stuck open
110,2,evaporation,TK-04,0.00273,"PV valve, set 2.5 kPa"
110,2,evaporation,loading bays,0.001795,vapour displaced from road tankers
110,2,leakage,SEG-B,0.288,step change from onset
110,2,seepage,SEG-D,0.2028,quadratic growth from onset
111,0,evaporation,TK-01,1e-06,"PV valve, set 2.5 kPa"
111,0,evaporation,TK-02,1e-06,"PV valve, set 2.5 kPa"
111,0,evaporation,TK-03,0.003046,FREE VENT - PV valve missing/stuck open
111,0,evaporation,TK-04,1e-06,"PV valve, set 2.5 kPa"
111,0,evaporation,TK-05,1e-06,"PV valve, set 2.5 kPa"
111,0,evaporation,loading bays,0.002255,vapour displaced from road tankers
111,0,leakage,SEG-B,0.408,step change from onset
111,0,seepage,SEG-D,0.2962,quadratic growth from onset
111,1,evaporation,TK-03,0.000236,FREE VENT - PV valve missing/stuck open
111,1,evaporation,TK-05,0.006037,"PV valve, set 2.5 kPa"
111,1,evaporation,loading bays,0.004107,vapour displaced from road tankers
111,1,leakage,SEG-B,0.504,step change from onset
111,1,seepage,SEG-D,0.3659,quadratic growth from onset
111,2,evaporation,TK-01,0.002082,"PV valve, set 2.5 kPa"
111,2,evaporation,TK-03,0.000193,FREE VENT - PV valve missing/stuck open
111,2,evaporation,loading bays,0.002048,vapour displaced from road tankers
111,2,leakage,SEG-B,0.288,step change from onset
111,2,seepage,SEG-D,0.2091,quadratic growth from onset
112,0,evaporation,TK-01,1e-06,"PV valve, set 2.5 kPa"
112,0,evaporation,TK-02,1e-06,"PV valve, set 2.5 kPa"
112,0,evaporation,TK-03,0.000178,FREE VENT - PV valve missing/stuck open
112,0,evaporation,TK-04,0.002904,"PV valve, set 2.5 kPa"
112,0,evaporation,TK-05,1e-06,"PV valve, set 2.5 kPa"
112,0,evaporation,loading bays,0.002778,vapour displaced from road tankers
112,0,leakage,SEG-B,0.408,step change from onset
112,0,seepage,SEG-D,0.3053,quadratic growth from onset
112,1,evaporation,TK-01,0.004507,"PV valve, set 2.5 kPa"
112,1,evaporation,TK-03,0.000254,FREE VENT - PV valve missing/stuck open
112,1,evaporation,loading bays,0.004536,vapour displaced from road tankers
112,1,leakage,SEG-B,0.504,step change from onset
112,1,seepage,SEG-D,0.3771,quadratic growth from onset
112,2,evaporation,TK-02,0.002913,"PV valve, set 2.5 kPa"
112,2,evaporation,TK-03,0.00021,FREE VENT - PV valve missing/stuck open
112,2,evaporation,loading bays,0.001936,vapour displaced from road tankers
112,2,leakage,SEG-B,0.288,step change from onset
112,2,seepage,SEG-D,0.2155,quadratic growth from onset
113,0,evaporation,TK-01,1e-06,"PV valve, set 2.5 kPa"
113,0,evaporation,TK-02,1e-06,"PV valve, set 2.5 kPa"
113,0,evaporation,TK-03,0.000201,FREE VENT - PV valve missing/stuck open
113,0,evaporation,TK-04,1e-06,"PV valve, set 2.5 kPa"
113,0,evaporation,TK-05,0.003541,"PV valve, set 2.5 kPa"
113,0,evaporation,loading bays,0.002548,vapour displaced from road tankers
113,0,leakage,SEG-B,0.408,step change from onset
113,0,seepage,SEG-D,0.3144,quadratic growth from onset
113,1,evaporation,TK-03,0.006003,FREE VENT - PV valve missing/stuck open
113,1,evaporation,loading bays,0.00432,vapour displaced from road tankers
113,1,leakage,SEG-B,0.504,step change from onset
113,1,seepage,SEG-D,0.3884,quadratic growth from onset
113,2,evaporation,TK-03,0.000171,FREE VENT - PV valve missing/stuck open
113,2,evaporation,TK-04,0.002335,"PV valve, set 2.5 kPa"
113,2,evaporation,loading bays,0.001879,vapour displaced from road tankers
113,2,leakage,SEG-B,0.288,step change from onset
113,2,seepage,SEG-D,0.222,quadratic growth from onset
114,0,evaporation,TK-01,0.0,"PV valve, set 2.5 kPa"
114,0,evaporation,TK-02,0.003458,"PV valve, set 2.5 kPa"
114,0,evaporation,TK-03,0.000168,FREE VENT - PV valve missing/stuck open
114,0,evaporation,TK-04,0.0,"PV valve, set 2.5 kPa"
114,0,evaporation,TK-05,0.0,"PV valve, set 2.5 kPa"
114,0,evaporation,loading bays,0.002491,vapour displaced from road tankers
114,0,leakage,SEG-B,0.408,step change from onset
114,0,seepage,SEG-D,0.3237,quadratic growth from onset
114,1,evaporation,TK-01,0.004199,"PV valve, set 2.5 kPa"
114,1,evaporation,TK-03,0.000219,FREE VENT - PV valve missing/stuck open
114,1,evaporation,loading bays,0.003938,vapour displaced from road tankers
114,1,leakage,SEG-B,0.504,step change from onset
114,1,seepage,SEG-D,0.3999,quadratic growth from onset
114,2,evaporation,TK-03,0.000195,FREE VENT - PV valve missing/stuck open
114,2,evaporation,TK-05,0.00263,"PV valve, set 2.5 kPa"
114,2,evaporation,loading bays,0.001924,vapour displaced from road tankers
114,2,leakage,SEG-B,0.288,step change from onset
114,2,seepage,SEG-D,0.2285,quadratic growth from onset
115,0,evaporation,TK-01,1e-06,"PV valve, set 2.5 kPa"
115,0,evaporation,TK-02,1e-06,"PV valve, set 2.5 kPa"
115,0,evaporation,TK-03,0.000174,FREE VENT - PV valve missing/stuck open
115,0,evaporation,TK-04,0.002729,"PV valve, set 2.5 kPa"
115,0,evaporation,TK-05,1e-06,"PV valve, set 2.5 kPa"
115,0,evaporation,loading bays,0.002884,vapour displaced from road tankers
115,0,leakage,SEG-B,0.408,step change from onset
115,0,seepage,SEG-D,0.3332,quadratic growth from onset
115,1,evaporation,TK-03,0.000245,FREE VENT - PV valve missing/stuck open
115,1,evaporation,TK-05,0.004777,"PV valve, set 2.5 kPa"
115,1,evaporation,loading bays,0.004381,vapour displaced from road tankers
115,1,leakage,SEG-B,0.504,step change from onset
115,1,seepage,SEG-D,0.4116,quadratic growth from onset
115,2,evaporation,TK-02,0.002149,"PV valve, set 2.5 kPa"
115,2,evaporation,TK-03,0.000221,FREE VENT - PV valve missing/stuck open
115,2,evaporation,loading bays,0.001878,vapour displaced from road tankers
115,2,leakage,SEG-B,0.288,step change from onset
115,2,seepage,SEG-D,0.2352,quadratic growth from onset
116,0,evaporation,TK-01,0.003605,"PV valve, set 2.5 kPa"
116,0,evaporation,TK-02,1e-06,"PV valve, set 2.5 kPa"
116,0,evaporation,TK-03,0.000197,FREE VENT - PV valve missing/stuck open
116,0,evaporation,TK-04,1e-06,"PV valve, set 2.5 kPa"
116,0,evaporation,TK-05,1e-06,"PV valve, set 2.5 kPa"
116,0,evaporation,loading bays,0.002519,vapour displaced from road tankers
116,0,leakage,SEG-B,0.408,step change from onset
116,0,seepage,SEG-D,0.3428,quadratic growth from onset
116,1,evaporation,TK-03,0.004958,FREE VENT - PV valve missing/stuck open
116,1,evaporation,loading bays,0.003856,vapour displaced from road tankers
116,1,leakage,SEG-B,0.504,step change from onset
116,1,seepage,SEG-D,0.4234,quadratic growth from onset
116,2,evaporation,TK-03,0.000185,FREE VENT - PV valve missing/stuck open
116,2,evaporation,TK-04,0.002418,"PV valve, set 2.5 kPa"
116,2,evaporation,loading bays,0.002342,vapour displaced from road tankers
116,2,leakage,SEG-B,0.288,step change from onset
116,2,seepage,SEG-D,0.242,quadratic growth from onset
117,0,evaporation,TK-01,0.0,"PV valve, set 2.5 kPa"
117,0,evaporation,TK-02,0.0,"PV valve, set 2.5 kPa"
117,0,evaporation,TK-03,0.00018,FREE VENT - PV valve missing/stuck open
117,0,evaporation,TK-04,0.0,"PV valve, set 2.5 kPa"
117,0,evaporation,TK-05,0.003373,"PV valve, set 2.5 kPa"
117,0,evaporation,loading bays,0.002276,vapour displaced from road tankers
117,0,leakage,SEG-B,0.408,step change from onset
117,0,seepage,SEG-D,0.3525,quadratic growth from onset
117,1,evaporation,TK-02,0.006213,"PV valve, set 2.5 kPa"
117,1,evaporation,TK-03,0.00023,FREE VENT - PV valve missing/stuck open
117,1,evaporation,loading bays,0.00441,vapour displaced from road tankers
117,1,leakage,SEG-B,0.504,step change from onset
117,1,seepage,SEG-D,0.4355,quadratic growth from onset
117,2,evaporation,TK-03,0.000199,FREE VENT - PV valve missing/stuck open
117,2,evaporation,TK-04,0.002,"PV valve, set 2.5 kPa"
117,2,evaporation,loading bays,0.001983,vapour displaced from road tankers
117,2,leakage,SEG-B,0.288,step change from onset
117,2,seepage,SEG-D,0.2488,quadratic growth from onset
118,0,evaporation,TK-01,0.003871,"PV valve, set 2.5 kPa"
118,0,evaporation,TK-02,0.0,"PV valve, set 2.5 kPa"
118,0,evaporation,TK-03,0.000191,FREE VENT - PV valve missing/stuck open
118,0,evaporation,TK-04,0.0,"PV valve, set 2.5 kPa"
118,0,evaporation,TK-05,0.0,"PV valve, set 2.5 kPa"
118,0,evaporation,loading bays,0.002189,vapour displaced from road tankers
118,0,leakage,SEG-B,0.408,step change from onset
118,0,seepage,SEG-D,0.3624,quadratic growth from onset
118,0,tapping,SEG-K,3.0972,illegal draw-off event
118,1,evaporation,TK-03,0.000264,FREE VENT - PV valve missing/stuck open
118,1,evaporation,TK-05,0.005875,"PV valve, set 2.5 kPa"
118,1,evaporation,loading bays,0.005056,vapour displaced from road tankers
118,1,leakage,SEG-B,0.504,step change from onset
118,1,seepage,SEG-D,0.4476,quadratic growth from onset
118,2,evaporation,TK-03,0.000213,FREE VENT - PV valve missing/stuck open
118,2,evaporation,TK-04,0.002618,"PV valve, set 2.5 kPa"
118,2,evaporation,loading bays,0.001732,vapour displaced from road tankers
118,2,leakage,SEG-B,0.288,step change from onset
118,2,seepage,SEG-D,0.2558,quadratic growth from onset
119,0,evaporation,TK-01,0.0,"PV valve, set 2.5 kPa"
119,0,evaporation,TK-02,0.0,"PV valve, set 2.5 kPa"
119,0,evaporation,TK-03,0.003319,FREE VENT - PV valve missing/stuck open
119,0,evaporation,TK-04,0.0,"PV valve, set 2.5 kPa"
119,0,evaporation,TK-05,0.0,"PV valve, set 2.5 kPa"
119,0,evaporation,loading bays,0.002548,vapour displaced from road tankers
119,0,leakage,SEG-B,0.408,step change from onset
119,0,seepage,SEG-D,0.3724,quadratic growth from onset
119,1,evaporation,TK-02,0.005725,"PV valve, set 2.5 kPa"
119,1,evaporation,TK-03,0.000226,FREE VENT - PV valve missing/stuck open
119,1,evaporation,loading bays,0.004438,vapour displaced from road tankers
119,1,leakage,SEG-B,0.504,step change from onset
119,1,seepage,SEG-D,0.46,quadratic growth from onset
119,2,evaporation,TK-03,0.000195,FREE VENT - PV valve missing/stuck open
119,2,evaporation,TK-04,0.001657,"PV valve, set 2.5 kPa"
119,2,evaporation,loading bays,0.002073,vapour displaced from road tankers
119,2,leakage,SEG-B,0.288,step change from onset
119,2,seepage,SEG-D,0.2628,quadratic growth from onset
120,0,evaporation,TK-01,0.003449,"PV valve, set 2.5 kPa"
120,0,evaporation,TK-02,0.0,"PV valve, set 2.5 kPa"
120,0,evaporation,TK-03,0.000194,FREE VENT - PV valve missing/stuck open
120,0,evaporation,TK-04,0.0,"PV valve, set 2.5 kPa"
120,0,evaporation,TK-05,0.0,"PV valve, set 2.5 kPa"
120,0,evaporation,loading bays,0.003,vapour displaced from road tankers
120,0,leakage,SEG-B,0.408,step change from onset
120,0,seepage,SEG-D,0.3825,quadratic growth from onset
120,1,evaporation,TK-03,0.000252,FREE VENT - PV valve missing/stuck open
120,1,evaporation,TK-05,0.004516,"PV valve, set 2.5 kPa"
120,1,evaporation,loading bays,0.00463,vapour displaced from road tankers
120,1,leakage,SEG-B,0.504,step change from onset
120,1,seepage,SEG-D,0.4725,quadratic growth from onset
120,2,evaporation,TK-03,0.000218,FREE VENT - PV valve missing/stuck open
120,2,evaporation,TK-04,0.002816,"PV valve, set 2.5 kPa"
120,2,evaporation,loading bays,0.002129,vapour displaced from road tankers
120,2,leakage,SEG-B,0.288,step change from onset
120,2,seepage,SEG-D,0.27,quadratic growth from onset
120,2,tapping,SEG-K,2.9056,illegal draw-off event
121,0,evaporation,TK-01,0.0,"PV valve, set 2.5 kPa"
121,0,evaporation,TK-02,0.0,"PV valve, set 2.5 kPa"
121,0,evaporation,TK-03,0.003082,FREE VENT - PV valve missing/stuck open
121,0,evaporation,TK-04,0.0,"PV valve, set 2.5 kPa"
121,0,evaporation,TK-05,0.0,"PV valve, set 2.5 kPa"
121,0,evaporation,loading bays,0.003163,vapour displaced from road tankers
121,0,leakage,SEG-B,0.408,step change from onset
121,0,seepage,SEG-D,0.3928,quadratic growth from onset
121,1,evaporation,TK-03,0.000237,FREE VENT - PV valve missing/stuck open
121,1,evaporation,TK-05,0.005725,"PV valve, set 2.5 kPa"
121,1,evaporation,loading bays,0.004847,vapour displaced from road tankers
121,1,leakage,SEG-B,0.504,step change from onset
121,1,seepage,SEG-D,0.4852,quadratic growth from onset
121,2,evaporation,TK-01,0.0,"PV valve, set 2.5 kPa"
121,2,evaporation,TK-02,0.001945,"PV valve, set 2.5 kPa"
121,2,evaporation,TK-03,0.000183,FREE VENT - PV valve missing/stuck open
121,2,evaporation,TK-04,0.0,"PV valve, set 2.5 kPa"
121,2,evaporation,TK-05,0.0,"PV valve, set 2.5 kPa"
121,2,evaporation,loading bays,0.001918,vapour displaced from road tankers
121,2,leakage,SEG-B,0.288,step change from onset
121,2,seepage,SEG-D,0.2772,quadratic growth from onset
121,2,tapping,SEG-K,2.9994,illegal draw-off event
122,0,evaporation,TK-01,0.002789,"PV valve, set 2.5 kPa"
122,0,evaporation,TK-02,0.0,"PV valve, set 2.5 kPa"
122,0,evaporation,TK-03,0.000188,FREE VENT - PV valve missing/stuck open
122,0,evaporation,TK-04,0.0,"PV valve, set 2.5 kPa"
122,0,evaporation,TK-05,1e-06,"PV valve, set 2.5 kPa"
122,0,evaporation,loading bays,0.002522,vapour displaced from road tankers
122,0,leakage,SEG-B,0.408,step change from onset
122,0,seepage,SEG-D,0.4032,quadratic growth from onset
122,1,evaporation,TK-03,0.000262,FREE VENT - PV valve missing/stuck open
122,1,evaporation,TK-04,0.004979,"PV valve, set 2.5 kPa"
122,1,evaporation,loading bays,0.003783,vapour displaced from road tankers
122,1,leakage,SEG-B,0.504,step change from onset
122,1,seepage,SEG-D,0.498,quadratic growth from onset
122,2,evaporation,TK-03,0.002656,FREE VENT - PV valve missing/stuck open
122,2,evaporation,loading bays,0.001922,vapour displaced from road tankers
122,2,leakage,SEG-B,0.288,step change from onset
122,2,seepage,SEG-D,0.2846,quadratic growth from onset
123,0,evaporation,TK-01,0.0,"PV valve, set 2.5 kPa"
123,0,evaporation,TK-02,0.003548,"PV valve, set 2.5 kPa"
123,0,evaporation,TK-03,0.000175,FREE VENT - PV valve missing/stuck open
123,0,evaporation,TK-04,0.0,"PV valve, set 2.5 kPa"
123,0,evaporation,TK-05,1e-06,"PV valve, set 2.5 kPa"
123,0,evaporation,loading bays,0.002519,vapour displaced from road tankers
123,0,leakage,SEG-B,0.408,step change from onset
123,0,seepage,SEG-D,0.4137,quadratic growth from onset
123,1,evaporation,TK-01,0.005941,"PV valve, set 2.5 kPa"
123,1,evaporation,TK-03,0.000234,FREE VENT - PV valve missing/stuck open
123,1,evaporation,loading bays,0.004685,vapour displaced from road tankers
123,1,leakage,SEG-B,0.504,step change from onset
123,1,seepage,SEG-D,0.5111,quadratic growth from onset
123,2,evaporation,TK-03,0.000212,FREE VENT - PV valve missing/stuck open
123,2,evaporation,TK-05,0.001446,"PV valve, set 2.5 kPa"
123,2,evaporation,loading bays,0.002092,vapour displaced from road tankers
123,2,leakage,SEG-B,0.288,step change from onset
123,2,seepage,SEG-D,0.292,quadratic growth from onset
124,0,evaporation,TK-03,0.000204,FREE VENT - PV valve missing/stuck open
124,0,evaporation,TK-05,0.002355,"PV valve, set 2.5 kPa"
124,0,evaporation,loading bays,0.002833,vapour displaced from road tankers
124,0,leakage,SEG-B,0.408,step change from onset
124,0,seepage,SEG-D,0.4244,quadratic growth from onset
124,1,evaporation,TK-03,0.000259,FREE VENT - PV valve missing/stuck open
124,1,evaporation,TK-04,0.00473,"PV valve, set 2.5 kPa"
124,1,evaporation,loading bays,0.003586,vapour displaced from road tankers
124,1,leakage,SEG-B,0.504,step change from onset
124,1,seepage,SEG-D,0.5242,quadratic growth from onset
124,2,evaporation,TK-03,0.002889,FREE VENT - PV valve missing/stuck open
124,2,evaporation,loading bays,0.002054,vapour displaced from road tankers
124,2,leakage,SEG-B,0.288,step change from onset
124,2,seepage,SEG-D,0.2996,quadratic growth from onset
125,0,evaporation,TK-01,0.0,"PV valve, set 2.5 kPa"
125,0,evaporation,TK-02,0.002822,"PV valve, set 2.5 kPa"
125,0,evaporation,TK-03,0.00018,FREE VENT - PV valve missing/stuck open
125,0,evaporation,TK-04,0.0,"PV valve, set 2.5 kPa"
125,0,evaporation,TK-05,1e-06,"PV valve, set 2.5 kPa"
125,0,evaporation,loading bays,0.002336,vapour displaced from road tankers
125,0,leakage,SEG-B,0.408,step change from onset
125,0,seepage,SEG-D,0.4352,quadratic growth from onset
125,1,evaporation,TK-03,0.00024,FREE VENT - PV valve missing/stuck open
125,1,evaporation,TK-05,0.004152,"PV valve, set 2.5 kPa"
125,1,evaporation,loading bays,0.004362,vapour displaced from road tankers
125,1,leakage,SEG-B,0.504,step change from onset
125,1,seepage,SEG-D,0.5376,quadratic growth from onset
125,2,evaporation,TK-01,0.002592,"PV valve, set 2.5 kPa"
125,2,evaporation,TK-03,0.000211,FREE VENT - PV valve missing/stuck open
125,2,evaporation,loading bays,0.001661,vapour displaced from road tankers
125,2,leakage,SEG-B,0.288,step change from onset
125,2,seepage,SEG-D,0.3072,quadratic growth from onset
126,0,evaporation,TK-01,0.0,"PV valve, set 2.5 kPa"
126,0,evaporation,TK-02,0.0,"PV valve, set 2.5 kPa"
126,0,evaporation,TK-03,0.000204,FREE VENT - PV valve missing/stuck open
126,0,evaporation,TK-04,0.003535,"PV valve, set 2.5 kPa"
126,0,evaporation,TK-05,0.0,"PV valve, set 2.5 kPa"
126,0,evaporation,loading bays,0.002982,vapour displaced from road tankers
126,0,leakage,SEG-B,0.408,step change from onset
126,0,seepage,SEG-D,0.4461,quadratic growth from onset
126,1,evaporation,TK-03,0.004748,FREE VENT - PV valve missing/stuck open
126,1,evaporation,loading bays,0.004767,vapour displaced from road tankers
126,1,leakage,SEG-B,0.504,step change from onset
126,1,seepage,SEG-D,0.5511,quadratic growth from onset
126,2,evaporation,TK-02,0.002091,"PV valve, set 2.5 kPa"
126,2,evaporation,TK-03,0.00018,FREE VENT - PV valve missing/stuck open
126,2,evaporation,loading bays,0.002037,vapour displaced from road tankers
126,2,leakage,SEG-B,0.288,step change from onset
126,2,seepage,SEG-D,0.3149,quadratic growth from onset
127,0,evaporation,TK-01,0.0,"PV valve, set 2.5 kPa"
127,0,evaporation,TK-02,0.0,"PV valve, set 2.5 kPa"
127,0,evaporation,TK-03,0.000172,FREE VENT - PV valve missing/stuck open
127,0,evaporation,TK-04,0.0,"PV valve, set 2.5 kPa"
127,0,evaporation,TK-05,0.002762,"PV valve, set 2.5 kPa"
127,0,evaporation,loading bays,0.002369,vapour displaced from road tankers
127,0,leakage,SEG-B,0.408,step change from onset
127,0,seepage,SEG-D,0.4572,quadratic growth from onset
127,1,evaporation,TK-01,0.005146,"PV valve, set 2.5 kPa"
127,1,evaporation,TK-03,0.000239,FREE VENT - PV valve missing/stuck open
127,1,evaporation,loading bays,0.003595,vapour displaced from road tankers
127,1,leakage,SEG-B,0.504,step change from onset
127,1,seepage,SEG-D,0.5648,quadratic growth from onset
127,1,tapping,SEG-K,2.3693,illegal draw-off event
127,2,evaporation,TK-02,0.002535,"PV valve, set 2.5 kPa"
127,2,evaporation,TK-03,0.000212,FREE VENT - PV valve missing/stuck open
127,2,evaporation,loading bays,0.002171,vapour displaced from road tankers
127,2,leakage,SEG-B,0.288,step change from onset
127,2,seepage,SEG-D,0.3228,quadratic growth from onset
128,0,evaporation,TK-01,0.0,"PV valve, set 2.5 kPa"
128,0,evaporation,TK-02,1e-06,"PV valve, set 2.5 kPa"
128,0,evaporation,TK-03,0.000186,FREE VENT - PV valve missing/stuck open
128,0,evaporation,TK-04,1e-06,"PV valve, set 2.5 kPa"
128,0,evaporation,TK-05,0.00235,"PV valve, set 2.5 kPa"
128,0,evaporation,loading bays,0.002058,vapour displaced from road tankers
128,0,leakage,SEG-B,0.408,step change from onset
128,0,seepage,SEG-D,0.4685,quadratic growth from onset
128,1,evaporation,TK-03,0.000266,FREE VENT - PV valve missing/stuck open
128,1,evaporation,TK-04,0.004992,"PV valve, set 2.5 kPa"
128,1,evaporation,loading bays,0.00486,vapour displaced from road tankers
128,1,leakage,SEG-B,0.504,step change from onset
128,1,seepage,SEG-D,0.5787,quadratic growth from onset
128,2,evaporation,TK-02,0.002147,"PV valve, set 2.5 kPa"
128,2,evaporation,TK-03,0.00022,FREE VENT - PV valve missing/stuck open
128,2,evaporation,loading bays,0.001973,vapour displaced from road tankers
128,2,leakage,SEG-B,0.288,step change from onset
128,2,seepage,SEG-D,0.3307,quadratic growth from onset
129,0,evaporation,TK-01,1e-06,"PV valve, set 2.5 kPa"
129,0,evaporation,TK-02,1e-06,"PV valve, set 2.5 kPa"
129,0,evaporation,TK-03,0.002966,FREE VENT - PV valve missing/stuck open
129,0,evaporation,TK-04,1e-06,"PV valve, set 2.5 kPa"
129,0,evaporation,TK-05,1e-06,"PV valve, set 2.5 kPa"
129,0,evaporation,loading bays,0.002216,vapour displaced from road tankers
129,0,leakage,SEG-B,0.408,step change from onset
129,0,seepage,SEG-D,0.4798,quadratic growth from onset
129,1,evaporation,TK-03,0.000242,FREE VENT - PV valve missing/stuck open
129,1,evaporation,TK-05,0.005624,"PV valve, set 2.5 kPa"
129,1,evaporation,loading bays,0.004154,vapour displaced from road tankers
129,1,leakage,SEG-B,0.504,step change from onset
129,1,seepage,SEG-D,0.5927,quadratic growth from onset
129,2,evaporation,TK-01,0.002404,"PV valve, set 2.5 kPa"
129,2,evaporation,TK-03,0.000205,FREE VENT - PV valve missing/stuck open
129,2,evaporation,loading bays,0.002057,vapour displaced from road tankers
129,2,leakage,SEG-B,0.288,step change from onset
129,2,seepage,SEG-D,0.3387,quadratic growth from onset
130,0,evaporation,TK-02,0.00321,"PV valve, set 2.5 kPa"
130,0,evaporation,TK-03,0.000199,FREE VENT - PV valve missing/stuck open
130,0,evaporation,loading bays,0.003222,vapour displaced from road tankers
130,0,leakage,SEG-B,0.408,step change from onset
130,0,seepage,SEG-D,0.4913,quadratic growth from onset
130,1,evaporation,TK-03,0.00027,FREE VENT - PV valve missing/stuck open
130,1,evaporation,TK-04,0.004998,"PV valve, set 2.5 kPa"
130,1,evaporation,loading bays,0.004685,vapour displaced from road tankers
130,1,leakage,SEG-B,0.504,step change from onset
130,1,seepage,SEG-D,0.6069,quadratic growth from onset
130,2,evaporation,TK-01,0.002453,"PV valve, set 2.5 kPa"
130,2,evaporation,TK-02,0.0,"PV valve, set 2.5 kPa"
130,2,evaporation,TK-03,0.000206,FREE VENT - PV valve missing/stuck open
130,2,evaporation,TK-04,0.0,"PV valve, set 2.5 kPa"
130,2,evaporation,TK-05,0.0,"PV valve, set 2.5 kPa"
130,2,evaporation,loading bays,0.001877,vapour displaced from road tankers
130,2,leakage,SEG-B,0.288,step change from onset
130,2,seepage,SEG-D,0.3468,quadratic growth from onset
131,0,evaporation,TK-03,0.000216,FREE VENT - PV valve missing/stuck open
131,0,evaporation,TK-05,0.003124,"PV valve, set 2.5 kPa"
131,0,evaporation,loading bays,0.002421,vapour displaced from road tankers
131,0,leakage,SEG-B,0.408,step change from onset
131,0,seepage,SEG-D,0.5029,quadratic growth from onset
131,1,evaporation,TK-03,0.005174,FREE VENT - PV valve missing/stuck open
131,1,evaporation,loading bays,0.004977,vapour displaced from road tankers
131,1,leakage,SEG-B,0.504,step change from onset
131,1,seepage,SEG-D,0.6213,quadratic growth from onset
131,1,tapping,SEG-K,3.2745,illegal draw-off event
131,2,evaporation,TK-02,0.001842,"PV valve, set 2.5 kPa"
131,2,evaporation,TK-03,0.000196,FREE VENT - PV valve missing/stuck open
131,2,evaporation,loading bays,0.002209,vapour displaced from road tankers
131,2,leakage,SEG-B,0.288,step change from onset
131,2,seepage,SEG-D,0.355,quadratic growth from onset
132,0,evaporation,TK-01,0.002873,"PV valve, set 2.5 kPa"
132,0,evaporation,TK-02,0.0,"PV valve, set 2.5 kPa"
132,0,evaporation,TK-03,0.000186,FREE VENT - PV valve missing/stuck open
132,0,evaporation,TK-04,0.0,"PV valve, set 2.5 kPa"
132,0,evaporation,TK-05,0.0,"PV valve, set 2.5 kPa"
132,0,evaporation,loading bays,0.00288,vapour displaced from road tankers
132,0,leakage,SEG-B,0.408,step change from onset
132,0,seepage,SEG-D,0.5147,quadratic growth from onset
132,1,evaporation,TK-03,0.000252,FREE VENT - PV valve missing/stuck open
132,1,evaporation,TK-04,0.006131,"PV valve, set 2.5 kPa"
132,1,evaporation,loading bays,0.003626,vapour displaced from road tankers
132,1,leakage,SEG-B,0.504,step change from onset
132,1,seepage,SEG-D,0.6358,quadratic growth from onset
132,2,evaporation,TK-01,0.0,"PV valve, set 2.5 kPa"
132,2,evaporation,TK-02,0.0,"PV valve, set 2.5 kPa"
132,2,evaporation,TK-03,0.000195,FREE VENT - PV valve missing/stuck open
132,2,evaporation,TK-04,0.0,"PV valve, set 2.5 kPa"
132,2,evaporation,TK-05,0.002467,"PV valve, set 2.5 kPa"
132,2,evaporation,loading bays,0.001742,vapour displaced from road tankers
132,2,leakage,SEG-B,0.288,step change from onset
132,2,seepage,SEG-D,0.3633,quadratic growth from onset
133,0,evaporation,TK-02,0.003049,"PV valve, set 2.5 kPa"
133,0,evaporation,TK-03,0.000209,FREE VENT - PV valve missing/stuck open
133,0,evaporation,loading bays,0.002782,vapour displaced from road tankers
133,0,leakage,SEG-B,0.408,step change from onset
133,0,seepage,SEG-D,0.5266,quadratic growth from onset
133,1,evaporation,TK-03,0.000278,FREE VENT - PV valve missing/stuck open
133,1,evaporation,TK-05,0.004659,"PV valve, set 2.5 kPa"
133,1,evaporation,loading bays,0.004032,vapour displaced from road tankers
133,1,leakage,SEG-B,0.504,step change from onset
133,1,seepage,SEG-D,0.6505,quadratic growth from onset
133,2,evaporation,TK-01,0.002435,"PV valve, set 2.5 kPa"
133,2,evaporation,TK-02,1e-06,"PV valve, set 2.5 kPa"
133,2,evaporation,TK-03,0.000204,FREE VENT - PV valve missing/stuck open
133,2,evaporation,TK-04,1e-06,"PV valve, set 2.5 kPa"
133,2,evaporation,TK-05,1e-06,"PV valve, set 2.5 kPa"
133,2,evaporation,loading bays,0.001832,vapour displaced from road tankers
133,2,leakage,SEG-B,0.288,step change from onset
133,2,seepage,SEG-D,0.3717,quadratic growth from onset
133,2,tapping,SEG-K,4.0136,illegal draw-off event
134,0,spill,LB-09,6.5,"tank overfill at bay, bund recovered"
134,0,evaporation,TK-01,0.0,"PV valve, set 2.5 kPa"
134,0,evaporation,TK-02,0.0,"PV valve, set 2.5 kPa"
134,0,evaporation,TK-03,0.003577,FREE VENT - PV valve missing/stuck open
134,0,evaporation,TK-04,0.0,"PV valve, set 2.5 kPa"
134,0,evaporation,TK-05,1e-06,"PV valve, set 2.5 kPa"
134,0,evaporation,loading bays,0.002143,vapour displaced from road tankers
134,0,leakage,SEG-B,0.408,step change from onset
134,0,seepage,SEG-D,0.5386,quadratic growth from onset
134,1,evaporation,TK-02,0.006365,"PV valve, set 2.5 kPa"
134,1,evaporation,TK-03,0.000247,FREE VENT - PV valve missing/stuck open
134,1,evaporation,loading bays,0.003931,vapour displaced from road tankers
134,1,leakage,SEG-B,0.504,step change from onset
134,1,seepage,SEG-D,0.6654,quadratic growth from onset
134,2,evaporation,TK-03,0.000199,FREE VENT - PV valve missing/stuck open
134,2,evaporation,TK-04,0.002855,"PV valve, set 2.5 kPa"
134,2,evaporation,loading bays,0.00215,vapour displaced from road tankers
134,2,leakage,SEG-B,0.288,step change from onset
134,2,seepage,SEG-D,0.3802,quadratic growth from onset
135,0,evaporation,TK-03,0.000202,FREE VENT - PV valve missing/stuck open
135,0,evaporation,TK-05,0.003897,"PV valve, set 2.5 kPa"
135,0,evaporation,loading bays,0.002763,vapour displaced from road tankers
135,0,leakage,SEG-B,0.408,step change from onset
135,0,seepage,SEG-D,0.5508,quadratic growth from onset
135,1,evaporation,TK-01,0.006181,"PV valve, set 2.5 kPa"
135,1,evaporation,TK-03,0.000267,FREE VENT - PV valve missing/stuck open
135,1,evaporation,loading bays,0.004756,vapour displaced from road tankers
135,1,leakage,SEG-B,0.504,step change from onset
135,1,seepage,SEG-D,0.6804,quadratic growth from onset
135,2,evaporation,TK-03,0.000221,FREE VENT - PV valve missing/stuck open
135,2,evaporation,TK-04,0.0023,"PV valve, set 2.5 kPa"
135,2,evaporation,loading bays,0.001918,vapour displaced from road tankers
135,2,leakage,SEG-B,0.288,step change from onset
135,2,seepage,SEG-D,0.3888,quadratic growth from onset
136,0,evaporation,TK-01,0.0,"PV valve, set 2.5 kPa"
136,0,evaporation,TK-02,0.0,"PV valve, set 2.5 kPa"
136,0,evaporation,TK-03,0.002547,FREE VENT - PV valve missing/stuck open
136,0,evaporation,TK-04,0.0,"PV valve, set 2.5 kPa"
136,0,evaporation,TK-05,0.0,"PV valve, set 2.5 kPa"
136,0,evaporation,loading bays,0.002866,vapour displaced from road tankers
136,0,leakage,SEG-B,0.408,step change from onset
136,0,seepage,SEG-D,0.5631,quadratic growth from onset
136,1,evaporation,TK-03,0.000243,FREE VENT - PV valve missing/stuck open
136,1,evaporation,TK-05,0.004907,"PV valve, set 2.5 kPa"
136,1,evaporation,loading bays,0.004007,vapour displaced from road tankers
136,1,leakage,SEG-B,0.504,step change from onset
136,1,seepage,SEG-D,0.6956,quadratic growth from onset
136,2,evaporation,TK-02,0.002512,"PV valve, set 2.5 kPa"
136,2,evaporation,TK-03,0.000198,FREE VENT - PV valve missing/stuck open
136,2,evaporation,loading bays,0.001887,vapour displaced from road tankers
136,2,leakage,SEG-B,0.288,step change from onset
136,2,seepage,SEG-D,0.3975,quadratic growth from onset
137,0,evaporation,TK-03,0.000216,FREE VENT - PV valve missing/stuck open
137,0,evaporation,TK-04,0.003956,"PV valve, set 2.5 kPa"
137,0,evaporation,loading bays,0.003021,vapour displaced from road tankers
137,0,leakage,SEG-B,0.408,step change from onset
137,0,seepage,SEG-D,0.5756,quadratic growth from onset
137,1,evaporation,TK-01,0.005152,"PV valve, set 2.5 kPa"
137,1,evaporation,TK-03,0.00026,FREE VENT - PV valve missing/stuck open
137,1,evaporation,loading bays,0.004101,vapour displaced from road tankers
137,1,leakage,SEG-B,0.504,step change from onset
137,1,seepage,SEG-D,0.711,quadratic growth from onset
137,2,evaporation,TK-03,0.002555,FREE VENT - PV valve missing/stuck open
137,2,evaporation,loading bays,0.001726,vapour displaced from road tankers
137,2,leakage,SEG-B,0.288,step change from onset
137,2,seepage,SEG-D,0.4063,quadratic growth from onset
138,0,evaporation,TK-02,0.002779,"PV valve, set 2.5 kPa"
138,0,evaporation,TK-03,0.000191,FREE VENT - PV valve missing/stuck open
138,0,evaporation,loading bays,0.002072,vapour displaced from road tankers
138,0,leakage,SEG-B,0.408,step change from onset
138,0,seepage,SEG-D,0.5881,quadratic growth from onset
138,1,evaporation,TK-03,0.000256,FREE VENT - PV valve missing/stuck open
138,1,evaporation,TK-05,0.003989,"PV valve, set 2.5 kPa"
138,1,evaporation,loading bays,0.004362,vapour displaced from road tankers
138,1,leakage,SEG-B,0.504,step change from onset
138,1,seepage,SEG-D,0.7265,quadratic growth from onset
138,2,evaporation,TK-03,0.000226,FREE VENT - PV valve missing/stuck open
138,2,evaporation,TK-04,0.001992,"PV valve, set 2.5 kPa"
138,2,evaporation,loading bays,0.002312,vapour displaced from road tankers
138,2,leakage,SEG-B,0.288,step change from onset
138,2,seepage,SEG-D,0.4152,quadratic growth from onset
139,0,evaporation,TK-03,0.000225,FREE VENT - PV valve missing/stuck open
139,0,evaporation,TK-05,0.003875,"PV valve, set 2.5 kPa"
139,0,evaporation,loading bays,0.003614,vapour displaced from road tankers
139,0,leakage,SEG-B,0.408,step change from onset
139,0,seepage,SEG-D,0.6008,quadratic growth from onset
139,1,evaporation,TK-03,0.005356,FREE VENT - PV valve missing/stuck open
139,1,evaporation,loading bays,0.004488,vapour displaced from road tankers
139,1,leakage,SEG-B,0.504,step change from onset
139,1,seepage,SEG-D,0.7422,quadratic growth from onset
139,1,tapping,SEG-K,3.6321,illegal draw-off event
139,2,evaporation,TK-02,0.002074,"PV valve, set 2.5 kPa"
139,2,evaporation,TK-03,0.000183,FREE VENT - PV valve missing/stuck open
139,2,evaporation,loading bays,0.002231,vapour displaced from road tankers
139,2,leakage,SEG-B,0.288,step change from onset
139,2,seepage,SEG-D,0.4241,quadratic growth from onset
140,0,evaporation,TK-01,0.002623,"PV valve, set 2.5 kPa"
140,0,evaporation,TK-03,0.000176,FREE VENT - PV valve missing/stuck open
140,0,evaporation,loading bays,0.002667,vapour displaced from road tankers
140,0,leakage,SEG-B,0.408,step change from onset
140,0,seepage,SEG-D,0.6137,quadratic growth from onset
140,1,evaporation,TK-03,0.000249,FREE VENT - PV valve missing/stuck open
140,1,evaporation,TK-04,0.006628,"PV valve, set 2.5 kPa"
140,1,evaporation,loading bays,0.004977,vapour displaced from road tankers
140,1,leakage,SEG-B,0.504,step change from onset
140,1,seepage,SEG-D,0.7581,quadratic growth from onset
140,2,evaporation,TK-02,0.003231,"PV valve, set 2.5 kPa"
140,2,evaporation,TK-03,0.000205,FREE VENT - PV valve missing/stuck open
140,2,evaporation,loading bays,0.002286,vapour displaced from road tankers
140,2,leakage,SEG-B,0.288,step change from onset
140,2,seepage,SEG-D,0.4332,quadratic growth from onset
141,0,evaporation,TK-03,0.000207,FREE VENT - PV valve missing/stuck open
141,0,evaporation,TK-05,0.003784,"PV valve, set 2.5 kPa"
141,0,evaporation,loading bays,0.003093,vapour displaced from road tankers
141,0,leakage,SEG-B,0.408,step change from onset
141,0,seepage,SEG-D,0.6267,quadratic growth from onset
141,1,evaporation,TK-01,0.005694,"PV valve, set 2.5 kPa"
141,1,evaporation,TK-03,0.000271,FREE VENT - PV valve missing/stuck open
141,1,evaporation,loading bays,0.004592,vapour displaced from road tankers
141,1,leakage,SEG-B,0.504,step change from onset
141,1,seepage,SEG-D,0.7741,quadratic growth from onset
141,2,evaporation,TK-02,0.002745,"PV valve, set 2.5 kPa"
141,2,evaporation,TK-03,0.000217,FREE VENT - PV valve missing/stuck open
141,2,evaporation,loading bays,0.002166,vapour displaced from road tankers
141,2,leakage,SEG-B,0.288,step change from onset
141,2,seepage,SEG-D,0.4424,quadratic growth from onset
142,0,evaporation,TK-01,0.0,"PV valve, set 2.5 kPa"
142,0,evaporation,TK-02,0.0,"PV valve, set 2.5 kPa"
142,0,evaporation,TK-03,0.003759,FREE VENT - PV valve missing/stuck open
142,0,evaporation,TK-04,0.0,"PV valve, set 2.5 kPa"
142,0,evaporation,TK-05,0.0,"PV valve, set 2.5 kPa"
142,0,evaporation,loading bays,0.002574,vapour displaced from road tankers
142,0,leakage,SEG-B,0.408,step change from onset
142,0,seepage,SEG-D,0.6398,quadratic growth from onset
142,1,evaporation,TK-03,0.000236,FREE VENT - PV valve missing/stuck open
142,1,evaporation,TK-05,0.004917,"PV valve, set 2.5 kPa"
142,1,evaporation,loading bays,0.004907,vapour displaced from road tankers
142,1,leakage,SEG-B,0.504,step change from onset
142,1,seepage,SEG-D,0.7904,quadratic growth from onset
142,2,evaporation,TK-03,0.000219,FREE VENT - PV valve missing/stuck open
142,2,evaporation,TK-04,0.002583,"PV valve, set 2.5 kPa"
142,2,evaporation,loading bays,0.002723,vapour displaced from road tankers
142,2,leakage,SEG-B,0.288,step change from onset
142,2,seepage,SEG-D,0.4516,quadratic growth from onset
143,0,evaporation,TK-01,0.00311,"PV valve, set 2.5 kPa"
143,0,evaporation,TK-03,0.000189,FREE VENT - PV valve missing/stuck open
143,0,evaporation,loading bays,0.002665,vapour displaced from road tankers
143,0,leakage,SEG-B,0.408,step change from onset
143,0,seepage,SEG-D,0.6531,quadratic growth from onset
143,1,evaporation,TK-02,0.005925,"PV valve, set 2.5 kPa"
143,1,evaporation,TK-03,0.000259,FREE VENT - PV valve missing/stuck open
143,1,evaporation,loading bays,0.004074,vapour displaced from road tankers
143,1,leakage,SEG-B,0.504,step change from onset
143,1,seepage,SEG-D,0.8067,quadratic growth from onset
143,2,evaporation,TK-03,0.000208,FREE VENT - PV valve missing/stuck open
143,2,evaporation,TK-04,0.002372,"PV valve, set 2.5 kPa"
143,2,evaporation,loading bays,0.001698,vapour displaced from road tankers
143,2,leakage,SEG-B,0.288,step change from onset
143,2,seepage,SEG-D,0.461,quadratic growth from onset
144,0,evaporation,TK-03,0.000209,FREE VENT - PV valve missing/stuck open
144,0,evaporation,TK-05,0.003414,"PV valve, set 2.5 kPa"
144,0,evaporation,loading bays,0.00312,vapour displaced from road tankers
144,0,leakage,SEG-B,0.408,step change from onset
144,0,seepage,SEG-D,0.6665,quadratic growth from onset
144,1,evaporation,TK-03,0.005217,FREE VENT - PV valve missing/stuck open
144,1,evaporation,loading bays,0.004245,vapour displaced from road tankers
144,1,leakage,SEG-B,0.504,step change from onset
144,1,seepage,SEG-D,0.8233,quadratic growth from onset
144,2,evaporation,TK-01,0.002637,"PV valve, set 2.5 kPa"
144,2,evaporation,TK-03,0.000188,FREE VENT - PV valve missing/stuck open
144,2,evaporation,loading bays,0.001811,vapour displaced from road tankers
144,2,leakage,SEG-B,0.288,step change from onset
144,2,seepage,SEG-D,0.4704,quadratic growth from onset
145,0,evaporation,TK-03,0.00018,FREE VENT - PV valve missing/stuck open
145,0,evaporation,TK-04,0.0036,"PV valve, set 2.5 kPa"
145,0,evaporation,loading bays,0.002506,vapour displaced from road tankers
145,0,leakage,SEG-B,0.408,step change from onset
145,0,seepage,SEG-D,0.68,quadratic growth from onset
145,1,evaporation,TK-03,0.00026,FREE VENT - PV valve missing/stuck open
145,1,evaporation,TK-05,0.006067,"PV valve, set 2.5 kPa"
145,1,evaporation,loading bays,0.004526,vapour displaced from road tankers
145,1,leakage,SEG-B,0.504,step change from onset
145,1,seepage,SEG-D,0.84,quadratic growth from onset
145,2,evaporation,TK-02,0.002408,"PV valve, set 2.5 kPa"
145,2,evaporation,TK-03,0.000211,FREE VENT - PV valve missing/stuck open
145,2,evaporation,loading bays,0.002736,vapour displaced from road tankers
145,2,leakage,SEG-B,0.288,step change from onset
145,2,seepage,SEG-D,0.48,quadratic growth from onset
146,0,evaporation,TK-01,0.003054,"PV valve, set 2.5 kPa"
146,0,evaporation,TK-03,0.000196,FREE VENT - PV valve missing/stuck open
146,0,evaporation,loading bays,0.002024,vapour displaced from road tankers
146,0,leakage,SEG-B,0.408,step change from onset
146,0,seepage,SEG-D,0.6937,quadratic growth from onset
146,1,evaporation,TK-03,0.000274,FREE VENT - PV valve missing/stuck open
146,1,evaporation,TK-04,0.006068,"PV valve, set 2.5 kPa"
146,1,evaporation,loading bays,0.004891,vapour displaced from road tankers
146,1,leakage,SEG-B,0.504,step change from onset
146,1,seepage,SEG-D,0.8569,quadratic growth from onset
146,2,evaporation,TK-02,0.002446,"PV valve, set 2.5 kPa"
146,2,evaporation,TK-03,0.000223,FREE VENT - PV valve missing/stuck open
146,2,evaporation,loading bays,0.001921,vapour displaced from road tankers
146,2,leakage,SEG-B,0.288,step change from onset
146,2,seepage,SEG-D,0.4896,quadratic growth from onset
147,0,evaporation,TK-01,0.0,"PV valve, set 2.5 kPa"
147,0,evaporation,TK-02,0.0,"PV valve, set 2.5 kPa"
147,0,evaporation,TK-03,0.000211,FREE VENT - PV valve missing/stuck open
147,0,evaporation,TK-04,0.0,"PV valve, set 2.5 kPa"
147,0,evaporation,TK-05,0.003499,"PV valve, set 2.5 kPa"
147,0,evaporation,loading bays,0.002754,vapour displaced from road tankers
147,0,leakage,SEG-B,0.408,step change from onset
147,0,seepage,SEG-D,0.7075,quadratic growth from onset
147,1,evaporation,TK-03,0.0057,FREE VENT - PV valve missing/stuck open
147,1,evaporation,loading bays,0.004727,vapour displaced from road tankers
147,1,leakage,SEG-B,0.504,step change from onset
147,1,seepage,SEG-D,0.8739,quadratic growth from onset
147,2,evaporation,TK-01,0.002483,"PV valve, set 2.5 kPa"
147,2,evaporation,TK-03,0.000193,FREE VENT - PV valve missing/stuck open
147,2,evaporation,loading bays,0.002416,vapour displaced from road tankers
147,2,leakage,SEG-B,0.288,step change from onset
147,2,seepage,SEG-D,0.4994,quadratic growth from onset
148,0,evaporation,TK-02,0.003771,"PV valve, set 2.5 kPa"
148,0,evaporation,TK-03,0.000188,FREE VENT - PV valve missing/stuck open
148,0,evaporation,loading bays,0.00304,vapour displaced from road tankers
148,0,leakage,SEG-B,0.408,step change from onset
148,0,seepage,SEG-D,0.7214,quadratic growth from onset
148,1,evaporation,TK-03,0.000258,FREE VENT - PV valve missing/stuck open
148,1,evaporation,TK-05,0.00504,"PV valve, set 2.5 kPa"
148,1,evaporation,loading bays,0.003853,vapour displaced from road tankers
148,1,leakage,SEG-B,0.504,step change from onset
148,1,seepage,SEG-D,0.8912,quadratic growth from onset
148,2,evaporation,TK-01,0.002468,"PV valve, set 2.5 kPa"
148,2,evaporation,TK-03,0.000205,FREE VENT - PV valve missing/stuck open
148,2,evaporation,loading bays,0.002029,vapour displaced from road tankers
148,2,leakage,SEG-B,0.288,step change from onset
148,2,seepage,SEG-D,0.5092,quadratic growth from onset
149,0,evaporation,TK-03,0.000206,FREE VENT - PV valve missing/stuck open
149,0,evaporation,TK-04,0.003724,"PV valve, set 2.5 kPa"
149,0,evaporation,loading bays,0.002722,vapour displaced from road tankers
149,0,leakage,SEG-B,0.408,step change from onset
149,0,seepage,SEG-D,0.7355,quadratic growth from onset
149,1,evaporation,TK-02,0.005922,"PV valve, set 2.5 kPa"
149,1,evaporation,TK-03,0.000266,FREE VENT - PV valve missing/stuck open
149,1,evaporation,loading bays,0.00408,vapour displaced from road tankers
149,1,leakage,SEG-B,0.504,step change from onset
149,1,seepage,SEG-D,0.9085,quadratic growth from onset
149,2,evaporation,TK-03,0.00023,FREE VENT - PV valve missing/stuck open
149,2,evaporation,TK-05,0.002095,"PV valve, set 2.5 kPa"
149,2,evaporation,loading bays,0.002175,vapour displaced from road tankers
149,2,leakage,SEG-B,0.288,step change from onset
149,2,seepage,SEG-D,0.5192,quadratic growth from onset
150,0,evaporation,TK-01,0.002766,"PV valve, set 2.5 kPa"
150,0,evaporation,TK-03,0.000218,FREE VENT - PV valve missing/stuck open
150,0,evaporation,loading bays,0.00228,vapour displaced from road tankers
150,0,leakage,SEG-B,0.408,step change from onset
150,0,seepage,SEG-D,0.7497,quadratic growth from onset
150,1,evaporation,TK-03,0.007304,FREE VENT - PV valve missing/stuck open
150,1,evaporation,loading bays,0.004772,vapour displaced from road tankers
150,1,leakage,SEG-B,0.504,step change from onset
150,1,seepage,SEG-D,0.9261,quadratic growth from onset
150,2,evaporation,TK-03,0.000177,FREE VENT - PV valve missing/stuck open
150,2,evaporation,TK-04,0.002685,"PV valve, set 2.5 kPa"
150,2,evaporation,loading bays,0.001959,vapour displaced from road tankers
150,2,leakage,SEG-B,0.288,step change from onset
150,2,seepage,SEG-D,0.5292,quadratic growth from onset
151,0,evaporation,TK-03,0.000174,FREE VENT - PV valve missing/stuck open
151,0,evaporation,TK-05,0.003689,"PV valve, set 2.5 kPa"
151,0,evaporation,loading bays,0.002728,vapour displaced from road tankers
151,0,leakage,SEG-B,0.408,step change from onset
151,0,seepage,SEG-D,0.764,quadratic growth from onset
151,1,evaporation,TK-01,0.005053,"PV valve, set 2.5 kPa"
151,1,evaporation,TK-03,0.000246,FREE VENT - PV valve missing/stuck open
151,1,evaporation,loading bays,0.005017,vapour displaced from road tankers
151,1,leakage,SEG-B,0.504,step change from onset
151,1,seepage,SEG-D,0.9438,quadratic growth from onset
151,2,evaporation,TK-03,0.000202,FREE VENT - PV valve missing/stuck open
151,2,evaporation,TK-04,0.002534,"PV valve, set 2.5 kPa"
151,2,evaporation,loading bays,0.001923,vapour displaced from road tankers
151,2,leakage,SEG-B,0.288,step change from onset
151,2,seepage,SEG-D,0.5393,quadratic growth from onset
152,0,evaporation,TK-02,0.003354,"PV valve, set 2.5 kPa"
152,0,evaporation,TK-03,0.000199,FREE VENT - PV valve missing/stuck open
152,0,evaporation,loading bays,0.00243,vapour displaced from road tankers
152,0,leakage,SEG-B,0.408,step change from onset
152,0,seepage,SEG-D,0.7785,quadratic growth from onset
152,1,evaporation,TK-03,0.000255,FREE VENT - PV valve missing/stuck open
152,1,evaporation,TK-05,0.005941,"PV valve, set 2.5 kPa"
152,1,evaporation,loading bays,0.004413,vapour displaced from road tankers
152,1,leakage,SEG-B,0.504,step change from onset
152,1,seepage,SEG-D,0.9617,quadratic growth from onset
152,2,evaporation,TK-03,0.000219,FREE VENT - PV valve missing/stuck open
152,2,evaporation,TK-04,0.002643,"PV valve, set 2.5 kPa"
152,2,evaporation,loading bays,0.002001,vapour displaced from road tankers
152,2,leakage,SEG-B,0.288,step change from onset
152,2,seepage,SEG-D,0.5496,quadratic growth from onset
153,0,evaporation,TK-01,0.003073,"PV valve, set 2.5 kPa"
153,0,evaporation,TK-03,0.000217,FREE VENT - PV valve missing/stuck open
153,0,evaporation,loading bays,0.002712,vapour displaced from road tankers
153,0,leakage,SEG-B,0.408,step change from onset
153,0,seepage,SEG-D,0.7932,quadratic growth from onset
153,1,evaporation,TK-03,0.006093,FREE VENT - PV valve missing/stuck open
153,1,evaporation,loading bays,0.004406,vapour displaced from road tankers
153,1,leakage,SEG-B,0.504,step change from onset
153,1,seepage,SEG-D,0.9798,quadratic growth from onset
153,2,evaporation,TK-02,0.002453,"PV valve, set 2.5 kPa"
153,2,evaporation,TK-03,0.000173,FREE VENT - PV valve missing/stuck open
153,2,evaporation,loading bays,0.001884,vapour displaced from road tankers
153,2,leakage,SEG-B,0.288,step change from onset
153,2,seepage,SEG-D,0.5599,quadratic growth from onset
154,0,evaporation,TK-03,0.000177,FREE VENT - PV valve missing/stuck open
154,0,evaporation,TK-05,0.003854,"PV valve, set 2.5 kPa"
154,0,evaporation,loading bays,0.003187,vapour displaced from road tankers
154,0,leakage,SEG-B,0.408,step change from onset
154,0,seepage,SEG-D,0.8079,quadratic growth from onset
154,1,evaporation,TK-03,0.000233,FREE VENT - PV valve missing/stuck open
154,1,evaporation,TK-04,0.005601,"PV valve, set 2.5 kPa"
154,1,evaporation,loading bays,0.004883,vapour displaced from road tankers
154,1,leakage,SEG-B,0.504,step change from onset
154,1,seepage,SEG-D,0.998,quadratic growth from onset
154,2,evaporation,TK-01,0.002117,"PV valve, set 2.5 kPa"
154,2,evaporation,TK-03,0.000206,FREE VENT - PV valve missing/stuck open
154,2,evaporation,loading bays,0.00175,vapour displaced from road tankers
154,2,leakage,SEG-B,0.288,step change from onset
154,2,seepage,SEG-D,0.5703,quadratic growth from onset
155,0,evaporation,TK-02,0.002533,"PV valve, set 2.5 kPa"
155,0,evaporation,TK-03,0.00019,FREE VENT - PV valve missing/stuck open
155,0,evaporation,loading bays,0.002152,vapour displaced from road tankers
155,0,leakage,SEG-B,0.408,step change from onset
155,0,seepage,SEG-D,0.8228,quadratic growth from onset
155,1,evaporation,TK-03,0.000248,FREE VENT - PV valve missing/stuck open
155,1,evaporation,TK-05,0.004849,"PV valve, set 2.5 kPa"
155,1,evaporation,loading bays,0.003783,vapour displaced from road tankers
155,1,leakage,SEG-B,0.504,step change from onset
155,1,seepage,SEG-D,1.0164,quadratic growth from onset
155,2,evaporation,TK-01,0.002402,"PV valve, set 2.5 kPa"
155,2,evaporation,TK-03,0.00022,FREE VENT - PV valve missing/stuck open
155,2,evaporation,loading bays,0.002367,vapour displaced from road tankers
155,2,leakage,SEG-B,0.288,step change from onset
155,2,seepage,SEG-D,0.5808,quadratic growth from onset
156,0,evaporation,TK-03,0.002822,FREE VENT - PV valve missing/stuck open
156,0,evaporation,loading bays,0.00293,vapour displaced from road tankers
156,0,leakage,SEG-B,0.408,step change from onset
156,0,seepage,SEG-D,0.8378,quadratic growth from onset
156,1,evaporation,TK-02,0.004946,"PV valve, set 2.5 kPa"
156,1,evaporation,TK-03,0.000245,FREE VENT - PV valve missing/stuck open
156,1,evaporation,loading bays,0.00479,vapour displaced from road tankers
156,1,leakage,SEG-B,0.504,step change from onset
156,1,seepage,SEG-D,1.035,quadratic growth from onset
156,2,evaporation,TK-03,0.000208,FREE VENT - PV valve missing/stuck open
156,2,evaporation,TK-04,0.002568,"PV valve, set 2.5 kPa"
156,2,evaporation,loading bays,0.001837,vapour displaced from road tankers
156,2,leakage,SEG-B,0.288,step change from onset
156,2,seepage,SEG-D,0.5914,quadratic growth from onset
157,0,evaporation,TK-01,0.003847,"PV valve, set 2.5 kPa"
157,0,evaporation,TK-03,0.000201,FREE VENT - PV valve missing/stuck open
157,0,evaporation,loading bays,0.003319,vapour displaced from road tankers
157,0,leakage,SEG-B,0.408,step change from onset
157,0,seepage,SEG-D,0.853,quadratic growth from onset
157,1,evaporation,TK-03,0.000269,FREE VENT - PV valve missing/stuck open
157,1,evaporation,TK-05,0.006034,"PV valve, set 2.5 kPa"
157,1,evaporation,loading bays,0.004738,vapour displaced from road tankers
157,1,leakage,SEG-B,0.504,step change from onset
157,1,seepage,SEG-D,1.0537,quadratic growth from onset
157,2,evaporation,TK-03,0.000217,FREE VENT - PV valve missing/stuck open
157,2,evaporation,TK-04,0.002932,"PV valve, set 2.5 kPa"
157,2,evaporation,loading bays,0.001979,vapour displaced from road tankers
157,2,leakage,SEG-B,0.288,step change from onset
157,2,seepage,SEG-D,0.6021,quadratic growth from onset
158,0,evaporation,TK-03,0.003135,FREE VENT - PV valve missing/stuck open
158,0,evaporation,loading bays,0.003161,vapour displaced from road tankers
158,0,leakage,SEG-B,0.408,step change from onset
158,0,seepage,SEG-D,0.8683,quadratic growth from onset
158,1,evaporation,TK-02,0.004394,"PV valve, set 2.5 kPa"
158,1,evaporation,TK-03,0.000256,FREE VENT - PV valve missing/stuck open
158,1,evaporation,loading bays,0.003874,vapour displaced from road tankers
158,1,leakage,SEG-B,0.504,step change from onset
158,1,seepage,SEG-D,1.0726,quadratic growth from onset
158,2,evaporation,TK-01,0.00256,"PV valve, set 2.5 kPa"
158,2,evaporation,TK-03,0.000207,FREE VENT - PV valve missing/stuck open
158,2,evaporation,loading bays,0.0027,vapour displaced from road tankers
158,2,leakage,SEG-B,0.288,step change from onset
158,2,seepage,SEG-D,0.6129,quadratic growth from onset
159,0,evaporation,TK-03,0.000196,FREE VENT - PV valve missing/stuck open
159,0,evaporation,TK-05,0.003452,"PV valve, set 2.5 kPa"
159,0,evaporation,loading bays,0.002422,vapour displaced from road tankers
159,0,leakage,SEG-B,0.408,step change from onset
159,0,seepage,SEG-D,0.8837,quadratic growth from onset
159,1,evaporation,TK-03,0.000277,FREE VENT - PV valve missing/stuck open
159,1,evaporation,TK-04,0.004666,"PV valve, set 2.5 kPa"
159,1,evaporation,loading bays,0.004757,vapour displaced from road tankers
159,1,leakage,SEG-B,0.504,step change from onset
159,1,seepage,SEG-D,1.0917,quadratic growth from onset
159,2,evaporation,TK-02,0.002983,"PV valve, set 2.5 kPa"
159,2,evaporation,TK-03,0.000247,FREE VENT - PV valve missing/stuck open
159,2,evaporation,loading bays,0.002241,vapour displaced from road tankers
159,2,leakage,SEG-B,0.288,step change from onset
159,2,seepage,SEG-D,0.6238,quadratic growth from onset
160,0,evaporation,TK-01,0.00344,"PV valve, set 2.5 kPa"
160,0,evaporation,TK-03,0.00022,FREE VENT - PV valve missing/stuck open
160,0,evaporation,loading bays,0.002755,vapour displaced from road tankers
160,0,leakage,SEG-B,0.408,step change from onset
160,0,seepage,SEG-D,0.8993,quadratic growth from onset
160,1,evaporation,TK-03,0.006138,FREE VENT - PV valve missing/stuck open
160,1,evaporation,loading bays,0.004145,vapour displaced from road tankers
160,1,leakage,SEG-B,0.504,step change from onset
160,1,seepage,SEG-D,1.1109,quadratic growth from onset
160,2,evaporation,TK-03,0.000192,FREE VENT - PV valve missing/stuck open
160,2,evaporation,TK-05,0.002616,"PV valve, set 2.5 kPa"
160,2,evaporation,loading bays,0.002344,vapour displaced from road tankers
160,2,leakage,SEG-B,0.288,step change from onset
160,2,seepage,SEG-D,0.6348,quadratic growth from onset
161,0,evaporation,TK-03,0.000189,FREE VENT - PV valve missing/stuck open
161,0,evaporation,TK-04,0.003268,"PV valve, set 2.5 kPa"
161,0,evaporation,loading bays,0.00299,vapour displaced from road tankers
161,0,leakage,SEG-B,0.408,step change from onset
161,0,seepage,SEG-D,0.915,quadratic growth from onset
161,1,evaporation,TK-02,0.005056,"PV valve, set 2.5 kPa"
161,1,evaporation,TK-03,0.000247,FREE VENT - PV valve missing/stuck open
161,1,evaporation,loading bays,0.005041,vapour displaced from road tankers
161,1,leakage,SEG-B,0.504,step change from onset
161,1,seepage,SEG-D,1.1303,quadratic growth from onset
161,2,evaporation,TK-03,0.000213,FREE VENT - PV valve missing/stuck open
161,2,evaporation,TK-05,0.002505,"PV valve, set 2.5 kPa"
161,2,evaporation,loading bays,0.001974,vapour displaced from road tankers
161,2,leakage,SEG-B,0.288,step change from onset
161,2,seepage,SEG-D,0.6459,quadratic growth from onset
162,0,evaporation,TK-01,0.004577,"PV valve, set 2.5 kPa"
162,0,evaporation,TK-03,0.000206,FREE VENT - PV valve missing/stuck open
162,0,evaporation,loading bays,0.003315,vapour displaced from road tankers
162,0,leakage,SEG-B,0.408,step change from onset
162,0,seepage,SEG-D,0.9309,quadratic growth from onset
162,1,evaporation,TK-03,0.00026,FREE VENT - PV valve missing/stuck open
162,1,evaporation,TK-05,0.004628,"PV valve, set 2.5 kPa"
162,1,evaporation,loading bays,0.004624,vapour displaced from road tankers
162,1,leakage,SEG-B,0.504,step change from onset
162,1,seepage,SEG-D,1.1499,quadratic growth from onset
162,2,evaporation,TK-03,0.000225,FREE VENT - PV valve missing/stuck open
162,2,evaporation,TK-04,0.00262,"PV valve, set 2.5 kPa"
162,2,evaporation,loading bays,0.001981,vapour displaced from road tankers
162,2,leakage,SEG-B,0.288,step change from onset
162,2,seepage,SEG-D,0.6571,quadratic growth from onset
163,0,evaporation,TK-02,0.003632,"PV valve, set 2.5 kPa"
163,0,evaporation,TK-03,0.000223,FREE VENT - PV valve missing/stuck open
163,0,evaporation,loading bays,0.003415,vapour displaced from road tankers
163,0,leakage,SEG-B,0.408,step change from onset
163,0,seepage,SEG-D,0.9468,quadratic growth from onset
163,1,evaporation,TK-03,0.00583,FREE VENT - PV valve missing/stuck open
163,1,evaporation,loading bays,0.004839,vapour displaced from road tankers
163,1,leakage,SEG-B,0.504,step change from onset
163,1,seepage,SEG-D,1.1696,quadratic growth from onset
163,2,evaporation,TK-03,0.000201,FREE VENT - PV valve missing/stuck open
163,2,evaporation,TK-04,0.002209,"PV valve, set 2.5 kPa"
163,2,evaporation,loading bays,0.001943,vapour displaced from road tankers
163,2,leakage,SEG-B,0.288,step change from onset
163,2,seepage,SEG-D,0.6684,quadratic growth from onset
164,0,evaporation,TK-03,0.000209,FREE VENT - PV valve missing/stuck open
164,0,evaporation,TK-05,0.004296,"PV valve, set 2.5 kPa"
164,0,evaporation,loading bays,0.003382,vapour displaced from road tankers
164,0,leakage,SEG-B,0.408,step change from onset
164,0,seepage,SEG-D,0.9629,quadratic growth from onset
164,1,evaporation,TK-01,0.006344,"PV valve, set 2.5 kPa"
164,1,evaporation,TK-03,0.000255,FREE VENT - PV valve missing/stuck open
164,1,evaporation,loading bays,0.004508,vapour displaced from road tankers
164,1,leakage,SEG-B,0.504,step change from onset
164,1,seepage,SEG-D,1.1895,quadratic growth from onset
164,2,evaporation,TK-02,0.001974,"PV valve, set 2.5 kPa"
164,2,evaporation,TK-03,0.000203,FREE VENT - PV valve missing/stuck open
164,2,evaporation,loading bays,0.00252,vapour displaced from road tankers
164,2,leakage,SEG-B,0.288,step change from onset
164,2,seepage,SEG-D,0.6797,quadratic growth from onset
165,0,evaporation,TK-03,0.00021,FREE VENT - PV valve missing/stuck open
165,0,evaporation,TK-04,0.003928,"PV valve, set 2.5 kPa"
165,0,evaporation,loading bays,0.002682,vapour displaced from road tankers
165,0,leakage,SEG-B,0.408,step change from onset
165,0,seepage,SEG-D,0.9792,quadratic growth from onset
165,1,evaporation,TK-03,0.0003,FREE VENT - PV valve missing/stuck open
165,1,evaporation,TK-05,0.006009,"PV valve, set 2.5 kPa"
165,1,evaporation,loading bays,0.004906,vapour displaced from road tankers
165,1,leakage,SEG-B,0.504,step change from onset
165,1,seepage,SEG-D,1.2096,quadratic growth from onset
165,2,evaporation,TK-03,0.002899,FREE VENT - PV valve missing/stuck open
165,2,evaporation,loading bays,0.002405,vapour displaced from road tankers
165,2,leakage,SEG-B,0.288,step change from onset
165,2,seepage,SEG-D,0.6912,quadratic growth from onset
166,0,evaporation,TK-02,0.003978,"PV valve, set 2.5 kPa"
166,0,evaporation,TK-03,0.000208,FREE VENT - PV valve missing/stuck open
166,0,evaporation,loading bays,0.002327,vapour displaced from road tankers
166,0,leakage,SEG-B,0.408,step change from onset
166,0,seepage,SEG-D,0.9956,quadratic growth from onset
166,1,evaporation,TK-01,0.006416,"PV valve, set 2.5 kPa"
166,1,evaporation,TK-03,0.000266,FREE VENT - PV valve missing/stuck open
166,1,evaporation,loading bays,0.004912,vapour displaced from road tankers
166,1,leakage,SEG-B,0.504,step change from onset
166,1,seepage,SEG-D,1.2298,quadratic growth from onset
166,2,evaporation,TK-03,0.000229,FREE VENT - PV valve missing/stuck open
166,2,evaporation,TK-04,0.002891,"PV valve, set 2.5 kPa"
166,2,evaporation,loading bays,0.002044,vapour displaced from road tankers
166,2,leakage,SEG-B,0.288,step change from onset
166,2,seepage,SEG-D,0.7028,quadratic growth from onset
167,0,evaporation,TK-03,0.00022,FREE VENT - PV valve missing/stuck open
167,0,evaporation,TK-05,0.003639,"PV valve, set 2.5 kPa"
167,0,evaporation,loading bays,0.002903,vapour displaced from road tankers
167,0,leakage,SEG-B,0.408,step change from onset
167,0,seepage,SEG-D,1.0121,quadratic growth from onset
167,1,evaporation,TK-03,0.005641,FREE VENT - PV valve missing/stuck open
167,1,evaporation,loading bays,0.004081,vapour displaced from road tankers
167,1,leakage,SEG-B,0.504,step change from onset
167,1,seepage,SEG-D,1.2503,quadratic growth from onset
167,2,evaporation,TK-02,0.003028,"PV valve, set 2.5 kPa"
167,2,evaporation,TK-03,0.0002,FREE VENT - PV valve missing/stuck open
167,2,evaporation,loading bays,0.002332,vapour displaced from road tankers
167,2,leakage,SEG-B,0.288,step change from onset
167,2,seepage,SEG-D,0.7144,quadratic growth from onset
168,0,evaporation,TK-03,0.000184,FREE VENT - PV valve missing/stuck open
168,0,evaporation,TK-04,0.003196,"PV valve, set 2.5 kPa"
168,0,evaporation,loading bays,0.002749,vapour displaced from road tankers
168,0,leakage,SEG-B,0.408,step change from onset
168,0,seepage,SEG-D,1.0288,quadratic growth from onset
168,1,evaporation,TK-03,0.000259,FREE VENT - PV valve missing/stuck open
168,1,evaporation,TK-05,0.005199,"PV valve, set 2.5 kPa"
168,1,evaporation,loading bays,0.004374,vapour displaced from road tankers
168,1,leakage,SEG-B,0.504,step change from onset
168,1,seepage,SEG-D,1.2708,quadratic growth from onset
168,2,evaporation,TK-01,0.001968,"PV valve, set 2.5 kPa"
168,2,evaporation,TK-03,0.000199,FREE VENT - PV valve missing/stuck open
168,2,evaporation,loading bays,0.00192,vapour displaced from road tankers
168,2,leakage,SEG-B,0.288,step change from onset
168,2,seepage,SEG-D,0.7262,quadratic growth from onset
169,0,evaporation,TK-02,0.00268,"PV valve, set 2.5 kPa"
169,0,evaporation,TK-03,0.00019,FREE VENT - PV valve missing/stuck open
169,0,evaporation,loading bays,0.00266,vapour displaced from road tankers
169,0,leakage,SEG-B,0.408,step change from onset
169,0,seepage,SEG-D,1.0456,quadratic growth from onset
169,1,evaporation,TK-03,0.000286,FREE VENT - PV valve missing/stuck open
169,1,evaporation,TK-04,0.006002,"PV valve, set 2.5 kPa"
169,1,evaporation,loading bays,0.005885,vapour displaced from road tankers
169,1,leakage,SEG-B,0.504,step change from onset
169,1,seepage,SEG-D,1.2916,quadratic growth from onset
169,2,evaporation,TK-01,0.002444,"PV valve, set 2.5 kPa"
169,2,evaporation,TK-03,0.000216,FREE VENT - PV valve missing/stuck open
169,2,evaporation,loading bays,0.00218,vapour displaced from road tankers
169,2,leakage,SEG-B,0.288,step change from onset
169,2,seepage,SEG-D,0.738,quadratic growth from onset
170,0,evaporation,TK-03,0.000234,FREE VENT - PV valve missing/stuck open
170,0,evaporation,TK-05,0.003759,"PV valve, set 2.5 kPa"
170,0,evaporation,loading bays,0.002683,vapour displaced from road tankers
170,0,leakage,SEG-B,0.408,step change from onset
170,0,seepage,SEG-D,1.0625,quadratic growth from onset
170,1,evaporation,TK-03,0.006009,FREE VENT - PV valve missing/stuck open
170,1,evaporation,loading bays,0.005241,vapour displaced from road tankers
170,1,leakage,SEG-B,0.504,step change from onset
170,1,seepage,SEG-D,1.3125,quadratic growth from onset
170,2,evaporation,TK-02,0.002471,"PV valve, set 2.5 kPa"
170,2,evaporation,TK-03,0.0002,FREE VENT - PV valve missing/stuck open
170,2,evaporation,loading bays,0.002343,vapour displaced from road tankers
170,2,leakage,SEG-B,0.288,step change from onset
170,2,seepage,SEG-D,0.75,quadratic growth from onset
171,0,evaporation,TK-01,0.003839,"PV valve, set 2.5 kPa"
171,0,evaporation,TK-03,0.000196,FREE VENT - PV valve missing/stuck open
171,0,evaporation,loading bays,0.003243,vapour displaced from road tankers
171,0,leakage,SEG-B,0.408,step change from onset
171,0,seepage,SEG-D,1.0796,quadratic growth from onset
171,1,evaporation,TK-03,0.000261,FREE VENT - PV valve missing/stuck open
171,1,evaporation,TK-05,0.004716,"PV valve, set 2.5 kPa"
171,1,evaporation,loading bays,0.005428,vapour displaced from road tankers
171,1,leakage,SEG-B,0.504,step change from onset
171,1,seepage,SEG-D,1.3336,quadratic growth from onset
171,2,evaporation,TK-02,0.002258,"PV valve, set 2.5 kPa"
171,2,evaporation,TK-03,0.000224,FREE VENT - PV valve missing/stuck open
171,2,evaporation,loading bays,0.002341,vapour displaced from road tankers
171,2,leakage,SEG-B,0.288,step change from onset
171,2,seepage,SEG-D,0.762,quadratic growth from onset
172,0,evaporation,TK-03,0.000219,FREE VENT - PV valve missing/stuck open
172,0,evaporation,TK-04,0.003902,"PV valve, set 2.5 kPa"
172,0,evaporation,loading bays,0.003255,vapour displaced from road tankers
172,0,leakage,SEG-B,0.408,step change from onset
172,0,seepage,SEG-D,1.0968,quadratic growth from onset
172,1,evaporation,TK-02,0.005382,"PV valve, set 2.5 kPa"
172,1,evaporation,TK-03,0.000283,FREE VENT - PV valve missing/stuck open
172,1,evaporation,loading bays,0.005043,vapour displaced from road tankers
172,1,leakage,SEG-B,0.504,step change from onset
172,1,seepage,SEG-D,1.3548,quadratic growth from onset
172,2,evaporation,TK-01,0.003682,"PV valve, set 2.5 kPa"
172,2,evaporation,TK-03,0.000249,FREE VENT - PV valve missing/stuck open
172,2,evaporation,loading bays,0.002341,vapour displaced from road tankers
172,2,leakage,SEG-B,0.288,step change from onset
172,2,seepage,SEG-D,0.7742,quadratic growth from onset
173,0,evaporation,TK-03,0.000229,FREE VENT - PV valve missing/stuck open
173,0,evaporation,TK-05,0.00322,"PV valve, set 2.5 kPa"
173,0,evaporation,loading bays,0.002839,vapour displaced from road tankers
173,0,leakage,SEG-B,0.408,step change from onset
173,0,seepage,SEG-D,1.1141,quadratic growth from onset
173,1,evaporation,TK-03,0.005271,FREE VENT - PV valve missing/stuck open
173,1,evaporation,loading bays,0.003629,vapour displaced from road tankers
173,1,leakage,SEG-B,0.504,step change from onset
173,1,seepage,SEG-D,1.3763,quadratic growth from onset
173,2,evaporation,TK-03,0.000207,FREE VENT - PV valve missing/stuck open
173,2,evaporation,TK-04,0.002299,"PV valve, set 2.5 kPa"
173,2,evaporation,loading bays,0.002629,vapour displaced from road tankers
173,2,leakage,SEG-B,0.288,step change from onset
173,2,seepage,SEG-D,0.7864,quadratic growth from onset
174,0,evaporation,TK-03,0.000197,FREE VENT - PV valve missing/stuck open
174,0,evaporation,TK-05,0.003378,"PV valve, set 2.5 kPa"
174,0,evaporation,loading bays,0.002861,vapour displaced from road tankers
174,0,leakage,SEG-B,0.408,step change from onset
174,0,seepage,SEG-D,1.1316,quadratic growth from onset
174,1,evaporation,TK-01,0.006142,"PV valve, set 2.5 kPa"
174,1,evaporation,TK-03,0.000271,FREE VENT - PV valve missing/stuck open
174,1,evaporation,loading bays,0.004846,vapour displaced from road tankers
174,1,leakage,SEG-B,0.504,step change from onset
174,1,seepage,SEG-D,1.3978,quadratic growth from onset
174,2,evaporation,TK-02,0.002289,"PV valve, set 2.5 kPa"
174,2,evaporation,TK-03,0.000241,FREE VENT - PV valve missing/stuck open
174,2,evaporation,loading bays,0.002575,vapour displaced from road tankers
174,2,leakage,SEG-B,0.288,step change from onset
174,2,seepage,SEG-D,0.7988,quadratic growth from onset
175,0,evaporation,TK-03,0.000221,FREE VENT - PV valve missing/stuck open
175,0,evaporation,TK-04,0.003096,"PV valve, set 2.5 kPa"
175,0,evaporation,loading bays,0.003431,vapour displaced from road tankers
175,0,leakage,SEG-B,0.408,step change from onset
175,0,seepage,SEG-D,1.1492,quadratic growth from onset
175,1,evaporation,TK-03,0.000303,FREE VENT - PV valve missing/stuck open
175,1,evaporation,TK-05,0.005268,"PV valve, set 2.5 kPa"
175,1,evaporation,loading bays,0.004719,vapour displaced from road tankers
175,1,leakage,SEG-B,0.504,step change from onset
175,1,seepage,SEG-D,1.4196,quadratic growth from onset
175,2,evaporation,TK-03,0.002527,FREE VENT - PV valve missing/stuck open
175,2,evaporation,loading bays,0.002345,vapour displaced from road tankers
175,2,leakage,SEG-B,0.288,step change from onset
175,2,seepage,SEG-D,0.8112,quadratic growth from onset
176,0,evaporation,TK-02,0.002807,"PV valve, set 2.5 kPa"
176,0,evaporation,TK-03,0.000224,FREE VENT - PV valve missing/stuck open
176,0,evaporation,loading bays,0.002979,vapour displaced from road tankers
176,0,leakage,SEG-B,0.408,step change from onset
176,0,seepage,SEG-D,1.1669,quadratic growth from onset
176,1,evaporation,TK-03,0.000296,FREE VENT - PV valve missing/stuck open
176,1,evaporation,TK-04,0.006514,"PV valve, set 2.5 kPa"
176,1,evaporation,loading bays,0.004684,vapour displaced from road tankers
176,1,leakage,SEG-B,0.504,step change from onset
176,1,seepage,SEG-D,1.4415,quadratic growth from onset
176,2,evaporation,TK-01,0.003131,"PV valve, set 2.5 kPa"
176,2,evaporation,TK-03,0.000258,FREE VENT - PV valve missing/stuck open
176,2,evaporation,loading bays,0.002069,vapour displaced from road tankers
176,2,leakage,SEG-B,0.288,step change from onset
176,2,seepage,SEG-D,0.8237,quadratic growth from onset
177,0,evaporation,TK-03,0.003782,FREE VENT - PV valve missing/stuck open
177,0,evaporation,loading bays,0.00285,vapour displaced from road tankers
177,0,leakage,SEG-B,0.408,step change from onset
177,0,seepage,SEG-D,1.1848,quadratic growth from onset
177,1,evaporation,TK-02,0.006374,"PV valve, set 2.5 kPa"
177,1,evaporation,TK-03,0.000263,FREE VENT - PV valve missing/stuck open
177,1,evaporation,loading bays,0.005388,vapour displaced from road tankers
177,1,leakage,SEG-B,0.504,step change from onset
177,1,seepage,SEG-D,1.4636,quadratic growth from onset
177,2,evaporation,TK-03,0.000226,FREE VENT - PV valve missing/stuck open
177,2,evaporation,TK-05,0.003201,"PV valve, set 2.5 kPa"
177,2,evaporation,loading bays,0.002041,vapour displaced from road tankers
177,2,leakage,SEG-B,0.288,step change from onset
177,2,seepage,SEG-D,0.8364,quadratic growth from onset
178,0,evaporation,TK-01,0.003588,"PV valve, set 2.5 kPa"
178,0,evaporation,TK-03,0.000216,FREE VENT - PV valve missing/stuck open
178,0,evaporation,loading bays,0.002821,vapour displaced from road tankers
178,0,leakage,SEG-B,0.408,step change from onset
178,0,seepage,SEG-D,1.2029,quadratic growth from onset
178,1,evaporation,TK-03,0.000275,FREE VENT - PV valve missing/stuck open
178,1,evaporation,TK-05,0.005275,"PV valve, set 2.5 kPa"
178,1,evaporation,loading bays,0.004476,vapour displaced from road tankers
178,1,leakage,SEG-B,0.504,step change from onset
178,1,seepage,SEG-D,1.4859,quadratic growth from onset
178,2,evaporation,TK-03,0.000227,FREE VENT - PV valve missing/stuck open
178,2,evaporation,TK-04,0.002369,"PV valve, set 2.5 kPa"
178,2,evaporation,loading bays,0.002122,vapour displaced from road tankers
178,2,leakage,SEG-B,0.288,step change from onset
178,2,seepage,SEG-D,0.8491,quadratic growth from onset
179,0,evaporation,TK-03,0.004041,FREE VENT - PV valve missing/stuck open
179,0,evaporation,loading bays,0.002837,vapour displaced from road tankers
179,0,leakage,SEG-B,0.408,step change from onset
179,0,seepage,SEG-D,1.221,quadratic growth from onset
179,1,evaporation,TK-02,0.006136,"PV valve, set 2.5 kPa"
179,1,evaporation,TK-03,0.000249,FREE VENT - PV valve missing/stuck open
179,1,evaporation,loading bays,0.004728,vapour displaced from road tankers
179,1,leakage,SEG-B,0.504,step change from onset
179,1,seepage,SEG-D,1.5083,quadratic growth from onset
179,2,evaporation,TK-01,0.002398,"PV valve, set 2.5 kPa"
179,2,evaporation,TK-03,0.000204,FREE VENT - PV valve missing/stuck open
179,2,evaporation,loading bays,0.00222,vapour displaced from road tankers
179,2,leakage,SEG-B,0.288,step change from onset
179,2,seepage,SEG-D,0.8619,quadratic growth from onset
0,-1,meter drift,LB-03,0.0,under-registering
1,-1,meter drift,LB-03,0.00867,under-registering
2,-1,meter drift,LB-03,0.0203,under-registering
3,-1,meter drift,LB-03,0.02206,under-registering
4,-1,meter drift,LB-03,0.0209,under-registering
5,-1,meter drift,LB-03,0.03606,under-registering
6,-1,meter drift,LB-03,0.05427,under-registering
7,-1,meter drift,LB-03,0.03578,under-registering
8,-1,meter drift,LB-03,0.06426,under-registering
9,-1,meter drift,LB-03,0.03925,under-registering
10,-1,meter drift,LB-03,0.06435,under-registering
11,-1,meter drift,LB-03,0.0781,under-registering
12,-1,meter drift,LB-03,0.08984,under-registering
13,-1,meter drift,LB-03,0.08702,under-registering
14,-1,meter drift,LB-03,0.12228,under-registering
15,-1,meter drift,LB-03,0.09641,under-registering
16,-1,meter drift,LB-03,0.13065,under-registering
17,-1,meter drift,LB-03,0.1205,under-registering
18,-1,meter drift,LB-03,0.10127,under-registering
19,-1,meter drift,LB-03,0.14965,under-registering
20,-1,meter drift,LB-03,0.14225,under-registering
21,-1,meter drift,LB-03,0.15601,under-registering
22,-1,meter drift,LB-03,0.17109,under-registering
23,-1,meter drift,LB-03,0.14236,under-registering
24,-1,meter drift,LB-03,0.12232,under-registering
25,-1,meter drift,LB-03,0.22982,under-registering
26,-1,meter drift,LB-03,0.12044,under-registering
27,-1,meter drift,LB-03,0.21429,under-registering
28,-1,meter drift,LB-03,0.1383,under-registering
29,-1,meter drift,LB-03,0.21796,under-registering
30,-1,meter drift,LB-03,0.19251,under-registering
31,-1,meter drift,LB-03,0.23527,under-registering
32,-1,meter drift,LB-03,0.15834,under-registering
33,-1,meter drift,LB-03,0.21427,under-registering
34,-1,meter drift,LB-03,0.37179,under-registering
35,-1,meter drift,LB-03,0.30122,under-registering
36,-1,meter drift,LB-03,0.1705,under-registering
37,-1,meter drift,LB-03,0.29023,under-registering
38,-1,meter drift,LB-03,0.22337,under-registering
39,-1,meter drift,LB-03,0.26101,under-registering
40,-1,meter drift,LB-03,0.17485,under-registering
41,-1,meter drift,LB-03,0.22959,under-registering
42,-1,meter drift,LB-03,0.21565,under-registering
43,-1,meter drift,LB-03,0.23382,under-registering
44,-1,meter drift,LB-03,0.27297,under-registering
45,-1,meter drift,LB-03,0.39974,under-registering
46,-1,meter drift,LB-03,0.38596,under-registering
47,-1,meter drift,LB-03,0.17734,under-registering
48,-1,meter drift,LB-03,0.37677,under-registering
49,-1,meter drift,LB-03,0.36693,under-registering
50,-1,meter drift,LB-03,0.30479,under-registering
51,-1,meter drift,LB-03,0.35856,under-registering
52,-1,meter drift,LB-03,0.29317,under-registering
53,-1,meter drift,LB-03,0.35213,under-registering
54,-1,meter drift,LB-03,0.4966,under-registering
55,-1,meter drift,LB-03,0.39549,under-registering
56,-1,meter drift,LB-03,0.38811,under-registering
57,-1,meter drift,LB-03,0.36396,under-registering
58,-1,meter drift,LB-03,0.29191,under-registering
59,-1,meter drift,LB-03,0.3752,under-registering
60,-1,meter drift,LB-03,0.40467,under-registering
61,-1,meter drift,LB-03,0.60972,under-registering
62,-1,meter drift,LB-03,0.48917,under-registering
63,-1,meter drift,LB-03,0.2689,under-registering
64,-1,meter drift,LB-03,0.5341,under-registering
65,-1,meter drift,LB-03,0.44537,under-registering
66,-1,meter drift,LB-03,0.44995,under-registering
67,-1,meter drift,LB-03,0.36843,under-registering
68,-1,meter drift,LB-03,0.52713,under-registering
69,-1,meter drift,LB-03,0.5346,under-registering
70,-1,meter drift,LB-03,0.47635,under-registering
71,-1,meter drift,LB-03,0.38193,under-registering
72,-1,meter drift,LB-03,0.36136,under-registering
73,-1,meter drift,LB-03,0.51018,under-registering
74,-1,meter drift,LB-03,0.58582,under-registering
75,-1,meter drift,LB-03,0.44952,under-registering
76,-1,meter drift,LB-03,0.46506,under-registering
77,-1,meter drift,LB-03,0.48971,under-registering
78,-1,meter drift,LB-03,0.40587,under-registering
79,-1,meter drift,LB-03,0.58235,under-registering
80,-1,meter drift,LB-03,0.55754,under-registering
81,-1,meter drift,LB-03,0.3489,under-registering
82,-1,meter drift,LB-03,0.60269,under-registering
83,-1,meter drift,LB-03,0.68789,under-registering
84,-1,meter drift,LB-03,0.62514,under-registering
85,-1,meter drift,LB-03,0.86991,under-registering
86,-1,meter drift,LB-03,0.39641,under-registering
87,-1,meter drift,LB-03,0.60889,under-registering
88,-1,meter drift,LB-03,0.80645,under-registering
89,-1,meter drift,LB-03,0.6798,under-registering
90,-1,meter drift,LB-03,0.0,under-registering
91,-1,meter drift,LB-03,0.00536,under-registering
92,-1,meter drift,LB-03,0.01135,under-registering
93,-1,meter drift,LB-03,0.01936,under-registering
94,-1,meter drift,LB-03,0.02707,under-registering
95,-1,meter drift,LB-03,0.06831,under-registering
96,-1,meter drift,LB-03,0.05152,under-registering
97,-1,meter drift,LB-03,0.0372,under-registering
98,-1,meter drift,LB-03,0.05953,under-registering
99,-1,meter drift,LB-03,0.0608,under-registering
100,-1,meter drift,LB-03,0.08965,under-registering
101,-1,meter drift,LB-03,0.06746,under-registering
102,-1,meter drift,LB-03,0.06565,under-registering
103,-1,meter drift,LB-03,0.09111,under-registering
104,-1,meter drift,LB-03,0.08694,under-registering
105,-1,meter drift,LB-03,0.0863,under-registering
106,-1,meter drift,LB-03,0.09231,under-registering
107,-1,meter drift,LB-03,0.12516,under-registering
108,-1,meter drift,LB-03,0.13401,under-registering
109,-1,meter drift,LB-03,0.25594,under-registering
110,-1,meter drift,LB-03,0.16498,under-registering
111,-1,meter drift,LB-03,0.22199,under-registering
112,-1,meter drift,LB-03,0.17463,under-registering
113,-1,meter drift,LB-03,0.18287,under-registering
114,-1,meter drift,LB-03,0.12369,under-registering
115,-1,meter drift,LB-03,0.17681,under-registering
116,-1,meter drift,LB-03,0.17556,under-registering
117,-1,meter drift,LB-03,0.17849,under-registering
118,-1,meter drift,LB-03,0.222,under-registering
119,-1,meter drift,LB-03,0.1922,under-registering
120,-1,meter drift,LB-03,0.20618,under-registering
121,-1,meter drift,LB-03,0.26807,under-registering
122,-1,meter drift,LB-03,0.2941,under-registering
123,-1,meter drift,LB-03,0.19748,under-registering
124,-1,meter drift,LB-03,0.28412,under-registering
125,-1,meter drift,LB-03,0.20497,under-registering
126,-1,meter drift,LB-03,0.20885,under-registering
127,-1,meter drift,LB-03,0.22095,under-registering
128,-1,meter drift,LB-03,0.29409,under-registering
129,-1,meter drift,LB-03,0.26101,under-registering
130,-1,meter drift,LB-03,0.27279,under-registering
131,-1,meter drift,LB-03,0.21429,under-registering
132,-1,meter drift,LB-03,0.31875,under-registering
133,-1,meter drift,LB-03,0.3195,under-registering
134,-1,meter drift,LB-03,0.37355,under-registering
135,-1,meter drift,LB-03,0.13768,under-registering
136,-1,meter drift,LB-03,0.41007,under-registering
137,-1,meter drift,LB-03,0.4821,under-registering
138,-1,meter drift,LB-03,0.35237,under-registering
139,-1,meter drift,LB-03,0.3158,under-registering
140,-1,meter drift,LB-03,0.47623,under-registering
141,-1,meter drift,LB-03,0.46249,under-registering
142,-1,meter drift,LB-03,0.37123,under-registering
143,-1,meter drift,LB-03,0.30984,under-registering
144,-1,meter drift,LB-03,0.36601,under-registering
145,-1,meter drift,LB-03,0.32027,under-registering
146,-1,meter drift,LB-03,0.41433,under-registering
147,-1,meter drift,LB-03,0.58245,under-registering
148,-1,meter drift,LB-03,0.347,under-registering
149,-1,meter drift,LB-03,0.39222,under-registering
150,-1,meter drift,LB-03,0.34411,under-registering
151,-1,meter drift,LB-03,0.61953,under-registering
152,-1,meter drift,LB-03,0.32471,under-registering
153,-1,meter drift,LB-03,0.43092,under-registering
154,-1,meter drift,LB-03,0.38911,under-registering
155,-1,meter drift,LB-03,0.31383,under-registering
156,-1,meter drift,LB-03,0.27742,under-registering
157,-1,meter drift,LB-03,0.44345,under-registering
158,-1,meter drift,LB-03,0.39205,under-registering
159,-1,meter drift,LB-03,0.47902,under-registering
160,-1,meter drift,LB-03,0.37705,under-registering
161,-1,meter drift,LB-03,0.48745,under-registering
162,-1,meter drift,LB-03,0.59148,under-registering
163,-1,meter drift,LB-03,0.51051,under-registering
164,-1,meter drift,LB-03,0.6226,under-registering
165,-1,meter drift,LB-03,0.523,under-registering
166,-1,meter drift,LB-03,0.54868,under-registering
167,-1,meter drift,LB-03,0.50191,under-registering
168,-1,meter drift,LB-03,0.39818,under-registering
169,-1,meter drift,LB-03,0.70606,under-registering
170,-1,meter drift,LB-03,0.65392,under-registering
171,-1,meter drift,LB-03,0.34454,under-registering
172,-1,meter drift,LB-03,0.84954,under-registering
173,-1,meter drift,LB-03,0.37158,under-registering
174,-1,meter drift,LB-03,0.45504,under-registering
175,-1,meter drift,LB-03,0.47959,under-registering
176,-1,meter drift,LB-03,0.48669,under-registering
177,-1,meter drift,LB-03,0.83208,under-registering
178,-1,meter drift,LB-03,0.47281,under-registering
179,-1,meter drift,LB-03,0.37254,under-registering
0,-1,meter drift,LB-07,0.0,over-registering
1,-1,meter drift,LB-07,-0.0042,over-registering
2,-1,meter drift,LB-07,-0.00958,over-registering
3,-1,meter drift,LB-07,-0.01327,over-registering
4,-1,meter drift,LB-07,-0.01328,over-registering
5,-1,meter drift,LB-07,-0.01738,over-registering
6,-1,meter drift,LB-07,-0.03165,over-registering
7,-1,meter drift,LB-07,-0.02968,over-registering
8,-1,meter drift,LB-07,-0.02873,over-registering
9,-1,meter drift,LB-07,-0.05862,over-registering
10,-1,meter drift,LB-07,-0.03994,over-registering
11,-1,meter drift,LB-07,-0.04625,over-registering
12,-1,meter drift,LB-07,-0.0572,over-registering
13,-1,meter drift,LB-07,-0.06729,over-registering
14,-1,meter drift,LB-07,-0.06946,over-registering
15,-1,meter drift,LB-07,-0.08621,over-registering
16,-1,meter drift,LB-07,-0.0602,over-registering
17,-1,meter drift,LB-07,-0.06109,over-registering
18,-1,meter drift,LB-07,-0.09309,over-registering
19,-1,meter drift,LB-07,-0.07415,over-registering
20,-1,meter drift,LB-07,-0.11941,over-registering
21,-1,meter drift,LB-07,-0.08063,over-registering
22,-1,meter drift,LB-07,-0.07951,over-registering
23,-1,meter drift,LB-07,-0.05938,over-registering
24,-1,meter drift,LB-07,-0.08688,over-registering
25,-1,meter drift,LB-07,-0.10456,over-registering
26,-1,meter drift,LB-07,-0.09874,over-registering
27,-1,meter drift,LB-07,-0.11755,over-registering
28,-1,meter drift,LB-07,-0.19277,over-registering
29,-1,meter drift,LB-07,-0.14698,over-registering
30,-1,meter drift,LB-07,-0.12431,over-registering
31,-1,meter drift,LB-07,-0.19314,over-registering
32,-1,meter drift,LB-07,-0.16549,over-registering
33,-1,meter drift,LB-07,-0.18093,over-registering
34,-1,meter drift,LB-07,-0.16523,over-registering
35,-1,meter drift,LB-07,-0.17224,over-registering
36,-1,meter drift,LB-07,-0.13759,over-registering
37,-1,meter drift,LB-07,-0.10778,over-registering
38,-1,meter drift,LB-07,-0.15811,over-registering
39,-1,meter drift,LB-07,-0.16033,over-registering
40,-1,meter drift,LB-07,-0.14781,over-registering
41,-1,meter drift,LB-07,-0.22829,over-registering
42,-1,meter drift,LB-07,-0.13177,over-registering
43,-1,meter drift,LB-07,-0.15234,over-registering
44,-1,meter drift,LB-07,-0.16492,over-registering
45,-1,meter drift,LB-07,-0.17575,over-registering
46,-1,meter drift,LB-07,-0.19433,over-registering
47,-1,meter drift,LB-07,-0.24362,over-registering
48,-1,meter drift,LB-07,-0.21106,over-registering
49,-1,meter drift,LB-07,-0.14124,over-registering
50,-1,meter drift,LB-07,-0.1838,over-registering
51,-1,meter drift,LB-07,-0.31633,over-registering
52,-1,meter drift,LB-07,-0.21049,over-registering
53,-1,meter drift,LB-07,-0.2991,over-registering
54,-1,meter drift,LB-07,-0.19665,over-registering
55,-1,meter drift,LB-07,-0.14737,over-registering
56,-1,meter drift,LB-07,-0.19694,over-registering
57,-1,meter drift,LB-07,-0.20081,over-registering
58,-1,meter drift,LB-07,-0.18008,over-registering
59,-1,meter drift,LB-07,-0.1726,over-registering
60,-1,meter drift,LB-07,-0.2603,over-registering
61,-1,meter drift,LB-07,-0.29218,over-registering
62,-1,meter drift,LB-07,-0.29567,over-registering
63,-1,meter drift,LB-07,-0.19154,over-registering
64,-1,meter drift,LB-07,-0.27485,over-registering
65,-1,meter drift,LB-07,-0.21863,over-registering
66,-1,meter drift,LB-07,-0.35491,over-registering
67,-1,meter drift,LB-07,-0.30849,over-registering
68,-1,meter drift,LB-07,-0.46155,over-registering
69,-1,meter drift,LB-07,-0.23277,over-registering
70,-1,meter drift,LB-07,-0.29188,over-registering
71,-1,meter drift,LB-07,-0.38193,over-registering
72,-1,meter drift,LB-07,-0.31119,over-registering
73,-1,meter drift,LB-07,-0.23786,over-registering
74,-1,meter drift,LB-07,-0.40734,over-registering
75,-1,meter drift,LB-07,-0.33389,over-registering
76,-1,meter drift,LB-07,-0.24238,over-registering
77,-1,meter drift,LB-07,-0.2016,over-registering
78,-1,meter drift,LB-07,-0.24872,over-registering
79,-1,meter drift,LB-07,-0.15238,over-registering
80,-1,meter drift,LB-07,-0.33078,over-registering
81,-1,meter drift,LB-07,-0.39014,over-registering
82,-1,meter drift,LB-07,-0.34938,over-registering
83,-1,meter drift,LB-07,-0.39693,over-registering
84,-1,meter drift,LB-07,-0.24459,over-registering
85,-1,meter drift,LB-07,-0.47784,over-registering
86,-1,meter drift,LB-07,-0.47103,over-registering
87,-1,meter drift,LB-07,-0.26417,over-registering
88,-1,meter drift,LB-07,-0.47285,over-registering
89,-1,meter drift,LB-07,-0.28443,over-registering
90,-1,meter drift,LB-07,0.0,over-registering
91,-1,meter drift,LB-07,-0.00513,over-registering
92,-1,meter drift,LB-07,-0.00633,over-registering
93,-1,meter drift,LB-07,-0.01298,over-registering
94,-1,meter drift,LB-07,-0.01603,over-registering
95,-1,meter drift,LB-07,-0.02009,over-registering
96,-1,meter drift,LB-07,-0.023,over-registering
97,-1,meter drift,LB-07,-0.02747,over-registering
98,-1,meter drift,LB-07,-0.02919,over-registering
99,-1,meter drift,LB-07,-0.03418,over-registering
100,-1,meter drift,LB-07,-0.04882,over-registering
101,-1,meter drift,LB-07,-0.06733,over-registering
102,-1,meter drift,LB-07,-0.03891,over-registering
103,-1,meter drift,LB-07,-0.04328,over-registering
104,-1,meter drift,LB-07,-0.05633,over-registering
105,-1,meter drift,LB-07,-0.0467,over-registering
106,-1,meter drift,LB-07,-0.03951,over-registering
107,-1,meter drift,LB-07,-0.06289,over-registering
108,-1,meter drift,LB-07,-0.06309,over-registering
109,-1,meter drift,LB-07,-0.08464,over-registering
110,-1,meter drift,LB-07,-0.07603,over-registering
111,-1,meter drift,LB-07,-0.10849,over-registering
112,-1,meter drift,LB-07,-0.11533,over-registering
113,-1,meter drift,LB-07,-0.11187,over-registering
114,-1,meter drift,LB-07,-0.09749,over-registering
115,-1,meter drift,LB-07,-0.15214,over-registering
116,-1,meter drift,LB-07,-0.10029,over-registering
117,-1,meter drift,LB-07,-0.11101,over-registering
118,-1,meter drift,LB-07,-0.0771,over-registering
119,-1,meter drift,LB-07,-0.09637,over-registering
120,-1,meter drift,LB-07,-0.235,over-registering
121,-1,meter drift,LB-07,-0.15499,over-registering
122,-1,meter drift,LB-07,-0.10951,over-registering
123,-1,meter drift,LB-07,-0.12662,over-registering
124,-1,meter drift,LB-07,-0.12347,over-registering
125,-1,meter drift,LB-07,-0.11434,over-registering
126,-1,meter drift,LB-07,-0.13359,over-registering
127,-1,meter drift,LB-07,-0.17712,over-registering
128,-1,meter drift,LB-07,-0.1883,over-registering
129,-1,meter drift,LB-07,-0.15056,over-registering
130,-1,meter drift,LB-07,-0.14579,over-registering
131,-1,meter drift,LB-07,-0.15859,over-registering
132,-1,meter drift,LB-07,-0.17545,over-registering
133,-1,meter drift,LB-07,-0.20505,over-registering
134,-1,meter drift,LB-07,-0.12844,over-registering
135,-1,meter drift,LB-07,-0.12425,over-registering
136,-1,meter drift,LB-07,-0.20794,over-registering
137,-1,meter drift,LB-07,-0.18485,over-registering
138,-1,meter drift,LB-07,-0.22156,over-registering
139,-1,meter drift,LB-07,-0.26316,over-registering
140,-1,meter drift,LB-07,-0.19939,over-registering
141,-1,meter drift,LB-07,-0.25121,over-registering
142,-1,meter drift,LB-07,-0.17604,over-registering
143,-1,meter drift,LB-07,-0.17033,over-registering
144,-1,meter drift,LB-07,-0.13923,over-registering
145,-1,meter drift,LB-07,-0.26084,over-registering
146,-1,meter drift,LB-07,-0.16272,over-registering
147,-1,meter drift,LB-07,-0.28941,over-registering
148,-1,meter drift,LB-07,-0.15569,over-registering
149,-1,meter drift,LB-07,-0.20023,over-registering
150,-1,meter drift,LB-07,-0.2398,over-registering
151,-1,meter drift,LB-07,-0.13153,over-registering
152,-1,meter drift,LB-07,-0.18927,over-registering
153,-1,meter drift,LB-07,-0.18808,over-registering
154,-1,meter drift,LB-07,-0.24976,over-registering
155,-1,meter drift,LB-07,-0.29405,over-registering
156,-1,meter drift,LB-07,-0.21495,over-registering
157,-1,meter drift,LB-07,-0.31704,over-registering
158,-1,meter drift,LB-07,-0.29847,over-registering
159,-1,meter drift,LB-07,-0.35785,over-registering
160,-1,meter drift,LB-07,-0.31608,over-registering
161,-1,meter drift,LB-07,-0.2839,over-registering
162,-1,meter drift,LB-07,-0.27208,over-registering
163,-1,meter drift,LB-07,-0.30954,over-registering
164,-1,meter drift,LB-07,-0.25882,over-registering
165,-1,meter drift,LB-07,-0.44051,over-registering
166,-1,meter drift,LB-07,-0.39725,over-registering
167,-1,meter drift,LB-07,-0.29944,over-registering
168,-1,meter drift,LB-07,-0.24228,over-registering
169,-1,meter drift,LB-07,-0.34028,over-registering
170,-1,meter drift,LB-07,-0.28588,over-registering
171,-1,meter drift,LB-07,-0.33612,over-registering
172,-1,meter drift,LB-07,-0.28288,over-registering
173,-1,meter drift,LB-07,-0.33416,over-registering
174,-1,meter drift,LB-07,-0.31604,over-registering
175,-1,meter drift,LB-07,-0.45631,over-registering
176,-1,meter drift,LB-07,-0.32475,over-registering
177,-1,meter drift,LB-07,-0.42816,over-registering
178,-1,meter drift,LB-07,-0.16116,over-registering
179,-1,meter drift,LB-07,-0.18552,over-registering
