timestamp,day,slot,segment_id,inlet_kl15,outlet_kl15,inlet_pressure_bar,outlet_pressure_bar,flow_rate_kl_per_h
2026-01-01 06:00:00,0,0,SEG-A,227.4242,227.5159,48.088,47.104,28.429
2026-01-01 06:00:00,0,0,SEG-B,227.5235,227.4218,46.547,45.945,28.429
2026-01-01 06:00:00,0,0,SEG-C,227.2366,227.395,45.098,44.468,28.429
2026-01-01 06:00:00,0,0,SEG-D,227.5284,227.6361,43.833,42.714,28.429
2026-01-01 06:00:00,0,0,SEG-E,227.3489,227.2741,42.391,41.508,28.429
2026-01-01 06:00:00,0,0,SEG-F,227.3209,227.5737,40.739,40.098,28.429
2026-01-01 06:00:00,0,0,SEG-G,227.3175,227.4572,39.626,39.021,28.429
2026-01-01 06:00:00,0,0,SEG-H,227.484,227.4507,38.185,37.319,28.429
2026-01-01 06:00:00,0,0,SEG-I,227.3398,227.3195,36.693,35.867,28.429
2026-01-01 06:00:00,0,0,SEG-J,227.3574,227.463,35.35,34.493,28.429
2026-01-01 06:00:00,0,0,SEG-K,227.1759,227.2516,34.06,33.076,28.429
2026-01-01 06:00:00,0,0,SEG-L,227.5983,227.5757,32.575,31.655,28.429
2026-01-01 06:00:00,0,0,SEG-M,227.4406,227.4888,31.007,30.448,28.429
2026-01-01 06:00:00,0,0,SEG-N,227.5047,227.4333,29.882,28.862,28.429
2026-01-01 06:00:00,0,0,SEG-O,227.2646,227.4123,28.278,27.522,28.429
2026-01-01 06:00:00,0,0,SEG-P,227.3077,227.4053,26.864,26.011,28.429
2026-01-01 06:00:00,0,0,SEG-Q,227.4305,227.4388,25.619,24.581,28.429
2026-01-01 06:00:00,0,0,SEG-R,227.3224,227.4258,24.072,23.242,28.429
2026-01-01 06:00:00,0,0,SEG-S,227.617,227.4007,22.874,21.712,28.429
2026-01-01 06:00:00,0,0,SEG-T,227.4981,227.5341,21.377,20.645,28.429
2026-01-01 14:00:00,0,1,SEG-A,255.8975,255.7311,48.158,47.042,31.9878
2026-01-01 14:00:00,0,1,SEG-B,255.9019,256.0649,46.552,45.921,31.9878
2026-01-01 14:00:00,0,1,SEG-C,256.0128,255.9047,45.147,44.644,31.9878
2026-01-01 14:00:00,0,1,SEG-D,255.8479,256.0037,43.86,42.984,31.9878
2026-01-01 14:00:00,0,1,SEG-E,255.9566,255.8439,42.057,41.425,31.9878
2026-01-01 14:00:00,0,1,SEG-F,255.8298,255.7862,40.94,40.012,31.9878
2026-01-01 14:00:00,0,1,SEG-G,256.0468,255.7006,39.607,38.774,31.9878
2026-01-01 14:00:00,0,1,SEG-H,255.996,255.8286,38.243,37.453,31.9878
2026-01-01 14:00:00,0,1,SEG-I,255.7979,256.1362,36.902,36.024,31.9878
2026-01-01 14:00:00,0,1,SEG-J,255.9622,255.842,35.396,34.503,31.9878
2026-01-01 14:00:00,0,1,SEG-K,255.8024,255.9636,33.952,33.178,31.9878
2026-01-01 14:00:00,0,1,SEG-L,256.0103,255.6622,32.614,31.795,31.9878
2026-01-01 14:00:00,0,1,SEG-M,255.9116,255.8649,31.302,30.359,31.9878
2026-01-01 14:00:00,0,1,SEG-N,255.999,256.0379,29.563,28.927,31.9878
2026-01-01 14:00:00,0,1,SEG-O,255.8563,255.9112,28.539,27.396,31.9878
2026-01-01 14:00:00,0,1,SEG-P,255.8559,255.8332,26.995,26.363,31.9878
2026-01-01 14:00:00,0,1,SEG-Q,255.6138,255.9763,25.628,24.885,31.9878
2026-01-01 14:00:00,0,1,SEG-R,255.9694,255.7859,24.083,23.353,31.9878
2026-01-01 14:00:00,0,1,SEG-S,255.8432,255.744,22.852,22.151,31.9878
2026-01-01 14:00:00,0,1,SEG-T,255.937,255.9042,21.278,20.631,31.9878
2026-01-01 22:00:00,0,2,SEG-A,183.0325,182.9129,47.818,46.983,22.8658
2026-01-01 22:00:00,0,2,SEG-B,182.9229,183.1105,46.446,45.826,22.8658
2026-01-01 22:00:00,0,2,SEG-C,182.9742,183.0088,45.074,44.362,22.8658
2026-01-01 22:00:00,0,2,SEG-D,182.7991,182.8992,43.805,42.882,22.8658
2026-01-01 22:00:00,0,2,SEG-E,182.9316,182.8503,42.306,41.23,22.8658
2026-01-01 22:00:00,0,2,SEG-F,182.7965,182.9791,40.863,40.321,22.8658
2026-01-01 22:00:00,0,2,SEG-G,182.944,183.0572,39.648,38.812,22.8658
2026-01-01 22:00:00,0,2,SEG-H,182.8348,182.8941,38.237,37.458,22.8658
2026-01-01 22:00:00,0,2,SEG-I,183.0822,182.8813,36.718,36.052,22.8658
2026-01-01 22:00:00,0,2,SEG-J,182.9703,182.9571,35.237,34.632,22.8658
2026-01-01 22:00:00,0,2,SEG-K,182.9455,182.838,34.041,33.179,22.8658
2026-01-01 22:00:00,0,2,SEG-L,182.9197,182.8029,32.634,31.82,22.8658
2026-01-01 22:00:00,0,2,SEG-M,182.9328,183.0091,31.113,30.396,22.8658
2026-01-01 22:00:00,0,2,SEG-N,182.9378,182.9458,29.864,29.038,22.8658
2026-01-01 22:00:00,0,2,SEG-O,182.9742,183.0369,28.322,27.569,22.8658
2026-01-01 22:00:00,0,2,SEG-P,182.907,182.917,27.004,26.177,22.8658
2026-01-01 22:00:00,0,2,SEG-Q,182.9887,182.9598,25.576,24.787,22.8658
2026-01-01 22:00:00,0,2,SEG-R,182.9215,182.9388,24.153,23.461,22.8658
2026-01-01 22:00:00,0,2,SEG-S,182.9318,182.8147,22.597,21.908,22.8658
2026-01-01 22:00:00,0,2,SEG-T,182.9471,182.8677,21.62,20.654,22.8658
2026-01-02 06:00:00,1,0,SEG-A,249.8409,249.7739,47.937,47.205,31.21
2026-01-02 06:00:00,1,0,SEG-B,249.6082,249.5725,46.537,45.686,31.21
2026-01-02 06:00:00,1,0,SEG-C,249.6681,249.6138,45.143,44.144,31.21
2026-01-02 06:00:00,1,0,SEG-D,249.7717,249.693,43.888,42.767,31.21
2026-01-02 06:00:00,1,0,SEG-E,249.8164,249.6158,42.484,41.82,31.21
2026-01-02 06:00:00,1,0,SEG-F,249.5266,249.8058,40.88,40.073,31.21
2026-01-02 06:00:00,1,0,SEG-G,249.5848,249.6526,39.528,38.901,31.21
2026-01-02 06:00:00,1,0,SEG-H,249.5989,249.5976,38.12,37.645,31.21
2026-01-02 06:00:00,1,0,SEG-I,249.62,249.6347,36.78,36.128,31.21
2026-01-02 06:00:00,1,0,SEG-J,249.4136,249.5635,35.404,34.638,31.21
2026-01-02 06:00:00,1,0,SEG-K,249.5212,249.9113,34.193,33.219,31.21
2026-01-02 06:00:00,1,0,SEG-L,249.6146,249.7982,32.483,32.032,31.21
2026-01-02 06:00:00,1,0,SEG-M,249.7106,249.7135,31.238,30.477,31.21
2026-01-02 06:00:00,1,0,SEG-N,249.6337,249.786,29.75,28.871,31.21
2026-01-02 06:00:00,1,0,SEG-O,249.651,249.5683,28.252,27.744,31.21
2026-01-02 06:00:00,1,0,SEG-P,249.4959,249.7303,27.029,26.114,31.21
2026-01-02 06:00:00,1,0,SEG-Q,249.7963,249.6435,25.622,24.866,31.21
2026-01-02 06:00:00,1,0,SEG-R,249.728,249.7049,24.29,23.389,31.21
2026-01-02 06:00:00,1,0,SEG-S,249.6059,249.3674,22.713,21.923,31.21
2026-01-02 06:00:00,1,0,SEG-T,249.5521,249.7248,21.354,20.759,31.21
2026-01-02 14:00:00,1,1,SEG-A,268.6066,268.6027,47.865,47.329,33.5846
2026-01-02 14:00:00,1,1,SEG-B,268.7203,268.5929,46.511,45.754,33.5846
2026-01-02 14:00:00,1,1,SEG-C,268.6058,268.455,45.257,44.493,33.5846
2026-01-02 14:00:00,1,1,SEG-D,268.787,268.6819,43.767,42.965,33.5846
2026-01-02 14:00:00,1,1,SEG-E,268.785,268.7128,42.253,41.701,33.5846
2026-01-02 14:00:00,1,1,SEG-F,268.6965,268.8309,41.178,40.012,33.5846
2026-01-02 14:00:00,1,1,SEG-G,268.6862,268.6731,39.584,38.825,33.5846
2026-01-02 14:00:00,1,1,SEG-H,268.6889,268.5507,38.083,37.284,33.5846
2026-01-02 14:00:00,1,1,SEG-I,268.722,268.6252,36.794,36.083,33.5846
2026-01-02 14:00:00,1,1,SEG-J,268.7332,268.7367,35.416,34.589,33.5846
2026-01-02 14:00:00,1,1,SEG-K,268.5328,268.5574,33.732,33.032,33.5846
2026-01-02 14:00:00,1,1,SEG-L,268.7503,268.6968,32.625,31.781,33.5846
2026-01-02 14:00:00,1,1,SEG-M,268.6161,268.5622,31.181,30.459,33.5846
2026-01-02 14:00:00,1,1,SEG-N,268.7575,268.6397,29.84,29.006,33.5846
2026-01-02 14:00:00,1,1,SEG-O,268.7209,268.6837,28.43,27.55,33.5846
2026-01-02 14:00:00,1,1,SEG-P,268.7818,268.6769,27.053,26.122,33.5846
2026-01-02 14:00:00,1,1,SEG-Q,268.5476,268.5686,25.45,24.779,33.5846
2026-01-02 14:00:00,1,1,SEG-R,268.8332,268.657,24.363,23.397,33.5846
2026-01-02 14:00:00,1,1,SEG-S,268.7332,268.7218,22.828,21.928,33.5846
2026-01-02 14:00:00,1,1,SEG-T,268.68,268.7395,21.069,20.624,33.5846
2026-01-02 22:00:00,1,2,SEG-A,208.6717,208.6465,47.91,47.228,26.0749
2026-01-02 22:00:00,1,2,SEG-B,208.5915,208.5869,46.401,45.729,26.0749
2026-01-02 22:00:00,1,2,SEG-C,208.6582,208.6297,45.022,44.39,26.0749
2026-01-02 22:00:00,1,2,SEG-D,208.6993,208.5951,43.558,43.027,26.0749
2026-01-02 22:00:00,1,2,SEG-E,208.5874,208.5322,42.324,41.62,26.0749
2026-01-02 22:00:00,1,2,SEG-F,208.5625,208.6661,41.028,40.282,26.0749
2026-01-02 22:00:00,1,2,SEG-G,208.67,208.5639,39.649,38.866,26.0749
2026-01-02 22:00:00,1,2,SEG-H,208.5709,208.6803,38.232,37.444,26.0749
2026-01-02 22:00:00,1,2,SEG-I,208.6009,208.7834,36.48,35.846,26.0749
2026-01-02 22:00:00,1,2,SEG-J,208.5728,208.6625,35.559,34.579,26.0749
2026-01-02 22:00:00,1,2,SEG-K,208.5537,208.6335,34.069,33.093,26.0749
2026-01-02 22:00:00,1,2,SEG-L,208.4886,208.5667,32.628,31.618,26.0749
2026-01-02 22:00:00,1,2,SEG-M,208.4516,208.5467,31.091,30.411,26.0749
2026-01-02 22:00:00,1,2,SEG-N,208.6432,208.6255,29.711,28.91,26.0749
2026-01-02 22:00:00,1,2,SEG-O,208.8576,208.6153,28.308,27.684,26.0749
2026-01-02 22:00:00,1,2,SEG-P,208.7052,208.7294,27.077,26.314,26.0749
2026-01-02 22:00:00,1,2,SEG-Q,208.762,208.6567,25.475,24.777,26.0749
2026-01-02 22:00:00,1,2,SEG-R,208.6756,208.6827,24.376,23.434,26.0749
2026-01-02 22:00:00,1,2,SEG-S,208.6746,208.4697,22.835,21.851,26.0749
2026-01-02 22:00:00,1,2,SEG-T,208.5414,208.6013,21.326,20.511,26.0749
2026-01-03 06:00:00,2,0,SEG-A,247.1061,247.4905,48.021,47.181,30.888
2026-01-03 06:00:00,2,0,SEG-B,247.2387,246.9421,46.832,45.888,30.888
2026-01-03 06:00:00,2,0,SEG-C,246.9938,247.2619,45.316,44.215,30.888
2026-01-03 06:00:00,2,0,SEG-D,247.0179,247.1983,43.83,42.814,30.888
2026-01-03 06:00:00,2,0,SEG-E,247.3448,246.9905,42.685,41.432,30.888
2026-01-03 06:00:00,2,0,SEG-F,247.1108,247.142,40.97,40.012,30.888
2026-01-03 06:00:00,2,0,SEG-G,246.9781,247.0335,39.467,38.804,30.888
2026-01-03 06:00:00,2,0,SEG-H,247.1119,246.967,38.377,37.303,30.888
2026-01-03 06:00:00,2,0,SEG-I,247.0969,247.0201,36.929,36.015,30.888
2026-01-03 06:00:00,2,0,SEG-J,247.2433,246.905,35.134,34.554,30.888
2026-01-03 06:00:00,2,0,SEG-K,247.2675,247.1884,33.882,33.217,30.888
2026-01-03 06:00:00,2,0,SEG-L,247.0835,247.0828,32.621,31.786,30.888
2026-01-03 06:00:00,2,0,SEG-M,247.1516,247.0273,31.038,30.474,30.888
2026-01-03 06:00:00,2,0,SEG-N,247.2025,247.248,29.701,29.061,30.888
2026-01-03 06:00:00,2,0,SEG-O,246.9774,247.092,28.549,27.446,30.888
2026-01-03 06:00:00,2,0,SEG-P,247.264,247.1345,26.994,25.996,30.888
2026-01-03 06:00:00,2,0,SEG-Q,247.2158,247.084,25.594,24.908,30.888
2026-01-03 06:00:00,2,0,SEG-R,247.1158,247.1359,24.375,23.428,30.888
2026-01-03 06:00:00,2,0,SEG-S,247.2903,246.9257,22.776,21.829,30.888
2026-01-03 06:00:00,2,0,SEG-T,247.3084,247.3088,21.273,20.741,30.888
2026-01-03 14:00:00,2,1,SEG-A,178.2382,178.2307,47.866,47.066,22.271
2026-01-03 14:00:00,2,1,SEG-B,178.3146,178.2263,46.604,45.662,22.271
2026-01-03 14:00:00,2,1,SEG-C,178.2208,178.0279,45.199,44.373,22.271
2026-01-03 14:00:00,2,1,SEG-D,178.313,178.2181,43.963,42.867,22.271
2026-01-03 14:00:00,2,1,SEG-E,178.2428,178.0258,42.383,41.361,22.271
2026-01-03 14:00:00,2,1,SEG-F,178.149,178.0575,40.966,40.189,22.271
2026-01-03 14:00:00,2,1,SEG-G,178.1657,178.2163,39.886,38.667,22.271
2026-01-03 14:00:00,2,1,SEG-H,178.2499,178.232,38.337,37.379,22.271
2026-01-03 14:00:00,2,1,SEG-I,178.0889,178.0825,36.877,35.758,22.271
2026-01-03 14:00:00,2,1,SEG-J,178.2036,178.1678,35.395,34.643,22.271
2026-01-03 14:00:00,2,1,SEG-K,178.213,178.1522,34.163,33.162,22.271
2026-01-03 14:00:00,2,1,SEG-L,178.1775,178.2362,32.518,31.695,22.271
2026-01-03 14:00:00,2,1,SEG-M,178.1115,178.1267,31.188,30.041,22.271
2026-01-03 14:00:00,2,1,SEG-N,178.1863,178.2367,29.832,29.04,22.271
2026-01-03 14:00:00,2,1,SEG-O,178.1732,178.1077,28.561,27.494,22.271
2026-01-03 14:00:00,2,1,SEG-P,178.1415,178.0529,27.308,26.262,22.271
2026-01-03 14:00:00,2,1,SEG-Q,178.2001,178.3048,25.655,24.887,22.271
2026-01-03 14:00:00,2,1,SEG-R,178.0735,178.1688,24.046,23.227,22.271
2026-01-03 14:00:00,2,1,SEG-S,178.1921,178.1719,22.932,22.039,22.271
2026-01-03 14:00:00,2,1,SEG-T,178.1953,178.1766,21.362,20.475,22.271
2026-01-03 22:00:00,2,2,SEG-A,142.3482,142.2481,47.962,47.286,17.7756
2026-01-03 22:00:00,2,2,SEG-B,142.2686,142.2351,46.718,45.587,17.7756
2026-01-03 22:00:00,2,2,SEG-C,142.2572,142.1338,45.246,44.248,17.7756
2026-01-03 22:00:00,2,2,SEG-D,142.1749,142.1819,43.956,42.793,17.7756
2026-01-03 22:00:00,2,2,SEG-E,142.1679,142.106,42.466,41.486,17.7756
2026-01-03 22:00:00,2,2,SEG-F,142.3163,142.268,40.803,40.199,17.7756
2026-01-03 22:00:00,2,2,SEG-G,142.1613,142.2392,39.707,38.651,17.7756
2026-01-03 22:00:00,2,2,SEG-H,142.1226,142.2242,37.997,37.525,17.7756
2026-01-03 22:00:00,2,2,SEG-I,142.2728,142.1975,36.724,35.924,17.7756
2026-01-03 22:00:00,2,2,SEG-J,142.1562,142.278,35.365,34.717,17.7756
2026-01-03 22:00:00,2,2,SEG-K,142.239,142.194,34.249,33.445,17.7756
2026-01-03 22:00:00,2,2,SEG-L,142.2339,142.1175,32.544,31.644,17.7756
2026-01-03 22:00:00,2,2,SEG-M,142.1928,142.1222,31.151,30.275,17.7756
2026-01-03 22:00:00,2,2,SEG-N,142.2014,142.1795,29.735,28.968,17.7756
2026-01-03 22:00:00,2,2,SEG-O,142.1124,142.3082,28.35,27.388,17.7756
2026-01-03 22:00:00,2,2,SEG-P,142.1755,142.2617,27.006,26.053,17.7756
2026-01-03 22:00:00,2,2,SEG-Q,142.0743,142.2234,25.646,24.756,17.7756
2026-01-03 22:00:00,2,2,SEG-R,142.23,142.1214,24.372,23.46,17.7756
2026-01-03 22:00:00,2,2,SEG-S,142.1812,142.1683,22.804,21.814,17.7756
2026-01-03 22:00:00,2,2,SEG-T,142.2289,142.1529,21.26,20.434,17.7756
2026-01-04 06:00:00,3,0,SEG-A,205.6975,205.7424,47.983,47.15,25.7095
2026-01-04 06:00:00,3,0,SEG-B,205.6697,205.6585,46.633,45.938,25.7095
2026-01-04 06:00:00,3,0,SEG-C,205.5734,205.6296,45.396,44.544,25.7095
2026-01-04 06:00:00,3,0,SEG-D,205.7273,205.7266,43.73,42.831,25.7095
2026-01-04 06:00:00,3,0,SEG-E,205.6315,205.7359,42.441,41.643,25.7095
2026-01-04 06:00:00,3,0,SEG-F,205.6882,205.521,41.017,40.485,25.7095
2026-01-04 06:00:00,3,0,SEG-G,205.4938,205.7746,39.681,38.565,25.7095
2026-01-04 06:00:00,3,0,SEG-H,205.7492,205.6069,38.257,37.351,25.7095
2026-01-04 06:00:00,3,0,SEG-I,205.7153,205.6192,36.916,36.143,25.7095
2026-01-04 06:00:00,3,0,SEG-J,205.8012,205.7616,35.323,34.4,25.7095
2026-01-04 06:00:00,3,0,SEG-K,205.5082,205.7611,33.876,33.037,25.7095
2026-01-04 06:00:00,3,0,SEG-L,205.783,205.6336,32.454,31.646,25.7095
2026-01-04 06:00:00,3,0,SEG-M,205.6138,205.6775,30.934,30.268,25.7095
2026-01-04 06:00:00,3,0,SEG-N,205.7266,205.7534,29.923,29.207,25.7095
2026-01-04 06:00:00,3,0,SEG-O,205.8618,205.6784,28.587,27.418,25.7095
2026-01-04 06:00:00,3,0,SEG-P,205.4977,205.7334,26.996,25.939,25.7095
2026-01-04 06:00:00,3,0,SEG-Q,205.7148,205.6034,25.587,24.726,25.7095
2026-01-04 06:00:00,3,0,SEG-R,205.764,205.7176,24.281,23.44,25.7095
2026-01-04 06:00:00,3,0,SEG-S,205.7667,205.7223,22.996,21.939,25.7095
2026-01-04 06:00:00,3,0,SEG-T,205.6495,205.7208,21.444,20.488,25.7095
2026-01-04 14:00:00,3,1,SEG-A,320.097,320.1678,48.198,47.342,40.0109
2026-01-04 14:00:00,3,1,SEG-B,319.9541,320.1806,46.661,45.885,40.0109
2026-01-04 14:00:00,3,1,SEG-C,320.194,319.9008,45.242,44.43,40.0109
2026-01-04 14:00:00,3,1,SEG-D,319.9845,320.34,43.768,42.656,40.0109
2026-01-04 14:00:00,3,1,SEG-E,319.9856,319.9852,42.411,41.661,40.0109
2026-01-04 14:00:00,3,1,SEG-F,319.8825,320.102,41.063,40.144,40.0109
2026-01-04 14:00:00,3,1,SEG-G,320.0575,320.0823,39.58,38.756,40.0109
2026-01-04 14:00:00,3,1,SEG-H,319.9706,320.1461,38.076,37.129,40.0109
2026-01-04 14:00:00,3,1,SEG-I,320.2436,320.0637,36.865,36.103,40.0109
2026-01-04 14:00:00,3,1,SEG-J,320.1606,320.0805,35.255,34.682,40.0109
2026-01-04 14:00:00,3,1,SEG-K,320.0236,320.0978,33.79,33.093,40.0109
2026-01-04 14:00:00,3,1,SEG-L,319.8102,320.1595,32.451,31.842,40.0109
2026-01-04 14:00:00,3,1,SEG-M,320.0682,320.2566,31.059,30.457,40.0109
2026-01-04 14:00:00,3,1,SEG-N,319.8308,320.1103,29.857,28.638,40.0109
2026-01-04 14:00:00,3,1,SEG-O,319.8184,320.0672,28.382,27.337,40.0109
2026-01-04 14:00:00,3,1,SEG-P,319.8752,319.9187,27.015,26.307,40.0109
2026-01-04 14:00:00,3,1,SEG-Q,320.1086,320.1252,25.624,24.441,40.0109
2026-01-04 14:00:00,3,1,SEG-R,320.1278,319.8302,24.274,23.286,40.0109
2026-01-04 14:00:00,3,1,SEG-S,319.9945,319.8954,22.844,21.702,40.0109
2026-01-04 14:00:00,3,1,SEG-T,320.1371,320.0543,21.336,20.614,40.0109
2026-01-04 22:00:00,3,2,SEG-A,181.5005,181.3001,48.038,47.094,22.6816
2026-01-04 22:00:00,3,2,SEG-B,181.4142,181.5198,46.581,45.857,22.6816
2026-01-04 22:00:00,3,2,SEG-C,181.5993,181.4906,45.161,44.526,22.6816
2026-01-04 22:00:00,3,2,SEG-D,181.5907,181.388,44.006,42.769,22.6816
2026-01-04 22:00:00,3,2,SEG-E,181.3108,181.4163,42.402,41.498,22.6816
2026-01-04 22:00:00,3,2,SEG-F,181.5507,181.4883,40.827,40.316,22.6816
2026-01-04 22:00:00,3,2,SEG-G,181.5067,181.5609,39.501,38.72,22.6816
2026-01-04 22:00:00,3,2,SEG-H,181.525,181.5803,38.226,37.321,22.6816
2026-01-04 22:00:00,3,2,SEG-I,181.4015,181.4624,36.76,36.146,22.6816
2026-01-04 22:00:00,3,2,SEG-J,181.4119,181.623,35.6,34.889,22.6816
2026-01-04 22:00:00,3,2,SEG-K,181.5157,181.5538,34.16,33.276,22.6816
2026-01-04 22:00:00,3,2,SEG-L,181.4073,181.6059,32.38,31.877,22.6816
2026-01-04 22:00:00,3,2,SEG-M,181.3435,181.3931,31.211,30.39,22.6816
2026-01-04 22:00:00,3,2,SEG-N,181.3888,181.3985,29.662,28.849,22.6816
2026-01-04 22:00:00,3,2,SEG-O,181.414,181.4796,28.647,27.481,22.6816
2026-01-04 22:00:00,3,2,SEG-P,181.4855,181.5034,26.97,25.96,22.6816
2026-01-04 22:00:00,3,2,SEG-Q,181.5134,181.5634,25.374,24.791,22.6816
2026-01-04 22:00:00,3,2,SEG-R,181.5483,181.3465,24.105,23.425,22.6816
2026-01-04 22:00:00,3,2,SEG-S,181.2752,181.4849,22.983,22.041,22.6816
2026-01-04 22:00:00,3,2,SEG-T,181.5774,181.4043,21.15,20.306,22.6816
2026-01-05 06:00:00,4,0,SEG-A,261.1883,261.1217,47.647,47.385,32.6526
2026-01-05 06:00:00,4,0,SEG-B,261.3587,261.2033,46.528,45.843,32.6526
2026-01-05 06:00:00,4,0,SEG-C,261.2981,261.1313,45.335,44.413,32.6526
2026-01-05 06:00:00,4,0,SEG-D,261.123,261.1331,43.978,43.002,32.6526
2026-01-05 06:00:00,4,0,SEG-E,261.2173,261.2604,42.485,41.827,32.6526
2026-01-05 06:00:00,4,0,SEG-F,261.3585,261.209,41.077,40.161,32.6526
2026-01-05 06:00:00,4,0,SEG-G,261.2123,261.3417,39.548,38.773,32.6526
2026-01-05 06:00:00,4,0,SEG-H,261.2867,261.1324,38.281,37.46,32.6526
2026-01-05 06:00:00,4,0,SEG-I,261.0429,261.2959,37.054,36.041,32.6526
2026-01-05 06:00:00,4,0,SEG-J,261.1913,261.248,35.154,34.54,32.6526
2026-01-05 06:00:00,4,0,SEG-K,261.1333,261.3304,33.909,33.248,32.6526
2026-01-05 06:00:00,4,0,SEG-L,261.163,261.2422,32.777,31.706,32.6526
2026-01-05 06:00:00,4,0,SEG-M,261.1488,261.2605,31.158,30.351,32.6526
2026-01-05 06:00:00,4,0,SEG-N,261.1603,261.3925,30.079,29.082,32.6526
2026-01-05 06:00:00,4,0,SEG-O,261.1011,261.2499,28.478,27.733,32.6526
2026-01-05 06:00:00,4,0,SEG-P,261.0608,260.9962,26.667,26.386,32.6526
2026-01-05 06:00:00,4,0,SEG-Q,261.3118,261.242,25.796,24.634,32.6526
2026-01-05 06:00:00,4,0,SEG-R,261.4028,261.282,24.214,23.401,32.6526
2026-01-05 06:00:00,4,0,SEG-S,261.395,261.3482,22.952,22.062,32.6526
2026-01-05 06:00:00,4,0,SEG-T,261.3088,261.128,21.468,20.508,32.6526
2026-01-05 14:00:00,4,1,SEG-A,326.7547,326.7112,47.932,47.053,40.8395
2026-01-05 14:00:00,4,1,SEG-B,326.4918,326.7415,46.549,45.668,40.8395
2026-01-05 14:00:00,4,1,SEG-C,326.5454,326.7996,45.048,44.103,40.8395
2026-01-05 14:00:00,4,1,SEG-D,326.9426,326.8494,43.667,42.975,40.8395
2026-01-05 14:00:00,4,1,SEG-E,326.6981,326.5557,42.368,41.369,40.8395
2026-01-05 14:00:00,4,1,SEG-F,326.732,326.6593,41.107,40.004,40.8395
2026-01-05 14:00:00,4,1,SEG-G,326.9147,326.7139,39.671,38.709,40.8395
2026-01-05 14:00:00,4,1,SEG-H,326.9126,326.7572,38.359,37.401,40.8395
2026-01-05 14:00:00,4,1,SEG-I,326.7272,327.0396,36.7,36.168,40.8395
2026-01-05 14:00:00,4,1,SEG-J,326.5313,326.9198,35.444,34.742,40.8395
2026-01-05 14:00:00,4,1,SEG-K,326.9638,326.7732,33.941,33.033,40.8395
2026-01-05 14:00:00,4,1,SEG-L,326.7086,326.8452,32.456,31.599,40.8395
2026-01-05 14:00:00,4,1,SEG-M,326.4111,326.932,30.966,30.342,40.8395
2026-01-05 14:00:00,4,1,SEG-N,326.6348,326.8892,29.684,28.946,40.8395
2026-01-05 14:00:00,4,1,SEG-O,326.5931,326.5407,28.488,27.645,40.8395
2026-01-05 14:00:00,4,1,SEG-P,326.6641,326.7893,27.12,26.17,40.8395
2026-01-05 14:00:00,4,1,SEG-Q,326.6714,326.7656,25.472,24.837,40.8395
2026-01-05 14:00:00,4,1,SEG-R,326.936,327.0103,24.152,23.326,40.8395
2026-01-05 14:00:00,4,1,SEG-S,326.6687,326.5032,22.88,21.806,40.8395
2026-01-05 14:00:00,4,1,SEG-T,326.7267,326.3571,21.284,20.521,40.8395
2026-01-05 22:00:00,4,2,SEG-A,161.8264,161.8059,48.055,47.186,20.221
2026-01-05 22:00:00,4,2,SEG-B,161.8089,161.7995,46.533,45.847,20.221
2026-01-05 22:00:00,4,2,SEG-C,161.6745,161.7741,45.157,44.46,20.221
2026-01-05 22:00:00,4,2,SEG-D,161.8139,161.8376,43.813,43.14,20.221
2026-01-05 22:00:00,4,2,SEG-E,161.6861,161.6751,42.367,41.677,20.221
2026-01-05 22:00:00,4,2,SEG-F,161.7117,161.8305,40.92,40.197,20.221
2026-01-05 22:00:00,4,2,SEG-G,161.8008,161.649,39.677,38.815,20.221
2026-01-05 22:00:00,4,2,SEG-H,161.7436,161.8043,38.306,37.615,20.221
2026-01-05 22:00:00,4,2,SEG-I,161.8182,161.6361,36.616,35.906,20.221
2026-01-05 22:00:00,4,2,SEG-J,161.9382,161.8861,35.433,34.542,20.221
2026-01-05 22:00:00,4,2,SEG-K,161.7559,161.6864,33.988,33.188,20.221
2026-01-05 22:00:00,4,2,SEG-L,161.737,161.8556,32.79,31.748,20.221
2026-01-05 22:00:00,4,2,SEG-M,161.8153,161.7089,31.372,30.346,20.221
2026-01-05 22:00:00,4,2,SEG-N,161.7356,161.72,29.659,29.046,20.221
2026-01-05 22:00:00,4,2,SEG-O,161.5995,161.7271,28.256,27.819,20.221
2026-01-05 22:00:00,4,2,SEG-P,161.7833,161.8722,26.971,26.247,20.221
2026-01-05 22:00:00,4,2,SEG-Q,161.8176,161.7759,25.829,24.788,20.221
2026-01-05 22:00:00,4,2,SEG-R,161.6072,161.8505,23.965,23.386,20.221
2026-01-05 22:00:00,4,2,SEG-S,161.7125,161.6476,22.715,22.021,20.221
2026-01-05 22:00:00,4,2,SEG-T,161.7205,161.8315,21.351,20.3,20.221
2026-01-06 06:00:00,5,0,SEG-A,191.3003,191.3564,47.967,47.165,23.9177
2026-01-06 06:00:00,5,0,SEG-B,191.3269,191.4763,46.883,45.905,23.9177
2026-01-06 06:00:00,5,0,SEG-C,191.3949,191.3382,45.299,44.376,23.9177
2026-01-06 06:00:00,5,0,SEG-D,191.2229,191.3852,43.784,42.949,23.9177
2026-01-06 06:00:00,5,0,SEG-E,191.2545,191.3515,42.335,41.802,23.9177
2026-01-06 06:00:00,5,0,SEG-F,191.375,191.2917,40.918,40.131,23.9177
2026-01-06 06:00:00,5,0,SEG-G,191.2482,191.4013,39.526,38.554,23.9177
2026-01-06 06:00:00,5,0,SEG-H,191.2794,191.1679,38.245,37.289,23.9177
2026-01-06 06:00:00,5,0,SEG-I,191.3368,191.5212,36.736,35.787,23.9177
2026-01-06 06:00:00,5,0,SEG-J,191.3945,191.4444,35.426,34.346,23.9177
2026-01-06 06:00:00,5,0,SEG-K,191.2804,191.4926,34.136,33.147,23.9177
2026-01-06 06:00:00,5,0,SEG-L,191.2172,191.2395,32.726,31.631,23.9177
2026-01-06 06:00:00,5,0,SEG-M,191.3641,191.3709,31.197,30.238,23.9177
2026-01-06 06:00:00,5,0,SEG-N,191.3551,191.321,30.047,29.072,23.9177
2026-01-06 06:00:00,5,0,SEG-O,191.3994,191.3673,28.617,27.294,23.9177
2026-01-06 06:00:00,5,0,SEG-P,191.2782,191.3654,27.01,26.213,23.9177
2026-01-06 06:00:00,5,0,SEG-Q,191.516,191.4154,25.664,24.556,23.9177
2026-01-06 06:00:00,5,0,SEG-R,191.359,191.158,24.313,23.334,23.9177
2026-01-06 06:00:00,5,0,SEG-S,191.23,191.3268,22.834,22.122,23.9177
2026-01-06 06:00:00,5,0,SEG-T,191.259,191.4305,21.536,20.525,23.9177
2026-01-06 14:00:00,5,1,SEG-A,318.332,318.5202,48.029,47.143,39.7998
2026-01-06 14:00:00,5,1,SEG-B,318.3058,318.3325,46.685,45.778,39.7998
2026-01-06 14:00:00,5,1,SEG-C,318.3101,318.3608,45.026,44.32,39.7998
2026-01-06 14:00:00,5,1,SEG-D,318.5404,318.3401,43.726,42.803,39.7998
2026-01-06 14:00:00,5,1,SEG-E,318.184,318.5406,42.483,41.502,39.7998
2026-01-06 14:00:00,5,1,SEG-F,318.601,318.3433,40.966,40.04,39.7998
2026-01-06 14:00:00,5,1,SEG-G,318.5931,318.5746,39.546,38.814,39.7998
2026-01-06 14:00:00,5,1,SEG-H,318.2894,318.3351,38.367,37.411,39.7998
2026-01-06 14:00:00,5,1,SEG-I,318.2883,318.4158,36.702,35.944,39.7998
2026-01-06 14:00:00,5,1,SEG-J,318.361,318.4574,35.24,34.416,39.7998
2026-01-06 14:00:00,5,1,SEG-K,318.7177,318.3914,33.781,33.242,39.7998
2026-01-06 14:00:00,5,1,SEG-L,318.3856,318.506,32.811,31.827,39.7998
2026-01-06 14:00:00,5,1,SEG-M,318.278,318.4407,31.172,30.634,39.7998
2026-01-06 14:00:00,5,1,SEG-N,318.2113,318.6456,29.774,28.943,39.7998
2026-01-06 14:00:00,5,1,SEG-O,318.4864,318.2931,28.438,27.758,39.7998
2026-01-06 14:00:00,5,1,SEG-P,318.346,318.4898,26.977,26.178,39.7998
2026-01-06 14:00:00,5,1,SEG-Q,318.3785,318.2962,25.386,24.756,39.7998
2026-01-06 14:00:00,5,1,SEG-R,318.5871,318.4084,24.112,23.46,39.7998
2026-01-06 14:00:00,5,1,SEG-S,318.1839,318.4513,22.898,21.94,39.7998
2026-01-06 14:00:00,5,1,SEG-T,318.394,318.3171,21.366,20.527,39.7998
2026-01-06 22:00:00,5,2,SEG-A,171.7986,171.8104,47.887,47.038,21.477
2026-01-06 22:00:00,5,2,SEG-B,171.7545,171.835,46.494,45.704,21.477
2026-01-06 22:00:00,5,2,SEG-C,171.7865,171.7954,45.223,44.116,21.477
2026-01-06 22:00:00,5,2,SEG-D,171.9431,171.8921,43.772,42.918,21.477
2026-01-06 22:00:00,5,2,SEG-E,171.9655,171.8569,42.5,41.816,21.477
2026-01-06 22:00:00,5,2,SEG-F,171.9058,171.8389,41.165,40.116,21.477
2026-01-06 22:00:00,5,2,SEG-G,171.8699,171.8489,39.601,38.74,21.477
2026-01-06 22:00:00,5,2,SEG-H,171.8482,171.889,38.054,37.312,21.477
2026-01-06 22:00:00,5,2,SEG-I,171.8482,171.9339,36.738,36.072,21.477
2026-01-06 22:00:00,5,2,SEG-J,171.8278,171.7394,35.271,34.581,21.477
2026-01-06 22:00:00,5,2,SEG-K,171.7811,171.7127,33.975,33.043,21.477
2026-01-06 22:00:00,5,2,SEG-L,171.8112,171.8345,32.653,31.625,21.477
2026-01-06 22:00:00,5,2,SEG-M,171.7803,171.7586,31.212,30.442,21.477
2026-01-06 22:00:00,5,2,SEG-N,171.7759,171.7957,29.851,28.879,21.477
2026-01-06 22:00:00,5,2,SEG-O,171.7165,171.815,28.319,27.819,21.477
2026-01-06 22:00:00,5,2,SEG-P,171.8391,171.8256,27.182,26.456,21.477
2026-01-06 22:00:00,5,2,SEG-Q,171.775,171.6167,25.804,24.612,21.477
2026-01-06 22:00:00,5,2,SEG-R,171.8058,171.9952,23.979,23.147,21.477
2026-01-06 22:00:00,5,2,SEG-S,171.9296,171.7904,22.772,22.004,21.477
2026-01-06 22:00:00,5,2,SEG-T,171.8612,171.8669,21.405,20.614,21.477
2026-01-07 06:00:00,6,0,SEG-A,240.065,240.0558,48.087,47.211,29.9988
2026-01-07 06:00:00,6,0,SEG-B,239.9041,239.9961,46.576,45.938,29.9988
2026-01-07 06:00:00,6,0,SEG-C,240.0494,240.0083,45.15,44.412,29.9988
2026-01-07 06:00:00,6,0,SEG-D,239.879,239.832,43.863,42.875,29.9988
2026-01-07 06:00:00,6,0,SEG-E,240.019,239.8819,42.302,41.579,29.9988
2026-01-07 06:00:00,6,0,SEG-F,240.0384,239.9524,41.118,40.234,29.9988
2026-01-07 06:00:00,6,0,SEG-G,239.9587,239.8254,39.501,38.687,29.9988
2026-01-07 06:00:00,6,0,SEG-H,240.0546,239.9312,38.153,37.152,29.9988
2026-01-07 06:00:00,6,0,SEG-I,239.9702,240.0585,36.559,36.064,29.9988
2026-01-07 06:00:00,6,0,SEG-J,240.1337,240.0546,35.613,34.832,29.9988
2026-01-07 06:00:00,6,0,SEG-K,239.9428,240.0272,33.844,33.148,29.9988
2026-01-07 06:00:00,6,0,SEG-L,240.0463,240.0534,32.594,31.732,29.9988
2026-01-07 06:00:00,6,0,SEG-M,239.9414,240.1364,31.189,30.372,29.9988
2026-01-07 06:00:00,6,0,SEG-N,240.0033,239.826,29.584,28.836,29.9988
2026-01-07 06:00:00,6,0,SEG-O,240.0597,240.051,28.502,27.703,29.9988
2026-01-07 06:00:00,6,0,SEG-P,239.984,239.966,26.856,26.214,29.9988
2026-01-07 06:00:00,6,0,SEG-Q,240.1168,240.1794,25.671,24.787,29.9988
2026-01-07 06:00:00,6,0,SEG-R,240.0277,239.8857,24.167,23.302,29.9988
2026-01-07 06:00:00,6,0,SEG-S,240.0008,239.9452,22.633,21.918,29.9988
2026-01-07 06:00:00,6,0,SEG-T,239.9875,239.9787,21.288,20.681,29.9988
2026-01-07 14:00:00,6,1,SEG-A,303.0887,303.0336,48.042,47.347,37.9067
2026-01-07 14:00:00,6,1,SEG-B,303.2426,303.2746,46.425,45.576,37.9067
2026-01-07 14:00:00,6,1,SEG-C,303.4208,303.2155,45.42,44.327,37.9067
2026-01-07 14:00:00,6,1,SEG-D,303.1116,303.3324,43.905,42.886,37.9067
2026-01-07 14:00:00,6,1,SEG-E,303.2356,303.245,42.473,41.681,37.9067
2026-01-07 14:00:00,6,1,SEG-F,303.1943,303.2185,40.883,40.165,37.9067
2026-01-07 14:00:00,6,1,SEG-G,303.2699,303.1244,39.931,38.889,37.9067
2026-01-07 14:00:00,6,1,SEG-H,303.2652,303.1843,37.994,37.241,37.9067
2026-01-07 14:00:00,6,1,SEG-I,303.3504,303.1969,37.132,35.902,37.9067
2026-01-07 14:00:00,6,1,SEG-J,303.3858,303.1376,35.114,34.574,37.9067
2026-01-07 14:00:00,6,1,SEG-K,303.2901,303.2005,33.927,33.354,37.9067
2026-01-07 14:00:00,6,1,SEG-L,302.8508,303.4245,32.474,31.666,37.9067
2026-01-07 14:00:00,6,1,SEG-M,303.2012,303.5215,31.202,30.529,37.9067
2026-01-07 14:00:00,6,1,SEG-N,303.2795,303.3227,29.691,29.073,37.9067
2026-01-07 14:00:00,6,1,SEG-O,303.2448,303.4122,28.5,27.732,37.9067
2026-01-07 14:00:00,6,1,SEG-P,303.0828,303.2968,26.994,26.227,37.9067
2026-01-07 14:00:00,6,1,SEG-Q,303.5487,303.4837,25.797,24.652,37.9067
2026-01-07 14:00:00,6,1,SEG-R,303.1742,303.2989,24.213,23.238,37.9067
2026-01-07 14:00:00,6,1,SEG-S,303.2692,303.1935,22.703,21.768,37.9067
2026-01-07 14:00:00,6,1,SEG-T,303.119,303.0917,21.213,20.404,37.9067
2026-01-07 22:00:00,6,2,SEG-A,173.1675,173.0092,48.079,47.006,21.6346
2026-01-07 22:00:00,6,2,SEG-B,173.0762,173.1462,46.625,45.681,21.6346
2026-01-07 22:00:00,6,2,SEG-C,173.0636,173.0583,45.231,44.512,21.6346
2026-01-07 22:00:00,6,2,SEG-D,172.9263,173.1027,43.908,43.067,21.6346
2026-01-07 22:00:00,6,2,SEG-E,173.1405,173.0272,42.27,41.602,21.6346
2026-01-07 22:00:00,6,2,SEG-F,173.1127,173.1005,40.917,40.037,21.6346
2026-01-07 22:00:00,6,2,SEG-G,173.1113,173.1273,39.648,38.799,21.6346
2026-01-07 22:00:00,6,2,SEG-H,173.1748,173.1518,38.298,37.302,21.6346
2026-01-07 22:00:00,6,2,SEG-I,172.974,173.0955,36.75,35.846,21.6346
2026-01-07 22:00:00,6,2,SEG-J,173.0828,173.0207,35.655,34.547,21.6346
2026-01-07 22:00:00,6,2,SEG-K,172.9623,172.995,33.959,33.155,21.6346
2026-01-07 22:00:00,6,2,SEG-L,173.0453,173.0519,32.695,31.661,21.6346
2026-01-07 22:00:00,6,2,SEG-M,173.0983,173.2073,31.188,30.171,21.6346
2026-01-07 22:00:00,6,2,SEG-N,173.0583,173.1508,29.658,29.057,21.6346
2026-01-07 22:00:00,6,2,SEG-O,172.97,173.1481,28.333,27.472,21.6346
2026-01-07 22:00:00,6,2,SEG-P,173.0151,172.9447,26.941,26.141,21.6346
2026-01-07 22:00:00,6,2,SEG-Q,173.1094,173.0812,25.572,24.813,21.6346
2026-01-07 22:00:00,6,2,SEG-R,173.3059,173.1647,24.19,23.256,21.6346
2026-01-07 22:00:00,6,2,SEG-S,173.0119,173.0438,22.748,21.863,21.6346
2026-01-07 22:00:00,6,2,SEG-T,172.9023,173.1248,21.352,20.652,21.6346
2026-01-08 06:00:00,7,0,SEG-A,231.0167,230.8667,48.039,47.222,28.8674
2026-01-08 06:00:00,7,0,SEG-B,230.8827,230.8999,46.732,45.68,28.8674
2026-01-08 06:00:00,7,0,SEG-C,230.9947,231.1428,45.458,44.276,28.8674
2026-01-08 06:00:00,7,0,SEG-D,231.0537,230.9574,43.867,42.906,28.8674
2026-01-08 06:00:00,7,0,SEG-E,230.9175,231.131,42.49,41.62,28.8674
2026-01-08 06:00:00,7,0,SEG-F,230.8548,231.0112,40.909,40.37,28.8674
2026-01-08 06:00:00,7,0,SEG-G,230.8778,230.7493,39.587,38.781,28.8674
2026-01-08 06:00:00,7,0,SEG-H,230.9233,230.7396,38.423,37.019,28.8674
2026-01-08 06:00:00,7,0,SEG-I,230.8716,230.7799,36.856,35.822,28.8674
2026-01-08 06:00:00,7,0,SEG-J,230.8862,230.8201,35.381,34.67,28.8674
2026-01-08 06:00:00,7,0,SEG-K,231.1015,230.8699,34.225,33.221,28.8674
2026-01-08 06:00:00,7,0,SEG-L,230.8718,230.7669,32.632,32.068,28.8674
2026-01-08 06:00:00,7,0,SEG-M,230.8347,230.9343,31.123,30.342,28.8674
2026-01-08 06:00:00,7,0,SEG-N,230.7629,231.0184,29.877,28.873,28.8674
2026-01-08 06:00:00,7,0,SEG-O,230.9076,230.8513,28.429,27.57,28.8674
2026-01-08 06:00:00,7,0,SEG-P,230.9615,231.178,26.79,26.002,28.8674
2026-01-08 06:00:00,7,0,SEG-Q,231.0157,230.8389,25.61,24.693,28.8674
2026-01-08 06:00:00,7,0,SEG-R,230.7934,230.8264,24.256,23.46,28.8674
2026-01-08 06:00:00,7,0,SEG-S,231.0846,230.9366,22.915,22.084,28.8674
2026-01-08 06:00:00,7,0,SEG-T,230.7456,230.9072,21.622,20.382,28.8674
2026-01-08 14:00:00,7,1,SEG-A,261.2255,261.4557,48.089,47.143,32.653
2026-01-08 14:00:00,7,1,SEG-B,261.0579,261.3317,46.734,45.815,32.653
2026-01-08 14:00:00,7,1,SEG-C,261.0037,261.2376,45.063,44.269,32.653
2026-01-08 14:00:00,7,1,SEG-D,261.3288,261.3269,43.79,43.059,32.653
2026-01-08 14:00:00,7,1,SEG-E,261.2968,261.3068,42.581,41.757,32.653
2026-01-08 14:00:00,7,1,SEG-F,261.3147,261.2095,41.002,40.389,32.653
2026-01-08 14:00:00,7,1,SEG-G,261.0507,260.9505,39.307,38.705,32.653
2026-01-08 14:00:00,7,1,SEG-H,261.2456,261.2846,38.271,37.364,32.653
2026-01-08 14:00:00,7,1,SEG-I,261.2297,261.2371,36.695,35.973,32.653
2026-01-08 14:00:00,7,1,SEG-J,261.1858,261.3488,35.48,34.506,32.653
2026-01-08 14:00:00,7,1,SEG-K,261.1846,261.0761,33.903,33.171,32.653
2026-01-08 14:00:00,7,1,SEG-L,261.2737,261.24,32.691,31.664,32.653
2026-01-08 14:00:00,7,1,SEG-M,261.1814,261.2289,31.384,30.123,32.653
2026-01-08 14:00:00,7,1,SEG-N,261.4355,261.3326,30.036,28.745,32.653
2026-01-08 14:00:00,7,1,SEG-O,261.3181,261.0795,28.31,27.428,32.653
2026-01-08 14:00:00,7,1,SEG-P,261.2348,261.1347,27.052,26.093,32.653
2026-01-08 14:00:00,7,1,SEG-Q,261.0916,261.2877,25.7,24.682,32.653
2026-01-08 14:00:00,7,1,SEG-R,261.2008,261.333,24.059,23.359,32.653
2026-01-08 14:00:00,7,1,SEG-S,261.1152,261.3467,22.954,21.744,32.653
2026-01-08 14:00:00,7,1,SEG-T,261.3023,261.1784,21.47,20.292,32.653
2026-01-08 22:00:00,7,2,SEG-A,171.0787,171.2189,47.9,47.22,21.3931
2026-01-08 22:00:00,7,2,SEG-B,171.2662,171.2039,46.119,45.832,21.3931
2026-01-08 22:00:00,7,2,SEG-C,171.208,171.0676,45.366,44.435,21.3931
2026-01-08 22:00:00,7,2,SEG-D,171.2112,171.0788,43.868,42.984,21.3931
2026-01-08 22:00:00,7,2,SEG-E,171.1704,171.0537,42.47,41.429,21.3931
2026-01-08 22:00:00,7,2,SEG-F,171.1503,171.2808,40.87,40.047,21.3931
2026-01-08 22:00:00,7,2,SEG-G,171.0882,171.1235,39.424,38.643,21.3931
2026-01-08 22:00:00,7,2,SEG-H,171.1684,171.1057,38.099,37.394,21.3931
2026-01-08 22:00:00,7,2,SEG-I,171.1951,171.0938,36.704,36.016,21.3931
2026-01-08 22:00:00,7,2,SEG-J,171.1514,171.1902,35.365,34.538,21.3931
2026-01-08 22:00:00,7,2,SEG-K,171.1844,171.1606,33.834,33.138,21.3931
2026-01-08 22:00:00,7,2,SEG-L,171.2242,171.2131,32.592,31.581,21.3931
2026-01-08 22:00:00,7,2,SEG-M,171.1105,171.1113,31.257,30.358,21.3931
2026-01-08 22:00:00,7,2,SEG-N,171.1294,171.1811,29.747,29.056,21.3931
2026-01-08 22:00:00,7,2,SEG-O,171.164,171.1931,28.438,27.724,21.3931
2026-01-08 22:00:00,7,2,SEG-P,171.2354,171.2208,27.136,26.24,21.3931
2026-01-08 22:00:00,7,2,SEG-Q,171.1578,171.1997,25.618,24.713,21.3931
2026-01-08 22:00:00,7,2,SEG-R,171.1731,171.1539,24.062,23.446,21.3931
2026-01-08 22:00:00,7,2,SEG-S,171.0342,171.1638,22.689,21.724,21.3931
2026-01-08 22:00:00,7,2,SEG-T,171.0886,171.2665,21.414,20.376,21.3931
2026-01-09 06:00:00,8,0,SEG-A,235.7626,235.6985,47.956,47.136,29.4545
2026-01-09 06:00:00,8,0,SEG-B,235.6147,235.5952,46.677,45.78,29.4545
2026-01-09 06:00:00,8,0,SEG-C,235.4715,235.6177,44.972,44.319,29.4545
2026-01-09 06:00:00,8,0,SEG-D,235.4694,235.6594,43.77,42.778,29.4545
2026-01-09 06:00:00,8,0,SEG-E,235.614,235.7226,42.456,41.498,29.4545
2026-01-09 06:00:00,8,0,SEG-F,235.6303,235.618,41.127,40.381,29.4545
2026-01-09 06:00:00,8,0,SEG-G,235.6549,235.6668,39.533,38.705,29.4545
2026-01-09 06:00:00,8,0,SEG-H,235.8019,235.537,38.107,37.258,29.4545
2026-01-09 06:00:00,8,0,SEG-I,235.5362,235.7572,36.744,36.039,29.4545
2026-01-09 06:00:00,8,0,SEG-J,235.5911,235.6313,35.542,34.824,29.4545
2026-01-09 06:00:00,8,0,SEG-K,235.7414,235.819,33.889,33.26,29.4545
2026-01-09 06:00:00,8,0,SEG-L,235.66,235.5273,32.621,31.971,29.4545
2026-01-09 06:00:00,8,0,SEG-M,235.3993,235.7232,31.188,30.28,29.4545
2026-01-09 06:00:00,8,0,SEG-N,235.4402,235.6178,29.691,28.995,29.4545
2026-01-09 06:00:00,8,0,SEG-O,235.4808,235.5195,28.417,27.555,29.4545
2026-01-09 06:00:00,8,0,SEG-P,235.5536,235.4338,26.942,26.231,29.4545
2026-01-09 06:00:00,8,0,SEG-Q,235.8057,235.528,25.516,24.843,29.4545
2026-01-09 06:00:00,8,0,SEG-R,235.6281,235.5577,24.145,23.325,29.4545
2026-01-09 06:00:00,8,0,SEG-S,235.6086,235.6335,22.552,22.059,29.4545
2026-01-09 06:00:00,8,0,SEG-T,235.6642,235.7361,21.282,20.747,29.4545
2026-01-09 14:00:00,8,1,SEG-A,303.2094,303.2442,47.841,47.146,37.8894
2026-01-09 14:00:00,8,1,SEG-B,303.1949,303.2844,46.549,45.633,37.8894
2026-01-09 14:00:00,8,1,SEG-C,303.1214,303.195,45.104,44.513,37.8894
2026-01-09 14:00:00,8,1,SEG-D,302.8615,302.9551,43.756,42.785,37.8894
2026-01-09 14:00:00,8,1,SEG-E,303.193,303.2834,42.267,41.577,37.8894
2026-01-09 14:00:00,8,1,SEG-F,302.9335,303.2618,40.8,40.206,37.8894
2026-01-09 14:00:00,8,1,SEG-G,303.2656,303.1962,39.798,38.637,37.8894
2026-01-09 14:00:00,8,1,SEG-H,302.9186,303.0837,38.375,37.395,37.8894
2026-01-09 14:00:00,8,1,SEG-I,303.1363,302.9191,36.9,35.933,37.8894
2026-01-09 14:00:00,8,1,SEG-J,303.1485,303.3819,35.588,34.46,37.8894
2026-01-09 14:00:00,8,1,SEG-K,303.3302,303.3755,33.819,32.971,37.8894
2026-01-09 14:00:00,8,1,SEG-L,303.2446,303.2521,32.521,31.823,37.8894
2026-01-09 14:00:00,8,1,SEG-M,303.1834,303.0148,31.264,30.547,37.8894
2026-01-09 14:00:00,8,1,SEG-N,303.1606,302.8997,29.82,29.12,37.8894
2026-01-09 14:00:00,8,1,SEG-O,303.362,303.0299,28.39,27.492,37.8894
2026-01-09 14:00:00,8,1,SEG-P,303.1486,302.898,26.861,26.227,37.8894
2026-01-09 14:00:00,8,1,SEG-Q,303.1117,303.026,25.408,24.877,37.8894
2026-01-09 14:00:00,8,1,SEG-R,303.0179,302.9906,24.067,23.388,37.8894
2026-01-09 14:00:00,8,1,SEG-S,302.9808,303.2408,22.557,22.169,37.8894
2026-01-09 14:00:00,8,1,SEG-T,303.2786,303.1056,21.534,20.461,37.8894
2026-01-09 22:00:00,8,2,SEG-A,168.046,167.8582,48.073,47.075,20.9896
2026-01-09 22:00:00,8,2,SEG-B,167.9368,168.0019,46.276,45.999,20.9896
2026-01-09 22:00:00,8,2,SEG-C,167.9267,167.9899,45.127,44.32,20.9896
2026-01-09 22:00:00,8,2,SEG-D,167.954,167.8626,43.974,42.812,20.9896
2026-01-09 22:00:00,8,2,SEG-E,167.8935,167.7575,42.521,41.507,20.9896
2026-01-09 22:00:00,8,2,SEG-F,168.032,167.8096,40.896,40.244,20.9896
2026-01-09 22:00:00,8,2,SEG-G,167.9336,168.0641,39.779,38.832,20.9896
2026-01-09 22:00:00,8,2,SEG-H,167.943,167.8651,38.292,37.181,20.9896
2026-01-09 22:00:00,8,2,SEG-I,168.0078,167.9619,36.824,36.096,20.9896
2026-01-09 22:00:00,8,2,SEG-J,168.0052,167.9525,35.524,34.551,20.9896
2026-01-09 22:00:00,8,2,SEG-K,167.9279,168.0088,34.1,33.053,20.9896
2026-01-09 22:00:00,8,2,SEG-L,168.0016,167.8722,32.537,31.723,20.9896
2026-01-09 22:00:00,8,2,SEG-M,167.9254,167.9046,31.085,30.195,20.9896
2026-01-09 22:00:00,8,2,SEG-N,167.8311,167.9121,29.979,29.221,20.9896
2026-01-09 22:00:00,8,2,SEG-O,167.9133,167.9668,28.454,27.48,20.9896
2026-01-09 22:00:00,8,2,SEG-P,167.9266,167.9009,26.91,26.132,20.9896
2026-01-09 22:00:00,8,2,SEG-Q,167.8845,167.8203,25.575,24.66,20.9896
2026-01-09 22:00:00,8,2,SEG-R,167.9725,167.8868,24.027,23.382,20.9896
2026-01-09 22:00:00,8,2,SEG-S,167.7784,167.9531,22.859,21.912,20.9896
2026-01-09 22:00:00,8,2,SEG-T,167.8402,167.9032,21.492,20.408,20.9896
2026-01-10 06:00:00,9,0,SEG-A,248.2324,248.3763,47.803,46.976,31.0381
2026-01-10 06:00:00,9,0,SEG-B,248.2907,248.3531,46.578,45.858,31.0381
2026-01-10 06:00:00,9,0,SEG-C,248.3883,248.4979,45.192,44.386,31.0381
2026-01-10 06:00:00,9,0,SEG-D,248.2548,248.2154,43.913,42.866,31.0381
2026-01-10 06:00:00,9,0,SEG-E,248.2907,248.5052,42.321,41.629,31.0381
2026-01-10 06:00:00,9,0,SEG-F,248.2494,248.587,40.896,40.276,31.0381
2026-01-10 06:00:00,9,0,SEG-G,248.1312,248.2241,39.65,38.761,31.0381
2026-01-10 06:00:00,9,0,SEG-H,248.3509,248.2309,38.048,37.288,31.0381
2026-01-10 06:00:00,9,0,SEG-I,248.2257,248.2247,36.803,35.904,31.0381
2026-01-10 06:00:00,9,0,SEG-J,248.3285,248.2363,35.363,34.621,31.0381
2026-01-10 06:00:00,9,0,SEG-K,248.2501,248.2346,33.973,32.895,31.0381
2026-01-10 06:00:00,9,0,SEG-L,248.2569,248.2527,32.667,31.612,31.0381
2026-01-10 06:00:00,9,0,SEG-M,248.2912,248.2564,31.259,30.264,31.0381
2026-01-10 06:00:00,9,0,SEG-N,248.2978,248.2997,29.588,29.024,31.0381
2026-01-10 06:00:00,9,0,SEG-O,248.4853,248.2371,28.448,27.664,31.0381
2026-01-10 06:00:00,9,0,SEG-P,248.279,248.3718,26.868,26.113,31.0381
2026-01-10 06:00:00,9,0,SEG-Q,248.3848,248.19,25.527,24.753,31.0381
2026-01-10 06:00:00,9,0,SEG-R,248.3639,248.2544,24.345,23.49,31.0381
2026-01-10 06:00:00,9,0,SEG-S,248.1811,248.2675,22.751,21.849,31.0381
2026-01-10 06:00:00,9,0,SEG-T,248.2178,248.227,21.308,20.786,31.0381
2026-01-10 14:00:00,9,1,SEG-A,227.8175,227.9803,48.168,47.179,28.4796
2026-01-10 14:00:00,9,1,SEG-B,228.0402,227.9169,46.539,45.792,28.4796
2026-01-10 14:00:00,9,1,SEG-C,227.7277,227.8453,45.281,44.351,28.4796
2026-01-10 14:00:00,9,1,SEG-D,227.6584,227.9714,43.86,42.769,28.4796
2026-01-10 14:00:00,9,1,SEG-E,227.7434,227.817,42.418,41.653,28.4796
2026-01-10 14:00:00,9,1,SEG-F,227.7574,227.9409,41.008,40.007,28.4796
2026-01-10 14:00:00,9,1,SEG-G,227.9546,227.8618,39.759,38.584,28.4796
2026-01-10 14:00:00,9,1,SEG-H,227.8065,227.9307,38.103,37.418,28.4796
2026-01-10 14:00:00,9,1,SEG-I,227.9965,227.8418,36.624,35.942,28.4796
2026-01-10 14:00:00,9,1,SEG-J,227.6519,227.9213,35.501,34.605,28.4796
2026-01-10 14:00:00,9,1,SEG-K,227.7619,227.7546,34.147,33.14,28.4796
2026-01-10 14:00:00,9,1,SEG-L,227.7125,227.9062,32.853,31.727,28.4796
2026-01-10 14:00:00,9,1,SEG-M,227.8338,227.9001,31.255,30.26,28.4796
2026-01-10 14:00:00,9,1,SEG-N,228.0287,227.7007,29.886,28.928,28.4796
2026-01-10 14:00:00,9,1,SEG-O,227.7048,228.0926,28.442,27.531,28.4796
2026-01-10 14:00:00,9,1,SEG-P,227.7815,227.7113,27.065,26.015,28.4796
2026-01-10 14:00:00,9,1,SEG-Q,227.9847,227.8202,25.659,24.825,28.4796
2026-01-10 14:00:00,9,1,SEG-R,227.8446,227.9306,24.164,23.136,28.4796
2026-01-10 14:00:00,9,1,SEG-S,228.0368,227.8905,22.757,21.914,28.4796
2026-01-10 14:00:00,9,1,SEG-T,227.9578,227.7173,21.383,20.673,28.4796
2026-01-10 22:00:00,9,2,SEG-A,178.5378,178.582,47.99,47.162,22.3291
2026-01-10 22:00:00,9,2,SEG-B,178.6861,178.5801,46.807,45.713,22.3291
2026-01-10 22:00:00,9,2,SEG-C,178.6196,178.6778,45.325,44.351,22.3291
2026-01-10 22:00:00,9,2,SEG-D,178.7331,178.5568,43.596,43.106,22.3291
2026-01-10 22:00:00,9,2,SEG-E,178.6672,178.749,42.308,41.401,22.3291
2026-01-10 22:00:00,9,2,SEG-F,178.6696,178.653,41.114,40.043,22.3291
2026-01-10 22:00:00,9,2,SEG-G,178.6637,178.6114,39.495,38.91,22.3291
2026-01-10 22:00:00,9,2,SEG-H,178.4594,178.5937,38.11,37.59,22.3291
2026-01-10 22:00:00,9,2,SEG-I,178.5782,178.602,36.574,35.914,22.3291
2026-01-10 22:00:00,9,2,SEG-J,178.6294,178.6121,35.506,34.701,22.3291
2026-01-10 22:00:00,9,2,SEG-K,178.5413,178.5851,33.853,33.214,22.3291
2026-01-10 22:00:00,9,2,SEG-L,178.6506,178.6308,32.557,31.75,22.3291
2026-01-10 22:00:00,9,2,SEG-M,178.6831,178.7574,31.156,30.266,22.3291
2026-01-10 22:00:00,9,2,SEG-N,178.6737,178.5112,29.848,28.897,22.3291
2026-01-10 22:00:00,9,2,SEG-O,178.6518,178.5723,28.383,27.643,22.3291
2026-01-10 22:00:00,9,2,SEG-P,178.6456,178.7036,26.846,26.031,22.3291
2026-01-10 22:00:00,9,2,SEG-Q,178.6164,178.5,25.623,24.666,22.3291
2026-01-10 22:00:00,9,2,SEG-R,178.6708,178.5344,24.215,23.357,22.3291
2026-01-10 22:00:00,9,2,SEG-S,178.8085,178.6817,23.027,21.864,22.3291
2026-01-10 22:00:00,9,2,SEG-T,178.6827,178.5734,21.488,20.443,22.3291
2026-01-11 06:00:00,10,0,SEG-A,203.2647,203.1378,47.939,47.11,25.3914
2026-01-11 06:00:00,10,0,SEG-B,203.0878,203.175,46.493,46.074,25.3914
2026-01-11 06:00:00,10,0,SEG-C,203.0762,202.9146,45.221,44.351,25.3914
2026-01-11 06:00:00,10,0,SEG-D,203.0027,203.1106,44.009,42.967,25.3914
2026-01-11 06:00:00,10,0,SEG-E,203.1629,203.0835,42.502,41.718,25.3914
2026-01-11 06:00:00,10,0,SEG-F,203.2056,203.2798,40.981,40.003,25.3914
2026-01-11 06:00:00,10,0,SEG-G,203.1802,203.2778,39.419,38.898,25.3914
2026-01-11 06:00:00,10,0,SEG-H,203.1236,203.2933,38.301,37.36,25.3914
2026-01-11 06:00:00,10,0,SEG-I,203.1466,203.1055,36.762,35.968,25.3914
2026-01-11 06:00:00,10,0,SEG-J,203.2131,203.0082,35.477,34.505,25.3914
2026-01-11 06:00:00,10,0,SEG-K,203.1435,203.0814,34.191,33.047,25.3914
2026-01-11 06:00:00,10,0,SEG-L,203.0126,203.0688,32.808,31.522,25.3914
2026-01-11 06:00:00,10,0,SEG-M,203.006,203.2953,31.106,30.504,25.3914
2026-01-11 06:00:00,10,0,SEG-N,203.1614,203.0258,29.725,28.95,25.3914
2026-01-11 06:00:00,10,0,SEG-O,203.2709,203.2538,28.304,27.519,25.3914
2026-01-11 06:00:00,10,0,SEG-P,203.1947,202.9588,27.018,26.226,25.3914
2026-01-11 06:00:00,10,0,SEG-Q,203.1498,203.1887,25.516,25.011,25.3914
2026-01-11 06:00:00,10,0,SEG-R,203.0758,203.1872,24.389,23.35,25.3914
2026-01-11 06:00:00,10,0,SEG-S,203.2086,203.0859,22.8,22.137,25.3914
2026-01-11 06:00:00,10,0,SEG-T,203.0506,203.0852,21.684,20.316,25.3914
2026-01-11 14:00:00,10,1,SEG-A,286.3674,286.3282,48.057,47.052,35.7931
2026-01-11 14:00:00,10,1,SEG-B,286.4024,286.2889,46.666,45.816,35.7931
2026-01-11 14:00:00,10,1,SEG-C,286.3543,286.5765,45.228,44.386,35.7931
2026-01-11 14:00:00,10,1,SEG-D,286.4869,286.4007,43.826,42.66,35.7931
2026-01-11 14:00:00,10,1,SEG-E,286.087,286.5497,42.176,41.54,35.7931
2026-01-11 14:00:00,10,1,SEG-F,286.6159,286.4233,41.096,40.127,35.7931
2026-01-11 14:00:00,10,1,SEG-G,286.2682,286.4392,39.778,38.945,35.7931
2026-01-11 14:00:00,10,1,SEG-H,286.4305,286.1594,38.098,37.501,35.7931
2026-01-11 14:00:00,10,1,SEG-I,286.2118,286.3638,36.999,35.863,35.7931
2026-01-11 14:00:00,10,1,SEG-J,286.3855,286.1692,35.375,34.602,35.7931
2026-01-11 14:00:00,10,1,SEG-K,286.5776,286.7025,33.91,33.11,35.7931
2026-01-11 14:00:00,10,1,SEG-L,286.4147,286.1941,32.51,31.793,35.7931
2026-01-11 14:00:00,10,1,SEG-M,286.1174,286.4372,31.019,30.168,35.7931
2026-01-11 14:00:00,10,1,SEG-N,286.5637,286.1513,29.887,29.009,35.7931
2026-01-11 14:00:00,10,1,SEG-O,286.2921,286.3795,28.133,27.7,35.7931
2026-01-11 14:00:00,10,1,SEG-P,286.4388,286.3196,26.894,26.12,35.7931
2026-01-11 14:00:00,10,1,SEG-Q,286.3682,286.4609,25.572,24.588,35.7931
2026-01-11 14:00:00,10,1,SEG-R,286.4955,286.4187,24.227,23.469,35.7931
2026-01-11 14:00:00,10,1,SEG-S,286.4161,286.3342,22.91,21.867,35.7931
2026-01-11 14:00:00,10,1,SEG-T,286.3307,286.6466,21.184,20.397,35.7931
2026-01-11 22:00:00,10,2,SEG-A,125.4016,125.3821,48.155,47.041,15.6737
2026-01-11 22:00:00,10,2,SEG-B,125.3661,125.3364,46.443,45.738,15.6737
2026-01-11 22:00:00,10,2,SEG-C,125.3603,125.4274,45.069,44.592,15.6737
2026-01-11 22:00:00,10,2,SEG-D,125.2815,125.4126,43.912,42.907,15.6737
2026-01-11 22:00:00,10,2,SEG-E,125.312,125.425,42.337,41.555,15.6737
2026-01-11 22:00:00,10,2,SEG-F,125.3409,125.3356,40.929,40.231,15.6737
2026-01-11 22:00:00,10,2,SEG-G,125.3473,125.3641,39.528,38.774,15.6737
2026-01-11 22:00:00,10,2,SEG-H,125.4437,125.3343,38.216,37.417,15.6737
2026-01-11 22:00:00,10,2,SEG-I,125.3822,125.4429,37.012,36.09,15.6737
2026-01-11 22:00:00,10,2,SEG-J,125.3401,125.4209,35.536,34.58,15.6737
2026-01-11 22:00:00,10,2,SEG-K,125.4834,125.4135,33.78,33.046,15.6737
2026-01-11 22:00:00,10,2,SEG-L,125.3512,125.4461,32.709,31.782,15.6737
2026-01-11 22:00:00,10,2,SEG-M,125.4061,125.3713,31.292,30.293,15.6737
2026-01-11 22:00:00,10,2,SEG-N,125.4372,125.4407,29.717,28.997,15.6737
2026-01-11 22:00:00,10,2,SEG-O,125.477,125.441,28.256,27.613,15.6737
2026-01-11 22:00:00,10,2,SEG-P,125.3851,125.4402,27.214,26.453,15.6737
2026-01-11 22:00:00,10,2,SEG-Q,125.3643,125.4093,25.697,24.828,15.6737
2026-01-11 22:00:00,10,2,SEG-R,125.3997,125.4319,24.23,23.25,15.6737
2026-01-11 22:00:00,10,2,SEG-S,125.4095,125.5765,22.595,22.101,15.6737
2026-01-11 22:00:00,10,2,SEG-T,125.3663,125.4231,21.337,20.578,15.6737
2026-01-12 06:00:00,11,0,SEG-A,186.8638,186.7411,48.286,47.129,23.3494
2026-01-12 06:00:00,11,0,SEG-B,186.7456,186.7629,46.575,45.748,23.3494
2026-01-12 06:00:00,11,0,SEG-C,186.7688,186.7079,45.388,44.256,23.3494
2026-01-12 06:00:00,11,0,SEG-D,186.6489,186.8527,43.65,42.892,23.3494
2026-01-12 06:00:00,11,0,SEG-E,186.6485,186.8992,42.368,41.46,23.3494
2026-01-12 06:00:00,11,0,SEG-F,186.6621,186.8026,40.788,40.02,23.3494
2026-01-12 06:00:00,11,0,SEG-G,187.0049,186.7172,39.613,38.815,23.3494
2026-01-12 06:00:00,11,0,SEG-H,186.7801,186.7795,38.237,37.125,23.3494
2026-01-12 06:00:00,11,0,SEG-I,186.8281,186.8121,36.671,35.887,23.3494
2026-01-12 06:00:00,11,0,SEG-J,186.815,186.8581,35.372,34.657,23.3494
2026-01-12 06:00:00,11,0,SEG-K,186.8816,186.8893,34.049,33.38,23.3494
2026-01-12 06:00:00,11,0,SEG-L,186.8731,186.7855,32.63,31.934,23.3494
2026-01-12 06:00:00,11,0,SEG-M,186.7818,186.8055,31.203,30.32,23.3494
2026-01-12 06:00:00,11,0,SEG-N,186.7332,186.7045,29.824,29.079,23.3494
2026-01-12 06:00:00,11,0,SEG-O,186.7646,186.9687,28.379,27.604,23.3494
2026-01-12 06:00:00,11,0,SEG-P,186.8123,186.7524,27.12,26.127,23.3494
2026-01-12 06:00:00,11,0,SEG-Q,186.701,186.7268,25.633,24.798,23.3494
2026-01-12 06:00:00,11,0,SEG-R,186.6795,186.8094,24.25,23.483,23.3494
2026-01-12 06:00:00,11,0,SEG-S,186.6576,186.8711,22.901,21.874,23.3494
2026-01-12 06:00:00,11,0,SEG-T,186.7756,186.5675,21.366,20.474,23.3494
2026-01-12 14:00:00,11,1,SEG-A,298.9588,298.7923,47.834,47.128,37.3505
2026-01-12 14:00:00,11,1,SEG-B,298.9386,298.8615,46.541,45.696,37.3505
2026-01-12 14:00:00,11,1,SEG-C,298.9557,298.7886,45.069,44.215,37.3505
2026-01-12 14:00:00,11,1,SEG-D,298.8023,298.8003,43.791,43.018,37.3505
2026-01-12 14:00:00,11,1,SEG-E,298.7109,299.0533,42.334,41.685,37.3505
2026-01-12 14:00:00,11,1,SEG-F,298.8113,298.7148,41.009,40.015,37.3505
2026-01-12 14:00:00,11,1,SEG-G,298.9712,298.7597,39.772,38.744,37.3505
2026-01-12 14:00:00,11,1,SEG-H,298.8168,298.7747,38.222,37.344,37.3505
2026-01-12 14:00:00,11,1,SEG-I,298.7958,298.8701,36.574,35.804,37.3505
2026-01-12 14:00:00,11,1,SEG-J,298.9552,298.6763,35.178,34.72,37.3505
2026-01-12 14:00:00,11,1,SEG-K,298.7715,298.9348,34.03,33.141,37.3505
2026-01-12 14:00:00,11,1,SEG-L,299.0913,298.8287,32.557,31.875,37.3505
2026-01-12 14:00:00,11,1,SEG-M,298.685,298.9393,31.037,30.429,37.3505
2026-01-12 14:00:00,11,1,SEG-N,298.7029,298.9193,29.633,28.857,37.3505
2026-01-12 14:00:00,11,1,SEG-O,299.113,298.6042,28.365,27.573,37.3505
2026-01-12 14:00:00,11,1,SEG-P,298.9225,298.8462,27.175,26.144,37.3505
2026-01-12 14:00:00,11,1,SEG-Q,298.9901,298.8763,25.789,24.616,37.3505
2026-01-12 14:00:00,11,1,SEG-R,298.808,298.7892,24.146,23.312,37.3505
2026-01-12 14:00:00,11,1,SEG-S,298.9153,298.7316,22.673,21.628,37.3505
2026-01-12 14:00:00,11,1,SEG-T,298.741,298.8857,21.338,20.395,37.3505
2026-01-12 22:00:00,11,2,SEG-A,185.2178,185.2729,47.841,46.961,23.1517
2026-01-12 22:00:00,11,2,SEG-B,185.0699,185.1155,46.691,45.715,23.1517
2026-01-12 22:00:00,11,2,SEG-C,185.2397,185.1731,45.251,44.197,23.1517
2026-01-12 22:00:00,11,2,SEG-D,185.1976,185.189,43.719,42.988,23.1517
2026-01-12 22:00:00,11,2,SEG-E,185.3002,185.2911,42.407,41.528,23.1517
2026-01-12 22:00:00,11,2,SEG-F,185.1799,185.1679,41.002,40.25,23.1517
2026-01-12 22:00:00,11,2,SEG-G,185.2446,185.1996,39.613,38.585,23.1517
2026-01-12 22:00:00,11,2,SEG-H,185.3003,185.3639,38.267,37.411,23.1517
2026-01-12 22:00:00,11,2,SEG-I,185.2693,185.1252,36.657,36.076,23.1517
2026-01-12 22:00:00,11,2,SEG-J,185.0573,185.3467,35.315,34.511,23.1517
2026-01-12 22:00:00,11,2,SEG-K,185.2318,185.2654,34.037,33.174,23.1517
2026-01-12 22:00:00,11,2,SEG-L,185.0752,185.1597,32.589,31.879,23.1517
2026-01-12 22:00:00,11,2,SEG-M,185.0683,185.2847,31.292,30.368,23.1517
2026-01-12 22:00:00,11,2,SEG-N,185.1534,185.1681,29.969,28.715,23.1517
2026-01-12 22:00:00,11,2,SEG-O,185.1597,185.109,28.191,27.736,23.1517
2026-01-12 22:00:00,11,2,SEG-P,185.3087,185.2038,27.098,26.323,23.1517
2026-01-12 22:00:00,11,2,SEG-Q,185.1769,185.1822,25.672,24.842,23.1517
2026-01-12 22:00:00,11,2,SEG-R,185.1632,185.2536,24.22,23.32,23.1517
2026-01-12 22:00:00,11,2,SEG-S,185.0967,185.0802,22.746,21.908,23.1517
2026-01-12 22:00:00,11,2,SEG-T,185.2517,185.2103,21.452,20.355,23.1517
2026-01-13 06:00:00,12,0,SEG-A,250.0246,249.9585,47.978,46.97,31.2649
2026-01-13 06:00:00,12,0,SEG-B,249.943,249.9442,46.599,45.533,31.2649
2026-01-13 06:00:00,12,0,SEG-C,250.0303,250.1031,45.001,44.433,31.2649
2026-01-13 06:00:00,12,0,SEG-D,249.943,250.1433,43.906,42.95,31.2649
2026-01-13 06:00:00,12,0,SEG-E,250.1918,250.0853,42.431,41.54,31.2649
2026-01-13 06:00:00,12,0,SEG-F,250.0342,249.9611,40.989,39.822,31.2649
2026-01-13 06:00:00,12,0,SEG-G,250.1242,250.0759,39.635,38.748,31.2649
2026-01-13 06:00:00,12,0,SEG-H,250.1573,250.0072,38.265,37.441,31.2649
2026-01-13 06:00:00,12,0,SEG-I,250.2058,250.1472,36.897,36.058,31.2649
2026-01-13 06:00:00,12,0,SEG-J,250.0559,250.1424,35.406,34.571,31.2649
2026-01-13 06:00:00,12,0,SEG-K,250.0527,250.1098,33.996,33.147,31.2649
2026-01-13 06:00:00,12,0,SEG-L,250.0422,250.3738,32.519,31.587,31.2649
2026-01-13 06:00:00,12,0,SEG-M,250.2291,250.1413,30.92,30.601,31.2649
2026-01-13 06:00:00,12,0,SEG-N,250.133,250.1636,30.08,28.851,31.2649
2026-01-13 06:00:00,12,0,SEG-O,250.2017,249.9674,28.312,27.543,31.2649
2026-01-13 06:00:00,12,0,SEG-P,250.0466,250.011,27.02,25.975,31.2649
2026-01-13 06:00:00,12,0,SEG-Q,250.1711,250.1142,25.456,24.769,31.2649
2026-01-13 06:00:00,12,0,SEG-R,250.324,250.0684,24.351,23.534,31.2649
2026-01-13 06:00:00,12,0,SEG-S,250.0018,250.1584,22.684,21.857,31.2649
2026-01-13 06:00:00,12,0,SEG-T,250.0281,250.2026,21.553,20.444,31.2649
2026-01-13 14:00:00,12,1,SEG-A,304.6274,304.7666,48.064,47.019,38.0923
2026-01-13 14:00:00,12,1,SEG-B,304.7283,304.7167,46.605,45.634,38.0923
2026-01-13 14:00:00,12,1,SEG-C,304.7634,304.9818,45.4,44.338,38.0923
2026-01-13 14:00:00,12,1,SEG-D,304.8457,304.7641,43.688,43.045,38.0923
2026-01-13 14:00:00,12,1,SEG-E,304.872,304.7749,42.338,41.579,38.0923
2026-01-13 14:00:00,12,1,SEG-F,304.7214,304.5688,40.933,40.43,38.0923
2026-01-13 14:00:00,12,1,SEG-G,304.9076,304.9478,39.727,38.66,38.0923
2026-01-13 14:00:00,12,1,SEG-H,304.6121,304.6731,38.357,37.4,38.0923
2026-01-13 14:00:00,12,1,SEG-I,304.9419,304.825,36.703,36.007,38.0923
2026-01-13 14:00:00,12,1,SEG-J,304.7032,304.5899,35.536,34.605,38.0923
2026-01-13 14:00:00,12,1,SEG-K,304.801,304.8751,34.124,33.062,38.0923
2026-01-13 14:00:00,12,1,SEG-L,304.8221,304.678,32.533,31.817,38.0923
2026-01-13 14:00:00,12,1,SEG-M,304.7329,304.641,31.18,30.401,38.0923
2026-01-13 14:00:00,12,1,SEG-N,304.8262,304.6081,29.86,29.195,38.0923
2026-01-13 14:00:00,12,1,SEG-O,304.7455,304.7646,28.26,27.613,38.0923
2026-01-13 14:00:00,12,1,SEG-P,304.7357,304.5854,26.835,26.187,38.0923
2026-01-13 14:00:00,12,1,SEG-Q,304.6862,304.5675,25.67,24.802,38.0923
2026-01-13 14:00:00,12,1,SEG-R,304.6828,304.8912,24.349,23.312,38.0923
2026-01-13 14:00:00,12,1,SEG-S,304.8366,304.5494,22.879,22.006,38.0923
2026-01-13 14:00:00,12,1,SEG-T,304.6717,304.7025,21.561,20.449,38.0923
2026-01-13 22:00:00,12,2,SEG-A,152.2579,152.3086,47.929,46.925,19.0399
2026-01-13 22:00:00,12,2,SEG-B,152.2987,152.2831,46.671,45.72,19.0399
2026-01-13 22:00:00,12,2,SEG-C,152.3251,152.3152,45.079,44.393,19.0399
2026-01-13 22:00:00,12,2,SEG-D,152.2915,152.2664,44.021,42.893,19.0399
2026-01-13 22:00:00,12,2,SEG-E,152.396,152.4285,42.422,41.377,19.0399
2026-01-13 22:00:00,12,2,SEG-F,152.201,152.3376,41.201,40.082,19.0399
2026-01-13 22:00:00,12,2,SEG-G,152.3309,152.146,39.529,38.682,19.0399
2026-01-13 22:00:00,12,2,SEG-H,152.4427,152.3072,38.283,37.495,19.0399
2026-01-13 22:00:00,12,2,SEG-I,152.4758,152.3481,36.761,36.044,19.0399
2026-01-13 22:00:00,12,2,SEG-J,152.36,152.386,35.527,34.601,19.0399
2026-01-13 22:00:00,12,2,SEG-K,152.2969,152.4605,33.816,33.365,19.0399
2026-01-13 22:00:00,12,2,SEG-L,152.1715,152.2416,32.464,31.63,19.0399
2026-01-13 22:00:00,12,2,SEG-M,152.341,152.2556,31.147,30.395,19.0399
2026-01-13 22:00:00,12,2,SEG-N,152.2352,152.2665,29.947,28.853,19.0399
2026-01-13 22:00:00,12,2,SEG-O,152.3565,152.2411,28.385,27.668,19.0399
2026-01-13 22:00:00,12,2,SEG-P,152.2372,152.4353,26.989,26.25,19.0399
2026-01-13 22:00:00,12,2,SEG-Q,152.345,152.3485,25.636,24.603,19.0399
2026-01-13 22:00:00,12,2,SEG-R,152.2734,152.2809,24.195,23.489,19.0399
2026-01-13 22:00:00,12,2,SEG-S,152.3483,152.372,22.804,21.86,19.0399
2026-01-13 22:00:00,12,2,SEG-T,152.3569,152.3061,21.333,20.654,19.0399
2026-01-14 06:00:00,13,0,SEG-A,294.2604,294.3785,47.932,47.276,36.8186
2026-01-14 06:00:00,13,0,SEG-B,294.5547,294.4962,46.671,45.666,36.8186
2026-01-14 06:00:00,13,0,SEG-C,294.6549,294.3995,45.317,44.366,36.8186
2026-01-14 06:00:00,13,0,SEG-D,294.4604,294.3392,43.979,43.172,36.8186
2026-01-14 06:00:00,13,0,SEG-E,294.6979,294.7486,42.303,41.622,36.8186
2026-01-14 06:00:00,13,0,SEG-F,294.3375,294.6419,40.997,40.008,36.8186
2026-01-14 06:00:00,13,0,SEG-G,294.5519,294.6211,39.694,38.575,36.8186
2026-01-14 06:00:00,13,0,SEG-H,294.6041,294.5957,38.217,37.29,36.8186
2026-01-14 06:00:00,13,0,SEG-I,294.5516,294.5942,36.832,35.914,36.8186
2026-01-14 06:00:00,13,0,SEG-J,294.8048,294.7115,35.34,34.469,36.8186
2026-01-14 06:00:00,13,0,SEG-K,294.3193,294.6898,33.991,32.949,36.8186
2026-01-14 06:00:00,13,0,SEG-L,294.5313,294.3428,32.503,31.724,36.8186
2026-01-14 06:00:00,13,0,SEG-M,294.3497,294.4709,31.375,30.579,36.8186
2026-01-14 06:00:00,13,0,SEG-N,294.7376,294.7169,29.624,28.934,36.8186
2026-01-14 06:00:00,13,0,SEG-O,294.8079,294.1556,28.423,27.366,36.8186
2026-01-14 06:00:00,13,0,SEG-P,294.4593,294.5417,27.168,26.088,36.8186
2026-01-14 06:00:00,13,0,SEG-Q,294.6136,294.5807,25.513,24.77,36.8186
2026-01-14 06:00:00,13,0,SEG-R,294.6113,294.6521,24.152,23.28,36.8186
2026-01-14 06:00:00,13,0,SEG-S,294.7359,294.646,22.836,21.93,36.8186
2026-01-14 06:00:00,13,0,SEG-T,294.2151,294.5493,21.342,20.326,36.8186
2026-01-14 14:00:00,13,1,SEG-A,323.9642,323.7348,47.866,47.161,40.4893
2026-01-14 14:00:00,13,1,SEG-B,323.7883,323.8273,46.72,45.723,40.4893
2026-01-14 14:00:00,13,1,SEG-C,323.8166,323.5978,45.211,44.505,40.4893
2026-01-14 14:00:00,13,1,SEG-D,324.1992,324.0707,43.979,43.021,40.4893
2026-01-14 14:00:00,13,1,SEG-E,323.8137,324.0705,42.31,41.681,40.4893
2026-01-14 14:00:00,13,1,SEG-F,324.0042,323.7283,41.118,40.377,40.4893
2026-01-14 14:00:00,13,1,SEG-G,323.9261,323.9504,39.423,38.814,40.4893
2026-01-14 14:00:00,13,1,SEG-H,323.7475,324.0464,38.292,37.112,40.4893
2026-01-14 14:00:00,13,1,SEG-I,323.8127,323.8217,36.656,35.671,40.4893
2026-01-14 14:00:00,13,1,SEG-J,323.8847,323.9036,35.222,34.58,40.4893
2026-01-14 14:00:00,13,1,SEG-K,323.9948,323.9019,34.007,33.169,40.4893
2026-01-14 14:00:00,13,1,SEG-L,323.7188,323.9642,32.364,31.793,40.4893
2026-01-14 14:00:00,13,1,SEG-M,324.274,323.9903,31.105,30.183,40.4893
2026-01-14 14:00:00,13,1,SEG-N,323.9089,323.9024,29.748,28.916,40.4893
2026-01-14 14:00:00,13,1,SEG-O,324.0338,323.6762,28.514,27.575,40.4893
2026-01-14 14:00:00,13,1,SEG-P,324.2352,324.0692,26.892,25.977,40.4893
2026-01-14 14:00:00,13,1,SEG-Q,323.9538,323.6953,25.669,24.767,40.4893
2026-01-14 14:00:00,13,1,SEG-R,324.26,323.905,24.32,23.139,40.4893
2026-01-14 14:00:00,13,1,SEG-S,323.9114,324.0423,22.819,21.967,40.4893
2026-01-14 14:00:00,13,1,SEG-T,323.7217,323.7191,21.442,20.478,40.4893
2026-01-14 22:00:00,13,2,SEG-A,167.6548,167.681,48.119,47.03,20.9583
2026-01-14 22:00:00,13,2,SEG-B,167.6615,167.7063,46.524,45.627,20.9583
2026-01-14 22:00:00,13,2,SEG-C,167.5746,167.7619,45.1,44.554,20.9583
2026-01-14 22:00:00,13,2,SEG-D,167.7152,167.5906,43.767,42.822,20.9583
2026-01-14 22:00:00,13,2,SEG-E,167.669,167.517,42.359,41.599,20.9583
2026-01-14 22:00:00,13,2,SEG-F,167.6771,167.664,41.106,40.14,20.9583
2026-01-14 22:00:00,13,2,SEG-G,167.6531,167.7784,39.676,38.659,20.9583
2026-01-14 22:00:00,13,2,SEG-H,167.5188,167.6313,38.071,37.457,20.9583
2026-01-14 22:00:00,13,2,SEG-I,167.695,167.5829,36.732,35.975,20.9583
2026-01-14 22:00:00,13,2,SEG-J,167.5711,167.7631,35.149,34.6,20.9583
2026-01-14 22:00:00,13,2,SEG-K,167.6517,167.6623,33.808,33.356,20.9583
2026-01-14 22:00:00,13,2,SEG-L,167.6353,167.6374,32.552,31.781,20.9583
2026-01-14 22:00:00,13,2,SEG-M,167.7382,167.8172,31.118,30.474,20.9583
2026-01-14 22:00:00,13,2,SEG-N,167.7119,167.7149,29.829,29.276,20.9583
2026-01-14 22:00:00,13,2,SEG-O,167.5967,167.7678,28.368,27.526,20.9583
2026-01-14 22:00:00,13,2,SEG-P,167.6001,167.6135,27.052,26.135,20.9583
2026-01-14 22:00:00,13,2,SEG-Q,167.6766,167.5368,25.749,24.676,20.9583
2026-01-14 22:00:00,13,2,SEG-R,167.7221,167.6344,24.239,23.301,20.9583
2026-01-14 22:00:00,13,2,SEG-S,167.6004,167.6505,22.818,21.924,20.9583
2026-01-14 22:00:00,13,2,SEG-T,167.6712,167.7236,21.338,20.596,20.9583
2026-01-15 06:00:00,14,0,SEG-A,206.6401,206.8271,48.134,47.081,25.8393
2026-01-15 06:00:00,14,0,SEG-B,206.6773,206.7158,46.754,45.764,25.8393
2026-01-15 06:00:00,14,0,SEG-C,206.6035,206.7189,45.56,44.339,25.8393
2026-01-15 06:00:00,14,0,SEG-D,206.6351,206.7377,44.027,42.986,25.8393
2026-01-15 06:00:00,14,0,SEG-E,206.5921,206.9023,42.701,41.745,25.8393
2026-01-15 06:00:00,14,0,SEG-F,206.7329,206.8621,40.902,40.154,25.8393
2026-01-15 06:00:00,14,0,SEG-G,206.803,206.7081,39.59,38.707,25.8393
2026-01-15 06:00:00,14,0,SEG-H,206.6878,206.6346,38.136,37.379,25.8393
2026-01-15 06:00:00,14,0,SEG-I,206.7357,206.7221,36.981,36.166,25.8393
2026-01-15 06:00:00,14,0,SEG-J,206.761,206.8229,35.6,34.514,25.8393
2026-01-15 06:00:00,14,0,SEG-K,206.693,206.8253,34.122,33.224,25.8393
2026-01-15 06:00:00,14,0,SEG-L,206.5497,206.6329,32.723,31.756,25.8393
2026-01-15 06:00:00,14,0,SEG-M,206.7993,206.7023,31.185,30.2,25.8393
2026-01-15 06:00:00,14,0,SEG-N,206.6582,206.6073,29.74,28.924,25.8393
2026-01-15 06:00:00,14,0,SEG-O,206.5955,206.8899,28.387,27.569,25.8393
2026-01-15 06:00:00,14,0,SEG-P,206.6376,206.6459,27.018,26.227,25.8393
2026-01-15 06:00:00,14,0,SEG-Q,206.6665,206.6586,25.742,24.793,25.8393
2026-01-15 06:00:00,14,0,SEG-R,206.7049,206.8713,24.256,23.314,25.8393
2026-01-15 06:00:00,14,0,SEG-S,206.8673,206.7125,22.78,21.852,25.8393
2026-01-15 06:00:00,14,0,SEG-T,206.6266,206.7408,21.251,20.568,25.8393
2026-01-15 14:00:00,14,1,SEG-A,319.6204,319.6728,47.85,47.203,39.9333
2026-01-15 14:00:00,14,1,SEG-B,319.292,319.598,46.896,45.691,39.9333
2026-01-15 14:00:00,14,1,SEG-C,319.4857,319.5684,45.285,44.399,39.9333
2026-01-15 14:00:00,14,1,SEG-D,319.4062,319.3767,43.931,42.918,39.9333
2026-01-15 14:00:00,14,1,SEG-E,319.2881,319.7297,42.473,41.606,39.9333
2026-01-15 14:00:00,14,1,SEG-F,319.334,319.5703,41.137,40.132,39.9333
2026-01-15 14:00:00,14,1,SEG-G,319.5379,319.2814,39.641,38.692,39.9333
2026-01-15 14:00:00,14,1,SEG-H,319.3604,319.6078,38.512,37.467,39.9333
2026-01-15 14:00:00,14,1,SEG-I,319.4259,319.3798,36.874,35.792,39.9333
2026-01-15 14:00:00,14,1,SEG-J,319.5382,319.5919,35.137,34.716,39.9333
2026-01-15 14:00:00,14,1,SEG-K,319.1625,319.3956,33.866,33.07,39.9333
2026-01-15 14:00:00,14,1,SEG-L,319.5243,319.4375,32.572,31.634,39.9333
2026-01-15 14:00:00,14,1,SEG-M,319.6702,319.3532,31.201,30.353,39.9333
2026-01-15 14:00:00,14,1,SEG-N,319.2624,319.664,29.747,29.055,39.9333
2026-01-15 14:00:00,14,1,SEG-O,319.3787,319.5289,28.269,27.72,39.9333
2026-01-15 14:00:00,14,1,SEG-P,319.4477,319.5646,27.128,26.016,39.9333
2026-01-15 14:00:00,14,1,SEG-Q,319.5639,319.5734,25.531,24.647,39.9333
2026-01-15 14:00:00,14,1,SEG-R,319.5003,319.337,24.247,23.54,39.9333
2026-01-15 14:00:00,14,1,SEG-S,319.5428,319.5817,22.916,21.975,39.9333
2026-01-15 14:00:00,14,1,SEG-T,319.6409,319.4194,21.533,20.318,39.9333
2026-01-15 22:00:00,14,2,SEG-A,162.7569,162.7391,48.229,47.125,20.3357
2026-01-15 22:00:00,14,2,SEG-B,162.5645,162.7689,46.676,45.868,20.3357
2026-01-15 22:00:00,14,2,SEG-C,162.7719,162.8397,45.175,44.222,20.3357
2026-01-15 22:00:00,14,2,SEG-D,162.6439,162.5316,43.804,42.869,20.3357
2026-01-15 22:00:00,14,2,SEG-E,162.6869,162.7298,42.416,41.732,20.3357
2026-01-15 22:00:00,14,2,SEG-F,162.6252,162.6306,40.874,40.203,20.3357
2026-01-15 22:00:00,14,2,SEG-G,162.7193,162.6568,39.638,38.956,20.3357
2026-01-15 22:00:00,14,2,SEG-H,162.5199,162.7571,38.228,37.219,20.3357
2026-01-15 22:00:00,14,2,SEG-I,162.6752,162.7012,36.856,36.028,20.3357
2026-01-15 22:00:00,14,2,SEG-J,162.5384,162.694,35.797,34.312,20.3357
2026-01-15 22:00:00,14,2,SEG-K,162.7007,162.7964,34.049,33.13,20.3357
2026-01-15 22:00:00,14,2,SEG-L,162.6492,162.6698,32.609,31.748,20.3357
2026-01-15 22:00:00,14,2,SEG-M,162.786,162.6489,31.031,30.499,20.3357
2026-01-15 22:00:00,14,2,SEG-N,162.6492,162.5477,29.706,29.066,20.3357
2026-01-15 22:00:00,14,2,SEG-O,162.682,162.51,28.413,27.525,20.3357
2026-01-15 22:00:00,14,2,SEG-P,162.6688,162.7089,26.826,26.139,20.3357
2026-01-15 22:00:00,14,2,SEG-Q,162.7632,162.6341,25.596,24.817,20.3357
2026-01-15 22:00:00,14,2,SEG-R,162.6872,162.6233,24.223,23.313,20.3357
2026-01-15 22:00:00,14,2,SEG-S,162.6795,162.7079,22.862,21.977,20.3357
2026-01-15 22:00:00,14,2,SEG-T,162.6492,162.7459,21.271,20.525,20.3357
2026-01-16 06:00:00,15,0,SEG-A,226.7018,226.5421,48.071,47.381,28.3281
2026-01-16 06:00:00,15,0,SEG-B,226.7623,226.6706,46.427,45.53,28.3281
2026-01-16 06:00:00,15,0,SEG-C,226.6229,226.6134,45.164,44.503,28.3281
2026-01-16 06:00:00,15,0,SEG-D,226.7703,226.472,43.559,42.772,28.3281
2026-01-16 06:00:00,15,0,SEG-E,226.6302,226.7063,42.509,41.566,28.3281
2026-01-16 06:00:00,15,0,SEG-F,226.5545,226.5665,40.802,40.316,28.3281
2026-01-16 06:00:00,15,0,SEG-G,226.5514,226.5637,39.89,38.651,28.3281
2026-01-16 06:00:00,15,0,SEG-H,226.4878,226.5765,38.351,37.3,28.3281
2026-01-16 06:00:00,15,0,SEG-I,226.5821,226.7629,36.834,36.065,28.3281
2026-01-16 06:00:00,15,0,SEG-J,226.819,226.5489,35.34,34.534,28.3281
2026-01-16 06:00:00,15,0,SEG-K,226.8424,226.8815,33.999,33.217,28.3281
2026-01-16 06:00:00,15,0,SEG-L,226.5747,226.6325,32.686,31.736,28.3281
2026-01-16 06:00:00,15,0,SEG-M,226.8181,226.7004,31.042,30.555,28.3281
2026-01-16 06:00:00,15,0,SEG-N,226.7849,226.4877,29.804,28.939,28.3281
2026-01-16 06:00:00,15,0,SEG-O,226.5295,226.5927,28.364,27.327,28.3281
2026-01-16 06:00:00,15,0,SEG-P,226.5197,226.7676,26.955,26.088,28.3281
2026-01-16 06:00:00,15,0,SEG-Q,226.6761,226.6744,25.542,25.038,28.3281
2026-01-16 06:00:00,15,0,SEG-R,226.6857,226.6366,24.194,23.17,28.3281
2026-01-16 06:00:00,15,0,SEG-S,226.6705,226.5305,22.827,22.058,28.3281
2026-01-16 06:00:00,15,0,SEG-T,226.6531,226.656,21.441,20.549,28.3281
2026-01-16 14:00:00,15,1,SEG-A,338.0748,338.2573,47.898,47.253,42.2647
2026-01-16 14:00:00,15,1,SEG-B,337.8931,337.7239,46.725,45.664,42.2647
2026-01-16 14:00:00,15,1,SEG-C,337.9558,338.0826,45.125,44.355,42.2647
2026-01-16 14:00:00,15,1,SEG-D,337.9356,338.3335,43.627,42.812,42.2647
2026-01-16 14:00:00,15,1,SEG-E,338.4255,338.0041,42.517,41.929,42.2647
2026-01-16 14:00:00,15,1,SEG-F,338.1089,338.1052,41.011,40.006,42.2647
2026-01-16 14:00:00,15,1,SEG-G,338.1591,338.1917,39.636,38.674,42.2647
2026-01-16 14:00:00,15,1,SEG-H,338.2382,338.0222,38.218,37.329,42.2647
2026-01-16 14:00:00,15,1,SEG-I,337.9993,338.0419,36.99,36.042,42.2647
2026-01-16 14:00:00,15,1,SEG-J,338.0889,338.1256,35.442,34.619,42.2647
2026-01-16 14:00:00,15,1,SEG-K,338.1106,337.953,34.06,33.232,42.2647
2026-01-16 14:00:00,15,1,SEG-L,338.0416,338.1242,32.5,31.751,42.2647
2026-01-16 14:00:00,15,1,SEG-M,338.1655,338.1203,31.407,30.306,42.2647
2026-01-16 14:00:00,15,1,SEG-N,338.2834,338.3746,29.894,28.864,42.2647
2026-01-16 14:00:00,15,1,SEG-O,338.4294,338.1223,28.658,27.616,42.2647
2026-01-16 14:00:00,15,1,SEG-P,338.1881,338.0289,27.062,26.273,42.2647
2026-01-16 14:00:00,15,1,SEG-Q,338.2634,337.8833,25.651,24.77,42.2647
2026-01-16 14:00:00,15,1,SEG-R,337.9943,338.1141,24.189,23.342,42.2647
2026-01-16 14:00:00,15,1,SEG-S,338.0466,338.2251,22.583,21.992,42.2647
2026-01-16 14:00:00,15,1,SEG-T,338.2106,337.8393,21.339,20.45,42.2647
2026-01-16 22:00:00,15,2,SEG-A,130.7145,130.7383,47.71,47.268,16.3353
2026-01-16 22:00:00,15,2,SEG-B,130.6751,130.7059,46.611,45.835,16.3353
2026-01-16 22:00:00,15,2,SEG-C,130.7623,130.7486,45.363,44.217,16.3353
2026-01-16 22:00:00,15,2,SEG-D,130.6992,130.6957,43.762,43.11,16.3353
2026-01-16 22:00:00,15,2,SEG-E,130.726,130.6992,42.326,41.493,16.3353
2026-01-16 22:00:00,15,2,SEG-F,130.7221,130.6406,40.993,40.214,16.3353
2026-01-16 22:00:00,15,2,SEG-G,130.6383,130.7572,39.57,38.597,16.3353
2026-01-16 22:00:00,15,2,SEG-H,130.5987,130.6403,38.262,37.13,16.3353
2026-01-16 22:00:00,15,2,SEG-I,130.632,130.6821,36.559,35.849,16.3353
2026-01-16 22:00:00,15,2,SEG-J,130.6867,130.702,35.4,34.463,16.3353
2026-01-16 22:00:00,15,2,SEG-K,130.7681,130.6479,33.788,33.224,16.3353
2026-01-16 22:00:00,15,2,SEG-L,130.65,130.643,32.574,31.678,16.3353
2026-01-16 22:00:00,15,2,SEG-M,130.684,130.6335,31.164,30.152,16.3353
2026-01-16 22:00:00,15,2,SEG-N,130.6783,130.6848,29.54,28.979,16.3353
2026-01-16 22:00:00,15,2,SEG-O,130.6222,130.647,28.385,27.699,16.3353
2026-01-16 22:00:00,15,2,SEG-P,130.6481,130.7135,26.965,26.223,16.3353
2026-01-16 22:00:00,15,2,SEG-Q,130.7238,130.688,25.699,24.724,16.3353
2026-01-16 22:00:00,15,2,SEG-R,130.641,130.7478,24.449,23.341,16.3353
2026-01-16 22:00:00,15,2,SEG-S,130.5443,130.7522,22.81,21.959,16.3353
2026-01-16 22:00:00,15,2,SEG-T,130.7025,130.7069,21.286,20.537,16.3353
2026-01-17 06:00:00,16,0,SEG-A,224.9737,224.9639,48.064,47.17,28.1224
2026-01-17 06:00:00,16,0,SEG-B,224.9442,225.0914,46.717,45.935,28.1224
2026-01-17 06:00:00,16,0,SEG-C,225.0531,225.0379,45.17,44.407,28.1224
2026-01-17 06:00:00,16,0,SEG-D,224.9422,224.9367,43.911,42.856,28.1224
2026-01-17 06:00:00,16,0,SEG-E,224.9569,224.7411,42.407,41.483,28.1224
2026-01-17 06:00:00,16,0,SEG-F,225.1713,225.1968,40.974,40.473,28.1224
2026-01-17 06:00:00,16,0,SEG-G,225.0557,224.9699,39.594,38.78,28.1224
2026-01-17 06:00:00,16,0,SEG-H,224.8629,224.9655,38.189,37.573,28.1224
2026-01-17 06:00:00,16,0,SEG-I,224.8902,225.0554,36.724,36.061,28.1224
2026-01-17 06:00:00,16,0,SEG-J,225.0437,224.969,35.287,34.523,28.1224
2026-01-17 06:00:00,16,0,SEG-K,224.975,224.9931,33.856,33.321,28.1224
2026-01-17 06:00:00,16,0,SEG-L,225.0893,225.1393,32.726,31.708,28.1224
2026-01-17 06:00:00,16,0,SEG-M,224.9381,224.9052,31.207,30.278,28.1224
2026-01-17 06:00:00,16,0,SEG-N,224.9442,224.9113,29.69,28.985,28.1224
2026-01-17 06:00:00,16,0,SEG-O,224.9652,224.8353,28.378,27.683,28.1224
2026-01-17 06:00:00,16,0,SEG-P,225.0796,224.8261,26.976,26.056,28.1224
2026-01-17 06:00:00,16,0,SEG-Q,224.9497,225.077,25.485,24.767,28.1224
2026-01-17 06:00:00,16,0,SEG-R,225.0181,224.9601,24.113,23.478,28.1224
2026-01-17 06:00:00,16,0,SEG-S,224.8965,225.0449,22.785,21.949,28.1224
2026-01-17 06:00:00,16,0,SEG-T,224.8062,224.847,21.449,20.566,28.1224
2026-01-17 14:00:00,16,1,SEG-A,219.7065,219.656,47.947,46.988,27.4542
2026-01-17 14:00:00,16,1,SEG-B,219.5998,219.5921,46.554,45.807,27.4542
2026-01-17 14:00:00,16,1,SEG-C,219.5575,219.7209,45.305,44.369,27.4542
2026-01-17 14:00:00,16,1,SEG-D,219.4779,219.6101,43.71,42.788,27.4542
2026-01-17 14:00:00,16,1,SEG-E,219.6475,219.6173,42.467,41.466,27.4542
2026-01-17 14:00:00,16,1,SEG-F,219.6924,219.7907,41.096,40.35,27.4542
2026-01-17 14:00:00,16,1,SEG-G,219.6197,219.7181,39.503,38.534,27.4542
2026-01-17 14:00:00,16,1,SEG-H,219.574,219.6762,38.121,37.293,27.4542
2026-01-17 14:00:00,16,1,SEG-I,219.7256,219.6426,36.619,36.073,27.4542
2026-01-17 14:00:00,16,1,SEG-J,219.5365,219.5963,35.467,34.602,27.4542
2026-01-17 14:00:00,16,1,SEG-K,219.6246,219.6476,33.925,33.095,27.4542
2026-01-17 14:00:00,16,1,SEG-L,219.7309,219.6634,32.603,31.907,27.4542
2026-01-17 14:00:00,16,1,SEG-M,219.4959,219.5896,31.222,30.231,27.4542
2026-01-17 14:00:00,16,1,SEG-N,219.7184,219.6954,29.899,28.981,27.4542
2026-01-17 14:00:00,16,1,SEG-O,219.6502,219.621,28.391,27.718,27.4542
2026-01-17 14:00:00,16,1,SEG-P,219.5584,219.5603,27.003,25.985,27.4542
2026-01-17 14:00:00,16,1,SEG-Q,219.6593,219.6534,25.711,24.894,27.4542
2026-01-17 14:00:00,16,1,SEG-R,219.6943,219.7025,24.175,23.553,27.4542
2026-01-17 14:00:00,16,1,SEG-S,219.632,219.8314,22.654,21.846,27.4542
2026-01-17 14:00:00,16,1,SEG-T,219.6091,219.7749,21.194,20.929,27.4542
2026-01-17 22:00:00,16,2,SEG-A,169.154,169.2033,47.893,47.138,21.1521
2026-01-17 22:00:00,16,2,SEG-B,169.3401,169.1669,46.556,45.715,21.1521
2026-01-17 22:00:00,16,2,SEG-C,169.1995,169.2299,45.466,44.221,21.1521
2026-01-17 22:00:00,16,2,SEG-D,169.2074,169.2426,43.677,43.059,21.1521
2026-01-17 22:00:00,16,2,SEG-E,169.0841,169.2744,42.36,41.386,21.1521
2026-01-17 22:00:00,16,2,SEG-F,169.3453,169.1759,41.172,40.165,21.1521
2026-01-17 22:00:00,16,2,SEG-G,169.2628,169.2465,39.197,38.694,21.1521
2026-01-17 22:00:00,16,2,SEG-H,169.226,169.1132,38.117,37.221,21.1521
2026-01-17 22:00:00,16,2,SEG-I,169.1756,169.3184,36.981,35.813,21.1521
2026-01-17 22:00:00,16,2,SEG-J,169.277,169.23,35.583,34.547,21.1521
2026-01-17 22:00:00,16,2,SEG-K,169.2399,169.2045,34.019,33.052,21.1521
2026-01-17 22:00:00,16,2,SEG-L,169.1532,169.2446,32.847,31.698,21.1521
2026-01-17 22:00:00,16,2,SEG-M,169.2445,169.1572,30.951,30.174,21.1521
2026-01-17 22:00:00,16,2,SEG-N,169.4192,169.1889,29.599,28.863,21.1521
2026-01-17 22:00:00,16,2,SEG-O,169.3094,169.3181,28.549,27.455,21.1521
2026-01-17 22:00:00,16,2,SEG-P,169.2091,169.1913,27.11,26.091,21.1521
2026-01-17 22:00:00,16,2,SEG-Q,169.3143,169.1636,25.727,24.79,21.1521
2026-01-17 22:00:00,16,2,SEG-R,169.2874,169.178,24.249,23.332,21.1521
2026-01-17 22:00:00,16,2,SEG-S,169.3799,169.1851,22.717,21.811,21.1521
2026-01-17 22:00:00,16,2,SEG-T,169.2187,169.2938,21.492,20.516,21.1521
2026-01-18 06:00:00,17,0,SEG-A,263.447,263.2698,48.098,47.302,32.93
2026-01-18 06:00:00,17,0,SEG-B,263.3702,263.5849,46.479,45.882,32.93
2026-01-18 06:00:00,17,0,SEG-C,263.5217,263.2384,45.02,44.247,32.93
2026-01-18 06:00:00,17,0,SEG-D,263.3297,263.4374,43.718,43.141,32.93
2026-01-18 06:00:00,17,0,SEG-E,263.5978,263.4468,42.355,41.785,32.93
2026-01-18 06:00:00,17,0,SEG-F,263.4596,263.273,41.054,39.975,32.93
2026-01-18 06:00:00,17,0,SEG-G,263.4922,263.4215,39.475,38.723,32.93
2026-01-18 06:00:00,17,0,SEG-H,263.6296,263.6463,38.15,37.378,32.93
2026-01-18 06:00:00,17,0,SEG-I,263.3211,263.1655,36.782,35.948,32.93
2026-01-18 06:00:00,17,0,SEG-J,263.4085,263.5559,35.355,34.694,32.93
2026-01-18 06:00:00,17,0,SEG-K,263.3866,263.6181,33.991,33.194,32.93
2026-01-18 06:00:00,17,0,SEG-L,263.1405,263.2802,32.572,31.646,32.93
2026-01-18 06:00:00,17,0,SEG-M,263.3054,263.575,31.315,30.366,32.93
2026-01-18 06:00:00,17,0,SEG-N,263.3797,263.5901,29.621,29.175,32.93
2026-01-18 06:00:00,17,0,SEG-O,263.4249,263.4053,28.258,27.585,32.93
2026-01-18 06:00:00,17,0,SEG-P,263.4155,263.3529,26.926,26.228,32.93
2026-01-18 06:00:00,17,0,SEG-Q,263.6047,263.4051,25.63,24.667,32.93
2026-01-18 06:00:00,17,0,SEG-R,263.1796,263.6512,24.474,23.144,32.93
2026-01-18 06:00:00,17,0,SEG-S,263.4552,263.4911,22.741,21.809,32.93
2026-01-18 06:00:00,17,0,SEG-T,263.1443,263.4968,21.532,20.725,32.93
2026-01-18 14:00:00,17,1,SEG-A,247.55,247.3719,47.989,47.185,30.9245
2026-01-18 14:00:00,17,1,SEG-B,247.4858,247.2691,46.771,45.768,30.9245
2026-01-18 14:00:00,17,1,SEG-C,247.4078,247.3905,45.207,44.258,30.9245
2026-01-18 14:00:00,17,1,SEG-D,247.3672,247.332,43.807,42.77,30.9245
2026-01-18 14:00:00,17,1,SEG-E,247.3406,247.5758,42.651,41.56,30.9245
2026-01-18 14:00:00,17,1,SEG-F,247.5637,247.3935,40.989,40.057,30.9245
2026-01-18 14:00:00,17,1,SEG-G,247.2595,247.4069,39.507,38.696,30.9245
2026-01-18 14:00:00,17,1,SEG-H,247.3955,247.23,38.193,37.355,30.9245
2026-01-18 14:00:00,17,1,SEG-I,247.3994,247.4059,36.878,35.938,30.9245
2026-01-18 14:00:00,17,1,SEG-J,247.3465,247.4415,35.403,34.592,30.9245
2026-01-18 14:00:00,17,1,SEG-K,247.4213,247.4575,33.939,33.26,30.9245
2026-01-18 14:00:00,17,1,SEG-L,247.5481,247.3478,32.548,31.672,30.9245
2026-01-18 14:00:00,17,1,SEG-M,247.2845,247.521,31.339,30.4,30.9245
2026-01-18 14:00:00,17,1,SEG-N,247.2811,247.2806,29.855,29.139,30.9245
2026-01-18 14:00:00,17,1,SEG-O,247.4583,247.541,28.339,27.543,30.9245
2026-01-18 14:00:00,17,1,SEG-P,247.3861,247.2535,27.136,26.272,30.9245
2026-01-18 14:00:00,17,1,SEG-Q,247.3055,247.4861,25.717,24.753,30.9245
2026-01-18 14:00:00,17,1,SEG-R,247.1595,247.4384,24.242,23.337,30.9245
2026-01-18 14:00:00,17,1,SEG-S,247.5501,247.6023,22.898,22.198,30.9245
2026-01-18 14:00:00,17,1,SEG-T,247.4242,247.3309,21.508,20.546,30.9245
2026-01-18 22:00:00,17,2,SEG-A,168.9324,168.8761,48.003,47.089,21.1172
2026-01-18 22:00:00,17,2,SEG-B,168.8631,169.0295,46.58,45.888,21.1172
2026-01-18 22:00:00,17,2,SEG-C,169.0187,168.9389,45.269,44.333,21.1172
2026-01-18 22:00:00,17,2,SEG-D,168.9233,168.9281,43.803,42.93,21.1172
2026-01-18 22:00:00,17,2,SEG-E,168.9971,168.9233,42.352,41.439,21.1172
2026-01-18 22:00:00,17,2,SEG-F,168.9165,168.886,40.975,40.324,21.1172
2026-01-18 22:00:00,17,2,SEG-G,168.9013,169.0858,39.506,38.887,21.1172
2026-01-18 22:00:00,17,2,SEG-H,169.0608,168.9823,38.225,37.326,21.1172
2026-01-18 22:00:00,17,2,SEG-I,169.0174,168.8758,36.924,35.841,21.1172
2026-01-18 22:00:00,17,2,SEG-J,168.9211,168.8181,35.406,34.464,21.1172
2026-01-18 22:00:00,17,2,SEG-K,168.8346,168.936,33.877,33.172,21.1172
2026-01-18 22:00:00,17,2,SEG-L,168.8911,168.9261,32.766,31.733,21.1172
2026-01-18 22:00:00,17,2,SEG-M,168.9089,169.0279,31.055,30.37,21.1172
2026-01-18 22:00:00,17,2,SEG-N,168.7594,169.014,29.459,29.109,21.1172
2026-01-18 22:00:00,17,2,SEG-O,168.9387,168.9935,28.252,27.777,21.1172
2026-01-18 22:00:00,17,2,SEG-P,168.9514,169.0346,26.968,26.021,21.1172
2026-01-18 22:00:00,17,2,SEG-Q,168.9216,169.1731,25.387,24.728,21.1172
2026-01-18 22:00:00,17,2,SEG-R,168.8844,168.88,24.307,23.414,21.1172
2026-01-18 22:00:00,17,2,SEG-S,168.9873,168.9646,22.815,21.799,21.1172
2026-01-18 22:00:00,17,2,SEG-T,169.0938,168.737,21.383,20.509,21.1172
2026-01-19 06:00:00,18,0,SEG-A,201.7558,201.7102,47.898,46.987,25.2301
2026-01-19 06:00:00,18,0,SEG-B,201.6785,201.682,46.615,45.731,25.2301
2026-01-19 06:00:00,18,0,SEG-C,201.9623,201.8657,45.082,44.298,25.2301
2026-01-19 06:00:00,18,0,SEG-D,201.7397,201.8758,43.729,42.873,25.2301
2026-01-19 06:00:00,18,0,SEG-E,201.8107,201.9346,42.419,41.42,25.2301
2026-01-19 06:00:00,18,0,SEG-F,201.8211,201.944,41.143,39.992,25.2301
2026-01-19 06:00:00,18,0,SEG-G,201.9194,202.056,39.639,38.873,25.2301
2026-01-19 06:00:00,18,0,SEG-H,201.9198,201.8257,38.268,37.387,25.2301
2026-01-19 06:00:00,18,0,SEG-I,201.758,201.8734,36.874,36.061,25.2301
2026-01-19 06:00:00,18,0,SEG-J,201.7202,201.6732,35.281,34.417,25.2301
2026-01-19 06:00:00,18,0,SEG-K,201.7401,201.8358,34.067,33.085,25.2301
2026-01-19 06:00:00,18,0,SEG-L,201.8095,201.8069,32.613,31.653,25.2301
2026-01-19 06:00:00,18,0,SEG-M,201.8106,201.7539,31.087,30.284,25.2301
2026-01-19 06:00:00,18,0,SEG-N,201.9576,201.9175,29.802,29.203,25.2301
2026-01-19 06:00:00,18,0,SEG-O,201.8177,201.8943,28.463,27.489,25.2301
2026-01-19 06:00:00,18,0,SEG-P,201.9395,202.0027,27.039,26.202,25.2301
2026-01-19 06:00:00,18,0,SEG-Q,201.8112,201.8555,25.486,24.812,25.2301
2026-01-19 06:00:00,18,0,SEG-R,201.8297,201.8893,24.197,23.239,25.2301
2026-01-19 06:00:00,18,0,SEG-S,201.9582,202.0129,22.708,22.142,25.2301
2026-01-19 06:00:00,18,0,SEG-T,201.747,201.748,21.367,20.624,25.2301
2026-01-19 14:00:00,18,1,SEG-A,264.5296,264.7208,48.068,46.9,33.0856
2026-01-19 14:00:00,18,1,SEG-B,264.7282,264.6678,46.678,45.482,33.0856
2026-01-19 14:00:00,18,1,SEG-C,264.8718,264.4329,45.164,44.151,33.0856
2026-01-19 14:00:00,18,1,SEG-D,264.598,264.705,43.837,42.964,33.0856
2026-01-19 14:00:00,18,1,SEG-E,264.8852,264.9207,42.31,41.474,33.0856
2026-01-19 14:00:00,18,1,SEG-F,264.6339,264.8489,41.041,40.191,33.0856
2026-01-19 14:00:00,18,1,SEG-G,264.876,264.8269,39.545,38.803,33.0856
2026-01-19 14:00:00,18,1,SEG-H,264.7445,264.7124,38.423,37.399,33.0856
2026-01-19 14:00:00,18,1,SEG-I,264.5947,264.7552,36.883,35.791,33.0856
2026-01-19 14:00:00,18,1,SEG-J,264.9375,264.62,35.343,34.585,33.0856
2026-01-19 14:00:00,18,1,SEG-K,264.7054,264.5926,33.924,33.227,33.0856
2026-01-19 14:00:00,18,1,SEG-L,264.602,264.732,32.711,31.633,33.0856
2026-01-19 14:00:00,18,1,SEG-M,264.7972,264.6602,31.295,30.277,33.0856
2026-01-19 14:00:00,18,1,SEG-N,264.6866,264.7756,29.899,28.969,33.0856
2026-01-19 14:00:00,18,1,SEG-O,264.7383,264.5756,28.361,27.472,33.0856
2026-01-19 14:00:00,18,1,SEG-P,264.7254,264.7672,26.99,26.349,33.0856
2026-01-19 14:00:00,18,1,SEG-Q,264.7503,264.7571,25.578,24.671,33.0856
2026-01-19 14:00:00,18,1,SEG-R,264.5744,264.7205,24.306,23.646,33.0856
2026-01-19 14:00:00,18,1,SEG-S,264.6417,264.6488,22.888,21.78,33.0856
2026-01-19 14:00:00,18,1,SEG-T,264.5737,264.6276,21.494,20.547,33.0856
2026-01-19 22:00:00,18,2,SEG-A,158.3944,158.379,47.976,47.169,19.7928
2026-01-19 22:00:00,18,2,SEG-B,158.2814,158.2896,46.583,45.837,19.7928
2026-01-19 22:00:00,18,2,SEG-C,158.3629,158.4161,45.314,44.14,19.7928
2026-01-19 22:00:00,18,2,SEG-D,158.2626,158.3624,43.743,42.803,19.7928
2026-01-19 22:00:00,18,2,SEG-E,158.3149,158.3771,42.492,41.246,19.7928
2026-01-19 22:00:00,18,2,SEG-F,158.2415,158.4418,41.137,39.948,19.7928
2026-01-19 22:00:00,18,2,SEG-G,158.2968,158.3446,39.574,38.881,19.7928
2026-01-19 22:00:00,18,2,SEG-H,158.4302,158.4668,38.181,37.457,19.7928
2026-01-19 22:00:00,18,2,SEG-I,158.3291,158.1533,36.85,35.819,19.7928
2026-01-19 22:00:00,18,2,SEG-J,158.3036,158.3748,35.444,34.663,19.7928
2026-01-19 22:00:00,18,2,SEG-K,158.2819,158.3911,34.072,33.232,19.7928
2026-01-19 22:00:00,18,2,SEG-L,158.5214,158.263,32.461,32.019,19.7928
2026-01-19 22:00:00,18,2,SEG-M,158.2605,158.3382,31.333,30.513,19.7928
2026-01-19 22:00:00,18,2,SEG-N,158.3848,158.379,29.791,29.016,19.7928
2026-01-19 22:00:00,18,2,SEG-O,158.3856,158.2837,28.326,27.463,19.7928
2026-01-19 22:00:00,18,2,SEG-P,158.2495,158.3226,27.137,26.224,19.7928
2026-01-19 22:00:00,18,2,SEG-Q,158.3516,158.3051,25.38,24.791,19.7928
2026-01-19 22:00:00,18,2,SEG-R,158.3393,158.3992,24.119,23.18,19.7928
2026-01-19 22:00:00,18,2,SEG-S,158.3448,158.3689,22.566,21.883,19.7928
2026-01-19 22:00:00,18,2,SEG-T,158.3488,158.3809,21.606,20.378,19.7928
2026-01-20 06:00:00,19,0,SEG-A,209.3534,209.4004,48.109,47.047,26.1797
2026-01-20 06:00:00,19,0,SEG-B,209.4746,209.3119,46.492,45.92,26.1797
2026-01-20 06:00:00,19,0,SEG-C,209.2492,209.5403,45.179,44.306,26.1797
2026-01-20 06:00:00,19,0,SEG-D,209.4739,209.3331,43.926,43.009,26.1797
2026-01-20 06:00:00,19,0,SEG-E,209.3366,209.3949,42.387,41.642,26.1797
2026-01-20 06:00:00,19,0,SEG-F,209.2934,209.339,40.846,40.082,26.1797
2026-01-20 06:00:00,19,0,SEG-G,209.2748,209.5356,39.744,38.576,26.1797
2026-01-20 06:00:00,19,0,SEG-H,209.4187,209.5085,38.256,37.311,26.1797
2026-01-20 06:00:00,19,0,SEG-I,209.468,209.527,36.974,36.24,26.1797
2026-01-20 06:00:00,19,0,SEG-J,209.5767,209.404,35.566,34.601,26.1797
2026-01-20 06:00:00,19,0,SEG-K,209.3508,209.4468,34.216,33.105,26.1797
2026-01-20 06:00:00,19,0,SEG-L,209.3915,209.5692,32.47,31.744,26.1797
2026-01-20 06:00:00,19,0,SEG-M,209.3861,209.3994,31.102,30.118,26.1797
2026-01-20 06:00:00,19,0,SEG-N,209.5829,209.5397,29.865,29.07,26.1797
2026-01-20 06:00:00,19,0,SEG-O,209.3777,209.4939,28.355,27.588,26.1797
2026-01-20 06:00:00,19,0,SEG-P,209.3262,209.561,27.106,26.297,26.1797
2026-01-20 06:00:00,19,0,SEG-Q,209.4556,209.4787,25.679,24.806,26.1797
2026-01-20 06:00:00,19,0,SEG-R,209.3976,209.4289,24.226,23.337,26.1797
2026-01-20 06:00:00,19,0,SEG-S,209.3567,209.6216,22.876,22.204,26.1797
2026-01-20 06:00:00,19,0,SEG-T,209.511,209.4636,21.525,20.713,26.1797
2026-01-20 14:00:00,19,1,SEG-A,236.3621,236.6334,47.962,47.1,29.5729
2026-01-20 14:00:00,19,1,SEG-B,236.6994,236.5985,46.697,45.69,29.5729
2026-01-20 14:00:00,19,1,SEG-C,236.5756,236.5883,45.186,44.379,29.5729
2026-01-20 14:00:00,19,1,SEG-D,236.5512,236.6196,43.816,43.048,29.5729
2026-01-20 14:00:00,19,1,SEG-E,236.7365,236.7524,42.188,41.431,29.5729
2026-01-20 14:00:00,19,1,SEG-F,236.348,236.6957,41.027,40.241,29.5729
2026-01-20 14:00:00,19,1,SEG-G,236.4467,236.5712,39.472,38.658,29.5729
2026-01-20 14:00:00,19,1,SEG-H,236.6567,236.6464,38.161,37.629,29.5729
2026-01-20 14:00:00,19,1,SEG-I,236.7181,236.5637,36.594,35.962,29.5729
2026-01-20 14:00:00,19,1,SEG-J,236.521,236.5281,35.302,34.406,29.5729
2026-01-20 14:00:00,19,1,SEG-K,236.553,236.6056,34.039,32.975,29.5729
2026-01-20 14:00:00,19,1,SEG-L,236.5538,236.4599,32.556,31.788,29.5729
2026-01-20 14:00:00,19,1,SEG-M,236.5188,236.6957,31.28,30.531,29.5729
2026-01-20 14:00:00,19,1,SEG-N,236.4705,236.6284,29.624,28.983,29.5729
2026-01-20 14:00:00,19,1,SEG-O,236.6887,236.6674,28.507,27.682,29.5729
2026-01-20 14:00:00,19,1,SEG-P,236.4825,236.5785,26.785,25.932,29.5729
2026-01-20 14:00:00,19,1,SEG-Q,236.4824,236.8475,25.683,24.703,29.5729
2026-01-20 14:00:00,19,1,SEG-R,236.4878,236.6935,24.104,23.179,29.5729
2026-01-20 14:00:00,19,1,SEG-S,236.5535,236.7824,22.745,21.818,29.5729
2026-01-20 14:00:00,19,1,SEG-T,236.6664,236.5089,21.419,20.577,29.5729
2026-01-20 22:00:00,19,2,SEG-A,177.5375,177.6464,47.897,47.332,22.1931
2026-01-20 22:00:00,19,2,SEG-B,177.5623,177.5191,46.474,45.734,22.1931
2026-01-20 22:00:00,19,2,SEG-C,177.5364,177.5636,45.094,44.223,22.1931
2026-01-20 22:00:00,19,2,SEG-D,177.4975,177.7622,43.781,42.892,22.1931
2026-01-20 22:00:00,19,2,SEG-E,177.5848,177.572,42.283,41.504,22.1931
2026-01-20 22:00:00,19,2,SEG-F,177.6709,177.5191,40.962,40.357,22.1931
2026-01-20 22:00:00,19,2,SEG-G,177.4599,177.5354,39.721,38.733,22.1931
2026-01-20 22:00:00,19,2,SEG-H,177.598,177.5769,38.131,37.375,22.1931
2026-01-20 22:00:00,19,2,SEG-I,177.5331,177.5591,36.544,35.945,22.1931
2026-01-20 22:00:00,19,2,SEG-J,177.5037,177.6638,35.332,34.392,22.1931
2026-01-20 22:00:00,19,2,SEG-K,177.5459,177.4869,33.968,33.092,22.1931
2026-01-20 22:00:00,19,2,SEG-L,177.5214,177.5802,32.545,31.94,22.1931
2026-01-20 22:00:00,19,2,SEG-M,177.4846,177.4752,31.147,30.603,22.1931
2026-01-20 22:00:00,19,2,SEG-N,177.435,177.589,29.875,28.87,22.1931
2026-01-20 22:00:00,19,2,SEG-O,177.6867,177.4651,28.584,27.548,22.1931
2026-01-20 22:00:00,19,2,SEG-P,177.5062,177.5812,27.089,26.11,22.1931
2026-01-20 22:00:00,19,2,SEG-Q,177.645,177.6203,25.639,24.972,22.1931
2026-01-20 22:00:00,19,2,SEG-R,177.5619,177.4342,24.101,23.612,22.1931
2026-01-20 22:00:00,19,2,SEG-S,177.5078,177.6513,22.901,21.863,22.1931
2026-01-20 22:00:00,19,2,SEG-T,177.5518,177.5907,21.455,20.531,22.1931
2026-01-21 06:00:00,20,0,SEG-A,231.5694,231.6498,47.854,47.112,28.9305
2026-01-21 06:00:00,20,0,SEG-B,231.2631,231.4657,46.622,45.781,28.9305
2026-01-21 06:00:00,20,0,SEG-C,231.2944,231.5502,45.129,44.401,28.9305
2026-01-21 06:00:00,20,0,SEG-D,231.6713,231.3796,43.914,43.074,28.9305
2026-01-21 06:00:00,20,0,SEG-E,231.6522,231.367,42.292,41.699,28.9305
2026-01-21 06:00:00,20,0,SEG-F,231.4829,231.3811,40.994,40.242,28.9305
2026-01-21 06:00:00,20,0,SEG-G,231.318,231.4551,39.666,38.677,28.9305
2026-01-21 06:00:00,20,0,SEG-H,231.371,231.5112,38.256,37.433,28.9305
2026-01-21 06:00:00,20,0,SEG-I,231.404,231.4253,36.857,35.949,28.9305
2026-01-21 06:00:00,20,0,SEG-J,231.5586,231.5363,35.456,34.699,28.9305
2026-01-21 06:00:00,20,0,SEG-K,231.4723,231.3607,34.233,33.081,28.9305
2026-01-21 06:00:00,20,0,SEG-L,231.4851,231.4351,32.465,31.573,28.9305
2026-01-21 06:00:00,20,0,SEG-M,231.3635,231.7026,31.298,30.115,28.9305
2026-01-21 06:00:00,20,0,SEG-N,231.3515,231.3246,29.825,28.811,28.9305
2026-01-21 06:00:00,20,0,SEG-O,231.5343,231.6244,28.29,27.652,28.9305
2026-01-21 06:00:00,20,0,SEG-P,231.4423,231.5652,27.056,26.178,28.9305
2026-01-21 06:00:00,20,0,SEG-Q,231.5505,231.2352,25.65,24.622,28.9305
2026-01-21 06:00:00,20,0,SEG-R,231.3265,231.4822,24.196,23.338,28.9305
2026-01-21 06:00:00,20,0,SEG-S,231.513,231.4697,22.759,22.184,28.9305
2026-01-21 06:00:00,20,0,SEG-T,231.2279,231.5383,21.411,20.741,28.9305
2026-01-21 14:00:00,20,1,SEG-A,364.6146,364.8768,47.999,47.155,45.5857
2026-01-21 14:00:00,20,1,SEG-B,364.6096,364.9869,46.562,45.744,45.5857
2026-01-21 14:00:00,20,1,SEG-C,364.5447,365.103,45.287,44.292,45.5857
2026-01-21 14:00:00,20,1,SEG-D,364.6904,364.7684,43.642,43.021,45.5857
2026-01-21 14:00:00,20,1,SEG-E,364.7899,364.7497,42.411,41.498,45.5857
2026-01-21 14:00:00,20,1,SEG-F,364.8706,364.908,41.226,40.08,45.5857
2026-01-21 14:00:00,20,1,SEG-G,364.5685,364.9351,39.663,38.714,45.5857
2026-01-21 14:00:00,20,1,SEG-H,364.5001,364.9017,38.179,37.101,45.5857
2026-01-21 14:00:00,20,1,SEG-I,364.9102,364.6329,36.931,36.082,45.5857
2026-01-21 14:00:00,20,1,SEG-J,364.746,364.7814,35.353,34.624,45.5857
2026-01-21 14:00:00,20,1,SEG-K,364.6018,364.5085,33.716,33.034,45.5857
2026-01-21 14:00:00,20,1,SEG-L,364.513,364.8159,32.514,31.579,45.5857
2026-01-21 14:00:00,20,1,SEG-M,364.6789,364.7692,31.286,30.391,45.5857
2026-01-21 14:00:00,20,1,SEG-N,364.6485,364.6753,30.03,28.806,45.5857
2026-01-21 14:00:00,20,1,SEG-O,364.5529,364.8286,28.186,27.476,45.5857
2026-01-21 14:00:00,20,1,SEG-P,364.8814,364.8168,26.767,25.978,45.5857
2026-01-21 14:00:00,20,1,SEG-Q,364.8921,364.6464,25.605,24.719,45.5857
2026-01-21 14:00:00,20,1,SEG-R,364.7489,364.7431,24.116,23.557,45.5857
2026-01-21 14:00:00,20,1,SEG-S,364.6301,364.6784,22.951,21.958,45.5857
2026-01-21 14:00:00,20,1,SEG-T,364.4877,364.663,21.313,20.645,45.5857
2026-01-21 22:00:00,20,2,SEG-A,175.697,175.6824,47.922,47.046,21.9714
2026-01-21 22:00:00,20,2,SEG-B,175.7226,175.7133,46.554,45.684,21.9714
2026-01-21 22:00:00,20,2,SEG-C,175.6946,175.7806,45.202,44.337,21.9714
2026-01-21 22:00:00,20,2,SEG-D,175.7935,175.9189,43.966,42.812,21.9714
2026-01-21 22:00:00,20,2,SEG-E,175.6469,175.7417,42.454,41.329,21.9714
2026-01-21 22:00:00,20,2,SEG-F,175.7934,175.7094,41.037,40.211,21.9714
2026-01-21 22:00:00,20,2,SEG-G,175.8514,175.9025,39.798,38.821,21.9714
2026-01-21 22:00:00,20,2,SEG-H,175.7589,175.7075,38.036,37.481,21.9714
2026-01-21 22:00:00,20,2,SEG-I,175.8981,175.8065,36.864,36.012,21.9714
2026-01-21 22:00:00,20,2,SEG-J,175.8155,175.7044,35.254,34.524,21.9714
2026-01-21 22:00:00,20,2,SEG-K,175.8062,175.7148,33.84,33.061,21.9714
2026-01-21 22:00:00,20,2,SEG-L,175.7764,175.7292,32.621,31.604,21.9714
2026-01-21 22:00:00,20,2,SEG-M,175.8098,175.8471,31.189,30.192,21.9714
2026-01-21 22:00:00,20,2,SEG-N,175.8095,175.6434,29.916,29.028,21.9714
2026-01-21 22:00:00,20,2,SEG-O,175.6831,175.6939,28.291,27.353,21.9714
2026-01-21 22:00:00,20,2,SEG-P,175.8938,175.8511,27.155,26.187,21.9714
2026-01-21 22:00:00,20,2,SEG-Q,175.8545,175.7176,25.64,24.894,21.9714
2026-01-21 22:00:00,20,2,SEG-R,175.8057,175.6885,23.988,23.389,21.9714
2026-01-21 22:00:00,20,2,SEG-S,175.7262,175.6604,22.837,22.094,21.9714
2026-01-21 22:00:00,20,2,SEG-T,175.6986,175.6658,21.22,20.669,21.9714
2026-01-22 06:00:00,21,0,SEG-A,194.2907,194.2781,48.15,47.198,24.2922
2026-01-22 06:00:00,21,0,SEG-B,194.2256,194.3471,46.678,45.951,24.2922
2026-01-22 06:00:00,21,0,SEG-C,194.377,194.3625,45.283,44.5,24.2922
2026-01-22 06:00:00,21,0,SEG-D,194.3322,194.4556,43.828,42.993,24.2922
2026-01-22 06:00:00,21,0,SEG-E,194.2936,194.3175,42.41,41.489,24.2922
2026-01-22 06:00:00,21,0,SEG-F,194.3313,194.329,41.165,39.945,24.2922
2026-01-22 06:00:00,21,0,SEG-G,194.2871,194.5111,39.659,38.806,24.2922
2026-01-22 06:00:00,21,0,SEG-H,194.2706,194.1954,38.222,37.362,24.2922
2026-01-22 06:00:00,21,0,SEG-I,194.32,194.3729,36.833,35.918,24.2922
2026-01-22 06:00:00,21,0,SEG-J,194.262,194.2941,35.316,34.675,24.2922
2026-01-22 06:00:00,21,0,SEG-K,194.4061,194.3025,33.953,33.197,24.2922
2026-01-22 06:00:00,21,0,SEG-L,194.4408,194.362,32.544,31.832,24.2922
2026-01-22 06:00:00,21,0,SEG-M,194.3796,194.4371,31.091,30.387,24.2922
2026-01-22 06:00:00,21,0,SEG-N,194.2094,194.2981,29.608,29.126,24.2922
2026-01-22 06:00:00,21,0,SEG-O,194.3431,194.2182,28.418,27.441,24.2922
2026-01-22 06:00:00,21,0,SEG-P,194.2911,194.3142,26.895,26.16,24.2922
2026-01-22 06:00:00,21,0,SEG-Q,194.2487,194.2149,25.626,24.885,24.2922
2026-01-22 06:00:00,21,0,SEG-R,194.2812,194.3921,24.205,23.155,24.2922
2026-01-22 06:00:00,21,0,SEG-S,194.3599,194.2539,22.764,21.874,24.2922
2026-01-22 06:00:00,21,0,SEG-T,194.3315,194.344,21.273,20.436,24.2922
2026-01-22 14:00:00,21,1,SEG-A,290.3298,290.4242,47.925,47.077,36.2971
2026-01-22 14:00:00,21,1,SEG-B,290.433,290.2918,46.822,45.672,36.2971
2026-01-22 14:00:00,21,1,SEG-C,290.2972,290.3397,45.25,44.331,36.2971
2026-01-22 14:00:00,21,1,SEG-D,290.3223,290.2715,43.909,42.905,36.2971
2026-01-22 14:00:00,21,1,SEG-E,290.3544,290.5753,42.406,41.504,36.2971
2026-01-22 14:00:00,21,1,SEG-F,290.4055,290.1853,40.874,40.098,36.2971
2026-01-22 14:00:00,21,1,SEG-G,290.3346,290.3637,39.561,38.889,36.2971
2026-01-22 14:00:00,21,1,SEG-H,290.2646,290.6862,38.304,37.504,36.2971
2026-01-22 14:00:00,21,1,SEG-I,290.2033,290.0628,36.756,35.77,36.2971
2026-01-22 14:00:00,21,1,SEG-J,290.4703,290.4047,35.266,34.466,36.2971
2026-01-22 14:00:00,21,1,SEG-K,290.2504,290.4774,33.916,33.32,36.2971
2026-01-22 14:00:00,21,1,SEG-L,290.2632,290.4328,32.678,31.613,36.2971
2026-01-22 14:00:00,21,1,SEG-M,290.2722,290.403,31.284,30.413,36.2971
2026-01-22 14:00:00,21,1,SEG-N,290.2107,290.3426,29.795,28.917,36.2971
2026-01-22 14:00:00,21,1,SEG-O,290.2406,290.5668,28.209,27.496,36.2971
2026-01-22 14:00:00,21,1,SEG-P,290.5141,290.6243,26.994,26.227,36.2971
2026-01-22 14:00:00,21,1,SEG-Q,290.4778,290.1786,25.622,24.728,36.2971
2026-01-22 14:00:00,21,1,SEG-R,290.3418,290.2853,24.13,23.163,36.2971
2026-01-22 14:00:00,21,1,SEG-S,290.3563,290.5539,22.832,21.926,36.2971
2026-01-22 14:00:00,21,1,SEG-T,290.4586,290.4354,21.429,20.444,36.2971
2026-01-22 22:00:00,21,2,SEG-A,213.4026,213.2472,47.955,47.237,26.672
2026-01-22 22:00:00,21,2,SEG-B,213.4125,213.5047,46.555,45.79,26.672
2026-01-22 22:00:00,21,2,SEG-C,213.3382,213.4598,45.189,44.35,26.672
2026-01-22 22:00:00,21,2,SEG-D,213.2814,213.5267,43.86,43.143,26.672
2026-01-22 22:00:00,21,2,SEG-E,213.2107,213.3572,42.13,41.46,26.672
2026-01-22 22:00:00,21,2,SEG-F,213.3448,213.1884,41.094,40.05,26.672
2026-01-22 22:00:00,21,2,SEG-G,213.4697,213.522,39.576,38.79,26.672
2026-01-22 22:00:00,21,2,SEG-H,213.3448,213.242,38.167,37.201,26.672
2026-01-22 22:00:00,21,2,SEG-I,213.3413,213.2997,36.898,35.8,26.672
2026-01-22 22:00:00,21,2,SEG-J,213.3415,213.2738,35.383,34.451,26.672
2026-01-22 22:00:00,21,2,SEG-K,213.4052,213.457,34.027,32.976,26.672
2026-01-22 22:00:00,21,2,SEG-L,213.2794,213.4648,32.654,31.885,26.672
2026-01-22 22:00:00,21,2,SEG-M,213.4298,213.3291,31.263,30.378,26.672
2026-01-22 22:00:00,21,2,SEG-N,213.3796,213.3764,29.655,28.985,26.672
2026-01-22 22:00:00,21,2,SEG-O,213.1757,213.3752,28.635,27.669,26.672
2026-01-22 22:00:00,21,2,SEG-P,213.4877,213.3577,27.002,26.068,26.672
2026-01-22 22:00:00,21,2,SEG-Q,213.3429,213.5326,25.444,24.903,26.672
2026-01-22 22:00:00,21,2,SEG-R,213.4584,213.4649,24.519,23.483,26.672
2026-01-22 22:00:00,21,2,SEG-S,213.5154,213.4512,22.72,21.96,26.672
2026-01-22 22:00:00,21,2,SEG-T,213.2574,213.5797,21.429,20.503,26.672
2026-01-23 06:00:00,22,0,SEG-A,191.1454,191.1852,48.012,47.048,23.8945
2026-01-23 06:00:00,22,0,SEG-B,191.1645,191.1731,46.576,45.729,23.8945
2026-01-23 06:00:00,22,0,SEG-C,191.2269,190.9297,45.265,44.312,23.8945
2026-01-23 06:00:00,22,0,SEG-D,191.0356,191.1416,43.708,43.087,23.8945
2026-01-23 06:00:00,22,0,SEG-E,191.2381,191.2036,42.381,41.548,23.8945
2026-01-23 06:00:00,22,0,SEG-F,191.1946,191.3336,41.022,40.014,23.8945
2026-01-23 06:00:00,22,0,SEG-G,191.0115,191.1396,39.623,38.903,23.8945
2026-01-23 06:00:00,22,0,SEG-H,191.1946,191.2439,38.226,37.416,23.8945
2026-01-23 06:00:00,22,0,SEG-I,191.0543,191.2654,36.835,35.758,23.8945
2026-01-23 06:00:00,22,0,SEG-J,191.3295,191.3045,35.274,34.461,23.8945
2026-01-23 06:00:00,22,0,SEG-K,191.2159,191.112,33.797,32.979,23.8945
2026-01-23 06:00:00,22,0,SEG-L,191.3187,191.1897,32.69,31.809,23.8945
2026-01-23 06:00:00,22,0,SEG-M,191.126,191.1613,31.207,30.297,23.8945
2026-01-23 06:00:00,22,0,SEG-N,191.0209,191.1874,29.57,29.134,23.8945
2026-01-23 06:00:00,22,0,SEG-O,191.1111,191.2098,28.513,27.423,23.8945
2026-01-23 06:00:00,22,0,SEG-P,191.2079,191.1517,26.946,26.135,23.8945
2026-01-23 06:00:00,22,0,SEG-Q,191.3082,191.1098,25.437,24.645,23.8945
2026-01-23 06:00:00,22,0,SEG-R,191.2557,191.0919,24.221,23.598,23.8945
2026-01-23 06:00:00,22,0,SEG-S,191.3267,191.1943,22.572,21.875,23.8945
2026-01-23 06:00:00,22,0,SEG-T,191.139,191.0958,21.199,20.406,23.8945
2026-01-23 14:00:00,22,1,SEG-A,297.1903,297.0247,48.05,47.128,37.1514
2026-01-23 14:00:00,22,1,SEG-B,297.3956,297.3129,46.472,45.839,37.1514
2026-01-23 14:00:00,22,1,SEG-C,297.2643,297.1499,45.226,44.273,37.1514
2026-01-23 14:00:00,22,1,SEG-D,297.2483,297.1708,43.968,42.707,37.1514
2026-01-23 14:00:00,22,1,SEG-E,297.3346,297.2963,42.368,41.582,37.1514
2026-01-23 14:00:00,22,1,SEG-F,297.3456,296.951,40.904,39.922,37.1514
2026-01-23 14:00:00,22,1,SEG-G,297.3653,297.1183,39.473,38.689,37.1514
2026-01-23 14:00:00,22,1,SEG-H,297.4435,297.2544,38.23,37.364,37.1514
2026-01-23 14:00:00,22,1,SEG-I,297.3043,297.3264,36.746,35.917,37.1514
2026-01-23 14:00:00,22,1,SEG-J,297.3335,297.1572,35.139,34.418,37.1514
2026-01-23 14:00:00,22,1,SEG-K,297.4005,297.0598,34.125,33.15,37.1514
2026-01-23 14:00:00,22,1,SEG-L,297.3039,297.2192,32.562,31.616,37.1514
2026-01-23 14:00:00,22,1,SEG-M,297.2662,297.3431,31.214,30.155,37.1514
2026-01-23 14:00:00,22,1,SEG-N,297.2448,297.1878,29.869,29.041,37.1514
2026-01-23 14:00:00,22,1,SEG-O,297.2014,297.1162,28.196,27.667,37.1514
2026-01-23 14:00:00,22,1,SEG-P,297.3327,297.1211,26.943,26.101,37.1514
2026-01-23 14:00:00,22,1,SEG-Q,297.0088,297.2455,25.452,24.782,37.1514
2026-01-23 14:00:00,22,1,SEG-R,297.3646,297.2852,24.335,23.473,37.1514
2026-01-23 14:00:00,22,1,SEG-S,297.083,297.1557,22.984,22.004,37.1514
2026-01-23 14:00:00,22,1,SEG-T,297.2237,297.3363,21.287,20.633,37.1514
2026-01-23 22:00:00,22,2,SEG-A,153.1343,153.1795,47.889,47.209,19.1422
2026-01-23 22:00:00,22,2,SEG-B,153.1686,153.0963,46.761,45.832,19.1422
2026-01-23 22:00:00,22,2,SEG-C,153.1989,153.1001,45.147,44.457,19.1422
2026-01-23 22:00:00,22,2,SEG-D,153.2084,153.24,43.69,42.99,19.1422
2026-01-23 22:00:00,22,2,SEG-E,153.1686,153.1347,42.495,41.385,19.1422
2026-01-23 22:00:00,22,2,SEG-F,153.1135,153.1389,41.12,39.947,19.1422
2026-01-23 22:00:00,22,2,SEG-G,153.1427,153.2503,39.627,38.747,19.1422
2026-01-23 22:00:00,22,2,SEG-H,153.1838,153.0761,38.146,37.296,19.1422
2026-01-23 22:00:00,22,2,SEG-I,153.1245,153.1821,36.732,35.94,19.1422
2026-01-23 22:00:00,22,2,SEG-J,153.0402,152.9945,35.38,34.542,19.1422
2026-01-23 22:00:00,22,2,SEG-K,153.1448,153.2004,34.031,33.178,19.1422
2026-01-23 22:00:00,22,2,SEG-L,153.143,153.2285,32.688,31.581,19.1422
2026-01-23 22:00:00,22,2,SEG-M,153.1712,153.1843,31.046,30.363,19.1422
2026-01-23 22:00:00,22,2,SEG-N,153.1872,153.0542,29.726,28.943,19.1422
2026-01-23 22:00:00,22,2,SEG-O,153.1702,153.0472,28.46,27.581,19.1422
2026-01-23 22:00:00,22,2,SEG-P,153.1538,153.0894,27.052,26.203,19.1422
2026-01-23 22:00:00,22,2,SEG-Q,153.0266,153.0389,25.566,24.485,19.1422
2026-01-23 22:00:00,22,2,SEG-R,153.194,153.2236,24.333,23.434,19.1422
2026-01-23 22:00:00,22,2,SEG-S,153.183,153.0558,22.926,21.973,19.1422
2026-01-23 22:00:00,22,2,SEG-T,153.0341,153.1731,21.366,20.534,19.1422
2026-01-24 06:00:00,23,0,SEG-A,232.9815,232.9272,47.914,47.108,29.1067
2026-01-24 06:00:00,23,0,SEG-B,232.7191,232.7632,46.488,45.936,29.1067
2026-01-24 06:00:00,23,0,SEG-C,232.8362,232.9203,45.03,44.688,29.1067
2026-01-24 06:00:00,23,0,SEG-D,232.8112,232.9656,43.933,43.094,29.1067
2026-01-24 06:00:00,23,0,SEG-E,232.8307,233.0139,42.354,41.727,29.1067
2026-01-24 06:00:00,23,0,SEG-F,232.7238,232.8994,41.117,40.179,29.1067
2026-01-24 06:00:00,23,0,SEG-G,232.7097,232.9033,39.8,38.768,29.1067
2026-01-24 06:00:00,23,0,SEG-H,232.8548,232.7164,38.136,37.327,29.1067
2026-01-24 06:00:00,23,0,SEG-I,232.8808,232.722,36.883,35.79,29.1067
2026-01-24 06:00:00,23,0,SEG-J,232.8696,232.7933,35.426,34.365,29.1067
2026-01-24 06:00:00,23,0,SEG-K,232.6683,232.8479,34.126,33.208,29.1067
2026-01-24 06:00:00,23,0,SEG-L,232.8012,232.8879,32.433,31.83,29.1067
2026-01-24 06:00:00,23,0,SEG-M,232.776,232.716,31.013,30.297,29.1067
2026-01-24 06:00:00,23,0,SEG-N,232.8313,232.9757,29.689,29.06,29.1067
2026-01-24 06:00:00,23,0,SEG-O,232.9344,233.0032,28.191,27.538,29.1067
2026-01-24 06:00:00,23,0,SEG-P,232.7333,232.9909,26.837,26.155,29.1067
2026-01-24 06:00:00,23,0,SEG-Q,232.836,232.8308,25.63,24.694,29.1067
2026-01-24 06:00:00,23,0,SEG-R,232.764,232.8019,24.365,23.531,29.1067
2026-01-24 06:00:00,23,0,SEG-S,232.8947,232.8729,22.981,21.901,29.1067
2026-01-24 06:00:00,23,0,SEG-T,232.9236,233.0717,21.257,20.371,29.1067
2026-01-24 14:00:00,23,1,SEG-A,270.3961,270.2543,48.052,47.123,33.7868
2026-01-24 14:00:00,23,1,SEG-B,270.2121,270.3364,46.545,45.788,33.7868
2026-01-24 14:00:00,23,1,SEG-C,270.351,270.4344,45.292,44.395,33.7868
2026-01-24 14:00:00,23,1,SEG-D,270.3515,270.2157,43.732,42.977,33.7868
2026-01-24 14:00:00,23,1,SEG-E,270.0546,270.2009,42.271,41.572,33.7868
2026-01-24 14:00:00,23,1,SEG-F,270.417,270.059,40.811,40.021,33.7868
2026-01-24 14:00:00,23,1,SEG-G,270.2502,270.2972,39.503,38.746,33.7868
2026-01-24 14:00:00,23,1,SEG-H,270.212,270.4962,38.165,37.297,33.7868
2026-01-24 14:00:00,23,1,SEG-I,270.4163,270.3627,36.706,35.924,33.7868
2026-01-24 14:00:00,23,1,SEG-J,270.1779,270.5631,35.516,34.532,33.7868
2026-01-24 14:00:00,23,1,SEG-K,270.2433,270.1881,33.923,33.258,33.7868
2026-01-24 14:00:00,23,1,SEG-L,270.1181,270.2622,32.649,31.84,33.7868
2026-01-24 14:00:00,23,1,SEG-M,270.2607,270.2672,31.388,30.409,33.7868
2026-01-24 14:00:00,23,1,SEG-N,270.5599,270.1555,29.623,28.96,33.7868
2026-01-24 14:00:00,23,1,SEG-O,270.2325,270.1305,28.385,27.523,33.7868
2026-01-24 14:00:00,23,1,SEG-P,270.1618,270.4349,27.045,26.156,33.7868
2026-01-24 14:00:00,23,1,SEG-Q,270.3734,270.2602,25.676,24.805,33.7868
2026-01-24 14:00:00,23,1,SEG-R,270.2748,270.4126,24.305,23.416,33.7868
2026-01-24 14:00:00,23,1,SEG-S,270.3911,270.301,23.034,21.832,33.7868
2026-01-24 14:00:00,23,1,SEG-T,270.3332,270.278,21.412,20.401,33.7868
2026-01-24 22:00:00,23,2,SEG-A,155.9934,155.9895,47.924,47.207,19.4964
2026-01-24 22:00:00,23,2,SEG-B,155.8983,155.9659,46.445,45.715,19.4964
2026-01-24 22:00:00,23,2,SEG-C,155.9277,155.904,45.533,44.46,19.4964
2026-01-24 22:00:00,23,2,SEG-D,155.917,156.0125,43.702,42.957,19.4964
2026-01-24 22:00:00,23,2,SEG-E,155.9924,155.9669,42.432,41.686,19.4964
2026-01-24 22:00:00,23,2,SEG-F,156.0231,155.8828,41.065,40.238,19.4964
2026-01-24 22:00:00,23,2,SEG-G,156.0834,155.8533,39.706,38.57,19.4964
2026-01-24 22:00:00,23,2,SEG-H,155.8711,156.0708,38.429,37.317,19.4964
2026-01-24 22:00:00,23,2,SEG-I,155.8997,155.9181,36.841,35.832,19.4964
2026-01-24 22:00:00,23,2,SEG-J,156.1852,156.0432,35.484,34.334,19.4964
2026-01-24 22:00:00,23,2,SEG-K,156.0472,155.9682,34.051,32.954,19.4964
2026-01-24 22:00:00,23,2,SEG-L,155.9595,155.9164,32.474,31.705,19.4964
2026-01-24 22:00:00,23,2,SEG-M,156.021,155.9391,31.114,30.285,19.4964
2026-01-24 22:00:00,23,2,SEG-N,155.9886,155.9784,29.633,29.009,19.4964
2026-01-24 22:00:00,23,2,SEG-O,155.9374,155.9996,28.552,27.543,19.4964
2026-01-24 22:00:00,23,2,SEG-P,155.9691,156.0558,26.933,26.328,19.4964
2026-01-24 22:00:00,23,2,SEG-Q,156.0651,156.002,25.34,24.807,19.4964
2026-01-24 22:00:00,23,2,SEG-R,155.8878,155.9819,24.196,23.39,19.4964
2026-01-24 22:00:00,23,2,SEG-S,155.9206,155.9726,22.875,21.899,19.4964
2026-01-24 22:00:00,23,2,SEG-T,155.8817,155.9824,21.313,20.492,19.4964
2026-01-25 06:00:00,24,0,SEG-A,228.1993,228.3406,47.83,47.049,28.5418
2026-01-25 06:00:00,24,0,SEG-B,228.4839,228.2645,46.64,45.833,28.5418
2026-01-25 06:00:00,24,0,SEG-C,228.2826,228.391,45.447,44.248,28.5418
2026-01-25 06:00:00,24,0,SEG-D,228.2828,228.2181,43.922,43.05,28.5418
2026-01-25 06:00:00,24,0,SEG-E,228.2149,228.3822,42.572,41.665,28.5418
2026-01-25 06:00:00,24,0,SEG-F,228.0669,228.2554,41.239,40.112,28.5418
2026-01-25 06:00:00,24,0,SEG-G,228.3195,228.5089,39.682,38.907,28.5418
2026-01-25 06:00:00,24,0,SEG-H,228.1904,228.2252,38.222,37.327,28.5418
2026-01-25 06:00:00,24,0,SEG-I,228.3678,228.1822,36.677,35.858,28.5418
2026-01-25 06:00:00,24,0,SEG-J,228.2785,228.2687,35.492,34.448,28.5418
2026-01-25 06:00:00,24,0,SEG-K,228.5915,228.3722,33.901,33.043,28.5418
2026-01-25 06:00:00,24,0,SEG-L,228.3761,228.3063,32.754,31.815,28.5418
2026-01-25 06:00:00,24,0,SEG-M,228.4165,228.5449,31.268,30.418,28.5418
2026-01-25 06:00:00,24,0,SEG-N,228.2085,228.1178,29.783,28.906,28.5418
2026-01-25 06:00:00,24,0,SEG-O,228.3683,228.4252,28.456,27.366,28.5418
2026-01-25 06:00:00,24,0,SEG-P,228.3664,228.3069,27.128,26.296,28.5418
2026-01-25 06:00:00,24,0,SEG-Q,228.3923,228.3888,25.488,24.755,28.5418
2026-01-25 06:00:00,24,0,SEG-R,228.4325,228.1602,24.09,23.213,28.5418
2026-01-25 06:00:00,24,0,SEG-S,228.2362,228.2903,22.792,22.154,28.5418
2026-01-25 06:00:00,24,0,SEG-T,228.3152,228.291,21.418,20.413,28.5418
2026-01-25 14:00:00,24,1,SEG-A,274.2546,274.4285,47.992,47.374,34.2997
2026-01-25 14:00:00,24,1,SEG-B,274.3012,274.0432,46.583,45.652,34.2997
2026-01-25 14:00:00,24,1,SEG-C,274.3498,274.4167,45.464,44.421,34.2997
2026-01-25 14:00:00,24,1,SEG-D,274.4938,274.3699,43.718,42.974,34.2997
2026-01-25 14:00:00,24,1,SEG-E,274.3068,274.4973,42.4,41.605,34.2997
2026-01-25 14:00:00,24,1,SEG-F,274.3335,274.269,41.092,40.031,34.2997
2026-01-25 14:00:00,24,1,SEG-G,274.3502,274.5071,39.502,38.881,34.2997
2026-01-25 14:00:00,24,1,SEG-H,274.38,274.4691,38.157,37.34,34.2997
2026-01-25 14:00:00,24,1,SEG-I,274.2314,274.3524,36.802,35.669,34.2997
2026-01-25 14:00:00,24,1,SEG-J,274.3394,274.3557,35.389,34.462,34.2997
2026-01-25 14:00:00,24,1,SEG-K,274.3552,274.3669,33.866,33.044,34.2997
2026-01-25 14:00:00,24,1,SEG-L,274.6626,274.4516,32.592,31.75,34.2997
2026-01-25 14:00:00,24,1,SEG-M,274.497,274.3172,31.102,30.094,34.2997
2026-01-25 14:00:00,24,1,SEG-N,274.333,274.411,29.929,28.908,34.2997
2026-01-25 14:00:00,24,1,SEG-O,274.4509,274.4086,28.54,27.424,34.2997
2026-01-25 14:00:00,24,1,SEG-P,274.106,274.4518,27.025,26.225,34.2997
2026-01-25 14:00:00,24,1,SEG-Q,274.2355,274.3114,25.63,24.848,34.2997
2026-01-25 14:00:00,24,1,SEG-R,274.3876,274.5118,24.233,23.623,34.2997
2026-01-25 14:00:00,24,1,SEG-S,274.1861,274.3786,22.701,22.232,34.2997
2026-01-25 14:00:00,24,1,SEG-T,274.3697,274.5922,21.426,20.647,34.2997
2026-01-25 22:00:00,24,2,SEG-A,183.4848,183.215,47.954,47.258,22.9276
2026-01-25 22:00:00,24,2,SEG-B,183.413,183.4316,46.722,45.648,22.9276
2026-01-25 22:00:00,24,2,SEG-C,183.4358,183.5928,45.128,44.165,22.9276
2026-01-25 22:00:00,24,2,SEG-D,183.3143,183.3418,44.042,42.938,22.9276
2026-01-25 22:00:00,24,2,SEG-E,183.4619,183.3082,42.391,41.71,22.9276
2026-01-25 22:00:00,24,2,SEG-F,183.4472,183.4078,41.053,40.33,22.9276
2026-01-25 22:00:00,24,2,SEG-G,183.3362,183.296,39.495,38.776,22.9276
2026-01-25 22:00:00,24,2,SEG-H,183.4866,183.3998,38.133,37.497,22.9276
2026-01-25 22:00:00,24,2,SEG-I,183.4191,183.5631,36.806,36.047,22.9276
2026-01-25 22:00:00,24,2,SEG-J,183.2806,183.4138,35.559,34.555,22.9276
2026-01-25 22:00:00,24,2,SEG-K,183.4006,183.3948,34.004,32.969,22.9276
2026-01-25 22:00:00,24,2,SEG-L,183.5349,183.4491,32.613,31.606,22.9276
2026-01-25 22:00:00,24,2,SEG-M,183.4215,183.3783,31.351,30.369,22.9276
2026-01-25 22:00:00,24,2,SEG-N,183.5033,183.4432,29.776,29.052,22.9276
2026-01-25 22:00:00,24,2,SEG-O,183.3908,183.3704,28.404,27.361,22.9276
2026-01-25 22:00:00,24,2,SEG-P,183.3388,183.2064,27.041,26.114,22.9276
2026-01-25 22:00:00,24,2,SEG-Q,183.3729,183.4283,25.777,24.814,22.9276
2026-01-25 22:00:00,24,2,SEG-R,183.3776,183.3966,24.288,23.391,22.9276
2026-01-25 22:00:00,24,2,SEG-S,183.3306,183.3509,22.968,21.922,22.9276
2026-01-25 22:00:00,24,2,SEG-T,183.4488,183.3111,21.572,20.612,22.9276
2026-01-26 06:00:00,25,0,SEG-A,251.1154,250.9724,48.045,46.941,31.3816
2026-01-26 06:00:00,25,0,SEG-B,251.1672,250.8933,46.78,45.623,31.3816
2026-01-26 06:00:00,25,0,SEG-C,251.0928,251.0711,44.916,44.262,31.3816
2026-01-26 06:00:00,25,0,SEG-D,251.3039,250.9999,43.959,42.894,31.3816
2026-01-26 06:00:00,25,0,SEG-E,251.071,251.1656,42.246,41.514,31.3816
2026-01-26 06:00:00,25,0,SEG-F,251.0036,251.0489,40.925,39.95,31.3816
2026-01-26 06:00:00,25,0,SEG-G,251.1563,251.1426,39.796,38.717,31.3816
2026-01-26 06:00:00,25,0,SEG-H,251.09,251.3185,38.223,37.219,31.3816
2026-01-26 06:00:00,25,0,SEG-I,250.9695,251.1155,36.928,36.119,31.3816
2026-01-26 06:00:00,25,0,SEG-J,250.9019,251.0006,35.348,34.556,31.3816
2026-01-26 06:00:00,25,0,SEG-K,250.9543,251.091,34.11,33.08,31.3816
2026-01-26 06:00:00,25,0,SEG-L,250.9857,251.1224,32.618,31.573,31.3816
2026-01-26 06:00:00,25,0,SEG-M,251.0946,251.0079,31.299,30.229,31.3816
2026-01-26 06:00:00,25,0,SEG-N,251.1493,250.9454,29.819,28.848,31.3816
2026-01-26 06:00:00,25,0,SEG-O,251.1222,251.1368,28.31,27.487,31.3816
2026-01-26 06:00:00,25,0,SEG-P,251.1674,251.04,27.026,26.052,31.3816
2026-01-26 06:00:00,25,0,SEG-Q,251.1511,251.053,25.784,24.861,31.3816
2026-01-26 06:00:00,25,0,SEG-R,250.914,251.0248,24.24,23.29,31.3816
2026-01-26 06:00:00,25,0,SEG-S,250.953,250.9909,22.981,22.226,31.3816
2026-01-26 06:00:00,25,0,SEG-T,251.2958,251.2101,21.527,20.302,31.3816
2026-01-26 14:00:00,25,1,SEG-A,258.7539,258.8843,48.008,47.054,32.3636
2026-01-26 14:00:00,25,1,SEG-B,259.029,259.0512,46.613,45.964,32.3636
2026-01-26 14:00:00,25,1,SEG-C,258.9149,258.9572,45.398,44.495,32.3636
2026-01-26 14:00:00,25,1,SEG-D,258.9664,258.9568,43.559,43.045,32.3636
2026-01-26 14:00:00,25,1,SEG-E,259.0371,258.9203,42.55,41.38,32.3636
2026-01-26 14:00:00,25,1,SEG-F,258.8823,258.9973,40.822,40.073,32.3636
2026-01-26 14:00:00,25,1,SEG-G,259.0671,258.8898,39.382,38.478,32.3636
2026-01-26 14:00:00,25,1,SEG-H,259.1336,258.9753,38.307,37.374,32.3636
2026-01-26 14:00:00,25,1,SEG-I,259.072,258.956,36.799,36.217,32.3636
2026-01-26 14:00:00,25,1,SEG-J,258.9283,258.9891,35.517,34.434,32.3636
2026-01-26 14:00:00,25,1,SEG-K,259.0071,258.9892,33.992,33.13,32.3636
2026-01-26 14:00:00,25,1,SEG-L,259.0522,258.8951,32.68,31.901,32.3636
2026-01-26 14:00:00,25,1,SEG-M,258.8648,258.8268,31.219,30.452,32.3636
2026-01-26 14:00:00,25,1,SEG-N,258.7863,259.0637,29.795,28.955,32.3636
2026-01-26 14:00:00,25,1,SEG-O,258.8941,258.8519,28.361,27.444,32.3636
2026-01-26 14:00:00,25,1,SEG-P,259.0092,258.8562,26.913,26.125,32.3636
2026-01-26 14:00:00,25,1,SEG-Q,259.0173,258.8117,25.586,24.846,32.3636
2026-01-26 14:00:00,25,1,SEG-R,258.9186,258.9209,24.429,23.452,32.3636
2026-01-26 14:00:00,25,1,SEG-S,258.9627,258.8989,22.68,21.814,32.3636
2026-01-26 14:00:00,25,1,SEG-T,258.642,258.7229,21.353,20.363,32.3636
2026-01-26 22:00:00,25,2,SEG-A,192.4783,192.3676,48.109,47.103,24.0641
2026-01-26 22:00:00,25,2,SEG-B,192.4341,192.5807,46.528,45.766,24.0641
2026-01-26 22:00:00,25,2,SEG-C,192.4925,192.5682,45.338,44.198,24.0641
2026-01-26 22:00:00,25,2,SEG-D,192.6043,192.3227,43.754,43.077,24.0641
2026-01-26 22:00:00,25,2,SEG-E,192.4107,192.611,42.533,41.439,24.0641
2026-01-26 22:00:00,25,2,SEG-F,192.6013,192.5635,41.007,39.995,24.0641
2026-01-26 22:00:00,25,2,SEG-G,192.5833,192.4467,39.657,38.519,24.0641
2026-01-26 22:00:00,25,2,SEG-H,192.3939,192.4166,38.165,37.365,24.0641
2026-01-26 22:00:00,25,2,SEG-I,192.5788,192.3447,36.762,35.852,24.0641
2026-01-26 22:00:00,25,2,SEG-J,192.5436,192.4723,35.372,34.339,24.0641
2026-01-26 22:00:00,25,2,SEG-K,192.6451,192.542,33.913,33.049,24.0641
2026-01-26 22:00:00,25,2,SEG-L,192.5216,192.6669,32.696,31.671,24.0641
2026-01-26 22:00:00,25,2,SEG-M,192.5629,192.5256,31.279,30.323,24.0641
2026-01-26 22:00:00,25,2,SEG-N,192.5155,192.5202,29.623,28.952,24.0641
2026-01-26 22:00:00,25,2,SEG-O,192.4653,192.4243,28.302,27.389,24.0641
2026-01-26 22:00:00,25,2,SEG-P,192.4533,192.5612,27.102,26.341,24.0641
2026-01-26 22:00:00,25,2,SEG-Q,192.4851,192.5458,25.752,24.911,24.0641
2026-01-26 22:00:00,25,2,SEG-R,192.5714,192.6722,24.252,23.367,24.0641
2026-01-26 22:00:00,25,2,SEG-S,192.4697,192.6781,22.826,22.013,24.0641
2026-01-26 22:00:00,25,2,SEG-T,192.59,192.5183,21.411,20.93,24.0641
2026-01-27 06:00:00,26,0,SEG-A,217.559,217.6628,47.973,47.114,27.1998
2026-01-27 06:00:00,26,0,SEG-B,217.4763,217.5977,46.653,45.771,27.1998
2026-01-27 06:00:00,26,0,SEG-C,217.7035,217.7201,45.079,44.346,27.1998
2026-01-27 06:00:00,26,0,SEG-D,217.6236,217.5243,43.986,42.94,27.1998
2026-01-27 06:00:00,26,0,SEG-E,217.3797,217.5365,42.275,41.575,27.1998
2026-01-27 06:00:00,26,0,SEG-F,217.5218,217.5962,41.164,40.03,27.1998
2026-01-27 06:00:00,26,0,SEG-G,217.5751,217.4779,39.741,38.897,27.1998
2026-01-27 06:00:00,26,0,SEG-H,217.5898,217.5624,38.429,37.338,27.1998
2026-01-27 06:00:00,26,0,SEG-I,217.6726,217.5019,36.781,35.889,27.1998
2026-01-27 06:00:00,26,0,SEG-J,217.5845,217.6375,35.404,34.532,27.1998
2026-01-27 06:00:00,26,0,SEG-K,217.4753,217.6825,33.705,33.102,27.1998
2026-01-27 06:00:00,26,0,SEG-L,217.6414,217.5643,32.708,31.527,27.1998
2026-01-27 06:00:00,26,0,SEG-M,217.6328,217.7414,31.259,30.362,27.1998
2026-01-27 06:00:00,26,0,SEG-N,217.6358,217.468,29.817,28.926,27.1998
2026-01-27 06:00:00,26,0,SEG-O,217.7171,217.6152,28.518,27.646,27.1998
2026-01-27 06:00:00,26,0,SEG-P,217.4999,217.6621,27.062,26.182,27.1998
2026-01-27 06:00:00,26,0,SEG-Q,217.5205,217.5578,25.661,24.597,27.1998
2026-01-27 06:00:00,26,0,SEG-R,217.6564,217.4548,24.013,23.458,27.1998
2026-01-27 06:00:00,26,0,SEG-S,217.5466,217.6321,22.942,21.864,27.1998
2026-01-27 06:00:00,26,0,SEG-T,217.9214,217.7225,21.358,20.53,27.1998
2026-01-27 14:00:00,26,1,SEG-A,269.1085,268.9991,47.955,47.169,33.6539
2026-01-27 14:00:00,26,1,SEG-B,269.2425,269.2754,46.487,45.742,33.6539
2026-01-27 14:00:00,26,1,SEG-C,269.2351,269.1242,45.306,44.445,33.6539
2026-01-27 14:00:00,26,1,SEG-D,269.0694,269.2907,43.924,42.719,33.6539
2026-01-27 14:00:00,26,1,SEG-E,269.1336,269.2722,42.218,41.543,33.6539
2026-01-27 14:00:00,26,1,SEG-F,269.5442,269.2648,41.022,40.066,33.6539
2026-01-27 14:00:00,26,1,SEG-G,269.089,269.142,39.573,38.794,33.6539
2026-01-27 14:00:00,26,1,SEG-H,269.2709,269.2051,38.328,37.316,33.6539
2026-01-27 14:00:00,26,1,SEG-I,269.2888,269.2388,36.906,35.961,33.6539
2026-01-27 14:00:00,26,1,SEG-J,269.0413,269.3663,35.34,34.431,33.6539
2026-01-27 14:00:00,26,1,SEG-K,269.4351,269.473,34.052,33.086,33.6539
2026-01-27 14:00:00,26,1,SEG-L,269.3039,269.0423,32.641,31.643,33.6539
2026-01-27 14:00:00,26,1,SEG-M,269.4095,269.2538,31.217,30.382,33.6539
2026-01-27 14:00:00,26,1,SEG-N,269.096,269.2771,29.927,29.104,33.6539
2026-01-27 14:00:00,26,1,SEG-O,269.1797,269.0592,28.333,27.347,33.6539
2026-01-27 14:00:00,26,1,SEG-P,268.9851,269.2078,27.029,26.178,33.6539
2026-01-27 14:00:00,26,1,SEG-Q,269.1346,269.3007,25.447,24.599,33.6539
2026-01-27 14:00:00,26,1,SEG-R,269.1262,269.2989,24.045,23.257,33.6539
2026-01-27 14:00:00,26,1,SEG-S,268.9998,269.2265,23.034,21.88,33.6539
2026-01-27 14:00:00,26,1,SEG-T,269.0613,269.2388,21.354,20.658,33.6539
2026-01-27 22:00:00,26,2,SEG-A,198.7477,198.7168,48.077,47.064,24.8272
2026-01-27 22:00:00,26,2,SEG-B,198.7118,198.4496,46.655,45.796,24.8272
2026-01-27 22:00:00,26,2,SEG-C,198.6395,198.6881,45.12,44.425,24.8272
2026-01-27 22:00:00,26,2,SEG-D,198.5505,198.4518,43.839,42.891,24.8272
2026-01-27 22:00:00,26,2,SEG-E,198.5684,198.4146,42.375,41.69,24.8272
2026-01-27 22:00:00,26,2,SEG-F,198.6501,198.4927,41.011,40.244,24.8272
2026-01-27 22:00:00,26,2,SEG-G,198.7234,198.7239,39.725,38.991,24.8272
2026-01-27 22:00:00,26,2,SEG-H,198.6933,198.7481,38.337,37.294,24.8272
2026-01-27 22:00:00,26,2,SEG-I,198.606,198.5803,37.128,36.054,24.8272
2026-01-27 22:00:00,26,2,SEG-J,198.6681,198.5837,35.422,34.629,24.8272
2026-01-27 22:00:00,26,2,SEG-K,198.8326,198.5706,34.004,33.06,24.8272
2026-01-27 22:00:00,26,2,SEG-L,198.8444,198.7511,32.566,31.75,24.8272
2026-01-27 22:00:00,26,2,SEG-M,198.7419,198.6771,31.156,30.385,24.8272
2026-01-27 22:00:00,26,2,SEG-N,198.5684,198.8,29.905,28.922,24.8272
2026-01-27 22:00:00,26,2,SEG-O,198.7683,198.7019,28.322,27.399,24.8272
2026-01-27 22:00:00,26,2,SEG-P,198.5574,198.5548,26.918,25.928,24.8272
2026-01-27 22:00:00,26,2,SEG-Q,198.8191,198.5623,25.751,24.845,24.8272
2026-01-27 22:00:00,26,2,SEG-R,198.5202,198.7001,24.26,23.237,24.8272
2026-01-27 22:00:00,26,2,SEG-S,198.6311,198.7136,22.785,21.881,24.8272
2026-01-27 22:00:00,26,2,SEG-T,198.7373,198.6226,21.18,20.673,24.8272
2026-01-28 06:00:00,27,0,SEG-A,294.3582,294.1957,47.905,47.222,36.7744
2026-01-28 06:00:00,27,0,SEG-B,294.2755,294.0532,46.58,45.787,36.7744
2026-01-28 06:00:00,27,0,SEG-C,294.0561,294.2895,45.248,44.26,36.7744
2026-01-28 06:00:00,27,0,SEG-D,294.1973,293.9481,43.787,42.853,36.7744
2026-01-28 06:00:00,27,0,SEG-E,294.2642,294.3264,42.315,41.741,36.7744
2026-01-28 06:00:00,27,0,SEG-F,294.1695,294.1136,41.167,39.99,36.7744
2026-01-28 06:00:00,27,0,SEG-G,294.1639,294.2457,39.64,38.857,36.7744
2026-01-28 06:00:00,27,0,SEG-H,294.2787,294.2488,37.856,37.253,36.7744
2026-01-28 06:00:00,27,0,SEG-I,294.1183,294.3056,36.945,36.129,36.7744
2026-01-28 06:00:00,27,0,SEG-J,294.2287,294.2042,35.136,34.655,36.7744
2026-01-28 06:00:00,27,0,SEG-K,294.3242,294.2283,34.169,33.187,36.7744
2026-01-28 06:00:00,27,0,SEG-L,293.9499,294.0595,32.593,31.651,36.7744
2026-01-28 06:00:00,27,0,SEG-M,294.226,294.3346,31.325,30.149,36.7744
2026-01-28 06:00:00,27,0,SEG-N,294.0784,294.3646,29.892,28.819,36.7744
2026-01-28 06:00:00,27,0,SEG-O,294.4375,294.2077,28.455,27.557,36.7744
2026-01-28 06:00:00,27,0,SEG-P,294.1434,294.4017,27.192,26.098,36.7744
2026-01-28 06:00:00,27,0,SEG-Q,294.111,294.0403,25.575,24.895,36.7744
2026-01-28 06:00:00,27,0,SEG-R,294.317,294.1039,24.278,23.263,36.7744
2026-01-28 06:00:00,27,0,SEG-S,294.0518,294.0679,22.888,22.139,36.7744
2026-01-28 06:00:00,27,0,SEG-T,294.2433,294.022,21.452,20.462,36.7744
2026-01-28 14:00:00,27,1,SEG-A,275.2049,275.0584,48.073,47.271,34.3862
2026-01-28 14:00:00,27,1,SEG-B,275.425,275.1275,46.777,45.792,34.3862
2026-01-28 14:00:00,27,1,SEG-C,274.8567,274.8886,45.007,44.285,34.3862
2026-01-28 14:00:00,27,1,SEG-D,275.0982,275.0345,43.789,42.932,34.3862
2026-01-28 14:00:00,27,1,SEG-E,275.0569,274.93,42.449,41.53,34.3862
2026-01-28 14:00:00,27,1,SEG-F,275.1086,275.175,40.802,40.257,34.3862
2026-01-28 14:00:00,27,1,SEG-G,274.9677,275.3263,39.527,38.71,34.3862
2026-01-28 14:00:00,27,1,SEG-H,275.0587,275.2376,38.123,37.162,34.3862
2026-01-28 14:00:00,27,1,SEG-I,275.1705,275.0889,36.852,35.909,34.3862
2026-01-28 14:00:00,27,1,SEG-J,275.1593,274.9789,35.335,34.557,34.3862
2026-01-28 14:00:00,27,1,SEG-K,274.9262,275.1608,34.089,33.034,34.3862
2026-01-28 14:00:00,27,1,SEG-L,275.1869,275.1697,32.495,31.597,34.3862
2026-01-28 14:00:00,27,1,SEG-M,274.9824,275.2183,31.045,30.318,34.3862
2026-01-28 14:00:00,27,1,SEG-N,275.2713,274.8847,29.999,28.819,34.3862
2026-01-28 14:00:00,27,1,SEG-O,275.3147,274.8557,28.707,27.517,34.3862
2026-01-28 14:00:00,27,1,SEG-P,274.9343,275.066,27.199,25.953,34.3862
2026-01-28 14:00:00,27,1,SEG-Q,275.0504,275.2862,25.672,24.737,34.3862
2026-01-28 14:00:00,27,1,SEG-R,275.0508,274.8448,24.231,23.38,34.3862
2026-01-28 14:00:00,27,1,SEG-S,274.8885,275.0221,22.523,21.885,34.3862
2026-01-28 14:00:00,27,1,SEG-T,275.178,275.0415,21.403,20.58,34.3862
2026-01-28 22:00:00,27,2,SEG-A,189.9084,189.7331,47.989,47.192,23.728
2026-01-28 22:00:00,27,2,SEG-B,189.971,189.8353,46.719,45.596,23.728
2026-01-28 22:00:00,27,2,SEG-C,189.7345,189.8146,45.241,44.558,23.728
2026-01-28 22:00:00,27,2,SEG-D,189.7033,189.8763,43.566,43.019,23.728
2026-01-28 22:00:00,27,2,SEG-E,189.8187,189.8944,42.362,41.612,23.728
2026-01-28 22:00:00,27,2,SEG-F,189.8388,189.8098,41.004,40.019,23.728
2026-01-28 22:00:00,27,2,SEG-G,189.8916,189.9462,39.552,38.759,23.728
2026-01-28 22:00:00,27,2,SEG-H,189.826,189.8275,38.321,37.275,23.728
2026-01-28 22:00:00,27,2,SEG-I,189.9178,189.8303,36.73,35.699,23.728
2026-01-28 22:00:00,27,2,SEG-J,189.6651,189.9163,35.415,34.712,23.728
2026-01-28 22:00:00,27,2,SEG-K,189.842,189.6901,34.097,33.169,23.728
2026-01-28 22:00:00,27,2,SEG-L,189.9597,189.9207,32.47,31.723,23.728
2026-01-28 22:00:00,27,2,SEG-M,189.9369,189.7383,30.991,30.479,23.728
2026-01-28 22:00:00,27,2,SEG-N,189.675,189.7406,29.771,28.899,23.728
2026-01-28 22:00:00,27,2,SEG-O,189.733,189.8003,28.324,27.38,23.728
2026-01-28 22:00:00,27,2,SEG-P,189.7149,189.8648,27.252,26.268,23.728
2026-01-28 22:00:00,27,2,SEG-Q,189.7222,189.6953,25.614,24.58,23.728
2026-01-28 22:00:00,27,2,SEG-R,189.7283,189.8576,24.127,23.221,23.728
2026-01-28 22:00:00,27,2,SEG-S,189.7603,189.7428,22.958,21.954,23.728
2026-01-28 22:00:00,27,2,SEG-T,189.879,189.7976,21.448,20.463,23.728
2026-01-29 06:00:00,28,0,SEG-A,224.6194,224.3756,48.125,47.556,28.0723
2026-01-29 06:00:00,28,0,SEG-B,224.6122,224.6912,46.748,45.636,28.0723
2026-01-29 06:00:00,28,0,SEG-C,224.6006,224.6874,45.214,44.291,28.0723
2026-01-29 06:00:00,28,0,SEG-D,224.5874,224.6318,43.786,42.997,28.0723
2026-01-29 06:00:00,28,0,SEG-E,224.7135,224.5567,42.205,41.777,28.0723
2026-01-29 06:00:00,28,0,SEG-F,224.4761,224.4674,41.079,39.953,28.0723
2026-01-29 06:00:00,28,0,SEG-G,224.6945,224.5314,39.408,38.71,28.0723
2026-01-29 06:00:00,28,0,SEG-H,224.4634,224.493,38.175,37.4,28.0723
2026-01-29 06:00:00,28,0,SEG-I,224.6045,224.4039,36.685,35.833,28.0723
2026-01-29 06:00:00,28,0,SEG-J,224.5895,224.5953,35.375,34.55,28.0723
2026-01-29 06:00:00,28,0,SEG-K,224.4108,224.5253,33.942,33.222,28.0723
2026-01-29 06:00:00,28,0,SEG-L,224.6637,224.6898,32.411,31.986,28.0723
2026-01-29 06:00:00,28,0,SEG-M,224.5984,224.6137,31.166,30.406,28.0723
2026-01-29 06:00:00,28,0,SEG-N,224.5075,224.6093,29.757,29.153,28.0723
2026-01-29 06:00:00,28,0,SEG-O,224.7045,224.5409,28.654,27.534,28.0723
2026-01-29 06:00:00,28,0,SEG-P,224.3708,224.7754,26.882,26.192,28.0723
2026-01-29 06:00:00,28,0,SEG-Q,224.7539,224.537,25.663,24.689,28.0723
2026-01-29 06:00:00,28,0,SEG-R,224.5439,224.7502,24.124,23.259,28.0723
2026-01-29 06:00:00,28,0,SEG-S,224.517,224.7524,22.702,22.02,28.0723
2026-01-29 06:00:00,28,0,SEG-T,224.5612,224.5954,21.31,20.627,28.0723
2026-01-29 14:00:00,28,1,SEG-A,312.3744,312.2782,47.971,47.13,39.0377
2026-01-29 14:00:00,28,1,SEG-B,312.0462,312.4605,46.754,45.841,39.0377
2026-01-29 14:00:00,28,1,SEG-C,312.4262,312.3693,45.187,44.39,39.0377
2026-01-29 14:00:00,28,1,SEG-D,312.2812,312.2783,43.798,43.061,39.0377
2026-01-29 14:00:00,28,1,SEG-E,312.3127,312.2233,42.517,41.602,39.0377
2026-01-29 14:00:00,28,1,SEG-F,312.4776,312.2359,41.004,40.058,39.0377
2026-01-29 14:00:00,28,1,SEG-G,312.1932,312.2824,39.41,38.876,39.0377
2026-01-29 14:00:00,28,1,SEG-H,312.4666,312.1551,38.347,37.445,39.0377
2026-01-29 14:00:00,28,1,SEG-I,312.3592,312.3788,36.778,35.909,39.0377
2026-01-29 14:00:00,28,1,SEG-J,312.1975,312.2618,35.346,34.881,39.0377
2026-01-29 14:00:00,28,1,SEG-K,312.3338,312.0497,33.973,33.271,39.0377
2026-01-29 14:00:00,28,1,SEG-L,312.2512,312.3785,32.854,31.789,39.0377
2026-01-29 14:00:00,28,1,SEG-M,312.3064,312.4383,31.175,30.402,39.0377
2026-01-29 14:00:00,28,1,SEG-N,312.203,312.3227,29.396,28.971,39.0377
2026-01-29 14:00:00,28,1,SEG-O,312.2225,312.3374,28.566,27.592,39.0377
2026-01-29 14:00:00,28,1,SEG-P,312.4257,312.1366,26.926,26.093,39.0377
2026-01-29 14:00:00,28,1,SEG-Q,312.2918,312.354,25.425,24.76,39.0377
2026-01-29 14:00:00,28,1,SEG-R,312.1358,312.2665,24.084,23.499,39.0377
2026-01-29 14:00:00,28,1,SEG-S,312.0952,312.0658,22.592,21.805,39.0377
2026-01-29 14:00:00,28,1,SEG-T,312.5128,312.0856,21.371,20.555,39.0377
2026-01-29 22:00:00,28,2,SEG-A,185.3122,185.2064,48.051,47.247,23.1599
2026-01-29 22:00:00,28,2,SEG-B,185.3237,185.2408,46.362,45.822,23.1599
2026-01-29 22:00:00,28,2,SEG-C,185.2795,185.2255,45.19,44.474,23.1599
2026-01-29 22:00:00,28,2,SEG-D,185.3269,185.2401,43.998,42.983,23.1599
2026-01-29 22:00:00,28,2,SEG-E,185.3161,185.2326,42.471,41.668,23.1599
2026-01-29 22:00:00,28,2,SEG-F,185.1776,185.1824,40.961,40.171,23.1599
2026-01-29 22:00:00,28,2,SEG-G,185.1856,185.1948,39.599,38.902,23.1599
2026-01-29 22:00:00,28,2,SEG-H,185.2624,185.2348,38.187,37.346,23.1599
2026-01-29 22:00:00,28,2,SEG-I,185.1743,185.1127,36.712,35.716,23.1599
2026-01-29 22:00:00,28,2,SEG-J,185.2296,185.3641,35.64,34.591,23.1599
2026-01-29 22:00:00,28,2,SEG-K,185.2311,185.3451,34.156,32.978,23.1599
2026-01-29 22:00:00,28,2,SEG-L,185.2719,185.3151,32.493,31.758,23.1599
2026-01-29 22:00:00,28,2,SEG-M,185.3378,185.3633,31.125,30.314,23.1599
2026-01-29 22:00:00,28,2,SEG-N,185.3911,185.2959,29.845,29.024,23.1599
2026-01-29 22:00:00,28,2,SEG-O,185.23,185.1893,28.349,27.564,23.1599
2026-01-29 22:00:00,28,2,SEG-P,185.2382,185.2286,27.177,26.446,23.1599
2026-01-29 22:00:00,28,2,SEG-Q,185.4086,185.2955,25.712,24.568,23.1599
2026-01-29 22:00:00,28,2,SEG-R,185.2037,185.3047,24.475,23.215,23.1599
2026-01-29 22:00:00,28,2,SEG-S,185.3457,185.2902,22.712,21.941,23.1599
2026-01-29 22:00:00,28,2,SEG-T,185.3761,185.1677,21.386,20.722,23.1599
2026-01-30 06:00:00,29,0,SEG-A,223.275,223.1944,47.994,47.156,27.9016
2026-01-30 06:00:00,29,0,SEG-B,223.2635,223.1981,46.718,45.594,27.9016
2026-01-30 06:00:00,29,0,SEG-C,223.1431,223.2831,45.179,44.32,27.9016
2026-01-30 06:00:00,29,0,SEG-D,223.2943,223.2748,43.681,42.891,27.9016
2026-01-30 06:00:00,29,0,SEG-E,223.1359,223.0311,42.253,41.633,27.9016
2026-01-30 06:00:00,29,0,SEG-F,223.1623,223.1929,41.019,39.994,27.9016
2026-01-30 06:00:00,29,0,SEG-G,223.13,223.3089,39.606,38.562,27.9016
2026-01-30 06:00:00,29,0,SEG-H,223.1402,223.2651,38.128,37.158,27.9016
2026-01-30 06:00:00,29,0,SEG-I,223.2059,223.3311,36.88,35.852,27.9016
2026-01-30 06:00:00,29,0,SEG-J,223.1772,223.1419,35.414,34.562,27.9016
2026-01-30 06:00:00,29,0,SEG-K,223.1998,223.322,34.031,33.01,27.9016
2026-01-30 06:00:00,29,0,SEG-L,223.2863,223.3214,32.578,31.844,27.9016
2026-01-30 06:00:00,29,0,SEG-M,223.3317,223.2856,31.304,30.373,27.9016
2026-01-30 06:00:00,29,0,SEG-N,223.3484,223.3045,29.761,29.066,27.9016
2026-01-30 06:00:00,29,0,SEG-O,223.175,223.0336,28.231,27.833,27.9016
2026-01-30 06:00:00,29,0,SEG-P,223.4125,223.3763,26.994,26.449,27.9016
2026-01-30 06:00:00,29,0,SEG-Q,223.3071,223.1473,25.538,24.924,27.9016
2026-01-30 06:00:00,29,0,SEG-R,223.1125,223.0978,24.175,23.297,27.9016
2026-01-30 06:00:00,29,0,SEG-S,223.1767,223.2621,22.714,21.995,27.9016
2026-01-30 06:00:00,29,0,SEG-T,223.1362,223.2458,21.441,20.328,27.9016
2026-01-30 14:00:00,29,1,SEG-A,245.0169,244.8996,48.09,47.16,30.6322
2026-01-30 14:00:00,29,1,SEG-B,245.1306,245.1004,46.665,45.854,30.6322
2026-01-30 14:00:00,29,1,SEG-C,244.9916,245.1182,45.162,44.387,30.6322
2026-01-30 14:00:00,29,1,SEG-D,245.1469,244.917,43.7,42.902,30.6322
2026-01-30 14:00:00,29,1,SEG-E,244.9079,244.9155,42.258,41.57,30.6322
2026-01-30 14:00:00,29,1,SEG-F,245.0447,245.3656,40.914,40.204,30.6322
2026-01-30 14:00:00,29,1,SEG-G,245.1577,245.1859,39.445,38.555,30.6322
2026-01-30 14:00:00,29,1,SEG-H,245.0106,245.1252,38.12,37.38,30.6322
2026-01-30 14:00:00,29,1,SEG-I,245.1653,244.9183,36.889,35.961,30.6322
2026-01-30 14:00:00,29,1,SEG-J,245.1334,245.1072,35.545,34.493,30.6322
2026-01-30 14:00:00,29,1,SEG-K,245.2017,244.9742,33.835,33.19,30.6322
2026-01-30 14:00:00,29,1,SEG-L,245.1986,245.0797,32.374,31.727,30.6322
2026-01-30 14:00:00,29,1,SEG-M,244.8184,244.858,31.168,30.267,30.6322
2026-01-30 14:00:00,29,1,SEG-N,244.9606,244.9192,29.747,29.061,30.6322
2026-01-30 14:00:00,29,1,SEG-O,244.9116,244.9962,28.446,27.478,30.6322
2026-01-30 14:00:00,29,1,SEG-P,244.9676,245.1912,26.854,26.181,30.6322
2026-01-30 14:00:00,29,1,SEG-Q,245.1934,244.8976,25.506,24.879,30.6322
2026-01-30 14:00:00,29,1,SEG-R,245.1311,244.9424,24.238,23.368,30.6322
2026-01-30 14:00:00,29,1,SEG-S,245.0409,245.1055,22.833,21.772,30.6322
2026-01-30 14:00:00,29,1,SEG-T,245.0962,245.1345,21.439,20.407,30.6322
2026-01-30 22:00:00,29,2,SEG-A,170.7802,170.7851,47.985,47.284,21.3497
2026-01-30 22:00:00,29,2,SEG-B,170.7211,170.8514,46.847,45.836,21.3497
2026-01-30 22:00:00,29,2,SEG-C,170.7658,170.7823,45.098,44.233,21.3497
2026-01-30 22:00:00,29,2,SEG-D,170.7989,170.8594,43.711,42.869,21.3497
2026-01-30 22:00:00,29,2,SEG-E,170.9611,170.8522,42.459,41.563,21.3497
2026-01-30 22:00:00,29,2,SEG-F,170.7845,170.8179,41.052,39.886,21.3497
2026-01-30 22:00:00,29,2,SEG-G,170.8767,170.7551,39.733,38.719,21.3497
2026-01-30 22:00:00,29,2,SEG-H,170.7693,170.7517,38.237,37.182,21.3497
2026-01-30 22:00:00,29,2,SEG-I,170.9314,170.7949,36.963,36.151,21.3497
2026-01-30 22:00:00,29,2,SEG-J,170.6368,170.8424,35.381,34.508,21.3497
2026-01-30 22:00:00,29,2,SEG-K,170.8381,170.7535,33.975,33.194,21.3497
2026-01-30 22:00:00,29,2,SEG-L,170.7465,170.706,32.299,32.043,21.3497
2026-01-30 22:00:00,29,2,SEG-M,170.7796,170.7086,31.118,30.613,21.3497
2026-01-30 22:00:00,29,2,SEG-N,170.7626,170.7524,29.894,28.84,21.3497
2026-01-30 22:00:00,29,2,SEG-O,170.7642,170.904,28.539,27.74,21.3497
2026-01-30 22:00:00,29,2,SEG-P,170.8528,170.828,27.112,26.05,21.3497
2026-01-30 22:00:00,29,2,SEG-Q,170.9906,170.8132,25.689,25.047,21.3497
2026-01-30 22:00:00,29,2,SEG-R,170.7997,170.7896,24.399,23.245,21.3497
2026-01-30 22:00:00,29,2,SEG-S,170.6508,170.7993,22.749,21.972,21.3497
2026-01-30 22:00:00,29,2,SEG-T,170.8636,170.7739,21.558,20.685,21.3497
2026-01-31 06:00:00,30,0,SEG-A,269.5337,269.8026,47.953,47.121,33.7044
2026-01-31 06:00:00,30,0,SEG-B,269.4761,269.7268,46.495,45.958,33.7044
2026-01-31 06:00:00,30,0,SEG-C,269.7526,269.7253,45.045,44.363,33.7044
2026-01-31 06:00:00,30,0,SEG-D,269.6621,269.7021,43.643,42.879,33.7044
2026-01-31 06:00:00,30,0,SEG-E,269.7162,269.6879,42.427,41.74,33.7044
2026-01-31 06:00:00,30,0,SEG-F,269.7631,269.5345,41.148,39.969,33.7044
2026-01-31 06:00:00,30,0,SEG-G,269.6492,269.6804,39.608,38.584,33.7044
2026-01-31 06:00:00,30,0,SEG-H,269.5003,269.4898,38.099,37.603,33.7044
2026-01-31 06:00:00,30,0,SEG-I,269.5752,269.6821,36.748,36.033,33.7044
2026-01-31 06:00:00,30,0,SEG-J,269.6425,269.655,35.657,34.533,33.7044
2026-01-31 06:00:00,30,0,SEG-K,269.6867,269.7435,34.089,33.146,33.7044
2026-01-31 06:00:00,30,0,SEG-L,269.4414,269.6532,32.555,31.935,33.7044
2026-01-31 06:00:00,30,0,SEG-M,269.3778,269.4725,31.288,30.252,33.7044
2026-01-31 06:00:00,30,0,SEG-N,269.6908,269.8341,29.978,28.892,33.7044
2026-01-31 06:00:00,30,0,SEG-O,269.8199,269.7184,28.24,27.571,33.7044
2026-01-31 06:00:00,30,0,SEG-P,269.6518,269.7523,26.895,26.155,33.7044
2026-01-31 06:00:00,30,0,SEG-Q,269.6196,269.5769,25.596,24.636,33.7044
2026-01-31 06:00:00,30,0,SEG-R,269.7657,269.596,24.138,23.369,33.7044
2026-01-31 06:00:00,30,0,SEG-S,269.7043,269.7077,22.663,21.831,33.7044
2026-01-31 06:00:00,30,0,SEG-T,269.6707,269.7557,21.719,20.64,33.7044
2026-01-31 14:00:00,30,1,SEG-A,344.9137,344.5299,47.932,47.166,43.0978
2026-01-31 14:00:00,30,1,SEG-B,344.7764,344.8272,46.58,45.727,43.0978
2026-01-31 14:00:00,30,1,SEG-C,344.5698,344.8131,45.322,44.372,43.0978
2026-01-31 14:00:00,30,1,SEG-D,344.8694,344.7125,43.638,42.846,43.0978
2026-01-31 14:00:00,30,1,SEG-E,344.6884,344.6304,42.403,41.432,43.0978
2026-01-31 14:00:00,30,1,SEG-F,344.7757,344.9127,40.734,40.268,43.0978
2026-01-31 14:00:00,30,1,SEG-G,344.7873,344.764,39.656,38.76,43.0978
2026-01-31 14:00:00,30,1,SEG-H,344.7455,344.7867,38.246,37.327,43.0978
2026-01-31 14:00:00,30,1,SEG-I,344.8226,344.6706,36.836,35.937,43.0978
2026-01-31 14:00:00,30,1,SEG-J,344.6027,344.7538,35.442,34.553,43.0978
2026-01-31 14:00:00,30,1,SEG-K,344.8903,344.6382,33.782,32.988,43.0978
2026-01-31 14:00:00,30,1,SEG-L,344.9357,344.7385,32.706,31.822,43.0978
2026-01-31 14:00:00,30,1,SEG-M,345.0724,344.6762,31.074,30.28,43.0978
2026-01-31 14:00:00,30,1,SEG-N,344.3761,344.8797,29.897,28.834,43.0978
2026-01-31 14:00:00,30,1,SEG-O,344.7943,344.8088,28.427,27.72,43.0978
2026-01-31 14:00:00,30,1,SEG-P,344.857,344.8656,26.723,26.03,43.0978
2026-01-31 14:00:00,30,1,SEG-Q,344.6784,344.8267,25.567,24.912,43.0978
2026-01-31 14:00:00,30,1,SEG-R,345.0687,345.0767,24.253,23.215,43.0978
2026-01-31 14:00:00,30,1,SEG-S,344.7945,344.9201,23.01,22.132,43.0978
2026-01-31 14:00:00,30,1,SEG-T,344.9069,344.8276,21.466,20.67,43.0978
2026-01-31 22:00:00,30,2,SEG-A,152.7328,152.7751,48.213,47.067,19.1013
2026-01-31 22:00:00,30,2,SEG-B,152.9866,152.7456,46.631,45.765,19.1013
2026-01-31 22:00:00,30,2,SEG-C,152.8337,152.9427,45.051,44.315,19.1013
2026-01-31 22:00:00,30,2,SEG-D,152.7053,152.8318,43.874,43.035,19.1013
2026-01-31 22:00:00,30,2,SEG-E,152.8926,152.7221,42.286,41.557,19.1013
2026-01-31 22:00:00,30,2,SEG-F,152.8397,152.7249,41.251,40.257,19.1013
2026-01-31 22:00:00,30,2,SEG-G,152.8952,152.9317,39.878,38.764,19.1013
2026-01-31 22:00:00,30,2,SEG-H,152.8516,152.833,38.15,37.327,19.1013
2026-01-31 22:00:00,30,2,SEG-I,152.7735,152.8418,36.741,35.979,19.1013
2026-01-31 22:00:00,30,2,SEG-J,152.7886,152.7844,35.308,34.515,19.1013
2026-01-31 22:00:00,30,2,SEG-K,152.9055,152.8265,34.001,33.248,19.1013
2026-01-31 22:00:00,30,2,SEG-L,152.7956,152.8152,32.331,31.792,19.1013
2026-01-31 22:00:00,30,2,SEG-M,152.8743,152.7024,31.032,30.471,19.1013
2026-01-31 22:00:00,30,2,SEG-N,152.7738,152.7679,29.933,28.839,19.1013
2026-01-31 22:00:00,30,2,SEG-O,152.6975,152.783,28.372,27.547,19.1013
2026-01-31 22:00:00,30,2,SEG-P,152.8053,152.8531,27.041,26.308,19.1013
2026-01-31 22:00:00,30,2,SEG-Q,152.9204,152.7131,25.611,24.593,19.1013
2026-01-31 22:00:00,30,2,SEG-R,152.71,152.7978,24.229,23.15,19.1013
2026-01-31 22:00:00,30,2,SEG-S,152.8256,152.8314,22.729,21.907,19.1013
2026-01-31 22:00:00,30,2,SEG-T,152.7763,152.7602,21.581,20.538,19.1013
2026-02-01 06:00:00,31,0,SEG-A,217.7985,217.5974,47.872,47.373,27.2151
2026-02-01 06:00:00,31,0,SEG-B,217.5454,217.7418,46.683,45.894,27.2151
2026-02-01 06:00:00,31,0,SEG-C,217.6092,217.6872,45.223,44.44,27.2151
2026-02-01 06:00:00,31,0,SEG-D,217.729,217.6461,43.947,42.887,27.2151
2026-02-01 06:00:00,31,0,SEG-E,217.8059,217.8173,42.394,41.599,27.2151
2026-02-01 06:00:00,31,0,SEG-F,217.6402,217.7246,41.005,39.949,27.2151
2026-02-01 06:00:00,31,0,SEG-G,217.6445,217.8349,39.542,38.985,27.2151
2026-02-01 06:00:00,31,0,SEG-H,217.8475,217.7245,38.171,37.353,27.2151
2026-02-01 06:00:00,31,0,SEG-I,217.6962,217.8472,36.707,35.947,27.2151
2026-02-01 06:00:00,31,0,SEG-J,217.8919,217.8443,35.63,34.623,27.2151
2026-02-01 06:00:00,31,0,SEG-K,217.8654,217.762,34.173,33.299,27.2151
2026-02-01 06:00:00,31,0,SEG-L,217.7201,217.6859,32.771,31.792,27.2151
2026-02-01 06:00:00,31,0,SEG-M,217.7683,217.6503,31.31,30.137,27.2151
2026-02-01 06:00:00,31,0,SEG-N,217.5924,217.7035,29.846,29.118,27.2151
2026-02-01 06:00:00,31,0,SEG-O,217.8085,217.6218,28.382,27.527,27.2151
2026-02-01 06:00:00,31,0,SEG-P,217.7798,217.8788,26.902,26.155,27.2151
2026-02-01 06:00:00,31,0,SEG-Q,217.8109,217.7025,25.661,24.862,27.2151
2026-02-01 06:00:00,31,0,SEG-R,217.8549,217.7634,23.893,23.113,27.2151
2026-02-01 06:00:00,31,0,SEG-S,217.7691,217.8215,22.858,21.958,27.2151
2026-02-01 06:00:00,31,0,SEG-T,217.7216,217.737,21.422,20.437,27.2151
2026-02-01 14:00:00,31,1,SEG-A,306.5537,306.3062,47.93,47.266,38.3067
2026-02-01 14:00:00,31,1,SEG-B,306.5045,306.6929,46.567,45.689,38.3067
2026-02-01 14:00:00,31,1,SEG-C,306.1311,306.4568,45.332,44.35,38.3067
2026-02-01 14:00:00,31,1,SEG-D,306.4123,306.4742,43.762,42.984,38.3067
2026-02-01 14:00:00,31,1,SEG-E,306.1112,306.4726,42.436,41.429,38.3067
2026-02-01 14:00:00,31,1,SEG-F,306.3752,306.4709,41.046,40.115,38.3067
2026-02-01 14:00:00,31,1,SEG-G,306.4272,306.5711,39.675,38.861,38.3067
2026-02-01 14:00:00,31,1,SEG-H,306.3568,306.7813,38.02,37.43,38.3067
2026-02-01 14:00:00,31,1,SEG-I,306.1163,306.4644,36.734,35.654,38.3067
2026-02-01 14:00:00,31,1,SEG-J,306.6645,306.5458,35.336,34.651,38.3067
2026-02-01 14:00:00,31,1,SEG-K,306.3823,306.3795,33.838,33.139,38.3067
2026-02-01 14:00:00,31,1,SEG-L,306.4196,306.3108,32.443,31.813,38.3067
2026-02-01 14:00:00,31,1,SEG-M,306.2889,306.3826,31.293,30.366,38.3067
2026-02-01 14:00:00,31,1,SEG-N,306.5489,306.402,29.92,29.057,38.3067
2026-02-01 14:00:00,31,1,SEG-O,306.3787,306.475,28.39,27.646,38.3067
2026-02-01 14:00:00,31,1,SEG-P,306.5155,306.5322,26.95,26.185,38.3067
2026-02-01 14:00:00,31,1,SEG-Q,306.4011,306.3172,25.755,24.786,38.3067
2026-02-01 14:00:00,31,1,SEG-R,306.2896,306.6133,24.03,23.471,38.3067
2026-02-01 14:00:00,31,1,SEG-S,306.2989,306.4983,22.914,21.903,38.3067
2026-02-01 14:00:00,31,1,SEG-T,306.5203,306.4871,21.333,20.459,38.3067
2026-02-01 22:00:00,31,2,SEG-A,176.8449,176.8917,47.989,46.994,22.1053
2026-02-01 22:00:00,31,2,SEG-B,176.9191,176.9599,46.569,45.799,22.1053
2026-02-01 22:00:00,31,2,SEG-C,176.8451,176.9718,45.256,44.366,22.1053
2026-02-01 22:00:00,31,2,SEG-D,176.8361,176.8506,43.896,42.842,22.1053
2026-02-01 22:00:00,31,2,SEG-E,176.8803,176.8712,42.484,41.471,22.1053
2026-02-01 22:00:00,31,2,SEG-F,176.8497,176.9233,40.918,40.287,22.1053
2026-02-01 22:00:00,31,2,SEG-G,176.7894,176.8548,39.617,38.96,22.1053
2026-02-01 22:00:00,31,2,SEG-H,176.798,176.7834,38.068,37.306,22.1053
2026-02-01 22:00:00,31,2,SEG-I,176.7868,176.9541,36.895,35.9,22.1053
2026-02-01 22:00:00,31,2,SEG-J,176.8184,176.8816,35.386,34.57,22.1053
2026-02-01 22:00:00,31,2,SEG-K,176.728,176.7995,34.183,33.126,22.1053
2026-02-01 22:00:00,31,2,SEG-L,176.8864,176.9272,32.529,31.919,22.1053
2026-02-01 22:00:00,31,2,SEG-M,177.0413,176.6981,31.16,30.288,22.1053
2026-02-01 22:00:00,31,2,SEG-N,176.9945,176.8749,29.754,29.06,22.1053
2026-02-01 22:00:00,31,2,SEG-O,176.7919,176.715,28.423,27.568,22.1053
2026-02-01 22:00:00,31,2,SEG-P,176.8495,176.8605,26.899,25.964,22.1053
2026-02-01 22:00:00,31,2,SEG-Q,176.8901,176.7711,25.699,24.676,22.1053
2026-02-01 22:00:00,31,2,SEG-R,176.8866,176.8327,24.014,23.27,22.1053
2026-02-01 22:00:00,31,2,SEG-S,176.9517,176.884,22.855,22.075,22.1053
2026-02-01 22:00:00,31,2,SEG-T,176.7883,176.8844,21.411,20.474,22.1053
2026-02-02 06:00:00,32,0,SEG-A,237.1178,236.9956,47.799,46.977,29.6342
2026-02-02 06:00:00,32,0,SEG-B,236.886,236.9287,46.49,45.777,29.6342
2026-02-02 06:00:00,32,0,SEG-C,237.111,237.1192,45.378,44.42,29.6342
2026-02-02 06:00:00,32,0,SEG-D,236.9954,237.2696,43.792,43.135,29.6342
2026-02-02 06:00:00,32,0,SEG-E,237.1408,236.9247,42.369,41.328,29.6342
2026-02-02 06:00:00,32,0,SEG-F,237.0518,237.1275,40.846,40.375,29.6342
2026-02-02 06:00:00,32,0,SEG-G,236.9544,237.0682,39.377,38.594,29.6342
2026-02-02 06:00:00,32,0,SEG-H,237.1481,237.1469,38.121,37.526,29.6342
2026-02-02 06:00:00,32,0,SEG-I,237.1037,237.1081,36.859,35.939,29.6342
2026-02-02 06:00:00,32,0,SEG-J,237.1455,237.1473,35.295,34.276,29.6342
2026-02-02 06:00:00,32,0,SEG-K,236.9465,236.9172,33.93,33.238,29.6342
2026-02-02 06:00:00,32,0,SEG-L,237.0543,236.9678,32.639,31.776,29.6342
2026-02-02 06:00:00,32,0,SEG-M,237.0053,237.1181,31.176,30.157,29.6342
2026-02-02 06:00:00,32,0,SEG-N,237.0258,237.3444,29.73,28.899,29.6342
2026-02-02 06:00:00,32,0,SEG-O,237.0094,237.0533,28.439,27.667,29.6342
2026-02-02 06:00:00,32,0,SEG-P,237.0293,237.1701,27.137,26.168,29.6342
2026-02-02 06:00:00,32,0,SEG-Q,237.0241,237.1187,25.741,24.726,29.6342
2026-02-02 06:00:00,32,0,SEG-R,237.004,236.9339,24.23,23.388,29.6342
2026-02-02 06:00:00,32,0,SEG-S,237.2933,237.1661,22.63,21.855,29.6342
2026-02-02 06:00:00,32,0,SEG-T,236.9985,237.0534,21.363,20.509,29.6342
2026-02-02 14:00:00,32,1,SEG-A,366.473,366.6111,47.86,47.2,45.8149
2026-02-02 14:00:00,32,1,SEG-B,366.6685,366.4628,46.699,45.887,45.8149
2026-02-02 14:00:00,32,1,SEG-C,366.7344,366.2876,45.064,44.408,45.8149
2026-02-02 14:00:00,32,1,SEG-D,366.4507,366.6125,43.711,42.77,45.8149
2026-02-02 14:00:00,32,1,SEG-E,366.5907,366.7151,42.659,41.401,45.8149
2026-02-02 14:00:00,32,1,SEG-F,366.6216,366.4184,40.991,40.217,45.8149
2026-02-02 14:00:00,32,1,SEG-G,366.2849,366.1498,39.651,38.996,45.8149
2026-02-02 14:00:00,32,1,SEG-H,366.3325,366.4411,38.228,37.381,45.8149
2026-02-02 14:00:00,32,1,SEG-I,366.5064,366.6938,36.867,35.982,45.8149
2026-02-02 14:00:00,32,1,SEG-J,366.8724,366.5894,35.644,34.784,45.8149
2026-02-02 14:00:00,32,1,SEG-K,366.744,366.5843,34.057,33.438,45.8149
2026-02-02 14:00:00,32,1,SEG-L,366.3482,366.6112,32.597,31.866,45.8149
2026-02-02 14:00:00,32,1,SEG-M,366.5371,366.498,31.039,30.306,45.8149
2026-02-02 14:00:00,32,1,SEG-N,366.637,366.7362,29.731,29.019,45.8149
2026-02-02 14:00:00,32,1,SEG-O,366.457,366.2864,28.485,27.495,45.8149
2026-02-02 14:00:00,32,1,SEG-P,366.6439,366.6984,26.948,25.908,45.8149
2026-02-02 14:00:00,32,1,SEG-Q,366.5497,366.5799,25.648,24.739,45.8149
2026-02-02 14:00:00,32,1,SEG-R,366.6651,366.5361,24.212,23.227,45.8149
2026-02-02 14:00:00,32,1,SEG-S,366.5515,366.6427,22.69,21.993,45.8149
2026-02-02 14:00:00,32,1,SEG-T,366.7972,366.6667,21.41,20.497,45.8149
2026-02-02 22:00:00,32,2,SEG-A,115.9461,115.8721,48.093,47.31,14.4904
2026-02-02 22:00:00,32,2,SEG-B,115.9032,115.8516,46.752,45.843,14.4904
2026-02-02 22:00:00,32,2,SEG-C,115.9792,116.0117,45.174,44.21,14.4904
2026-02-02 22:00:00,32,2,SEG-D,115.9203,115.8793,43.748,42.883,14.4904
2026-02-02 22:00:00,32,2,SEG-E,115.9218,115.8021,42.569,41.513,14.4904
2026-02-02 22:00:00,32,2,SEG-F,115.9768,115.9992,40.821,40.107,14.4904
2026-02-02 22:00:00,32,2,SEG-G,115.8446,115.8019,39.474,38.902,14.4904
2026-02-02 22:00:00,32,2,SEG-H,115.9772,115.874,38.279,37.12,14.4904
2026-02-02 22:00:00,32,2,SEG-I,115.8877,115.8468,37.012,35.979,14.4904
2026-02-02 22:00:00,32,2,SEG-J,115.9647,115.8266,35.298,34.475,14.4904
2026-02-02 22:00:00,32,2,SEG-K,115.8982,115.909,33.947,33.009,14.4904
2026-02-02 22:00:00,32,2,SEG-L,115.8975,115.9338,32.786,31.878,14.4904
2026-02-02 22:00:00,32,2,SEG-M,115.9245,115.9345,31.217,30.325,14.4904
2026-02-02 22:00:00,32,2,SEG-N,115.9201,115.9045,29.72,28.98,14.4904
2026-02-02 22:00:00,32,2,SEG-O,115.9332,115.8896,28.378,27.53,14.4904
2026-02-02 22:00:00,32,2,SEG-P,115.9203,115.9367,27.014,26.374,14.4904
2026-02-02 22:00:00,32,2,SEG-Q,116.0347,115.9308,25.43,24.795,14.4904
2026-02-02 22:00:00,32,2,SEG-R,115.9072,115.9368,24.054,23.299,14.4904
2026-02-02 22:00:00,32,2,SEG-S,115.9797,115.9002,22.776,22.001,14.4904
2026-02-02 22:00:00,32,2,SEG-T,115.9651,115.941,21.366,20.779,14.4904
2026-02-03 06:00:00,33,0,SEG-A,277.0545,276.9486,47.752,47.291,34.6388
2026-02-03 06:00:00,33,0,SEG-B,277.1002,276.875,46.54,45.59,34.6388
2026-02-03 06:00:00,33,0,SEG-C,277.0793,276.9211,45.187,44.233,34.6388
2026-02-03 06:00:00,33,0,SEG-D,277.0883,277.0891,43.733,42.76,34.6388
2026-02-03 06:00:00,33,0,SEG-E,276.978,277.1591,42.234,41.343,34.6388
2026-02-03 06:00:00,33,0,SEG-F,276.9211,277.084,40.972,40.11,34.6388
2026-02-03 06:00:00,33,0,SEG-G,277.079,277.2053,39.405,38.573,34.6388
2026-02-03 06:00:00,33,0,SEG-H,277.0651,277.018,38.311,37.478,34.6388
2026-02-03 06:00:00,33,0,SEG-I,277.2447,277.1786,36.745,36.0,34.6388
2026-02-03 06:00:00,33,0,SEG-J,276.8384,277.2061,35.307,34.667,34.6388
2026-02-03 06:00:00,33,0,SEG-K,277.0034,277.3216,33.897,33.013,34.6388
2026-02-03 06:00:00,33,0,SEG-L,277.2999,277.0143,32.633,31.851,34.6388
2026-02-03 06:00:00,33,0,SEG-M,277.0869,277.1004,31.179,30.404,34.6388
2026-02-03 06:00:00,33,0,SEG-N,277.1049,277.0599,29.89,28.86,34.6388
2026-02-03 06:00:00,33,0,SEG-O,277.0694,277.2039,28.616,27.588,34.6388
2026-02-03 06:00:00,33,0,SEG-P,277.0607,276.8868,27.025,26.112,34.6388
2026-02-03 06:00:00,33,0,SEG-Q,276.8653,277.1351,25.531,24.825,34.6388
2026-02-03 06:00:00,33,0,SEG-R,276.9767,276.7794,24.301,23.372,34.6388
2026-02-03 06:00:00,33,0,SEG-S,277.1967,277.1099,22.775,21.926,34.6388
2026-02-03 06:00:00,33,0,SEG-T,277.0878,277.171,21.379,20.399,34.6388
2026-02-03 14:00:00,33,1,SEG-A,356.5543,356.8479,47.941,47.177,44.6052
2026-02-03 14:00:00,33,1,SEG-B,356.9443,356.3791,46.524,45.751,44.6052
2026-02-03 14:00:00,33,1,SEG-C,356.5922,356.7465,45.137,44.348,44.6052
2026-02-03 14:00:00,33,1,SEG-D,356.934,356.9629,43.864,43.126,44.6052
2026-02-03 14:00:00,33,1,SEG-E,356.7691,356.8905,42.386,41.518,44.6052
2026-02-03 14:00:00,33,1,SEG-F,356.6295,357.0856,40.993,40.219,44.6052
2026-02-03 14:00:00,33,1,SEG-G,356.7,356.6642,39.527,38.806,44.6052
2026-02-03 14:00:00,33,1,SEG-H,356.873,356.6803,38.328,37.451,44.6052
2026-02-03 14:00:00,33,1,SEG-I,357.1476,356.9106,36.64,35.962,44.6052
2026-02-03 14:00:00,33,1,SEG-J,356.5116,356.9461,35.385,34.574,44.6052
2026-02-03 14:00:00,33,1,SEG-K,356.7474,356.8094,33.731,33.135,44.6052
2026-02-03 14:00:00,33,1,SEG-L,356.7971,356.9429,32.591,31.889,44.6052
2026-02-03 14:00:00,33,1,SEG-M,356.8143,356.7542,31.182,30.57,44.6052
2026-02-03 14:00:00,33,1,SEG-N,356.6201,356.8175,29.998,28.99,44.6052
2026-02-03 14:00:00,33,1,SEG-O,357.3113,356.8135,28.534,27.449,44.6052
2026-02-03 14:00:00,33,1,SEG-P,356.6953,357.0001,27.187,26.244,44.6052
2026-02-03 14:00:00,33,1,SEG-Q,356.7507,356.7522,25.312,24.552,44.6052
2026-02-03 14:00:00,33,1,SEG-R,356.8247,356.6577,24.103,23.431,44.6052
2026-02-03 14:00:00,33,1,SEG-S,356.6064,356.6163,23.01,22.029,44.6052
2026-02-03 14:00:00,33,1,SEG-T,357.0168,356.8682,21.313,20.562,44.6052
2026-02-03 22:00:00,33,2,SEG-A,186.0949,186.163,47.885,47.198,23.2733
2026-02-03 22:00:00,33,2,SEG-B,186.1495,186.0953,46.77,45.749,23.2733
2026-02-03 22:00:00,33,2,SEG-C,186.2879,186.3263,44.863,44.273,23.2733
2026-02-03 22:00:00,33,2,SEG-D,186.2328,186.1932,43.914,42.903,23.2733
2026-02-03 22:00:00,33,2,SEG-E,186.1998,186.1021,42.381,41.739,23.2733
2026-02-03 22:00:00,33,2,SEG-F,186.1525,186.1747,40.927,40.061,23.2733
2026-02-03 22:00:00,33,2,SEG-G,186.1767,186.2007,39.526,38.674,23.2733
2026-02-03 22:00:00,33,2,SEG-H,186.079,186.0912,38.224,37.15,23.2733
2026-02-03 22:00:00,33,2,SEG-I,186.1519,186.1854,36.739,35.958,23.2733
2026-02-03 22:00:00,33,2,SEG-J,186.1327,186.112,35.565,34.485,23.2733
2026-02-03 22:00:00,33,2,SEG-K,186.1588,186.2824,34.057,33.122,23.2733
2026-02-03 22:00:00,33,2,SEG-L,186.2875,186.1224,32.593,31.735,23.2733
2026-02-03 22:00:00,33,2,SEG-M,186.2367,186.1056,31.168,30.343,23.2733
2026-02-03 22:00:00,33,2,SEG-N,186.2204,186.1676,29.831,28.772,23.2733
2026-02-03 22:00:00,33,2,SEG-O,186.086,186.1453,28.329,27.439,23.2733
2026-02-03 22:00:00,33,2,SEG-P,186.1676,186.1054,26.902,26.317,23.2733
2026-02-03 22:00:00,33,2,SEG-Q,186.2141,186.1011,25.635,24.801,23.2733
2026-02-03 22:00:00,33,2,SEG-R,186.2424,186.2412,24.051,23.315,23.2733
2026-02-03 22:00:00,33,2,SEG-S,186.2544,186.2986,22.841,22.034,23.2733
2026-02-03 22:00:00,33,2,SEG-T,186.1367,186.3567,21.444,20.519,23.2733
2026-02-04 06:00:00,34,0,SEG-A,267.979,267.9991,47.969,47.038,33.5049
2026-02-04 06:00:00,34,0,SEG-B,268.0773,267.9723,46.69,45.644,33.5049
2026-02-04 06:00:00,34,0,SEG-C,267.9023,268.0657,45.198,44.463,33.5049
2026-02-04 06:00:00,34,0,SEG-D,268.0383,268.3079,43.827,43.2,33.5049
2026-02-04 06:00:00,34,0,SEG-E,268.2042,268.0783,42.226,41.66,33.5049
2026-02-04 06:00:00,34,0,SEG-F,268.2795,267.8418,40.969,40.033,33.5049
2026-02-04 06:00:00,34,0,SEG-G,268.0803,268.0647,39.56,38.964,33.5049
2026-02-04 06:00:00,34,0,SEG-H,268.0634,267.9014,38.182,37.145,33.5049
2026-02-04 06:00:00,34,0,SEG-I,268.1398,268.1133,36.827,35.862,33.5049
2026-02-04 06:00:00,34,0,SEG-J,268.0484,268.0329,35.404,34.507,33.5049
2026-02-04 06:00:00,34,0,SEG-K,267.8896,268.0087,33.929,33.068,33.5049
2026-02-04 06:00:00,34,0,SEG-L,268.1082,268.1381,32.658,31.788,33.5049
2026-02-04 06:00:00,34,0,SEG-M,268.0289,267.8484,31.289,30.233,33.5049
2026-02-04 06:00:00,34,0,SEG-N,268.2509,268.0388,29.763,28.815,33.5049
2026-02-04 06:00:00,34,0,SEG-O,268.014,267.9888,28.423,27.424,33.5049
2026-02-04 06:00:00,34,0,SEG-P,268.0374,267.95,26.741,26.292,33.5049
2026-02-04 06:00:00,34,0,SEG-Q,267.7587,267.9386,25.501,24.626,33.5049
2026-02-04 06:00:00,34,0,SEG-R,267.9837,267.89,24.238,23.305,33.5049
2026-02-04 06:00:00,34,0,SEG-S,267.9935,268.1901,22.79,21.897,33.5049
2026-02-04 06:00:00,34,0,SEG-T,267.9401,267.9828,21.38,20.532,33.5049
2026-02-04 14:00:00,34,1,SEG-A,312.9986,312.7269,48.229,47.368,39.1219
2026-02-04 14:00:00,34,1,SEG-B,312.8339,312.8042,46.766,45.445,39.1219
2026-02-04 14:00:00,34,1,SEG-C,313.0294,313.1723,45.072,44.214,39.1219
2026-02-04 14:00:00,34,1,SEG-D,312.8217,312.8386,43.891,43.07,39.1219
2026-02-04 14:00:00,34,1,SEG-E,312.9423,312.8843,42.403,41.678,39.1219
2026-02-04 14:00:00,34,1,SEG-F,312.8008,312.8795,41.08,40.2,39.1219
2026-02-04 14:00:00,34,1,SEG-G,312.8319,312.7495,39.889,38.726,39.1219
2026-02-04 14:00:00,34,1,SEG-H,312.8776,312.8462,38.147,37.284,39.1219
2026-02-04 14:00:00,34,1,SEG-I,313.0912,312.9296,36.912,35.951,39.1219
2026-02-04 14:00:00,34,1,SEG-J,312.8876,313.0325,35.497,34.568,39.1219
2026-02-04 14:00:00,34,1,SEG-K,313.1097,312.9445,34.149,33.095,39.1219
2026-02-04 14:00:00,34,1,SEG-L,312.8785,313.0811,32.52,31.609,39.1219
2026-02-04 14:00:00,34,1,SEG-M,312.9891,312.9942,31.438,30.353,39.1219
2026-02-04 14:00:00,34,1,SEG-N,313.2923,312.9646,29.636,28.868,39.1219
2026-02-04 14:00:00,34,1,SEG-O,312.8951,313.1291,28.323,27.686,39.1219
2026-02-04 14:00:00,34,1,SEG-P,312.9808,313.0979,27.017,26.092,39.1219
2026-02-04 14:00:00,34,1,SEG-Q,312.7398,313.1311,25.764,24.842,39.1219
2026-02-04 14:00:00,34,1,SEG-R,313.2039,312.7834,24.174,23.326,39.1219
2026-02-04 14:00:00,34,1,SEG-S,312.9191,313.1702,22.815,22.033,39.1219
2026-02-04 14:00:00,34,1,SEG-T,312.8259,312.8771,21.459,20.63,39.1219
2026-02-04 22:00:00,34,2,SEG-A,165.6926,165.8303,47.993,47.095,20.7208
2026-02-04 22:00:00,34,2,SEG-B,165.7536,165.7269,46.694,45.734,20.7208
2026-02-04 22:00:00,34,2,SEG-C,165.7694,165.7546,45.225,44.202,20.7208
2026-02-04 22:00:00,34,2,SEG-D,165.6974,165.742,43.831,42.885,20.7208
2026-02-04 22:00:00,34,2,SEG-E,165.6328,165.7563,42.454,41.782,20.7208
2026-02-04 22:00:00,34,2,SEG-F,165.7826,165.8283,40.934,40.171,20.7208
2026-02-04 22:00:00,34,2,SEG-G,165.835,165.7289,39.717,38.8,20.7208
2026-02-04 22:00:00,34,2,SEG-H,165.7249,165.7639,38.268,37.461,20.7208
2026-02-04 22:00:00,34,2,SEG-I,165.7838,165.6637,36.728,35.827,20.7208
2026-02-04 22:00:00,34,2,SEG-J,165.7612,165.6535,35.654,34.628,20.7208
2026-02-04 22:00:00,34,2,SEG-K,165.7348,165.7248,34.16,33.181,20.7208
2026-02-04 22:00:00,34,2,SEG-L,165.837,165.7027,32.581,31.444,20.7208
2026-02-04 22:00:00,34,2,SEG-M,165.6195,165.7337,31.187,30.484,20.7208
2026-02-04 22:00:00,34,2,SEG-N,165.675,165.7724,29.971,28.834,20.7208
2026-02-04 22:00:00,34,2,SEG-O,165.6672,165.8657,28.456,27.487,20.7208
2026-02-04 22:00:00,34,2,SEG-P,165.8211,165.755,27.192,26.142,20.7208
2026-02-04 22:00:00,34,2,SEG-Q,165.8185,165.9037,25.452,24.561,20.7208
2026-02-04 22:00:00,34,2,SEG-R,165.7973,165.74,24.334,23.416,20.7208
2026-02-04 22:00:00,34,2,SEG-S,165.8204,165.8889,22.931,21.994,20.7208
2026-02-04 22:00:00,34,2,SEG-T,165.7403,165.7407,21.539,20.565,20.7208
2026-02-05 06:00:00,35,0,SEG-A,238.6858,238.8889,47.774,47.056,29.8526
2026-02-05 06:00:00,35,0,SEG-B,238.8256,238.8996,46.57,45.929,29.8526
2026-02-05 06:00:00,35,0,SEG-C,238.8762,238.8763,45.204,44.224,29.8526
2026-02-05 06:00:00,35,0,SEG-D,239.0004,238.7471,43.689,42.719,29.8526
2026-02-05 06:00:00,35,0,SEG-E,238.7556,238.7692,42.391,41.623,29.8526
2026-02-05 06:00:00,35,0,SEG-F,238.8041,238.685,41.183,40.146,29.8526
2026-02-05 06:00:00,35,0,SEG-G,238.7009,238.8654,39.584,38.69,29.8526
2026-02-05 06:00:00,35,0,SEG-H,238.7869,238.7586,38.325,37.336,29.8526
2026-02-05 06:00:00,35,0,SEG-I,238.851,238.9068,36.777,36.002,29.8526
2026-02-05 06:00:00,35,0,SEG-J,239.0018,238.7416,35.274,34.656,29.8526
2026-02-05 06:00:00,35,0,SEG-K,238.9161,238.8442,33.833,33.189,29.8526
2026-02-05 06:00:00,35,0,SEG-L,238.763,238.8061,32.536,31.916,29.8526
2026-02-05 06:00:00,35,0,SEG-M,238.7878,238.7371,31.257,30.29,29.8526
2026-02-05 06:00:00,35,0,SEG-N,238.7987,238.7702,29.782,28.868,29.8526
2026-02-05 06:00:00,35,0,SEG-O,238.8264,238.9232,28.401,27.729,29.8526
2026-02-05 06:00:00,35,0,SEG-P,238.749,238.8815,26.941,26.072,29.8526
2026-02-05 06:00:00,35,0,SEG-Q,238.8316,238.8568,25.782,24.8,29.8526
2026-02-05 06:00:00,35,0,SEG-R,238.9852,238.9292,24.012,23.428,29.8526
2026-02-05 06:00:00,35,0,SEG-S,238.711,238.6974,22.764,22.045,29.8526
2026-02-05 06:00:00,35,0,SEG-T,238.846,238.8695,21.429,20.566,29.8526
2026-02-05 14:00:00,35,1,SEG-A,316.4111,316.2209,48.018,47.237,39.5299
2026-02-05 14:00:00,35,1,SEG-B,316.5213,316.3658,46.579,45.758,39.5299
2026-02-05 14:00:00,35,1,SEG-C,316.2578,316.4652,45.296,44.159,39.5299
2026-02-05 14:00:00,35,1,SEG-D,316.1902,316.0295,43.796,42.989,39.5299
2026-02-05 14:00:00,35,1,SEG-E,316.1642,316.1249,42.429,41.624,39.5299
2026-02-05 14:00:00,35,1,SEG-F,316.0607,316.3157,41.22,40.146,39.5299
2026-02-05 14:00:00,35,1,SEG-G,316.4362,316.5892,39.734,38.813,39.5299
2026-02-05 14:00:00,35,1,SEG-H,316.3875,316.4575,38.271,37.333,39.5299
2026-02-05 14:00:00,35,1,SEG-I,316.0873,316.3024,36.93,36.086,39.5299
2026-02-05 14:00:00,35,1,SEG-J,316.1083,316.2865,35.505,34.696,39.5299
2026-02-05 14:00:00,35,1,SEG-K,316.2916,316.079,34.125,32.872,39.5299
2026-02-05 14:00:00,35,1,SEG-L,316.2426,316.4012,32.431,31.881,39.5299
2026-02-05 14:00:00,35,1,SEG-M,316.3993,316.4656,31.266,30.351,39.5299
2026-02-05 14:00:00,35,1,SEG-N,316.3399,316.5296,29.85,28.951,39.5299
2026-02-05 14:00:00,35,1,SEG-O,316.2996,316.2764,28.128,27.46,39.5299
2026-02-05 14:00:00,35,1,SEG-P,316.146,316.2634,26.993,26.0,39.5299
2026-02-05 14:00:00,35,1,SEG-Q,316.1682,316.235,25.765,24.942,39.5299
2026-02-05 14:00:00,35,1,SEG-R,316.191,316.2044,24.123,23.166,39.5299
2026-02-05 14:00:00,35,1,SEG-S,316.4212,316.2192,22.78,21.798,39.5299
2026-02-05 14:00:00,35,1,SEG-T,316.5231,316.5481,21.233,20.521,39.5299
2026-02-05 22:00:00,35,2,SEG-A,160.9482,160.7441,47.917,47.365,20.1173
2026-02-05 22:00:00,35,2,SEG-B,161.0167,161.0083,46.565,45.668,20.1173
2026-02-05 22:00:00,35,2,SEG-C,161.0253,160.8821,45.146,44.432,20.1173
2026-02-05 22:00:00,35,2,SEG-D,160.8194,160.8726,43.87,43.184,20.1173
2026-02-05 22:00:00,35,2,SEG-E,160.9479,161.0385,42.385,41.574,20.1173
2026-02-05 22:00:00,35,2,SEG-F,160.8575,161.041,40.827,40.072,20.1173
2026-02-05 22:00:00,35,2,SEG-G,160.9383,160.8505,39.424,38.404,20.1173
2026-02-05 22:00:00,35,2,SEG-H,160.9314,160.925,38.225,37.371,20.1173
2026-02-05 22:00:00,35,2,SEG-I,160.9413,160.9198,36.826,35.914,20.1173
2026-02-05 22:00:00,35,2,SEG-J,160.9904,161.0657,35.329,34.497,20.1173
2026-02-05 22:00:00,35,2,SEG-K,160.9162,161.0072,34.12,33.278,20.1173
2026-02-05 22:00:00,35,2,SEG-L,161.057,161.0155,32.64,31.724,20.1173
2026-02-05 22:00:00,35,2,SEG-M,160.8716,160.9814,31.17,30.335,20.1173
2026-02-05 22:00:00,35,2,SEG-N,160.9639,161.0153,29.749,28.901,20.1173
2026-02-05 22:00:00,35,2,SEG-O,160.9866,160.9799,28.247,27.815,20.1173
2026-02-05 22:00:00,35,2,SEG-P,161.0484,160.9805,26.807,26.205,20.1173
2026-02-05 22:00:00,35,2,SEG-Q,160.8487,160.8777,25.792,24.536,20.1173
2026-02-05 22:00:00,35,2,SEG-R,161.0219,160.9453,23.934,23.375,20.1173
2026-02-05 22:00:00,35,2,SEG-S,160.8728,160.9953,22.479,21.945,20.1173
2026-02-05 22:00:00,35,2,SEG-T,160.9964,160.9226,21.434,20.618,20.1173
2026-02-06 06:00:00,36,0,SEG-A,214.8928,214.8286,48.046,47.091,26.8746
2026-02-06 06:00:00,36,0,SEG-B,215.0202,215.0717,46.414,45.714,26.8746
2026-02-06 06:00:00,36,0,SEG-C,214.9532,214.9199,45.146,44.328,26.8746
2026-02-06 06:00:00,36,0,SEG-D,215.0005,215.0655,43.731,42.938,26.8746
2026-02-06 06:00:00,36,0,SEG-E,215.1759,215.0019,42.603,41.759,26.8746
2026-02-06 06:00:00,36,0,SEG-F,214.9722,215.131,40.98,40.328,26.8746
2026-02-06 06:00:00,36,0,SEG-G,215.0351,214.8912,39.377,38.911,26.8746
2026-02-06 06:00:00,36,0,SEG-H,214.9431,215.0677,38.154,37.46,26.8746
2026-02-06 06:00:00,36,0,SEG-I,214.8586,215.0041,36.745,36.019,26.8746
2026-02-06 06:00:00,36,0,SEG-J,215.0657,215.0411,35.507,34.312,26.8746
2026-02-06 06:00:00,36,0,SEG-K,214.8729,214.9616,34.096,33.399,26.8746
2026-02-06 06:00:00,36,0,SEG-L,215.0267,214.8836,32.537,31.784,26.8746
2026-02-06 06:00:00,36,0,SEG-M,215.0877,215.1117,31.225,30.306,26.8746
2026-02-06 06:00:00,36,0,SEG-N,214.8387,214.9097,29.623,28.992,26.8746
2026-02-06 06:00:00,36,0,SEG-O,214.9494,215.0341,28.599,27.361,26.8746
2026-02-06 06:00:00,36,0,SEG-P,214.8913,214.7586,27.153,26.406,26.8746
2026-02-06 06:00:00,36,0,SEG-Q,215.1413,214.9593,25.401,24.716,26.8746
2026-02-06 06:00:00,36,0,SEG-R,214.9827,214.9641,24.276,23.562,26.8746
2026-02-06 06:00:00,36,0,SEG-S,215.1547,215.0019,22.737,21.912,26.8746
2026-02-06 06:00:00,36,0,SEG-T,215.0066,214.8979,21.523,20.588,26.8746
2026-02-06 14:00:00,36,1,SEG-A,246.966,246.8634,47.989,47.158,30.8836
2026-02-06 14:00:00,36,1,SEG-B,247.1192,247.1269,46.647,45.788,30.8836
2026-02-06 14:00:00,36,1,SEG-C,247.2085,247.1858,45.358,44.4,30.8836
2026-02-06 14:00:00,36,1,SEG-D,247.0412,247.1339,43.893,42.957,30.8836
2026-02-06 14:00:00,36,1,SEG-E,247.0706,247.1735,42.354,41.613,30.8836
2026-02-06 14:00:00,36,1,SEG-F,247.003,247.2172,41.032,40.107,30.8836
2026-02-06 14:00:00,36,1,SEG-G,246.9119,247.1139,39.715,38.866,30.8836
2026-02-06 14:00:00,36,1,SEG-H,247.2307,247.2315,38.446,37.408,30.8836
2026-02-06 14:00:00,36,1,SEG-I,247.1689,247.0956,36.914,36.104,30.8836
2026-02-06 14:00:00,36,1,SEG-J,247.2481,247.1037,35.584,34.769,30.8836
2026-02-06 14:00:00,36,1,SEG-K,247.0129,247.0182,33.978,33.039,30.8836
2026-02-06 14:00:00,36,1,SEG-L,247.3342,247.1247,32.818,31.801,30.8836
2026-02-06 14:00:00,36,1,SEG-M,246.9637,247.0363,31.189,30.337,30.8836
2026-02-06 14:00:00,36,1,SEG-N,246.895,247.0112,29.941,29.007,30.8836
2026-02-06 14:00:00,36,1,SEG-O,247.0489,246.9524,28.393,27.53,30.8836
2026-02-06 14:00:00,36,1,SEG-P,247.0884,246.9142,27.004,26.166,30.8836
2026-02-06 14:00:00,36,1,SEG-Q,247.0383,246.9804,25.45,24.621,30.8836
2026-02-06 14:00:00,36,1,SEG-R,247.0169,247.0058,24.043,23.252,30.8836
2026-02-06 14:00:00,36,1,SEG-S,247.1559,246.9296,22.783,22.021,30.8836
2026-02-06 14:00:00,36,1,SEG-T,246.7606,246.9992,21.353,20.551,30.8836
2026-02-06 22:00:00,36,2,SEG-A,193.3942,193.4262,47.911,47.338,24.1796
2026-02-06 22:00:00,36,2,SEG-B,193.2722,193.635,46.589,45.601,24.1796
2026-02-06 22:00:00,36,2,SEG-C,193.4597,193.3571,45.342,44.357,24.1796
2026-02-06 22:00:00,36,2,SEG-D,193.4921,193.4452,43.78,43.05,24.1796
2026-02-06 22:00:00,36,2,SEG-E,193.3222,193.459,42.411,41.87,24.1796
2026-02-06 22:00:00,36,2,SEG-F,193.4346,193.595,40.987,40.402,24.1796
2026-02-06 22:00:00,36,2,SEG-G,193.5004,193.4878,39.776,38.899,24.1796
2026-02-06 22:00:00,36,2,SEG-H,193.3163,193.4666,38.151,37.166,24.1796
2026-02-06 22:00:00,36,2,SEG-I,193.3901,193.4926,36.894,35.916,24.1796
2026-02-06 22:00:00,36,2,SEG-J,193.4679,193.5022,35.355,34.605,24.1796
2026-02-06 22:00:00,36,2,SEG-K,193.4464,193.4961,33.798,33.046,24.1796
2026-02-06 22:00:00,36,2,SEG-L,193.4387,193.4251,32.56,31.806,24.1796
2026-02-06 22:00:00,36,2,SEG-M,193.5074,193.3589,31.254,30.121,24.1796
2026-02-06 22:00:00,36,2,SEG-N,193.5321,193.3888,29.865,28.928,24.1796
2026-02-06 22:00:00,36,2,SEG-O,193.5576,193.2934,28.663,27.634,24.1796
2026-02-06 22:00:00,36,2,SEG-P,193.3597,193.3726,27.149,26.272,24.1796
2026-02-06 22:00:00,36,2,SEG-Q,193.3171,193.425,25.598,24.738,24.1796
2026-02-06 22:00:00,36,2,SEG-R,193.4709,193.4458,24.293,23.259,24.1796
2026-02-06 22:00:00,36,2,SEG-S,193.3982,193.4165,22.888,21.754,24.1796
2026-02-06 22:00:00,36,2,SEG-T,193.3395,193.5699,21.209,20.47,24.1796
2026-02-07 06:00:00,37,0,SEG-A,268.3081,268.6768,48.052,47.252,33.5598
2026-02-07 06:00:00,37,0,SEG-B,268.4888,268.5058,46.466,45.841,33.5598
2026-02-07 06:00:00,37,0,SEG-C,268.2758,268.5701,45.048,44.326,33.5598
2026-02-07 06:00:00,37,0,SEG-D,268.307,268.6996,43.779,42.952,33.5598
2026-02-07 06:00:00,37,0,SEG-E,268.514,268.4371,42.294,41.541,33.5598
2026-02-07 06:00:00,37,0,SEG-F,268.5166,268.5108,41.141,40.056,33.5598
2026-02-07 06:00:00,37,0,SEG-G,268.5728,268.4618,39.49,38.822,33.5598
2026-02-07 06:00:00,37,0,SEG-H,268.6739,268.5969,37.99,37.353,33.5598
2026-02-07 06:00:00,37,0,SEG-I,268.5655,268.3755,36.866,36.02,33.5598
2026-02-07 06:00:00,37,0,SEG-J,268.23,268.3198,35.373,34.517,33.5598
2026-02-07 06:00:00,37,0,SEG-K,268.4104,268.6865,33.916,33.003,33.5598
2026-02-07 06:00:00,37,0,SEG-L,268.3431,268.308,32.56,31.535,33.5598
2026-02-07 06:00:00,37,0,SEG-M,268.4464,268.5129,31.249,30.302,33.5598
2026-02-07 06:00:00,37,0,SEG-N,268.4358,268.3545,29.637,28.886,33.5598
2026-02-07 06:00:00,37,0,SEG-O,268.4729,268.432,28.417,27.58,33.5598
2026-02-07 06:00:00,37,0,SEG-P,268.6165,268.5085,27.008,25.945,33.5598
2026-02-07 06:00:00,37,0,SEG-Q,268.3668,268.4041,25.54,24.713,33.5598
2026-02-07 06:00:00,37,0,SEG-R,268.452,268.6193,24.041,23.363,33.5598
2026-02-07 06:00:00,37,0,SEG-S,268.4322,268.3889,22.638,21.692,33.5598
2026-02-07 06:00:00,37,0,SEG-T,268.2725,268.502,21.402,20.728,33.5598
2026-02-07 14:00:00,37,1,SEG-A,299.3566,299.4254,48.044,47.109,37.4484
2026-02-07 14:00:00,37,1,SEG-B,299.4183,299.7953,46.713,45.737,37.4484
2026-02-07 14:00:00,37,1,SEG-C,299.4887,299.3731,45.205,44.219,37.4484
2026-02-07 14:00:00,37,1,SEG-D,299.5811,299.7417,43.909,42.78,37.4484
2026-02-07 14:00:00,37,1,SEG-E,299.7929,299.5022,42.268,41.47,37.4484
2026-02-07 14:00:00,37,1,SEG-F,299.813,299.6869,41.044,39.975,37.4484
2026-02-07 14:00:00,37,1,SEG-G,299.6723,299.7791,39.779,38.735,37.4484
2026-02-07 14:00:00,37,1,SEG-H,299.4522,299.5742,38.436,37.369,37.4484
2026-02-07 14:00:00,37,1,SEG-I,299.637,299.7255,36.811,36.188,37.4484
2026-02-07 14:00:00,37,1,SEG-J,299.4154,299.6622,35.489,34.521,37.4484
2026-02-07 14:00:00,37,1,SEG-K,299.5684,299.6463,33.906,33.063,37.4484
2026-02-07 14:00:00,37,1,SEG-L,299.7689,299.6315,32.763,31.803,37.4484
2026-02-07 14:00:00,37,1,SEG-M,299.2592,299.8685,31.069,30.331,37.4484
2026-02-07 14:00:00,37,1,SEG-N,299.8046,299.6415,29.832,28.967,37.4484
2026-02-07 14:00:00,37,1,SEG-O,299.5286,299.6657,28.169,27.478,37.4484
2026-02-07 14:00:00,37,1,SEG-P,299.722,299.5087,27.01,26.083,37.4484
2026-02-07 14:00:00,37,1,SEG-Q,299.5701,299.8096,25.667,24.776,37.4484
2026-02-07 14:00:00,37,1,SEG-R,299.7367,299.4757,24.271,23.223,37.4484
2026-02-07 14:00:00,37,1,SEG-S,299.4364,299.5092,22.745,21.895,37.4484
2026-02-07 14:00:00,37,1,SEG-T,299.4249,299.7215,21.486,20.817,37.4484
2026-02-07 22:00:00,37,2,SEG-A,185.0342,185.1508,48.001,47.016,23.1332
2026-02-07 22:00:00,37,2,SEG-B,185.0591,185.0609,46.735,45.869,23.1332
2026-02-07 22:00:00,37,2,SEG-C,184.9534,185.0513,45.131,44.367,23.1332
2026-02-07 22:00:00,37,2,SEG-D,185.1163,185.1069,43.759,42.8,23.1332
2026-02-07 22:00:00,37,2,SEG-E,185.2024,184.9209,42.437,41.611,23.1332
2026-02-07 22:00:00,37,2,SEG-F,184.997,185.135,40.983,40.241,23.1332
2026-02-07 22:00:00,37,2,SEG-G,185.1693,185.0319,39.69,38.831,23.1332
2026-02-07 22:00:00,37,2,SEG-H,185.1884,185.1315,38.277,37.463,23.1332
2026-02-07 22:00:00,37,2,SEG-I,184.9868,185.1972,36.869,35.979,23.1332
2026-02-07 22:00:00,37,2,SEG-J,185.0158,185.1093,35.338,34.567,23.1332
2026-02-07 22:00:00,37,2,SEG-K,185.0227,185.0879,34.029,33.288,23.1332
2026-02-07 22:00:00,37,2,SEG-L,185.0699,185.0922,32.752,31.627,23.1332
2026-02-07 22:00:00,37,2,SEG-M,185.0237,185.1003,31.372,29.985,23.1332
2026-02-07 22:00:00,37,2,SEG-N,185.0539,185.0466,29.989,29.006,23.1332
2026-02-07 22:00:00,37,2,SEG-O,185.136,184.9402,28.48,27.528,23.1332
2026-02-07 22:00:00,37,2,SEG-P,185.0049,184.9343,26.935,26.226,23.1332
2026-02-07 22:00:00,37,2,SEG-Q,185.0829,185.1675,25.85,24.819,23.1332
2026-02-07 22:00:00,37,2,SEG-R,185.1034,185.1782,24.117,23.481,23.1332
2026-02-07 22:00:00,37,2,SEG-S,185.0344,185.1155,22.841,22.066,23.1332
2026-02-07 22:00:00,37,2,SEG-T,185.0466,185.0741,21.353,20.306,23.1332
2026-02-08 06:00:00,38,0,SEG-A,237.665,237.4469,48.148,46.997,29.6837
2026-02-08 06:00:00,38,0,SEG-B,237.4966,237.5462,46.616,45.64,29.6837
2026-02-08 06:00:00,38,0,SEG-C,237.4273,237.4583,45.307,44.289,29.6837
2026-02-08 06:00:00,38,0,SEG-D,237.4003,237.4613,43.716,42.935,29.6837
2026-02-08 06:00:00,38,0,SEG-E,237.4601,237.5986,42.453,41.457,29.6837
2026-02-08 06:00:00,38,0,SEG-F,237.2238,237.5707,41.207,40.209,29.6837
2026-02-08 06:00:00,38,0,SEG-G,237.3087,237.5486,39.713,38.671,29.6837
2026-02-08 06:00:00,38,0,SEG-H,237.5556,237.7418,38.225,37.58,29.6837
2026-02-08 06:00:00,38,0,SEG-I,237.5133,237.4208,36.857,35.951,29.6837
2026-02-08 06:00:00,38,0,SEG-J,237.4299,237.582,35.442,34.597,29.6837
2026-02-08 06:00:00,38,0,SEG-K,237.6106,237.2822,33.966,33.065,29.6837
2026-02-08 06:00:00,38,0,SEG-L,237.6124,237.2412,32.657,31.742,29.6837
2026-02-08 06:00:00,38,0,SEG-M,237.4586,237.4228,31.27,30.445,29.6837
2026-02-08 06:00:00,38,0,SEG-N,237.3261,237.3122,29.911,28.989,29.6837
2026-02-08 06:00:00,38,0,SEG-O,237.4632,237.3715,28.407,27.651,29.6837
2026-02-08 06:00:00,38,0,SEG-P,237.5431,237.4136,27.192,26.143,29.6837
2026-02-08 06:00:00,38,0,SEG-Q,237.4634,237.5345,25.747,24.578,29.6837
2026-02-08 06:00:00,38,0,SEG-R,237.4818,237.438,24.021,23.412,29.6837
2026-02-08 06:00:00,38,0,SEG-S,237.2659,237.5717,22.777,21.798,29.6837
2026-02-08 06:00:00,38,0,SEG-T,237.4625,237.4107,21.58,20.515,29.6837
2026-02-08 14:00:00,38,1,SEG-A,281.7078,281.5984,48.043,47.096,35.2106
2026-02-08 14:00:00,38,1,SEG-B,281.8272,281.5966,46.405,45.683,35.2106
2026-02-08 14:00:00,38,1,SEG-C,281.8186,281.511,45.058,44.426,35.2106
2026-02-08 14:00:00,38,1,SEG-D,281.6913,281.713,43.693,42.659,35.2106
2026-02-08 14:00:00,38,1,SEG-E,281.736,281.6761,42.542,41.546,35.2106
2026-02-08 14:00:00,38,1,SEG-F,281.7244,281.8302,41.154,40.375,35.2106
2026-02-08 14:00:00,38,1,SEG-G,281.769,281.6447,39.661,38.811,35.2106
2026-02-08 14:00:00,38,1,SEG-H,281.7348,281.808,38.068,37.173,35.2106
2026-02-08 14:00:00,38,1,SEG-I,281.6586,281.7972,36.797,35.834,35.2106
2026-02-08 14:00:00,38,1,SEG-J,281.4664,281.583,35.486,34.881,35.2106
2026-02-08 14:00:00,38,1,SEG-K,281.6967,281.888,34.095,33.243,35.2106
2026-02-08 14:00:00,38,1,SEG-L,281.6182,281.7734,32.732,31.671,35.2106
2026-02-08 14:00:00,38,1,SEG-M,281.8996,281.5926,31.311,30.377,35.2106
2026-02-08 14:00:00,38,1,SEG-N,281.8055,281.5683,29.693,28.86,35.2106
2026-02-08 14:00:00,38,1,SEG-O,281.631,281.5887,28.493,27.553,35.2106
2026-02-08 14:00:00,38,1,SEG-P,281.716,281.8932,26.926,26.233,35.2106
2026-02-08 14:00:00,38,1,SEG-Q,281.7955,281.7957,25.649,24.618,35.2106
2026-02-08 14:00:00,38,1,SEG-R,281.5947,281.6206,24.144,23.37,35.2106
2026-02-08 14:00:00,38,1,SEG-S,281.8378,281.5497,22.824,21.704,35.2106
2026-02-08 14:00:00,38,1,SEG-T,281.6773,281.715,21.228,20.354,35.2106
2026-02-08 22:00:00,38,2,SEG-A,217.968,218.0624,48.172,47.07,27.2436
2026-02-08 22:00:00,38,2,SEG-B,217.9311,217.9082,46.767,45.598,27.2436
2026-02-08 22:00:00,38,2,SEG-C,218.0348,217.909,45.216,44.748,27.2436
2026-02-08 22:00:00,38,2,SEG-D,217.9367,217.9035,43.778,43.035,27.2436
2026-02-08 22:00:00,38,2,SEG-E,217.907,218.0888,42.547,41.593,27.2436
2026-02-08 22:00:00,38,2,SEG-F,218.0047,217.8168,41.004,40.17,27.2436
2026-02-08 22:00:00,38,2,SEG-G,218.0501,217.9132,39.643,38.629,27.2436
2026-02-08 22:00:00,38,2,SEG-H,217.9491,217.7449,38.175,37.41,27.2436
2026-02-08 22:00:00,38,2,SEG-I,217.8096,217.9709,36.84,36.003,27.2436
2026-02-08 22:00:00,38,2,SEG-J,217.9779,218.1479,35.305,34.352,27.2436
2026-02-08 22:00:00,38,2,SEG-K,218.0129,217.9599,34.006,33.122,27.2436
2026-02-08 22:00:00,38,2,SEG-L,217.8817,217.9028,32.784,31.947,27.2436
2026-02-08 22:00:00,38,2,SEG-M,217.8745,217.8166,31.226,30.299,27.2436
2026-02-08 22:00:00,38,2,SEG-N,217.9923,217.9183,29.82,29.09,27.2436
2026-02-08 22:00:00,38,2,SEG-O,217.9587,218.1186,28.374,27.504,27.2436
2026-02-08 22:00:00,38,2,SEG-P,217.9187,218.0116,26.917,25.955,27.2436
2026-02-08 22:00:00,38,2,SEG-Q,217.8394,218.0185,25.588,24.629,27.2436
2026-02-08 22:00:00,38,2,SEG-R,217.8105,218.1906,24.335,23.298,27.2436
2026-02-08 22:00:00,38,2,SEG-S,217.7931,217.9687,22.797,22.054,27.2436
2026-02-08 22:00:00,38,2,SEG-T,217.8982,218.1267,21.318,20.681,27.2436
2026-02-09 06:00:00,39,0,SEG-A,211.2844,211.278,48.137,47.224,26.4106
2026-02-09 06:00:00,39,0,SEG-B,211.3789,211.1119,46.504,45.756,26.4106
2026-02-09 06:00:00,39,0,SEG-C,211.356,211.2807,45.313,44.208,26.4106
2026-02-09 06:00:00,39,0,SEG-D,211.3979,211.1221,44.029,43.085,26.4106
2026-02-09 06:00:00,39,0,SEG-E,211.1962,211.2604,42.408,41.503,26.4106
2026-02-09 06:00:00,39,0,SEG-F,211.2663,211.3453,40.862,40.179,26.4106
2026-02-09 06:00:00,39,0,SEG-G,211.1601,211.2683,39.713,38.84,26.4106
2026-02-09 06:00:00,39,0,SEG-H,211.3366,211.3438,38.201,37.366,26.4106
2026-02-09 06:00:00,39,0,SEG-I,211.3003,211.1192,36.843,35.763,26.4106
2026-02-09 06:00:00,39,0,SEG-J,211.2887,211.2182,35.157,34.612,26.4106
2026-02-09 06:00:00,39,0,SEG-K,211.2594,211.2512,34.032,33.279,26.4106
2026-02-09 06:00:00,39,0,SEG-L,211.1764,211.1536,32.617,31.637,26.4106
2026-02-09 06:00:00,39,0,SEG-M,211.3538,211.2575,31.019,30.413,26.4106
2026-02-09 06:00:00,39,0,SEG-N,211.2652,211.4859,29.731,28.818,26.4106
2026-02-09 06:00:00,39,0,SEG-O,211.3843,211.3182,28.215,27.587,26.4106
2026-02-09 06:00:00,39,0,SEG-P,211.2151,211.424,27.074,26.231,26.4106
2026-02-09 06:00:00,39,0,SEG-Q,211.3949,211.2026,25.389,24.735,26.4106
2026-02-09 06:00:00,39,0,SEG-R,211.22,211.3687,24.103,23.38,26.4106
2026-02-09 06:00:00,39,0,SEG-S,211.2732,211.3043,22.96,21.869,26.4106
2026-02-09 06:00:00,39,0,SEG-T,211.5826,211.3404,21.318,20.425,26.4106
2026-02-09 14:00:00,39,1,SEG-A,301.2718,301.3768,48.058,47.191,37.6645
2026-02-09 14:00:00,39,1,SEG-B,301.3053,301.3133,46.688,45.676,37.6645
2026-02-09 14:00:00,39,1,SEG-C,301.1802,301.3821,45.209,44.353,37.6645
2026-02-09 14:00:00,39,1,SEG-D,301.1945,301.4063,43.852,42.8,37.6645
2026-02-09 14:00:00,39,1,SEG-E,301.5394,301.318,42.346,41.729,37.6645
2026-02-09 14:00:00,39,1,SEG-F,301.0143,301.4262,40.915,39.989,37.6645
2026-02-09 14:00:00,39,1,SEG-G,301.2776,301.3312,39.734,38.872,37.6645
2026-02-09 14:00:00,39,1,SEG-H,301.5916,301.3763,38.245,37.335,37.6645
2026-02-09 14:00:00,39,1,SEG-I,301.3017,301.626,36.645,36.013,37.6645
2026-02-09 14:00:00,39,1,SEG-J,301.1923,301.409,35.56,34.393,37.6645
2026-02-09 14:00:00,39,1,SEG-K,301.135,301.0841,33.918,33.218,37.6645
2026-02-09 14:00:00,39,1,SEG-L,301.3095,301.3492,32.496,31.835,37.6645
2026-02-09 14:00:00,39,1,SEG-M,301.378,301.103,31.253,30.404,37.6645
2026-02-09 14:00:00,39,1,SEG-N,301.4872,301.1958,29.79,28.682,37.6645
2026-02-09 14:00:00,39,1,SEG-O,301.2583,301.3278,28.509,27.63,37.6645
2026-02-09 14:00:00,39,1,SEG-P,301.1615,301.3547,27.084,26.166,37.6645
2026-02-09 14:00:00,39,1,SEG-Q,301.4502,301.3575,25.734,24.78,37.6645
2026-02-09 14:00:00,39,1,SEG-R,301.3817,301.0873,24.2,23.512,37.6645
2026-02-09 14:00:00,39,1,SEG-S,301.3624,301.6689,22.723,21.885,37.6645
2026-02-09 14:00:00,39,1,SEG-T,301.4885,301.2842,21.269,20.643,37.6645
2026-02-09 22:00:00,39,2,SEG-A,147.2671,147.3617,48.094,47.188,18.4195
2026-02-09 22:00:00,39,2,SEG-B,147.2575,147.4152,46.666,45.679,18.4195
2026-02-09 22:00:00,39,2,SEG-C,147.448,147.3044,45.168,44.27,18.4195
2026-02-09 22:00:00,39,2,SEG-D,147.4449,147.3187,43.842,42.937,18.4195
2026-02-09 22:00:00,39,2,SEG-E,147.2726,147.3802,42.265,41.397,18.4195
2026-02-09 22:00:00,39,2,SEG-F,147.3953,147.302,41.114,40.213,18.4195
2026-02-09 22:00:00,39,2,SEG-G,147.2329,147.3197,39.516,38.716,18.4195
2026-02-09 22:00:00,39,2,SEG-H,147.4419,147.2856,38.129,37.232,18.4195
2026-02-09 22:00:00,39,2,SEG-I,147.2938,147.2692,36.824,35.977,18.4195
2026-02-09 22:00:00,39,2,SEG-J,147.4494,147.3003,35.378,34.697,18.4195
2026-02-09 22:00:00,39,2,SEG-K,147.2471,147.2854,34.012,33.098,18.4195
2026-02-09 22:00:00,39,2,SEG-L,147.2935,147.372,32.541,31.635,18.4195
2026-02-09 22:00:00,39,2,SEG-M,147.3043,147.3595,31.219,30.566,18.4195
2026-02-09 22:00:00,39,2,SEG-N,147.4124,147.2263,29.691,28.947,18.4195
2026-02-09 22:00:00,39,2,SEG-O,147.324,147.2651,28.425,27.324,18.4195
2026-02-09 22:00:00,39,2,SEG-P,147.3082,147.3098,27.073,26.32,18.4195
2026-02-09 22:00:00,39,2,SEG-Q,147.3247,147.351,25.539,24.772,18.4195
2026-02-09 22:00:00,39,2,SEG-R,147.2879,147.3268,24.085,23.254,18.4195
2026-02-09 22:00:00,39,2,SEG-S,147.2648,147.2937,22.822,21.667,18.4195
2026-02-09 22:00:00,39,2,SEG-T,147.3586,147.3462,21.619,20.629,18.4195
2026-02-10 06:00:00,40,0,SEG-A,248.7859,248.808,48.091,47.125,31.1078
2026-02-10 06:00:00,40,0,SEG-B,248.6758,248.9716,46.257,45.68,31.1078
2026-02-10 06:00:00,40,0,SEG-C,248.6882,249.059,45.294,44.291,31.1078
2026-02-10 06:00:00,40,0,SEG-D,248.9682,248.8988,43.883,43.141,31.1078
2026-02-10 06:00:00,40,0,SEG-E,248.9177,248.8873,42.465,41.434,31.1078
2026-02-10 06:00:00,40,0,SEG-F,248.9491,249.0487,40.99,40.231,31.1078
2026-02-10 06:00:00,40,0,SEG-G,248.8087,248.7589,39.516,38.754,31.1078
2026-02-10 06:00:00,40,0,SEG-H,248.8458,248.8912,38.239,37.266,31.1078
2026-02-10 06:00:00,40,0,SEG-I,249.0754,248.7691,36.673,35.982,31.1078
2026-02-10 06:00:00,40,0,SEG-J,248.7462,248.7936,35.214,34.713,31.1078
2026-02-10 06:00:00,40,0,SEG-K,248.7298,248.7878,34.374,33.111,31.1078
2026-02-10 06:00:00,40,0,SEG-L,248.8596,248.668,32.803,31.831,31.1078
2026-02-10 06:00:00,40,0,SEG-M,248.869,248.7523,31.045,30.22,31.1078
2026-02-10 06:00:00,40,0,SEG-N,248.8059,248.6247,29.783,28.928,31.1078
2026-02-10 06:00:00,40,0,SEG-O,248.941,248.8007,28.389,27.441,31.1078
2026-02-10 06:00:00,40,0,SEG-P,248.9008,248.7596,27.047,26.051,31.1078
2026-02-10 06:00:00,40,0,SEG-Q,248.6695,248.9144,25.66,24.692,31.1078
2026-02-10 06:00:00,40,0,SEG-R,248.8323,248.7553,24.269,23.262,31.1078
2026-02-10 06:00:00,40,0,SEG-S,248.8795,248.9483,22.979,22.02,31.1078
2026-02-10 06:00:00,40,0,SEG-T,248.7491,249.1603,21.576,20.38,31.1078
2026-02-10 14:00:00,40,1,SEG-A,278.8328,278.984,47.829,47.196,34.862
2026-02-10 14:00:00,40,1,SEG-B,278.8326,278.9203,46.794,45.927,34.862
2026-02-10 14:00:00,40,1,SEG-C,279.0705,278.9988,45.2,44.422,34.862
2026-02-10 14:00:00,40,1,SEG-D,278.8393,278.8266,43.592,43.032,34.862
2026-02-10 14:00:00,40,1,SEG-E,278.7551,279.0864,42.46,41.34,34.862
2026-02-10 14:00:00,40,1,SEG-F,278.894,278.9283,41.168,39.975,34.862
2026-02-10 14:00:00,40,1,SEG-G,278.8752,278.8636,39.729,38.786,34.862
2026-02-10 14:00:00,40,1,SEG-H,278.679,279.0844,37.995,37.208,34.862
2026-02-10 14:00:00,40,1,SEG-I,278.8409,278.8536,36.846,35.66,34.862
2026-02-10 14:00:00,40,1,SEG-J,278.9843,278.7533,35.377,34.599,34.862
2026-02-10 14:00:00,40,1,SEG-K,278.8471,278.8048,34.261,32.941,34.862
2026-02-10 14:00:00,40,1,SEG-L,278.8671,278.6671,32.47,31.472,34.862
2026-02-10 14:00:00,40,1,SEG-M,278.9996,278.9845,31.425,30.532,34.862
2026-02-10 14:00:00,40,1,SEG-N,278.9757,278.926,30.115,28.888,34.862
2026-02-10 14:00:00,40,1,SEG-O,278.8481,279.1046,28.622,27.601,34.862
2026-02-10 14:00:00,40,1,SEG-P,278.7465,278.997,26.97,26.113,34.862
2026-02-10 14:00:00,40,1,SEG-Q,278.8175,278.7159,25.658,24.807,34.862
2026-02-10 14:00:00,40,1,SEG-R,278.9882,278.791,24.124,23.305,34.862
2026-02-10 14:00:00,40,1,SEG-S,278.6622,278.9036,22.957,22.027,34.862
2026-02-10 14:00:00,40,1,SEG-T,278.907,278.8594,21.575,20.583,34.862
2026-02-10 22:00:00,40,2,SEG-A,166.4025,166.3912,48.168,47.144,20.805
2026-02-10 22:00:00,40,2,SEG-B,166.3516,166.5196,46.568,45.653,20.805
2026-02-10 22:00:00,40,2,SEG-C,166.474,166.4881,45.233,44.426,20.805
2026-02-10 22:00:00,40,2,SEG-D,166.471,166.3008,43.659,43.079,20.805
2026-02-10 22:00:00,40,2,SEG-E,166.3517,166.3786,42.181,41.494,20.805
2026-02-10 22:00:00,40,2,SEG-F,166.3218,166.5567,41.045,39.977,20.805
2026-02-10 22:00:00,40,2,SEG-G,166.5039,166.3609,39.608,38.787,20.805
2026-02-10 22:00:00,40,2,SEG-H,166.493,166.5104,38.303,37.235,20.805
2026-02-10 22:00:00,40,2,SEG-I,166.5152,166.4261,36.901,35.818,20.805
2026-02-10 22:00:00,40,2,SEG-J,166.4418,166.4248,35.32,34.468,20.805
2026-02-10 22:00:00,40,2,SEG-K,166.3814,166.4903,33.911,33.06,20.805
2026-02-10 22:00:00,40,2,SEG-L,166.4289,166.4351,32.471,31.658,20.805
2026-02-10 22:00:00,40,2,SEG-M,166.4724,166.6399,31.055,30.33,20.805
2026-02-10 22:00:00,40,2,SEG-N,166.334,166.5583,29.815,28.857,20.805
2026-02-10 22:00:00,40,2,SEG-O,166.5102,166.3806,28.468,27.697,20.805
2026-02-10 22:00:00,40,2,SEG-P,166.5168,166.3782,26.893,26.227,20.805
2026-02-10 22:00:00,40,2,SEG-Q,166.3982,166.5229,25.754,24.725,20.805
2026-02-10 22:00:00,40,2,SEG-R,166.4236,166.5073,24.131,23.657,20.805
2026-02-10 22:00:00,40,2,SEG-S,166.4779,166.3625,22.841,21.988,20.805
2026-02-10 22:00:00,40,2,SEG-T,166.373,166.4171,21.193,20.459,20.805
2026-02-11 06:00:00,41,0,SEG-A,253.9702,254.0192,48.031,47.106,31.7456
2026-02-11 06:00:00,41,0,SEG-B,254.1378,253.9253,46.693,45.906,31.7456
2026-02-11 06:00:00,41,0,SEG-C,254.0558,254.1657,45.103,44.256,31.7456
2026-02-11 06:00:00,41,0,SEG-D,254.016,254.2265,43.904,42.945,31.7456
2026-02-11 06:00:00,41,0,SEG-E,254.059,254.0023,42.504,41.704,31.7456
2026-02-11 06:00:00,41,0,SEG-F,253.9321,253.9826,40.966,40.047,31.7456
2026-02-11 06:00:00,41,0,SEG-G,253.7996,253.7096,39.363,38.605,31.7456
2026-02-11 06:00:00,41,0,SEG-H,254.1634,253.9389,38.101,37.285,31.7456
2026-02-11 06:00:00,41,0,SEG-I,253.8306,253.9206,36.683,36.128,31.7456
2026-02-11 06:00:00,41,0,SEG-J,253.8272,254.0696,35.339,34.488,31.7456
2026-02-11 06:00:00,41,0,SEG-K,253.9863,253.6819,33.995,33.031,31.7456
2026-02-11 06:00:00,41,0,SEG-L,254.0597,253.8193,32.676,31.746,31.7456
2026-02-11 06:00:00,41,0,SEG-M,253.9388,253.8076,31.254,30.477,31.7456
2026-02-11 06:00:00,41,0,SEG-N,253.8333,253.9795,29.796,28.998,31.7456
2026-02-11 06:00:00,41,0,SEG-O,253.8858,254.0558,28.443,27.687,31.7456
2026-02-11 06:00:00,41,0,SEG-P,254.0118,253.9306,27.098,26.444,31.7456
2026-02-11 06:00:00,41,0,SEG-Q,253.8335,254.0903,25.566,24.724,31.7456
2026-02-11 06:00:00,41,0,SEG-R,253.9486,253.8044,24.173,23.321,31.7456
2026-02-11 06:00:00,41,0,SEG-S,254.0328,254.224,22.826,21.907,31.7456
2026-02-11 06:00:00,41,0,SEG-T,253.8486,253.8581,21.237,20.517,31.7456
2026-02-11 14:00:00,41,1,SEG-A,238.7337,238.6263,48.065,46.95,29.8353
2026-02-11 14:00:00,41,1,SEG-B,238.7524,238.6778,46.507,45.693,29.8353
2026-02-11 14:00:00,41,1,SEG-C,238.8104,238.6857,45.156,44.225,29.8353
2026-02-11 14:00:00,41,1,SEG-D,238.7005,238.7382,43.71,42.973,29.8353
2026-02-11 14:00:00,41,1,SEG-E,238.685,238.582,42.246,41.83,29.8353
2026-02-11 14:00:00,41,1,SEG-F,238.7936,238.7523,40.856,40.229,29.8353
2026-02-11 14:00:00,41,1,SEG-G,238.6335,238.6694,39.807,38.996,29.8353
2026-02-11 14:00:00,41,1,SEG-H,238.5511,238.5576,38.157,37.216,29.8353
2026-02-11 14:00:00,41,1,SEG-I,238.7489,238.8804,36.808,35.857,29.8353
2026-02-11 14:00:00,41,1,SEG-J,238.817,238.6236,35.145,34.707,29.8353
2026-02-11 14:00:00,41,1,SEG-K,238.7655,238.6161,33.986,32.971,29.8353
2026-02-11 14:00:00,41,1,SEG-L,238.6227,238.7236,32.641,31.855,29.8353
2026-02-11 14:00:00,41,1,SEG-M,238.7985,238.6327,31.215,30.513,29.8353
2026-02-11 14:00:00,41,1,SEG-N,238.6029,238.5618,29.787,28.796,29.8353
2026-02-11 14:00:00,41,1,SEG-O,238.8457,238.5756,28.244,27.5,29.8353
2026-02-11 14:00:00,41,1,SEG-P,238.8151,238.7043,27.052,26.144,29.8353
2026-02-11 14:00:00,41,1,SEG-Q,238.9633,238.6608,25.848,24.736,29.8353
2026-02-11 14:00:00,41,1,SEG-R,238.6538,238.6581,24.376,23.368,29.8353
2026-02-11 14:00:00,41,1,SEG-S,238.7572,238.5624,22.804,22.279,29.8353
2026-02-11 14:00:00,41,1,SEG-T,238.5794,238.7217,21.544,20.462,29.8353
2026-02-11 22:00:00,41,2,SEG-A,170.0553,170.1427,47.991,47.44,21.262
2026-02-11 22:00:00,41,2,SEG-B,170.054,170.207,46.78,45.751,21.262
2026-02-11 22:00:00,41,2,SEG-C,170.088,169.9895,45.079,44.597,21.262
2026-02-11 22:00:00,41,2,SEG-D,170.1474,170.0604,43.834,42.981,21.262
2026-02-11 22:00:00,41,2,SEG-E,170.038,170.195,42.328,41.597,21.262
2026-02-11 22:00:00,41,2,SEG-F,170.1348,169.9992,41.143,40.288,21.262
2026-02-11 22:00:00,41,2,SEG-G,170.0796,170.1881,39.8,38.809,21.262
2026-02-11 22:00:00,41,2,SEG-H,170.1416,170.0825,38.417,37.386,21.262
2026-02-11 22:00:00,41,2,SEG-I,170.2041,170.141,36.772,35.909,21.262
2026-02-11 22:00:00,41,2,SEG-J,170.022,170.0334,35.453,34.577,21.262
2026-02-11 22:00:00,41,2,SEG-K,170.1269,170.0006,33.743,33.213,21.262
2026-02-11 22:00:00,41,2,SEG-L,170.179,170.1209,32.772,31.611,21.262
2026-02-11 22:00:00,41,2,SEG-M,170.0406,170.199,31.15,30.248,21.262
2026-02-11 22:00:00,41,2,SEG-N,170.1118,170.0914,29.755,28.996,21.262
2026-02-11 22:00:00,41,2,SEG-O,170.1339,170.1007,28.286,27.671,21.262
2026-02-11 22:00:00,41,2,SEG-P,170.1936,170.0386,26.802,25.992,21.262
2026-02-11 22:00:00,41,2,SEG-Q,170.1384,170.0768,25.49,24.706,21.262
2026-02-11 22:00:00,41,2,SEG-R,170.1411,170.0827,24.203,23.24,21.262
2026-02-11 22:00:00,41,2,SEG-S,170.2326,170.1524,22.862,21.787,21.262
2026-02-11 22:00:00,41,2,SEG-T,170.1317,170.1733,21.419,20.357,21.262
2026-02-12 06:00:00,42,0,SEG-A,275.3276,275.5508,48.007,47.132,34.4359
2026-02-12 06:00:00,42,0,SEG-B,275.5633,275.6475,46.638,45.802,34.4359
2026-02-12 06:00:00,42,0,SEG-C,275.5723,275.4461,45.24,44.346,34.4359
2026-02-12 06:00:00,42,0,SEG-D,275.4554,275.7457,44.083,42.948,34.4359
2026-02-12 06:00:00,42,0,SEG-E,275.4225,275.3495,42.338,41.414,34.4359
2026-02-12 06:00:00,42,0,SEG-F,275.603,275.4874,40.912,40.306,34.4359
2026-02-12 06:00:00,42,0,SEG-G,275.5802,275.5729,39.451,38.7,34.4359
2026-02-12 06:00:00,42,0,SEG-H,275.6248,275.4885,38.259,37.46,34.4359
2026-02-12 06:00:00,42,0,SEG-I,275.5889,275.3343,36.634,35.974,34.4359
2026-02-12 06:00:00,42,0,SEG-J,275.8141,275.3155,35.287,34.33,34.4359
2026-02-12 06:00:00,42,0,SEG-K,275.5576,275.3722,33.855,33.087,34.4359
2026-02-12 06:00:00,42,0,SEG-L,275.5025,275.4998,32.65,31.765,34.4359
2026-02-12 06:00:00,42,0,SEG-M,275.5966,275.4219,31.171,30.404,34.4359
2026-02-12 06:00:00,42,0,SEG-N,275.4826,275.3593,29.599,28.98,34.4359
2026-02-12 06:00:00,42,0,SEG-O,275.4457,275.4255,28.736,27.567,34.4359
2026-02-12 06:00:00,42,0,SEG-P,275.5378,275.5916,26.967,26.031,34.4359
2026-02-12 06:00:00,42,0,SEG-Q,275.645,275.4917,25.497,24.94,34.4359
2026-02-12 06:00:00,42,0,SEG-R,275.3706,275.4428,24.243,23.581,34.4359
2026-02-12 06:00:00,42,0,SEG-S,275.6287,275.4085,22.599,21.791,34.4359
2026-02-12 06:00:00,42,0,SEG-T,275.6426,275.8711,21.716,20.469,34.4359
2026-02-12 14:00:00,42,1,SEG-A,279.4515,279.401,48.113,47.101,34.9259
2026-02-12 14:00:00,42,1,SEG-B,279.5637,279.1596,46.598,45.664,34.9259
2026-02-12 14:00:00,42,1,SEG-C,279.4265,279.4164,44.872,44.477,34.9259
2026-02-12 14:00:00,42,1,SEG-D,279.366,279.6831,43.75,42.989,34.9259
2026-02-12 14:00:00,42,1,SEG-E,279.4021,279.4722,42.44,41.511,34.9259
2026-02-12 14:00:00,42,1,SEG-F,279.4409,279.4492,40.962,39.981,34.9259
2026-02-12 14:00:00,42,1,SEG-G,279.2223,279.2079,39.526,38.841,34.9259
2026-02-12 14:00:00,42,1,SEG-H,279.2077,279.3781,38.311,37.258,34.9259
2026-02-12 14:00:00,42,1,SEG-I,279.3403,279.6037,36.809,35.963,34.9259
2026-02-12 14:00:00,42,1,SEG-J,279.3677,279.2264,35.18,34.512,34.9259
2026-02-12 14:00:00,42,1,SEG-K,279.4629,279.5391,33.863,33.025,34.9259
2026-02-12 14:00:00,42,1,SEG-L,279.4446,279.4594,32.749,31.484,34.9259
2026-02-12 14:00:00,42,1,SEG-M,279.3659,279.1711,31.008,30.239,34.9259
2026-02-12 14:00:00,42,1,SEG-N,279.2179,279.5619,29.792,29.082,34.9259
2026-02-12 14:00:00,42,1,SEG-O,279.3435,279.2962,28.349,27.572,34.9259
2026-02-12 14:00:00,42,1,SEG-P,279.4076,279.1975,26.932,26.149,34.9259
2026-02-12 14:00:00,42,1,SEG-Q,279.3379,279.34,25.651,24.63,34.9259
2026-02-12 14:00:00,42,1,SEG-R,279.7073,279.3172,24.268,23.337,34.9259
2026-02-12 14:00:00,42,1,SEG-S,279.1317,279.5384,22.783,21.665,34.9259
2026-02-12 14:00:00,42,1,SEG-T,279.1229,279.5708,21.547,20.452,34.9259
2026-02-12 22:00:00,42,2,SEG-A,192.9544,192.997,47.971,47.208,24.1276
2026-02-12 22:00:00,42,2,SEG-B,193.0976,193.0775,46.582,45.512,24.1276
2026-02-12 22:00:00,42,2,SEG-C,193.0356,193.0208,45.237,44.023,24.1276
2026-02-12 22:00:00,42,2,SEG-D,193.025,192.8937,43.757,42.975,24.1276
2026-02-12 22:00:00,42,2,SEG-E,193.0688,193.0321,42.381,41.575,24.1276
2026-02-12 22:00:00,42,2,SEG-F,193.0718,193.1024,40.933,39.898,24.1276
2026-02-12 22:00:00,42,2,SEG-G,192.8712,192.9739,39.833,38.68,24.1276
2026-02-12 22:00:00,42,2,SEG-H,193.0613,193.2036,38.182,37.297,24.1276
2026-02-12 22:00:00,42,2,SEG-I,192.853,193.0859,36.926,35.812,24.1276
2026-02-12 22:00:00,42,2,SEG-J,193.0605,193.0622,35.522,34.545,24.1276
2026-02-12 22:00:00,42,2,SEG-K,192.982,192.9874,33.898,33.148,24.1276
2026-02-12 22:00:00,42,2,SEG-L,193.0172,193.1832,32.643,31.755,24.1276
2026-02-12 22:00:00,42,2,SEG-M,193.1077,193.1259,30.901,30.285,24.1276
2026-02-12 22:00:00,42,2,SEG-N,193.0786,192.8776,29.96,29.037,24.1276
2026-02-12 22:00:00,42,2,SEG-O,192.9486,193.025,28.443,27.792,24.1276
2026-02-12 22:00:00,42,2,SEG-P,192.8458,193.0444,26.895,26.003,24.1276
2026-02-12 22:00:00,42,2,SEG-Q,193.0577,193.1982,25.624,24.723,24.1276
2026-02-12 22:00:00,42,2,SEG-R,192.8999,192.9828,24.201,23.242,24.1276
2026-02-12 22:00:00,42,2,SEG-S,193.0078,193.0316,22.875,21.884,24.1276
2026-02-12 22:00:00,42,2,SEG-T,193.1216,193.0652,21.263,20.817,24.1276
2026-02-13 06:00:00,43,0,SEG-A,248.8034,248.7201,48.075,47.003,31.0967
2026-02-13 06:00:00,43,0,SEG-B,248.7435,249.0851,46.65,45.819,31.0967
2026-02-13 06:00:00,43,0,SEG-C,248.9043,248.7973,45.274,44.534,31.0967
2026-02-13 06:00:00,43,0,SEG-D,248.78,248.7755,43.831,42.886,31.0967
2026-02-13 06:00:00,43,0,SEG-E,248.7042,248.7552,42.476,41.689,31.0967
2026-02-13 06:00:00,43,0,SEG-F,248.6326,248.4867,41.068,40.306,31.0967
2026-02-13 06:00:00,43,0,SEG-G,248.9252,248.9253,39.443,38.73,31.0967
2026-02-13 06:00:00,43,0,SEG-H,248.6591,248.6294,38.012,37.424,31.0967
2026-02-13 06:00:00,43,0,SEG-I,248.8337,248.821,36.979,35.903,31.0967
2026-02-13 06:00:00,43,0,SEG-J,248.7261,248.661,35.244,34.539,31.0967
2026-02-13 06:00:00,43,0,SEG-K,248.9138,248.8125,34.198,33.185,31.0967
2026-02-13 06:00:00,43,0,SEG-L,248.7843,248.7114,32.388,31.81,31.0967
2026-02-13 06:00:00,43,0,SEG-M,248.7981,248.6229,31.296,30.153,31.0967
2026-02-13 06:00:00,43,0,SEG-N,248.8314,248.6922,29.692,29.007,31.0967
2026-02-13 06:00:00,43,0,SEG-O,248.8392,248.7235,28.569,27.479,31.0967
2026-02-13 06:00:00,43,0,SEG-P,248.8504,248.6948,26.919,26.03,31.0967
2026-02-13 06:00:00,43,0,SEG-Q,248.8478,248.7092,25.71,24.651,31.0967
2026-02-13 06:00:00,43,0,SEG-R,248.8281,248.8066,24.329,23.382,31.0967
2026-02-13 06:00:00,43,0,SEG-S,248.7363,248.9363,22.44,22.123,31.0967
2026-02-13 06:00:00,43,0,SEG-T,248.8834,248.6618,21.271,20.582,31.0967
2026-02-13 14:00:00,43,1,SEG-A,308.9677,308.9661,48.23,47.099,38.6247
2026-02-13 14:00:00,43,1,SEG-B,309.0144,309.0455,46.466,45.901,38.6247
2026-02-13 14:00:00,43,1,SEG-C,309.1581,308.6097,45.179,44.332,38.6247
2026-02-13 14:00:00,43,1,SEG-D,308.9622,309.1636,43.838,42.928,38.6247
2026-02-13 14:00:00,43,1,SEG-E,309.038,309.1491,42.375,41.304,38.6247
2026-02-13 14:00:00,43,1,SEG-F,309.1829,308.8447,40.932,40.272,38.6247
2026-02-13 14:00:00,43,1,SEG-G,308.9653,308.866,39.409,38.596,38.6247
2026-02-13 14:00:00,43,1,SEG-H,309.0392,309.0844,38.059,37.421,38.6247
2026-02-13 14:00:00,43,1,SEG-I,308.9356,309.0959,36.951,35.734,38.6247
2026-02-13 14:00:00,43,1,SEG-J,308.9127,309.2123,35.244,34.589,38.6247
2026-02-13 14:00:00,43,1,SEG-K,308.8505,309.068,33.9,32.914,38.6247
2026-02-13 14:00:00,43,1,SEG-L,308.8112,308.9661,32.672,31.717,38.6247
2026-02-13 14:00:00,43,1,SEG-M,308.7724,308.9313,31.527,30.251,38.6247
2026-02-13 14:00:00,43,1,SEG-N,308.9215,309.0295,29.683,28.848,38.6247
2026-02-13 14:00:00,43,1,SEG-O,309.0264,308.9143,28.309,27.639,38.6247
2026-02-13 14:00:00,43,1,SEG-P,309.0078,309.0988,26.891,26.059,38.6247
2026-02-13 14:00:00,43,1,SEG-Q,308.9362,308.7812,25.811,24.549,38.6247
2026-02-13 14:00:00,43,1,SEG-R,308.9051,309.0399,24.261,23.401,38.6247
2026-02-13 14:00:00,43,1,SEG-S,308.8224,309.0606,22.869,21.675,38.6247
2026-02-13 14:00:00,43,1,SEG-T,308.9286,309.0212,21.533,20.358,38.6247
2026-02-13 22:00:00,43,2,SEG-A,141.6342,141.6174,48.118,46.997,17.6997
2026-02-13 22:00:00,43,2,SEG-B,141.7064,141.5269,46.782,45.921,17.6997
2026-02-13 22:00:00,43,2,SEG-C,141.5248,141.5172,45.287,44.43,17.6997
2026-02-13 22:00:00,43,2,SEG-D,141.5393,141.6883,43.719,42.879,17.6997
2026-02-13 22:00:00,43,2,SEG-E,141.6956,141.5104,42.566,41.459,17.6997
2026-02-13 22:00:00,43,2,SEG-F,141.6496,141.5442,40.876,40.087,17.6997
2026-02-13 22:00:00,43,2,SEG-G,141.6076,141.5255,39.673,38.779,17.6997
2026-02-13 22:00:00,43,2,SEG-H,141.5057,141.6056,38.176,37.326,17.6997
2026-02-13 22:00:00,43,2,SEG-I,141.7462,141.5566,36.777,36.12,17.6997
2026-02-13 22:00:00,43,2,SEG-J,141.533,141.4259,35.363,34.488,17.6997
2026-02-13 22:00:00,43,2,SEG-K,141.5313,141.6786,33.834,33.109,17.6997
2026-02-13 22:00:00,43,2,SEG-L,141.6347,141.5246,32.668,31.751,17.6997
2026-02-13 22:00:00,43,2,SEG-M,141.6699,141.4874,31.324,30.493,17.6997
2026-02-13 22:00:00,43,2,SEG-N,141.5451,141.649,29.704,29.087,17.6997
2026-02-13 22:00:00,43,2,SEG-O,141.796,141.574,28.193,27.36,17.6997
2026-02-13 22:00:00,43,2,SEG-P,141.6208,141.5512,26.993,26.234,17.6997
2026-02-13 22:00:00,43,2,SEG-Q,141.4949,141.5392,25.61,24.793,17.6997
2026-02-13 22:00:00,43,2,SEG-R,141.6812,141.6363,24.393,23.615,17.6997
2026-02-13 22:00:00,43,2,SEG-S,141.5261,141.5487,22.788,21.865,17.6997
2026-02-13 22:00:00,43,2,SEG-T,141.7035,141.6552,21.43,20.699,17.6997
2026-02-14 06:00:00,44,0,SEG-A,211.2836,211.2071,48.133,47.158,26.4051
2026-02-14 06:00:00,44,0,SEG-B,211.2931,211.2687,46.643,45.772,26.4051
2026-02-14 06:00:00,44,0,SEG-C,211.2098,211.2953,45.028,44.281,26.4051
2026-02-14 06:00:00,44,0,SEG-D,211.385,211.2985,43.771,42.973,26.4051
2026-02-14 06:00:00,44,0,SEG-E,211.3606,211.2644,42.481,41.376,26.4051
2026-02-14 06:00:00,44,0,SEG-F,211.2329,211.2175,40.83,40.061,26.4051
2026-02-14 06:00:00,44,0,SEG-G,211.2001,211.2729,39.591,38.68,26.4051
2026-02-14 06:00:00,44,0,SEG-H,211.0568,211.3336,38.112,37.488,26.4051
2026-02-14 06:00:00,44,0,SEG-I,211.2794,211.2495,36.741,35.959,26.4051
2026-02-14 06:00:00,44,0,SEG-J,211.2012,211.3586,35.395,34.673,26.4051
2026-02-14 06:00:00,44,0,SEG-K,211.2293,211.1833,34.018,33.169,26.4051
2026-02-14 06:00:00,44,0,SEG-L,211.097,211.2012,32.552,31.66,26.4051
2026-02-14 06:00:00,44,0,SEG-M,211.2999,211.2532,31.167,30.32,26.4051
2026-02-14 06:00:00,44,0,SEG-N,211.1835,211.3068,29.624,28.881,26.4051
2026-02-14 06:00:00,44,0,SEG-O,211.2413,211.3585,28.606,27.707,26.4051
2026-02-14 06:00:00,44,0,SEG-P,211.2508,211.3044,27.101,26.259,26.4051
2026-02-14 06:00:00,44,0,SEG-Q,211.215,211.2661,25.694,24.66,26.4051
2026-02-14 06:00:00,44,0,SEG-R,211.101,211.1074,24.171,23.376,26.4051
2026-02-14 06:00:00,44,0,SEG-S,211.2367,211.2361,22.937,22.067,26.4051
2026-02-14 06:00:00,44,0,SEG-T,211.3284,211.3308,21.46,20.64,26.4051
2026-02-14 14:00:00,44,1,SEG-A,289.2885,289.2546,47.862,47.291,36.1777
2026-02-14 14:00:00,44,1,SEG-B,289.4307,289.5063,46.515,45.86,36.1777
2026-02-14 14:00:00,44,1,SEG-C,289.5561,289.0766,45.378,44.255,36.1777
2026-02-14 14:00:00,44,1,SEG-D,289.3364,289.4338,43.707,42.91,36.1777
2026-02-14 14:00:00,44,1,SEG-E,289.4684,289.5612,42.162,41.506,36.1777
2026-02-14 14:00:00,44,1,SEG-F,289.3412,289.4024,40.734,39.949,36.1777
2026-02-14 14:00:00,44,1,SEG-G,289.4477,289.4886,39.486,38.672,36.1777
2026-02-14 14:00:00,44,1,SEG-H,289.6822,289.3306,38.174,37.324,36.1777
2026-02-14 14:00:00,44,1,SEG-I,289.5764,289.6421,36.919,35.786,36.1777
2026-02-14 14:00:00,44,1,SEG-J,289.3431,289.4601,35.588,34.533,36.1777
2026-02-14 14:00:00,44,1,SEG-K,289.4439,289.4977,33.772,33.167,36.1777
2026-02-14 14:00:00,44,1,SEG-L,289.327,289.4423,32.784,31.573,36.1777
2026-02-14 14:00:00,44,1,SEG-M,289.4417,289.4306,31.325,30.518,36.1777
2026-02-14 14:00:00,44,1,SEG-N,289.37,289.5643,29.673,28.822,36.1777
2026-02-14 14:00:00,44,1,SEG-O,289.4866,289.3224,28.381,27.525,36.1777
2026-02-14 14:00:00,44,1,SEG-P,289.5887,289.3819,26.991,26.082,36.1777
2026-02-14 14:00:00,44,1,SEG-Q,289.4282,289.2982,25.429,24.76,36.1777
2026-02-14 14:00:00,44,1,SEG-R,289.3383,289.5537,24.39,23.113,36.1777
2026-02-14 14:00:00,44,1,SEG-S,289.4023,289.4329,22.553,22.139,36.1777
2026-02-14 14:00:00,44,1,SEG-T,289.3555,289.6239,21.264,20.484,36.1777
2026-02-14 22:00:00,44,2,SEG-A,159.2512,159.2272,48.057,46.991,19.9037
2026-02-14 22:00:00,44,2,SEG-B,159.2483,159.3433,46.492,45.564,19.9037
2026-02-14 22:00:00,44,2,SEG-C,159.3441,159.2465,45.148,44.524,19.9037
2026-02-14 22:00:00,44,2,SEG-D,159.267,159.0571,43.794,42.962,19.9037
2026-02-14 22:00:00,44,2,SEG-E,159.3205,159.2637,42.381,41.446,19.9037
2026-02-14 22:00:00,44,2,SEG-F,159.3978,159.3353,40.875,40.328,19.9037
2026-02-14 22:00:00,44,2,SEG-G,159.1957,159.3588,39.6,38.661,19.9037
2026-02-14 22:00:00,44,2,SEG-H,159.2967,159.3886,38.164,37.218,19.9037
2026-02-14 22:00:00,44,2,SEG-I,159.2083,159.1954,36.69,35.924,19.9037
2026-02-14 22:00:00,44,2,SEG-J,159.2476,159.1931,35.358,34.589,19.9037
2026-02-14 22:00:00,44,2,SEG-K,159.1493,159.2272,33.913,33.288,19.9037
2026-02-14 22:00:00,44,2,SEG-L,159.2896,159.2036,32.436,31.57,19.9037
2026-02-14 22:00:00,44,2,SEG-M,159.1938,159.2623,30.955,30.308,19.9037
2026-02-14 22:00:00,44,2,SEG-N,159.278,159.1956,29.851,28.744,19.9037
2026-02-14 22:00:00,44,2,SEG-O,159.2177,159.3155,28.616,27.502,19.9037
2026-02-14 22:00:00,44,2,SEG-P,159.259,159.2358,27.112,25.77,19.9037
2026-02-14 22:00:00,44,2,SEG-Q,159.1683,159.1279,25.563,24.909,19.9037
2026-02-14 22:00:00,44,2,SEG-R,159.2506,159.286,24.175,23.195,19.9037
2026-02-14 22:00:00,44,2,SEG-S,159.2601,159.3839,22.681,22.094,19.9037
2026-02-14 22:00:00,44,2,SEG-T,159.2208,159.2307,21.48,20.556,19.9037
2026-02-15 06:00:00,45,0,SEG-A,237.7348,237.5046,48.084,47.051,29.6918
2026-02-15 06:00:00,45,0,SEG-B,237.537,237.5768,46.655,45.801,29.6918
2026-02-15 06:00:00,45,0,SEG-C,237.6078,237.51,45.12,44.104,29.6918
2026-02-15 06:00:00,45,0,SEG-D,237.3905,237.5305,43.865,42.836,29.6918
2026-02-15 06:00:00,45,0,SEG-E,237.4794,237.6855,42.567,41.54,29.6918
2026-02-15 06:00:00,45,0,SEG-F,237.6625,237.804,40.823,40.054,29.6918
2026-02-15 06:00:00,45,0,SEG-G,237.5911,237.491,39.709,38.699,29.6918
2026-02-15 06:00:00,45,0,SEG-H,237.5404,237.1679,38.326,37.203,29.6918
2026-02-15 06:00:00,45,0,SEG-I,237.4778,237.5461,36.762,36.173,29.6918
2026-02-15 06:00:00,45,0,SEG-J,237.6254,237.4621,35.385,34.647,29.6918
2026-02-15 06:00:00,45,0,SEG-K,237.3477,237.4569,33.975,32.994,29.6918
2026-02-15 06:00:00,45,0,SEG-L,237.3539,237.4918,32.7,31.715,29.6918
2026-02-15 06:00:00,45,0,SEG-M,237.4954,237.552,31.147,30.553,29.6918
2026-02-15 06:00:00,45,0,SEG-N,237.4635,237.495,29.658,28.988,29.6918
2026-02-15 06:00:00,45,0,SEG-O,237.6439,237.5494,28.674,27.613,29.6918
2026-02-15 06:00:00,45,0,SEG-P,237.5662,237.504,27.057,26.157,29.6918
2026-02-15 06:00:00,45,0,SEG-Q,237.7043,237.5573,25.394,24.609,29.6918
2026-02-15 06:00:00,45,0,SEG-R,237.4429,237.599,24.322,23.277,29.6918
2026-02-15 06:00:00,45,0,SEG-S,237.6673,237.5697,22.62,21.891,29.6918
2026-02-15 06:00:00,45,0,SEG-T,237.6001,237.5313,21.401,20.573,29.6918
2026-02-15 14:00:00,45,1,SEG-A,315.9939,315.5931,48.061,47.412,39.5044
2026-02-15 14:00:00,45,1,SEG-B,315.9193,315.7503,46.561,45.665,39.5044
2026-02-15 14:00:00,45,1,SEG-C,316.0712,316.1116,45.16,44.251,39.5044
2026-02-15 14:00:00,45,1,SEG-D,315.9729,316.0746,44.058,42.918,39.5044
2026-02-15 14:00:00,45,1,SEG-E,315.6686,316.054,42.238,41.607,39.5044
2026-02-15 14:00:00,45,1,SEG-F,315.8752,315.9983,40.921,40.194,39.5044
2026-02-15 14:00:00,45,1,SEG-G,316.328,315.7542,39.564,38.584,39.5044
2026-02-15 14:00:00,45,1,SEG-H,315.9239,315.797,38.317,37.344,39.5044
2026-02-15 14:00:00,45,1,SEG-I,316.1458,316.2305,36.764,36.061,39.5044
2026-02-15 14:00:00,45,1,SEG-J,315.9962,315.9393,35.331,34.641,39.5044
2026-02-15 14:00:00,45,1,SEG-K,316.0994,316.1269,33.92,33.123,39.5044
2026-02-15 14:00:00,45,1,SEG-L,315.7172,316.1849,32.663,31.808,39.5044
2026-02-15 14:00:00,45,1,SEG-M,316.1828,316.1216,31.234,30.224,39.5044
2026-02-15 14:00:00,45,1,SEG-N,316.0702,315.9951,29.753,28.869,39.5044
2026-02-15 14:00:00,45,1,SEG-O,315.9971,315.8518,28.509,27.615,39.5044
2026-02-15 14:00:00,45,1,SEG-P,316.1161,315.9934,26.889,26.22,39.5044
2026-02-15 14:00:00,45,1,SEG-Q,316.0693,316.0281,25.58,24.719,39.5044
2026-02-15 14:00:00,45,1,SEG-R,315.8666,315.8804,24.044,23.613,39.5044
2026-02-15 14:00:00,45,1,SEG-S,316.0118,316.0397,22.689,21.709,39.5044
2026-02-15 14:00:00,45,1,SEG-T,316.0359,316.1601,21.253,20.5,39.5044
2026-02-15 22:00:00,45,2,SEG-A,174.1982,174.0882,48.132,47.126,21.7607
2026-02-15 22:00:00,45,2,SEG-B,174.1486,174.1055,46.695,46.064,21.7607
2026-02-15 22:00:00,45,2,SEG-C,173.8877,174.0606,45.149,44.28,21.7607
2026-02-15 22:00:00,45,2,SEG-D,174.0283,174.3144,44.088,43.102,21.7607
2026-02-15 22:00:00,45,2,SEG-E,174.1384,174.0198,42.369,41.587,21.7607
2026-02-15 22:00:00,45,2,SEG-F,174.1127,173.9644,41.119,40.166,21.7607
2026-02-15 22:00:00,45,2,SEG-G,174.1183,174.1893,39.596,38.853,21.7607
2026-02-15 22:00:00,45,2,SEG-H,174.0542,174.1348,38.274,37.539,21.7607
2026-02-15 22:00:00,45,2,SEG-I,174.105,174.1144,36.683,35.79,21.7607
2026-02-15 22:00:00,45,2,SEG-J,174.2155,174.088,35.518,34.533,21.7607
2026-02-15 22:00:00,45,2,SEG-K,173.9561,174.0946,33.843,33.021,21.7607
2026-02-15 22:00:00,45,2,SEG-L,174.0624,174.1321,32.693,31.737,21.7607
2026-02-15 22:00:00,45,2,SEG-M,173.9793,173.9298,31.177,30.264,21.7607
2026-02-15 22:00:00,45,2,SEG-N,173.9404,174.0123,29.827,28.847,21.7607
2026-02-15 22:00:00,45,2,SEG-O,173.9745,174.0975,28.429,27.374,21.7607
2026-02-15 22:00:00,45,2,SEG-P,174.0856,174.0977,27.079,26.054,21.7607
2026-02-15 22:00:00,45,2,SEG-Q,174.1738,173.9403,25.712,24.918,21.7607
2026-02-15 22:00:00,45,2,SEG-R,174.0356,174.1302,24.21,23.177,21.7607
2026-02-15 22:00:00,45,2,SEG-S,174.1115,174.2089,22.844,22.079,21.7607
2026-02-15 22:00:00,45,2,SEG-T,174.0221,173.8517,21.225,20.644,21.7607
2026-02-16 06:00:00,46,0,SEG-A,200.0199,199.8074,48.042,47.023,24.9892
2026-02-16 06:00:00,46,0,SEG-B,199.9121,199.7559,46.589,45.833,24.9892
2026-02-16 06:00:00,46,0,SEG-C,199.8413,199.7305,45.235,44.48,24.9892
2026-02-16 06:00:00,46,0,SEG-D,199.9216,200.0311,43.785,42.866,24.9892
2026-02-16 06:00:00,46,0,SEG-E,199.9152,200.1804,42.276,41.492,24.9892
2026-02-16 06:00:00,46,0,SEG-F,199.9896,199.9056,41.022,40.121,24.9892
2026-02-16 06:00:00,46,0,SEG-G,199.8645,199.786,39.505,38.396,24.9892
2026-02-16 06:00:00,46,0,SEG-H,200.1056,199.9895,38.293,37.352,24.9892
2026-02-16 06:00:00,46,0,SEG-I,199.8239,199.9768,36.878,35.797,24.9892
2026-02-16 06:00:00,46,0,SEG-J,199.816,199.8282,35.588,34.544,24.9892
2026-02-16 06:00:00,46,0,SEG-K,199.9424,199.9805,34.169,33.185,24.9892
2026-02-16 06:00:00,46,0,SEG-L,199.8137,199.7669,32.84,31.593,24.9892
2026-02-16 06:00:00,46,0,SEG-M,199.8944,199.7594,31.085,30.445,24.9892
2026-02-16 06:00:00,46,0,SEG-N,199.7917,199.887,29.671,28.812,24.9892
2026-02-16 06:00:00,46,0,SEG-O,199.9194,200.1738,28.377,27.402,24.9892
2026-02-16 06:00:00,46,0,SEG-P,199.8037,199.9931,26.984,25.999,24.9892
2026-02-16 06:00:00,46,0,SEG-Q,199.8296,199.811,25.402,24.694,24.9892
2026-02-16 06:00:00,46,0,SEG-R,199.8178,199.9955,24.095,23.294,24.9892
2026-02-16 06:00:00,46,0,SEG-S,199.8012,199.8515,22.922,22.023,24.9892
2026-02-16 06:00:00,46,0,SEG-T,200.0379,199.8401,21.409,20.484,24.9892
2026-02-16 14:00:00,46,1,SEG-A,299.7573,299.3005,48.104,47.056,37.4319
2026-02-16 14:00:00,46,1,SEG-B,299.264,299.3828,46.734,45.731,37.4319
2026-02-16 14:00:00,46,1,SEG-C,299.4944,299.281,45.299,44.248,37.4319
2026-02-16 14:00:00,46,1,SEG-D,299.4111,299.4038,43.81,42.969,37.4318
2026-02-16 14:00:00,46,1,SEG-E,299.4272,299.4516,42.398,41.619,37.4318
2026-02-16 14:00:00,46,1,SEG-F,299.5142,299.4133,41.037,40.244,37.4318
2026-02-16 14:00:00,46,1,SEG-G,299.716,299.3526,39.617,38.999,37.4318
2026-02-16 14:00:00,46,1,SEG-H,299.3314,299.4042,38.174,37.363,37.4318
2026-02-16 14:00:00,46,1,SEG-I,299.4366,299.4757,36.85,35.912,37.4318
2026-02-16 14:00:00,46,1,SEG-J,299.2029,299.4075,35.365,34.588,37.4318
2026-02-16 14:00:00,46,1,SEG-K,299.396,299.4937,33.998,33.243,37.4318
2026-02-16 14:00:00,46,1,SEG-L,299.3662,299.8352,32.584,31.599,37.4318
2026-02-16 14:00:00,46,1,SEG-M,299.31,299.712,31.139,30.572,37.4318
2026-02-16 14:00:00,46,1,SEG-N,299.687,299.4505,29.777,28.83,37.4318
2026-02-16 14:00:00,46,1,SEG-O,299.2823,299.4676,28.467,27.607,37.4318
2026-02-16 14:00:00,46,1,SEG-P,299.185,299.4167,27.132,25.967,37.4318
2026-02-16 14:00:00,46,1,SEG-Q,299.3636,299.6303,25.669,24.85,37.4318
2026-02-16 14:00:00,46,1,SEG-R,299.5635,299.4381,24.218,23.551,37.4318
2026-02-16 14:00:00,46,1,SEG-S,299.6196,299.4864,22.652,22.029,37.4318
2026-02-16 14:00:00,46,1,SEG-T,299.4239,299.3989,21.126,20.432,37.4318
2026-02-16 22:00:00,46,2,SEG-A,137.2866,137.3747,47.771,47.036,17.1626
2026-02-16 22:00:00,46,2,SEG-B,137.3071,137.2958,46.651,45.882,17.1626
2026-02-16 22:00:00,46,2,SEG-C,137.2663,137.3194,45.062,44.525,17.1626
2026-02-16 22:00:00,46,2,SEG-D,137.3625,137.3127,43.967,42.702,17.1626
2026-02-16 22:00:00,46,2,SEG-E,137.3696,137.2423,42.494,41.636,17.1626
2026-02-16 22:00:00,46,2,SEG-F,137.2623,137.3837,41.198,40.382,17.1626
2026-02-16 22:00:00,46,2,SEG-G,137.3603,137.4421,39.599,39.033,17.1626
2026-02-16 22:00:00,46,2,SEG-H,137.3327,137.2589,38.341,37.232,17.1626
2026-02-16 22:00:00,46,2,SEG-I,137.2369,137.3134,36.768,35.822,17.1626
2026-02-16 22:00:00,46,2,SEG-J,137.2938,137.2361,35.296,34.404,17.1626
2026-02-16 22:00:00,46,2,SEG-K,137.3165,137.3381,34.198,33.066,17.1626
2026-02-16 22:00:00,46,2,SEG-L,137.3176,137.373,32.748,31.869,17.1626
2026-02-16 22:00:00,46,2,SEG-M,137.2428,137.3045,31.451,30.517,17.1626
2026-02-16 22:00:00,46,2,SEG-N,137.2674,137.2837,29.868,29.034,17.1626
2026-02-16 22:00:00,46,2,SEG-O,137.2447,137.2136,28.319,27.729,17.1626
2026-02-16 22:00:00,46,2,SEG-P,137.3782,137.1984,26.959,26.206,17.1626
2026-02-16 22:00:00,46,2,SEG-Q,137.3245,137.3342,25.632,24.768,17.1626
2026-02-16 22:00:00,46,2,SEG-R,137.3535,137.3865,24.053,23.388,17.1626
2026-02-16 22:00:00,46,2,SEG-S,137.3236,137.2052,22.641,22.024,17.1626
2026-02-16 22:00:00,46,2,SEG-T,137.3349,137.2894,21.436,20.533,17.1626
2026-02-17 06:00:00,47,0,SEG-A,242.6698,242.6544,47.885,47.31,30.33
2026-02-17 06:00:00,47,0,SEG-B,242.884,242.4964,46.617,45.751,30.33
2026-02-17 06:00:00,47,0,SEG-C,242.5715,242.5927,45.386,44.557,30.33
2026-02-17 06:00:00,47,0,SEG-D,242.7321,242.6115,43.78,43.014,30.33
2026-02-17 06:00:00,47,0,SEG-E,242.6531,242.4789,42.338,41.502,30.33
2026-02-17 06:00:00,47,0,SEG-F,242.648,242.6059,41.006,39.958,30.33
2026-02-17 06:00:00,47,0,SEG-G,242.6762,242.5794,39.785,38.759,30.33
2026-02-17 06:00:00,47,0,SEG-H,242.7365,242.6929,38.053,37.489,30.33
2026-02-17 06:00:00,47,0,SEG-I,242.6133,242.7151,36.742,36.108,30.33
2026-02-17 06:00:00,47,0,SEG-J,242.448,242.7279,35.47,34.417,30.33
2026-02-17 06:00:00,47,0,SEG-K,242.6175,242.7656,34.027,33.238,30.33
2026-02-17 06:00:00,47,0,SEG-L,242.6035,242.5599,32.71,31.695,30.33
2026-02-17 06:00:00,47,0,SEG-M,242.4787,242.4621,31.109,30.428,30.33
2026-02-17 06:00:00,47,0,SEG-N,242.4759,242.6409,29.949,28.874,30.33
2026-02-17 06:00:00,47,0,SEG-O,242.4677,242.5906,28.203,27.648,30.33
2026-02-17 06:00:00,47,0,SEG-P,242.7168,242.7176,26.772,26.456,30.33
2026-02-17 06:00:00,47,0,SEG-Q,242.7409,242.651,25.651,24.463,30.33
2026-02-17 06:00:00,47,0,SEG-R,242.9249,242.7314,24.14,23.466,30.33
2026-02-17 06:00:00,47,0,SEG-S,242.6472,242.6753,22.606,21.929,30.33
2026-02-17 06:00:00,47,0,SEG-T,242.5724,242.7868,21.35,20.474,30.33
2026-02-17 14:00:00,47,1,SEG-A,295.6223,295.2897,48.089,46.982,36.9353
2026-02-17 14:00:00,47,1,SEG-B,295.5727,295.3892,46.838,45.753,36.9353
2026-02-17 14:00:00,47,1,SEG-C,295.5251,295.6123,44.94,44.258,36.9353
2026-02-17 14:00:00,47,1,SEG-D,295.6562,295.4472,43.781,42.983,36.9353
2026-02-17 14:00:00,47,1,SEG-E,295.5574,295.4642,42.501,41.57,36.9353
2026-02-17 14:00:00,47,1,SEG-F,295.2806,295.6769,40.896,39.941,36.9353
2026-02-17 14:00:00,47,1,SEG-G,295.4456,295.587,39.554,38.708,36.9353
2026-02-17 14:00:00,47,1,SEG-H,295.5171,295.6219,38.201,37.268,36.9353
2026-02-17 14:00:00,47,1,SEG-I,295.4022,295.6462,36.803,35.781,36.9353
2026-02-17 14:00:00,47,1,SEG-J,295.57,295.6756,35.404,34.374,36.9353
2026-02-17 14:00:00,47,1,SEG-K,295.5086,295.7626,33.973,33.343,36.9353
2026-02-17 14:00:00,47,1,SEG-L,295.4278,295.4283,32.727,31.778,36.9353
2026-02-17 14:00:00,47,1,SEG-M,295.5126,295.5275,31.39,30.284,36.9353
2026-02-17 14:00:00,47,1,SEG-N,295.5823,295.5859,30.004,28.859,36.9353
2026-02-17 14:00:00,47,1,SEG-O,295.4574,295.4871,28.276,27.37,36.9353
2026-02-17 14:00:00,47,1,SEG-P,295.46,295.4992,26.869,26.073,36.9353
2026-02-17 14:00:00,47,1,SEG-Q,295.729,295.3504,25.594,24.752,36.9353
2026-02-17 14:00:00,47,1,SEG-R,295.599,295.3246,24.147,23.327,36.9353
2026-02-17 14:00:00,47,1,SEG-S,295.3702,295.4988,22.821,22.076,36.9353
2026-02-17 14:00:00,47,1,SEG-T,295.4523,295.295,21.484,20.545,36.9353
2026-02-17 22:00:00,47,2,SEG-A,180.1796,180.2087,48.146,47.163,22.5198
2026-02-17 22:00:00,47,2,SEG-B,180.0389,179.9548,46.413,45.571,22.5198
2026-02-17 22:00:00,47,2,SEG-C,180.1171,180.0869,45.24,44.397,22.5198
2026-02-17 22:00:00,47,2,SEG-D,180.2159,180.1261,43.945,42.997,22.5198
2026-02-17 22:00:00,47,2,SEG-E,180.1986,180.2775,42.445,41.657,22.5198
2026-02-17 22:00:00,47,2,SEG-F,180.0744,180.122,40.992,39.974,22.5198
2026-02-17 22:00:00,47,2,SEG-G,179.9786,180.0663,39.523,38.972,22.5198
2026-02-17 22:00:00,47,2,SEG-H,180.2515,180.1023,38.276,37.139,22.5198
2026-02-17 22:00:00,47,2,SEG-I,180.2279,180.1725,36.715,36.034,22.5198
2026-02-17 22:00:00,47,2,SEG-J,180.2141,180.2155,35.416,34.662,22.5198
2026-02-17 22:00:00,47,2,SEG-K,180.1272,180.0774,34.085,33.197,22.5198
2026-02-17 22:00:00,47,2,SEG-L,180.1908,180.0662,32.521,31.898,22.5198
2026-02-17 22:00:00,47,2,SEG-M,180.0912,180.2312,31.329,30.552,22.5198
2026-02-17 22:00:00,47,2,SEG-N,179.9689,180.1897,29.978,28.959,22.5198
2026-02-17 22:00:00,47,2,SEG-O,180.171,180.013,28.457,27.396,22.5198
2026-02-17 22:00:00,47,2,SEG-P,180.1707,180.2175,27.105,26.287,22.5198
2026-02-17 22:00:00,47,2,SEG-Q,180.1826,180.249,25.608,24.624,22.5198
2026-02-17 22:00:00,47,2,SEG-R,180.2835,180.1372,24.156,23.169,22.5198
2026-02-17 22:00:00,47,2,SEG-S,180.0883,179.852,22.917,21.865,22.5198
2026-02-17 22:00:00,47,2,SEG-T,180.1259,180.1945,21.482,20.666,22.5198
2026-02-18 06:00:00,48,0,SEG-A,209.8753,209.8749,47.851,47.119,26.2311
2026-02-18 06:00:00,48,0,SEG-B,209.8139,209.7698,46.72,45.687,26.2311
2026-02-18 06:00:00,48,0,SEG-C,209.8974,209.8098,45.282,44.23,26.2311
2026-02-18 06:00:00,48,0,SEG-D,209.9856,209.8858,43.869,42.913,26.231
2026-02-18 06:00:00,48,0,SEG-E,209.8663,209.8658,42.219,41.25,26.231
2026-02-18 06:00:00,48,0,SEG-F,209.7416,209.7696,41.15,40.122,26.231
2026-02-18 06:00:00,48,0,SEG-G,209.7914,209.9578,39.55,38.695,26.231
2026-02-18 06:00:00,48,0,SEG-H,209.8465,209.7782,38.311,37.438,26.231
2026-02-18 06:00:00,48,0,SEG-I,209.9967,209.8537,36.722,36.064,26.231
2026-02-18 06:00:00,48,0,SEG-J,209.8364,209.8163,35.354,34.398,26.231
2026-02-18 06:00:00,48,0,SEG-K,209.9202,209.953,34.163,33.229,26.231
2026-02-18 06:00:00,48,0,SEG-L,209.9168,209.8501,32.492,31.462,26.231
2026-02-18 06:00:00,48,0,SEG-M,209.8732,209.904,31.246,30.221,26.231
2026-02-18 06:00:00,48,0,SEG-N,209.8902,209.8119,29.838,29.022,26.231
2026-02-18 06:00:00,48,0,SEG-O,209.8959,210.0187,28.124,27.361,26.231
2026-02-18 06:00:00,48,0,SEG-P,209.6947,209.7585,27.072,26.159,26.231
2026-02-18 06:00:00,48,0,SEG-Q,209.8208,209.8943,25.597,24.614,26.231
2026-02-18 06:00:00,48,0,SEG-R,209.8461,209.7575,24.207,23.333,26.231
2026-02-18 06:00:00,48,0,SEG-S,209.8507,209.9373,22.964,21.787,26.231
2026-02-18 06:00:00,48,0,SEG-T,209.915,209.8534,21.529,20.573,26.231
2026-02-18 14:00:00,48,1,SEG-A,280.0097,279.9801,47.985,47.092,34.993
2026-02-18 14:00:00,48,1,SEG-B,279.9812,280.0186,46.536,46.014,34.993
2026-02-18 14:00:00,48,1,SEG-C,279.7823,279.7971,45.067,44.216,34.993
2026-02-18 14:00:00,48,1,SEG-D,279.844,279.8634,43.848,43.003,34.9929
2026-02-18 14:00:00,48,1,SEG-E,279.9494,279.6691,42.57,41.666,34.9929
2026-02-18 14:00:00,48,1,SEG-F,280.0312,279.8877,40.75,39.977,34.9929
2026-02-18 14:00:00,48,1,SEG-G,280.1953,279.9062,39.589,38.84,34.9929
2026-02-18 14:00:00,48,1,SEG-H,280.0111,280.0733,38.255,37.196,34.9929
2026-02-18 14:00:00,48,1,SEG-I,280.051,279.7823,36.655,36.01,34.9929
2026-02-18 14:00:00,48,1,SEG-J,279.9159,280.0343,35.534,34.643,34.9929
2026-02-18 14:00:00,48,1,SEG-K,279.9339,280.0868,33.945,33.163,34.9929
2026-02-18 14:00:00,48,1,SEG-L,280.0594,279.8937,32.602,31.849,34.9929
2026-02-18 14:00:00,48,1,SEG-M,279.8872,279.6879,31.198,30.481,34.9929
2026-02-18 14:00:00,48,1,SEG-N,279.9128,279.8645,29.659,28.943,34.9929
2026-02-18 14:00:00,48,1,SEG-O,280.0268,279.8733,28.415,27.625,34.9929
2026-02-18 14:00:00,48,1,SEG-P,279.8531,280.0816,27.162,26.121,34.9929
2026-02-18 14:00:00,48,1,SEG-Q,279.8838,279.9412,25.711,24.912,34.9929
2026-02-18 14:00:00,48,1,SEG-R,279.8329,279.9766,24.323,23.34,34.9929
2026-02-18 14:00:00,48,1,SEG-S,279.9593,280.1412,22.747,22.072,34.9929
2026-02-18 14:00:00,48,1,SEG-T,280.0244,279.8624,21.401,20.379,34.9929
2026-02-18 22:00:00,48,2,SEG-A,168.203,168.1678,48.023,47.181,21.0266
2026-02-18 22:00:00,48,2,SEG-B,168.2116,168.2533,46.552,45.793,21.0266
2026-02-18 22:00:00,48,2,SEG-C,168.177,168.2509,45.254,44.315,21.0266
2026-02-18 22:00:00,48,2,SEG-D,168.32,168.2106,43.571,43.124,21.0266
2026-02-18 22:00:00,48,2,SEG-E,168.2048,168.1663,42.255,41.359,21.0266
2026-02-18 22:00:00,48,2,SEG-F,168.3572,168.2664,41.06,39.933,21.0266
2026-02-18 22:00:00,48,2,SEG-G,168.1379,168.3078,39.487,38.904,21.0266
2026-02-18 22:00:00,48,2,SEG-H,168.1587,168.1594,38.262,37.375,21.0266
2026-02-18 22:00:00,48,2,SEG-I,168.2217,168.2656,36.827,36.059,21.0266
2026-02-18 22:00:00,48,2,SEG-J,168.2336,168.2026,35.497,34.385,21.0266
2026-02-18 22:00:00,48,2,SEG-K,168.2366,168.1856,34.157,33.192,21.0266
2026-02-18 22:00:00,48,2,SEG-L,168.2471,168.2775,32.63,32.01,21.0266
2026-02-18 22:00:00,48,2,SEG-M,168.0059,168.2197,31.069,30.334,21.0266
2026-02-18 22:00:00,48,2,SEG-N,168.2081,168.2888,29.958,28.716,21.0266
2026-02-18 22:00:00,48,2,SEG-O,168.2499,168.3006,28.421,27.788,21.0266
2026-02-18 22:00:00,48,2,SEG-P,168.1852,168.3096,26.807,26.338,21.0266
2026-02-18 22:00:00,48,2,SEG-Q,168.1461,168.067,25.612,24.65,21.0266
2026-02-18 22:00:00,48,2,SEG-R,168.3854,168.2106,24.298,23.355,21.0266
2026-02-18 22:00:00,48,2,SEG-S,168.1305,168.1951,22.757,22.009,21.0266
2026-02-18 22:00:00,48,2,SEG-T,168.1285,168.1158,21.42,20.45,21.0266
2026-02-19 06:00:00,49,0,SEG-A,233.7421,233.686,47.884,47.192,29.2117
2026-02-19 06:00:00,49,0,SEG-B,233.7454,233.8145,46.586,45.719,29.2117
2026-02-19 06:00:00,49,0,SEG-C,233.6582,233.6945,44.928,44.482,29.2117
2026-02-19 06:00:00,49,0,SEG-D,233.7424,233.5814,43.63,43.163,29.2116
2026-02-19 06:00:00,49,0,SEG-E,233.7935,233.6625,42.368,41.313,29.2116
2026-02-19 06:00:00,49,0,SEG-F,233.43,233.8205,40.88,40.08,29.2116
2026-02-19 06:00:00,49,0,SEG-G,233.5181,233.6901,39.661,38.559,29.2116
2026-02-19 06:00:00,49,0,SEG-H,233.731,233.6435,38.083,37.445,29.2116
2026-02-19 06:00:00,49,0,SEG-I,233.6818,233.5912,36.838,36.186,29.2116
2026-02-19 06:00:00,49,0,SEG-J,233.5724,233.7542,35.495,34.705,29.2116
2026-02-19 06:00:00,49,0,SEG-K,233.679,233.7061,34.077,32.973,29.2116
2026-02-19 06:00:00,49,0,SEG-L,233.6235,233.5599,32.546,31.771,29.2116
2026-02-19 06:00:00,49,0,SEG-M,233.6981,233.698,31.431,30.526,29.2116
2026-02-19 06:00:00,49,0,SEG-N,233.7096,233.7708,29.837,28.987,29.2116
2026-02-19 06:00:00,49,0,SEG-O,233.6471,233.655,28.513,27.547,29.2116
2026-02-19 06:00:00,49,0,SEG-P,233.649,233.7048,27.026,26.159,29.2116
2026-02-19 06:00:00,49,0,SEG-Q,233.8262,233.7629,25.556,24.686,29.2116
2026-02-19 06:00:00,49,0,SEG-R,233.7402,233.7367,24.149,23.6,29.2116
2026-02-19 06:00:00,49,0,SEG-S,233.818,233.5671,22.903,21.949,29.2116
2026-02-19 06:00:00,49,0,SEG-T,233.5156,233.6799,21.371,20.343,29.2116
2026-02-19 14:00:00,49,1,SEG-A,302.7573,302.6331,48.123,47.114,37.8429
2026-02-19 14:00:00,49,1,SEG-B,302.8028,302.6181,46.447,45.874,37.8429
2026-02-19 14:00:00,49,1,SEG-C,302.5939,302.6989,45.179,44.474,37.8429
2026-02-19 14:00:00,49,1,SEG-D,302.8401,302.4669,43.878,43.114,37.8428
2026-02-19 14:00:00,49,1,SEG-E,302.6395,302.6426,42.574,41.608,37.8428
2026-02-19 14:00:00,49,1,SEG-F,302.4981,302.6938,41.052,40.224,37.8428
2026-02-19 14:00:00,49,1,SEG-G,302.6667,302.5884,39.731,38.42,37.8428
2026-02-19 14:00:00,49,1,SEG-H,303.1052,302.663,37.958,37.358,37.8428
2026-02-19 14:00:00,49,1,SEG-I,302.4288,302.7752,36.721,35.886,37.8428
2026-02-19 14:00:00,49,1,SEG-J,302.6213,302.9382,35.407,34.233,37.8428
2026-02-19 14:00:00,49,1,SEG-K,302.6198,302.5929,33.89,33.143,37.8428
2026-02-19 14:00:00,49,1,SEG-L,302.677,302.7557,32.624,32.018,37.8428
2026-02-19 14:00:00,49,1,SEG-M,302.7115,302.8325,31.116,30.165,37.8428
2026-02-19 14:00:00,49,1,SEG-N,302.805,303.0075,29.897,29.019,37.8428
2026-02-19 14:00:00,49,1,SEG-O,302.938,302.6797,28.503,27.319,37.8428
2026-02-19 14:00:00,49,1,SEG-P,302.9917,302.8287,27.009,26.074,37.8428
2026-02-19 14:00:00,49,1,SEG-Q,302.6707,302.7874,25.597,24.88,37.8428
2026-02-19 14:00:00,49,1,SEG-R,302.8404,302.9059,24.358,23.241,37.8428
2026-02-19 14:00:00,49,1,SEG-S,302.7799,302.7494,22.733,21.754,37.8428
2026-02-19 14:00:00,49,1,SEG-T,302.558,302.6225,21.411,20.701,37.8428
2026-02-19 22:00:00,49,2,SEG-A,142.4131,142.3474,47.805,47.085,17.7944
2026-02-19 22:00:00,49,2,SEG-B,142.3875,142.372,46.704,45.83,17.7944
2026-02-19 22:00:00,49,2,SEG-C,142.3686,142.3037,45.307,44.456,17.7944
2026-02-19 22:00:00,49,2,SEG-D,142.2867,142.3351,43.765,43.199,17.7943
2026-02-19 22:00:00,49,2,SEG-E,142.3839,142.3357,42.352,41.5,17.7943
2026-02-19 22:00:00,49,2,SEG-F,142.4195,142.3214,41.042,39.972,17.7943
2026-02-19 22:00:00,49,2,SEG-G,142.4464,142.3492,39.54,38.762,17.7943
2026-02-19 22:00:00,49,2,SEG-H,142.2597,142.4928,38.035,37.281,17.7943
2026-02-19 22:00:00,49,2,SEG-I,142.4383,142.4403,36.598,35.949,17.7943
2026-02-19 22:00:00,49,2,SEG-J,142.3978,142.3616,35.445,34.602,17.7943
2026-02-19 22:00:00,49,2,SEG-K,142.358,142.3125,34.183,33.238,17.7943
2026-02-19 22:00:00,49,2,SEG-L,142.4336,142.4607,32.491,31.799,17.7943
2026-02-19 22:00:00,49,2,SEG-M,142.3139,142.3953,31.095,30.409,17.7943
2026-02-19 22:00:00,49,2,SEG-N,142.3601,142.4294,29.651,28.862,17.7943
2026-02-19 22:00:00,49,2,SEG-O,142.3601,142.4229,28.241,27.749,17.7943
2026-02-19 22:00:00,49,2,SEG-P,142.3038,142.2866,27.218,26.116,17.7943
2026-02-19 22:00:00,49,2,SEG-Q,142.3705,142.2864,25.685,24.838,17.7943
2026-02-19 22:00:00,49,2,SEG-R,142.2655,142.229,23.914,23.343,17.7943
2026-02-19 22:00:00,49,2,SEG-S,142.3196,142.4283,22.952,21.721,17.7943
2026-02-19 22:00:00,49,2,SEG-T,142.3626,142.3452,21.385,20.429,17.7943
2026-02-20 06:00:00,50,0,SEG-A,265.6944,265.6815,48.001,47.216,33.2106
2026-02-20 06:00:00,50,0,SEG-B,265.6541,265.6462,46.66,45.496,33.2106
2026-02-20 06:00:00,50,0,SEG-C,265.6238,265.7589,45.27,44.436,33.2106
2026-02-20 06:00:00,50,0,SEG-D,265.4785,265.6347,43.747,42.732,33.2104
2026-02-20 06:00:00,50,0,SEG-E,265.6969,265.6275,42.457,41.616,33.2104
2026-02-20 06:00:00,50,0,SEG-F,265.6776,265.6979,41.061,39.943,33.2104
2026-02-20 06:00:00,50,0,SEG-G,265.9289,265.6246,39.602,38.657,33.2104
2026-02-20 06:00:00,50,0,SEG-H,266.0177,265.7037,38.079,37.205,33.2104
2026-02-20 06:00:00,50,0,SEG-I,265.6197,265.5644,36.977,35.794,33.2104
2026-02-20 06:00:00,50,0,SEG-J,265.5598,265.8415,35.673,34.462,33.2104
2026-02-20 06:00:00,50,0,SEG-K,265.6693,265.7368,34.199,33.035,33.2104
2026-02-20 06:00:00,50,0,SEG-L,265.4063,265.5886,32.623,31.737,33.2104
2026-02-20 06:00:00,50,0,SEG-M,265.5991,265.7417,31.141,30.287,33.2104
2026-02-20 06:00:00,50,0,SEG-N,265.719,265.7874,29.632,28.764,33.2104
2026-02-20 06:00:00,50,0,SEG-O,265.5741,265.4798,28.211,27.607,33.2104
2026-02-20 06:00:00,50,0,SEG-P,265.6745,265.5949,26.847,26.347,33.2104
2026-02-20 06:00:00,50,0,SEG-Q,265.9284,265.7693,25.694,24.737,33.2104
2026-02-20 06:00:00,50,0,SEG-R,265.8379,265.6766,24.111,23.38,33.2104
2026-02-20 06:00:00,50,0,SEG-S,265.7861,265.9148,22.8,21.984,33.2104
2026-02-20 06:00:00,50,0,SEG-T,265.7016,265.3276,21.585,20.475,33.2104
2026-02-20 14:00:00,50,1,SEG-A,311.9762,312.0346,48.02,47.059,39.0013
2026-02-20 14:00:00,50,1,SEG-B,311.6571,312.0105,46.37,45.794,39.0013
2026-02-20 14:00:00,50,1,SEG-C,312.2074,311.9906,45.229,44.517,39.0013
2026-02-20 14:00:00,50,1,SEG-D,311.8829,311.8899,43.799,43.05,39.001
2026-02-20 14:00:00,50,1,SEG-E,312.0582,311.9591,42.263,41.727,39.001
2026-02-20 14:00:00,50,1,SEG-F,311.9676,312.0039,41.098,40.138,39.001
2026-02-20 14:00:00,50,1,SEG-G,311.9977,312.0688,39.575,38.881,39.001
2026-02-20 14:00:00,50,1,SEG-H,311.9818,312.2393,38.054,37.347,39.001
2026-02-20 14:00:00,50,1,SEG-I,312.09,311.9528,36.916,35.99,39.001
2026-02-20 14:00:00,50,1,SEG-J,312.0934,312.2166,35.206,34.738,39.001
2026-02-20 14:00:00,50,1,SEG-K,312.0507,311.7118,34.047,33.128,39.001
2026-02-20 14:00:00,50,1,SEG-L,312.0286,311.9576,32.379,31.827,39.001
2026-02-20 14:00:00,50,1,SEG-M,311.8611,311.8299,31.339,30.588,39.001
2026-02-20 14:00:00,50,1,SEG-N,311.9183,311.867,29.734,28.827,39.001
2026-02-20 14:00:00,50,1,SEG-O,311.8023,311.8015,28.313,27.87,39.001
2026-02-20 14:00:00,50,1,SEG-P,311.8492,312.0959,27.099,26.254,39.001
2026-02-20 14:00:00,50,1,SEG-Q,311.8726,311.9474,25.663,24.651,39.001
2026-02-20 14:00:00,50,1,SEG-R,312.0042,312.1263,24.11,23.264,39.001
2026-02-20 14:00:00,50,1,SEG-S,312.1796,312.2966,22.71,22.103,39.001
2026-02-20 14:00:00,50,1,SEG-T,311.915,311.9403,21.265,20.535,39.001
2026-02-20 22:00:00,50,2,SEG-A,161.2697,161.4336,48.197,47.232,20.177
2026-02-20 22:00:00,50,2,SEG-B,161.3098,161.3729,46.641,46.097,20.177
2026-02-20 22:00:00,50,2,SEG-C,161.3929,161.3233,45.333,44.455,20.177
2026-02-20 22:00:00,50,2,SEG-D,161.3618,161.3792,43.821,42.87,20.1768
2026-02-20 22:00:00,50,2,SEG-E,161.3641,161.4811,42.477,41.776,20.1768
2026-02-20 22:00:00,50,2,SEG-F,161.4848,161.416,40.989,40.027,20.1768
2026-02-20 22:00:00,50,2,SEG-G,161.493,161.3943,39.471,38.972,20.1768
2026-02-20 22:00:00,50,2,SEG-H,161.5281,161.4524,38.071,37.475,20.1768
2026-02-20 22:00:00,50,2,SEG-I,161.3915,161.5649,36.754,35.898,20.1768
2026-02-20 22:00:00,50,2,SEG-J,161.4055,161.4332,35.488,34.538,20.1768
2026-02-20 22:00:00,50,2,SEG-K,161.491,161.4288,33.994,33.239,20.1768
2026-02-20 22:00:00,50,2,SEG-L,161.5072,161.4494,32.862,31.642,20.1768
2026-02-20 22:00:00,50,2,SEG-M,161.5034,161.4305,31.128,30.132,20.1768
2026-02-20 22:00:00,50,2,SEG-N,161.4153,161.4015,29.844,29.009,20.1768
2026-02-20 22:00:00,50,2,SEG-O,161.5156,161.3305,28.426,27.632,20.1768
2026-02-20 22:00:00,50,2,SEG-P,161.2939,161.4264,27.055,26.037,20.1768
2026-02-20 22:00:00,50,2,SEG-Q,161.4518,161.4493,25.57,24.834,20.1768
2026-02-20 22:00:00,50,2,SEG-R,161.3404,161.395,24.193,23.227,20.1768
2026-02-20 22:00:00,50,2,SEG-S,161.3521,161.3836,22.744,21.856,20.1768
2026-02-20 22:00:00,50,2,SEG-T,161.3344,161.506,21.431,20.651,20.1768
2026-02-21 06:00:00,51,0,SEG-A,247.5047,247.5954,48.156,47.145,30.9417
2026-02-21 06:00:00,51,0,SEG-B,247.5223,247.4888,46.364,45.823,30.9417
2026-02-21 06:00:00,51,0,SEG-C,247.439,247.6137,45.378,44.39,30.9417
2026-02-21 06:00:00,51,0,SEG-D,247.448,247.5793,43.874,42.98,30.9414
2026-02-21 06:00:00,51,0,SEG-E,247.5014,247.4673,42.266,41.44,30.9414
2026-02-21 06:00:00,51,0,SEG-F,247.6085,247.4714,40.898,40.181,30.9414
2026-02-21 06:00:00,51,0,SEG-G,247.4187,247.5514,39.469,38.735,30.9414
2026-02-21 06:00:00,51,0,SEG-H,247.5039,247.4051,38.199,37.264,30.9414
2026-02-21 06:00:00,51,0,SEG-I,247.512,247.4415,36.601,36.043,30.9414
2026-02-21 06:00:00,51,0,SEG-J,247.5225,247.5053,35.435,34.725,30.9414
2026-02-21 06:00:00,51,0,SEG-K,247.8087,247.4562,34.222,33.106,30.9414
2026-02-21 06:00:00,51,0,SEG-L,247.4703,247.6617,32.53,31.763,30.9414
2026-02-21 06:00:00,51,0,SEG-M,247.5771,247.5287,31.311,30.295,30.9414
2026-02-21 06:00:00,51,0,SEG-N,247.5833,247.6451,30.007,29.032,30.9414
2026-02-21 06:00:00,51,0,SEG-O,247.5608,247.6133,28.428,27.402,30.9414
2026-02-21 06:00:00,51,0,SEG-P,247.4313,247.4667,27.089,26.071,30.9414
2026-02-21 06:00:00,51,0,SEG-Q,247.4852,247.3846,25.622,24.593,30.9414
2026-02-21 06:00:00,51,0,SEG-R,247.5175,247.3897,24.125,23.242,30.9414
2026-02-21 06:00:00,51,0,SEG-S,247.3686,247.3541,22.757,21.982,30.9414
2026-02-21 06:00:00,51,0,SEG-T,247.4303,247.3839,21.336,20.549,30.9414
2026-02-21 14:00:00,51,1,SEG-A,255.14,255.4718,47.994,46.987,31.8918
2026-02-21 14:00:00,51,1,SEG-B,254.8731,255.0956,46.489,45.426,31.8918
2026-02-21 14:00:00,51,1,SEG-C,255.2216,255.2691,45.09,44.136,31.8918
2026-02-21 14:00:00,51,1,SEG-D,255.29,255.0331,43.704,42.896,31.8915
2026-02-21 14:00:00,51,1,SEG-E,255.1277,255.0614,42.404,41.749,31.8915
2026-02-21 14:00:00,51,1,SEG-F,255.1212,255.113,40.914,40.175,31.8915
2026-02-21 14:00:00,51,1,SEG-G,255.369,255.1288,39.762,38.916,31.8915
2026-02-21 14:00:00,51,1,SEG-H,255.1657,255.0769,37.963,37.492,31.8915
2026-02-21 14:00:00,51,1,SEG-I,255.1585,255.1436,36.771,36.036,31.8915
2026-02-21 14:00:00,51,1,SEG-J,255.3777,255.3081,35.752,34.331,31.8915
2026-02-21 14:00:00,51,1,SEG-K,255.1491,255.2113,34.169,33.325,31.8915
2026-02-21 14:00:00,51,1,SEG-L,255.2608,255.0358,32.349,31.729,31.8915
2026-02-21 14:00:00,51,1,SEG-M,255.0717,255.0674,31.166,30.251,31.8915
2026-02-21 14:00:00,51,1,SEG-N,255.0911,254.9931,29.675,28.832,31.8915
2026-02-21 14:00:00,51,1,SEG-O,255.0577,255.0752,28.479,27.421,31.8915
2026-02-21 14:00:00,51,1,SEG-P,254.9929,255.1609,26.878,26.386,31.8915
2026-02-21 14:00:00,51,1,SEG-Q,255.0842,255.3203,25.488,24.746,31.8915
2026-02-21 14:00:00,51,1,SEG-R,255.0436,255.1162,24.332,23.244,31.8915
2026-02-21 14:00:00,51,1,SEG-S,254.9798,255.108,23.101,21.976,31.8915
2026-02-21 14:00:00,51,1,SEG-T,255.0242,255.0701,21.497,20.62,31.8915
2026-02-21 22:00:00,51,2,SEG-A,167.1513,167.0155,48.117,47.042,20.8915
2026-02-21 22:00:00,51,2,SEG-B,167.1942,167.0874,46.536,45.672,20.8915
2026-02-21 22:00:00,51,2,SEG-C,167.0693,166.9818,44.972,44.262,20.8915
2026-02-21 22:00:00,51,2,SEG-D,167.1113,167.1334,43.986,42.938,20.8912
2026-02-21 22:00:00,51,2,SEG-E,167.1165,167.0717,42.485,41.355,20.8912
2026-02-21 22:00:00,51,2,SEG-F,167.2012,167.0501,41.09,40.252,20.8912
2026-02-21 22:00:00,51,2,SEG-G,167.1816,167.1928,39.613,38.752,20.8912
2026-02-21 22:00:00,51,2,SEG-H,167.1566,167.0777,38.18,37.208,20.8912
2026-02-21 22:00:00,51,2,SEG-I,167.1998,167.0753,36.684,36.079,20.8912
2026-02-21 22:00:00,51,2,SEG-J,167.1271,167.1949,35.447,34.508,20.8912
2026-02-21 22:00:00,51,2,SEG-K,167.1465,167.1942,33.972,33.108,20.8912
2026-02-21 22:00:00,51,2,SEG-L,167.1626,167.1393,32.546,31.683,20.8912
2026-02-21 22:00:00,51,2,SEG-M,167.0527,167.0508,31.079,30.286,20.8912
2026-02-21 22:00:00,51,2,SEG-N,167.1648,166.9954,29.943,28.984,20.8912
2026-02-21 22:00:00,51,2,SEG-O,167.1416,167.241,28.299,27.825,20.8912
2026-02-21 22:00:00,51,2,SEG-P,167.1784,167.1713,26.748,26.349,20.8912
2026-02-21 22:00:00,51,2,SEG-Q,167.2114,167.0328,25.495,24.544,20.8912
2026-02-21 22:00:00,51,2,SEG-R,167.0793,167.193,24.307,23.321,20.8912
2026-02-21 22:00:00,51,2,SEG-S,167.1002,166.9318,22.759,21.916,20.8912
2026-02-21 22:00:00,51,2,SEG-T,167.0902,167.1902,21.465,20.647,20.8912
2026-02-22 06:00:00,52,0,SEG-A,226.4762,226.3201,47.995,47.092,28.3179
2026-02-22 06:00:00,52,0,SEG-B,226.6198,226.5148,46.691,45.997,28.3179
2026-02-22 06:00:00,52,0,SEG-C,226.5385,226.3697,45.173,44.306,28.3179
2026-02-22 06:00:00,52,0,SEG-D,226.4023,226.7322,43.898,42.959,28.3175
2026-02-22 06:00:00,52,0,SEG-E,226.5966,226.6191,42.574,41.611,28.3175
2026-02-22 06:00:00,52,0,SEG-F,226.5608,226.7455,41.159,40.275,28.3175
2026-02-22 06:00:00,52,0,SEG-G,226.6463,226.5813,39.59,38.775,28.3175
2026-02-22 06:00:00,52,0,SEG-H,226.7459,226.5576,38.073,37.347,28.3175
2026-02-22 06:00:00,52,0,SEG-I,226.6217,226.5018,36.826,35.859,28.3175
2026-02-22 06:00:00,52,0,SEG-J,226.5072,226.7216,35.337,34.521,28.3175
2026-02-22 06:00:00,52,0,SEG-K,226.508,226.5049,33.799,33.259,28.3175
2026-02-22 06:00:00,52,0,SEG-L,226.4944,226.7371,32.825,31.613,28.3175
2026-02-22 06:00:00,52,0,SEG-M,226.6542,226.541,31.259,30.348,28.3175
2026-02-22 06:00:00,52,0,SEG-N,226.6367,226.5298,29.913,28.879,28.3175
2026-02-22 06:00:00,52,0,SEG-O,226.5264,226.4599,28.153,27.494,28.3175
2026-02-22 06:00:00,52,0,SEG-P,226.6553,226.4039,26.969,26.354,28.3175
2026-02-22 06:00:00,52,0,SEG-Q,226.5846,226.4074,25.626,24.808,28.3175
2026-02-22 06:00:00,52,0,SEG-R,226.4657,226.6304,24.236,23.436,28.3175
2026-02-22 06:00:00,52,0,SEG-S,226.5584,226.4774,22.851,21.682,28.3175
2026-02-22 06:00:00,52,0,SEG-T,226.6237,226.5606,21.327,20.635,28.3175
2026-02-22 14:00:00,52,1,SEG-A,312.5812,312.6228,48.111,47.175,39.0593
2026-02-22 14:00:00,52,1,SEG-B,312.2433,312.4589,46.903,45.779,39.0593
2026-02-22 14:00:00,52,1,SEG-C,312.1664,312.3831,45.064,44.407,39.0593
2026-02-22 14:00:00,52,1,SEG-D,312.4255,312.6461,43.866,42.835,39.0588
2026-02-22 14:00:00,52,1,SEG-E,312.3144,312.433,42.288,41.585,39.0588
2026-02-22 14:00:00,52,1,SEG-F,312.7796,312.2565,40.763,40.09,39.0588
2026-02-22 14:00:00,52,1,SEG-G,312.2321,312.32,39.644,38.637,39.0588
2026-02-22 14:00:00,52,1,SEG-H,312.4897,312.1234,38.21,37.381,39.0588
2026-02-22 14:00:00,52,1,SEG-I,312.5505,312.545,36.922,36.176,39.0588
2026-02-22 14:00:00,52,1,SEG-J,312.533,312.5413,35.61,34.549,39.0588
2026-02-22 14:00:00,52,1,SEG-K,312.664,312.6245,34.204,33.117,39.0588
2026-02-22 14:00:00,52,1,SEG-L,312.661,312.4721,32.522,31.547,39.0588
2026-02-22 14:00:00,52,1,SEG-M,312.6964,312.4267,31.313,30.583,39.0588
2026-02-22 14:00:00,52,1,SEG-N,312.5779,312.5639,29.774,28.754,39.0588
2026-02-22 14:00:00,52,1,SEG-O,312.3227,312.6387,28.456,27.24,39.0588
2026-02-22 14:00:00,52,1,SEG-P,312.4086,312.165,27.383,26.301,39.0588
2026-02-22 14:00:00,52,1,SEG-Q,312.3504,312.4934,25.621,24.871,39.0588
2026-02-22 14:00:00,52,1,SEG-R,312.5232,312.5235,24.366,23.428,39.0588
2026-02-22 14:00:00,52,1,SEG-S,312.6325,312.2515,22.708,21.83,39.0588
2026-02-22 14:00:00,52,1,SEG-T,312.4328,312.4527,21.413,20.626,39.0588
2026-02-22 22:00:00,52,2,SEG-A,131.1807,131.1342,48.066,47.126,16.4043
2026-02-22 22:00:00,52,2,SEG-B,131.2221,131.2212,46.44,45.86,16.4043
2026-02-22 22:00:00,52,2,SEG-C,131.2953,131.1887,45.271,44.322,16.4043
2026-02-22 22:00:00,52,2,SEG-D,131.2903,131.2215,43.802,42.695,16.404
2026-02-22 22:00:00,52,2,SEG-E,131.175,131.1931,42.492,41.442,16.404
2026-02-22 22:00:00,52,2,SEG-F,131.2101,131.3192,41.061,40.195,16.404
2026-02-22 22:00:00,52,2,SEG-G,131.4417,131.2034,39.651,38.839,16.404
2026-02-22 22:00:00,52,2,SEG-H,131.3368,131.1816,38.071,37.272,16.404
2026-02-22 22:00:00,52,2,SEG-I,131.1855,131.2366,37.093,36.033,16.404
2026-02-22 22:00:00,52,2,SEG-J,131.1174,131.1874,35.357,34.701,16.404
2026-02-22 22:00:00,52,2,SEG-K,131.2272,131.1662,34.143,33.107,16.404
2026-02-22 22:00:00,52,2,SEG-L,131.3399,131.2363,32.613,31.729,16.404
2026-02-22 22:00:00,52,2,SEG-M,131.1808,131.2548,31.085,30.314,16.404
2026-02-22 22:00:00,52,2,SEG-N,131.1859,131.2798,29.67,29.073,16.404
2026-02-22 22:00:00,52,2,SEG-O,131.2654,131.3168,28.587,27.516,16.404
2026-02-22 22:00:00,52,2,SEG-P,131.256,131.1967,27.064,26.043,16.404
2026-02-22 22:00:00,52,2,SEG-Q,131.2296,131.1214,25.681,24.536,16.404
2026-02-22 22:00:00,52,2,SEG-R,131.1876,131.1947,24.219,23.136,16.404
2026-02-22 22:00:00,52,2,SEG-S,131.2211,131.3043,22.984,22.087,16.404
2026-02-22 22:00:00,52,2,SEG-T,131.3105,131.1658,21.414,20.474,16.404
2026-02-23 06:00:00,53,0,SEG-A,281.7482,282.0567,47.946,47.189,35.2459
2026-02-23 06:00:00,53,0,SEG-B,281.9048,282.0534,46.628,45.687,35.2459
2026-02-23 06:00:00,53,0,SEG-C,281.9186,281.8563,45.299,44.36,35.2459
2026-02-23 06:00:00,53,0,SEG-D,282.1597,282.0183,43.771,42.933,35.2454
2026-02-23 06:00:00,53,0,SEG-E,282.0614,281.9042,42.3,41.814,35.2454
2026-02-23 06:00:00,53,0,SEG-F,282.0083,281.8931,41.083,40.18,35.2454
2026-02-23 06:00:00,53,0,SEG-G,282.1932,281.9753,39.552,38.661,35.2454
2026-02-23 06:00:00,53,0,SEG-H,282.2693,282.1948,38.225,37.387,35.2454
2026-02-23 06:00:00,53,0,SEG-I,282.0848,282.1019,36.523,36.074,35.2454
2026-02-23 06:00:00,53,0,SEG-J,281.8754,282.0538,35.464,34.52,35.2454
2026-02-23 06:00:00,53,0,SEG-K,281.7275,282.212,34.019,33.196,35.2454
2026-02-23 06:00:00,53,0,SEG-L,281.8885,281.9459,32.586,31.688,35.2454
2026-02-23 06:00:00,53,0,SEG-M,281.7858,282.0354,31.236,30.28,35.2454
2026-02-23 06:00:00,53,0,SEG-N,282.0457,282.0304,29.78,28.935,35.2454
2026-02-23 06:00:00,53,0,SEG-O,281.7985,281.8101,28.452,27.58,35.2454
2026-02-23 06:00:00,53,0,SEG-P,281.8332,282.1247,27.014,26.329,35.2454
2026-02-23 06:00:00,53,0,SEG-Q,281.75,282.099,25.5,24.806,35.2454
2026-02-23 06:00:00,53,0,SEG-R,281.8548,281.7624,24.153,23.312,35.2454
2026-02-23 06:00:00,53,0,SEG-S,282.0922,281.9723,22.663,21.91,35.2454
2026-02-23 06:00:00,53,0,SEG-T,281.9048,282.096,21.459,20.496,35.2454
2026-02-23 14:00:00,53,1,SEG-A,342.0339,342.0916,48.259,47.135,42.7595
2026-02-23 14:00:00,53,1,SEG-B,342.3266,342.2214,46.516,45.731,42.7595
2026-02-23 14:00:00,53,1,SEG-C,342.2154,342.2659,45.308,44.249,42.7595
2026-02-23 14:00:00,53,1,SEG-D,342.2394,342.0418,43.785,42.945,42.7588
2026-02-23 14:00:00,53,1,SEG-E,341.7778,341.9076,42.341,41.63,42.7588
2026-02-23 14:00:00,53,1,SEG-F,341.866,342.0874,40.82,39.914,42.7588
2026-02-23 14:00:00,53,1,SEG-G,341.9112,342.0063,39.483,38.778,42.7588
2026-02-23 14:00:00,53,1,SEG-H,342.2524,342.3543,38.273,37.382,42.7588
2026-02-23 14:00:00,53,1,SEG-I,342.3295,342.148,36.768,35.951,42.7588
2026-02-23 14:00:00,53,1,SEG-J,341.9982,342.0255,35.262,34.444,42.7588
2026-02-23 14:00:00,53,1,SEG-K,342.3416,342.2221,33.914,33.038,42.7588
2026-02-23 14:00:00,53,1,SEG-L,342.1241,342.107,32.553,31.899,42.7588
2026-02-23 14:00:00,53,1,SEG-M,341.9248,342.2151,31.29,30.182,42.7588
2026-02-23 14:00:00,53,1,SEG-N,342.1442,342.1118,30.008,28.782,42.7588
2026-02-23 14:00:00,53,1,SEG-O,342.1158,341.7406,28.445,27.572,42.7588
2026-02-23 14:00:00,53,1,SEG-P,341.8886,342.3086,27.079,26.232,42.7588
2026-02-23 14:00:00,53,1,SEG-Q,342.1183,341.968,25.576,24.763,42.7588
2026-02-23 14:00:00,53,1,SEG-R,342.1147,342.184,24.034,23.364,42.7588
2026-02-23 14:00:00,53,1,SEG-S,341.979,342.0651,22.899,21.912,42.7588
2026-02-23 14:00:00,53,1,SEG-T,342.0001,342.3001,21.219,20.606,42.7588
2026-02-23 22:00:00,53,2,SEG-A,160.1239,159.9993,48.295,47.191,20.0007
2026-02-23 22:00:00,53,2,SEG-B,159.9433,160.0283,46.464,45.829,20.0007
2026-02-23 22:00:00,53,2,SEG-C,160.0648,159.9134,45.371,44.514,20.0007
2026-02-23 22:00:00,53,2,SEG-D,159.8772,160.1041,43.772,42.792,20.0003
2026-02-23 22:00:00,53,2,SEG-E,160.0601,159.9878,42.407,41.609,20.0003
2026-02-23 22:00:00,53,2,SEG-F,160.0939,160.0379,40.927,40.172,20.0003
2026-02-23 22:00:00,53,2,SEG-G,160.0309,160.0718,39.355,38.812,20.0003
2026-02-23 22:00:00,53,2,SEG-H,159.9592,159.8792,38.405,37.332,20.0003
2026-02-23 22:00:00,53,2,SEG-I,159.983,160.0441,36.717,35.991,20.0003
2026-02-23 22:00:00,53,2,SEG-J,159.902,159.9891,35.583,34.421,20.0003
2026-02-23 22:00:00,53,2,SEG-K,160.1123,159.9889,34.228,33.379,20.0003
2026-02-23 22:00:00,53,2,SEG-L,160.0007,159.9371,32.266,31.852,20.0003
2026-02-23 22:00:00,53,2,SEG-M,159.9518,159.9548,31.147,30.244,20.0003
2026-02-23 22:00:00,53,2,SEG-N,159.9868,160.0687,29.792,28.842,20.0003
2026-02-23 22:00:00,53,2,SEG-O,160.0261,159.8815,28.322,27.6,20.0003
2026-02-23 22:00:00,53,2,SEG-P,160.1505,160.0002,26.955,26.178,20.0003
2026-02-23 22:00:00,53,2,SEG-Q,159.9448,160.0674,25.725,24.912,20.0003
2026-02-23 22:00:00,53,2,SEG-R,160.1145,159.9035,24.445,23.372,20.0003
2026-02-23 22:00:00,53,2,SEG-S,159.9698,160.0239,22.841,21.909,20.0003
2026-02-23 22:00:00,53,2,SEG-T,160.0462,160.075,21.311,20.532,20.0003
2026-02-24 06:00:00,54,0,SEG-A,202.7763,202.8055,47.982,46.906,25.3388
2026-02-24 06:00:00,54,0,SEG-B,202.6424,202.5743,46.55,45.639,25.3388
2026-02-24 06:00:00,54,0,SEG-C,202.792,202.6705,45.187,44.2,25.3388
2026-02-24 06:00:00,54,0,SEG-D,202.7896,202.7125,44.063,42.89,25.3381
2026-02-24 06:00:00,54,0,SEG-E,202.6529,202.699,42.471,41.398,25.3381
2026-02-24 06:00:00,54,0,SEG-F,202.8879,202.7234,40.851,40.171,25.3381
2026-02-24 06:00:00,54,0,SEG-G,202.6702,202.5136,39.428,38.906,25.3381
2026-02-24 06:00:00,54,0,SEG-H,202.8464,202.7307,38.093,37.218,25.3381
2026-02-24 06:00:00,54,0,SEG-I,202.627,202.7961,36.793,35.984,25.3381
2026-02-24 06:00:00,54,0,SEG-J,202.6336,202.8158,35.338,34.495,25.3381
2026-02-24 06:00:00,54,0,SEG-K,202.871,202.5201,33.944,33.065,25.3381
2026-02-24 06:00:00,54,0,SEG-L,202.7522,202.711,32.635,31.77,25.3381
2026-02-24 06:00:00,54,0,SEG-M,202.4861,202.592,31.161,30.463,25.3381
2026-02-24 06:00:00,54,0,SEG-N,202.586,202.6995,29.76,29.043,25.3381
2026-02-24 06:00:00,54,0,SEG-O,202.6035,202.9171,28.546,27.553,25.3381
2026-02-24 06:00:00,54,0,SEG-P,202.6853,202.7569,27.094,26.203,25.3381
2026-02-24 06:00:00,54,0,SEG-Q,202.5866,202.6485,25.322,24.764,25.3381
2026-02-24 06:00:00,54,0,SEG-R,202.5992,202.672,24.303,23.576,25.3381
2026-02-24 06:00:00,54,0,SEG-S,202.756,202.6185,22.633,22.044,25.3381
2026-02-24 06:00:00,54,0,SEG-T,202.5356,202.7016,21.624,20.477,25.3381
2026-02-24 14:00:00,54,1,SEG-A,261.7989,261.4905,47.981,47.419,32.7058
2026-02-24 14:00:00,54,1,SEG-B,261.6234,261.5397,46.556,46.079,32.7058
2026-02-24 14:00:00,54,1,SEG-C,261.6784,261.5903,45.208,44.135,32.7058
2026-02-24 14:00:00,54,1,SEG-D,261.5005,261.5682,43.757,43.069,32.7049
2026-02-24 14:00:00,54,1,SEG-E,261.7265,261.7537,42.563,41.534,32.7049
2026-02-24 14:00:00,54,1,SEG-F,261.5545,261.6207,40.913,40.104,32.7049
2026-02-24 14:00:00,54,1,SEG-G,261.6373,261.7041,39.536,38.71,32.7049
2026-02-24 14:00:00,54,1,SEG-H,261.6163,261.7249,38.141,37.411,32.7049
2026-02-24 14:00:00,54,1,SEG-I,261.5165,261.4829,36.677,35.873,32.7049
2026-02-24 14:00:00,54,1,SEG-J,261.4737,261.9367,35.508,34.569,32.7049
2026-02-24 14:00:00,54,1,SEG-K,261.6461,261.4309,33.945,33.304,32.7049
2026-02-24 14:00:00,54,1,SEG-L,261.6957,261.7387,32.61,31.728,32.7049
2026-02-24 14:00:00,54,1,SEG-M,261.5784,261.826,31.234,30.303,32.7049
2026-02-24 14:00:00,54,1,SEG-N,261.5706,261.6763,29.944,28.737,32.7049
2026-02-24 14:00:00,54,1,SEG-O,261.5918,261.7781,28.297,27.617,32.7049
2026-02-24 14:00:00,54,1,SEG-P,261.6132,261.5344,26.851,26.241,32.7049
2026-02-24 14:00:00,54,1,SEG-Q,261.5072,261.5915,25.494,24.816,32.7049
2026-02-24 14:00:00,54,1,SEG-R,261.5847,261.5613,24.011,23.401,32.7049
2026-02-24 14:00:00,54,1,SEG-S,261.6954,261.4439,22.853,21.914,32.7049
2026-02-24 14:00:00,54,1,SEG-T,261.6976,261.6184,21.315,20.536,32.7049
2026-02-24 22:00:00,54,2,SEG-A,168.0194,168.0875,48.158,46.966,21.0079
2026-02-24 22:00:00,54,2,SEG-B,168.1021,168.073,46.755,45.78,21.0079
2026-02-24 22:00:00,54,2,SEG-C,168.1865,168.1266,45.025,44.141,21.0079
2026-02-24 22:00:00,54,2,SEG-D,168.0429,168.0424,43.639,42.946,21.0074
2026-02-24 22:00:00,54,2,SEG-E,168.0951,168.0232,42.33,41.467,21.0074
2026-02-24 22:00:00,54,2,SEG-F,168.0784,168.0502,41.166,40.024,21.0074
2026-02-24 22:00:00,54,2,SEG-G,168.0134,168.1723,39.541,38.8,21.0074
2026-02-24 22:00:00,54,2,SEG-H,168.0047,168.0168,38.16,37.269,21.0074
2026-02-24 22:00:00,54,2,SEG-I,168.0833,168.0731,36.981,35.85,21.0074
2026-02-24 22:00:00,54,2,SEG-J,168.1285,168.0774,35.418,34.509,21.0074
2026-02-24 22:00:00,54,2,SEG-K,168.0707,168.1095,33.947,33.25,21.0074
2026-02-24 22:00:00,54,2,SEG-L,168.1113,168.1322,32.53,31.749,21.0074
2026-02-24 22:00:00,54,2,SEG-M,168.0308,168.1108,30.94,30.284,21.0074
2026-02-24 22:00:00,54,2,SEG-N,167.9901,168.0043,30.052,28.92,21.0074
2026-02-24 22:00:00,54,2,SEG-O,168.1391,168.0179,28.346,27.595,21.0074
2026-02-24 22:00:00,54,2,SEG-P,168.0597,168.0253,26.935,26.021,21.0074
2026-02-24 22:00:00,54,2,SEG-Q,168.0853,168.1764,25.604,24.745,21.0074
2026-02-24 22:00:00,54,2,SEG-R,168.0553,168.093,24.283,23.459,21.0074
2026-02-24 22:00:00,54,2,SEG-S,168.1118,167.9895,22.768,21.949,21.0074
2026-02-24 22:00:00,54,2,SEG-T,168.0189,168.0715,21.409,20.49,21.0074
2026-02-25 06:00:00,55,0,SEG-A,248.2669,248.5343,47.621,47.29,31.0393
2026-02-25 06:00:00,55,0,SEG-B,248.2883,248.3991,46.661,45.76,31.0393
2026-02-25 06:00:00,55,0,SEG-C,248.3441,248.226,44.959,44.273,31.0393
2026-02-25 06:00:00,55,0,SEG-D,248.4404,248.4994,43.844,42.907,31.0384
2026-02-25 06:00:00,55,0,SEG-E,248.3704,248.5105,42.394,41.732,31.0384
2026-02-25 06:00:00,55,0,SEG-F,248.2154,248.3683,40.952,40.022,31.0384
2026-02-25 06:00:00,55,0,SEG-G,248.3759,248.4196,39.788,38.931,31.0384
2026-02-25 06:00:00,55,0,SEG-H,248.2204,248.4357,38.058,37.292,31.0384
2026-02-25 06:00:00,55,0,SEG-I,248.4283,248.1508,36.88,35.95,31.0384
2026-02-25 06:00:00,55,0,SEG-J,248.2262,248.3471,35.542,34.41,31.0384
2026-02-25 06:00:00,55,0,SEG-K,248.3724,248.2217,33.827,32.98,31.0384
2026-02-25 06:00:00,55,0,SEG-L,248.3586,248.4919,32.52,31.867,31.0384
2026-02-25 06:00:00,55,0,SEG-M,248.388,248.4309,31.107,30.143,31.0384
2026-02-25 06:00:00,55,0,SEG-N,248.3202,248.2923,29.628,28.864,31.0384
2026-02-25 06:00:00,55,0,SEG-O,248.3738,248.2533,28.375,27.577,31.0384
2026-02-25 06:00:00,55,0,SEG-P,248.3251,248.4814,27.13,26.045,31.0384
2026-02-25 06:00:00,55,0,SEG-Q,248.2942,248.3524,25.649,24.848,31.0384
2026-02-25 06:00:00,55,0,SEG-R,248.2721,248.2668,24.407,23.292,31.0384
2026-02-25 06:00:00,55,0,SEG-S,248.1973,248.3456,22.817,22.091,31.0384
2026-02-25 06:00:00,55,0,SEG-T,248.3348,248.3043,21.229,20.714,31.0384
2026-02-25 14:00:00,55,1,SEG-A,234.676,234.743,48.043,47.117,29.3486
2026-02-25 14:00:00,55,1,SEG-B,234.8004,234.7295,46.643,45.571,29.3486
2026-02-25 14:00:00,55,1,SEG-C,234.9302,234.8729,44.984,44.397,29.3486
2026-02-25 14:00:00,55,1,SEG-D,234.7969,234.8189,43.665,43.274,29.3475
2026-02-25 14:00:00,55,1,SEG-E,234.8388,234.614,42.557,41.615,29.3475
2026-02-25 14:00:00,55,1,SEG-F,234.8156,234.9813,41.059,40.103,29.3475
2026-02-25 14:00:00,55,1,SEG-G,234.8554,234.7389,39.768,38.616,29.3475
2026-02-25 14:00:00,55,1,SEG-H,234.5816,234.8431,38.038,37.408,29.3475
2026-02-25 14:00:00,55,1,SEG-I,234.6169,234.6758,36.707,35.84,29.3475
2026-02-25 14:00:00,55,1,SEG-J,234.7804,234.4927,35.528,34.556,29.3475
2026-02-25 14:00:00,55,1,SEG-K,234.6418,234.771,33.909,33.02,29.3475
2026-02-25 14:00:00,55,1,SEG-L,234.6808,234.7124,32.539,31.834,29.3475
2026-02-25 14:00:00,55,1,SEG-M,234.8215,234.7985,31.33,30.11,29.3475
2026-02-25 14:00:00,55,1,SEG-N,234.9391,234.7086,29.695,29.13,29.3475
2026-02-25 14:00:00,55,1,SEG-O,234.8908,234.931,28.486,27.65,29.3475
2026-02-25 14:00:00,55,1,SEG-P,234.8626,234.707,27.22,26.062,29.3475
2026-02-25 14:00:00,55,1,SEG-Q,234.9926,234.7289,25.63,24.778,29.3475
2026-02-25 14:00:00,55,1,SEG-R,234.7992,234.7904,24.144,23.505,29.3475
2026-02-25 14:00:00,55,1,SEG-S,234.7211,234.9116,22.749,22.09,29.3475
2026-02-25 14:00:00,55,1,SEG-T,234.7787,234.9379,21.604,20.458,29.3475
2026-02-25 22:00:00,55,2,SEG-A,190.7849,190.9832,48.011,47.054,23.8657
2026-02-25 22:00:00,55,2,SEG-B,190.8597,190.9058,46.588,45.841,23.8657
2026-02-25 22:00:00,55,2,SEG-C,190.9992,190.9157,44.894,44.323,23.8657
2026-02-25 22:00:00,55,2,SEG-D,190.9631,191.0637,43.954,42.892,23.8651
2026-02-25 22:00:00,55,2,SEG-E,191.0317,190.879,42.233,41.309,23.8651
2026-02-25 22:00:00,55,2,SEG-F,190.9823,190.9161,41.228,40.253,23.8651
2026-02-25 22:00:00,55,2,SEG-G,190.9422,190.9593,39.6,38.668,23.8651
2026-02-25 22:00:00,55,2,SEG-H,190.9409,190.8222,38.21,37.286,23.8651
2026-02-25 22:00:00,55,2,SEG-I,191.0096,190.9612,36.922,35.797,23.8651
2026-02-25 22:00:00,55,2,SEG-J,190.9346,190.9121,35.469,34.497,23.8651
2026-02-25 22:00:00,55,2,SEG-K,190.9618,190.7732,33.972,33.317,23.8651
2026-02-25 22:00:00,55,2,SEG-L,190.9444,191.0448,32.744,32.073,23.8651
2026-02-25 22:00:00,55,2,SEG-M,190.9849,190.9218,31.209,30.335,23.8651
2026-02-25 22:00:00,55,2,SEG-N,190.878,191.0565,29.882,28.79,23.8651
2026-02-25 22:00:00,55,2,SEG-O,190.8276,190.8822,28.43,27.351,23.8651
2026-02-25 22:00:00,55,2,SEG-P,191.1239,190.8181,27.004,26.348,23.8651
2026-02-25 22:00:00,55,2,SEG-Q,190.8084,190.8894,25.562,24.474,23.8651
2026-02-25 22:00:00,55,2,SEG-R,190.7853,190.9066,24.431,23.348,23.8651
2026-02-25 22:00:00,55,2,SEG-S,190.9138,190.9444,22.715,21.773,23.8651
2026-02-25 22:00:00,55,2,SEG-T,190.8551,191.1201,21.317,20.622,23.8651
2026-02-26 06:00:00,56,0,SEG-A,242.6275,242.5341,48.226,47.374,30.3367
2026-02-26 06:00:00,56,0,SEG-B,242.6011,242.7559,46.484,45.63,30.3367
2026-02-26 06:00:00,56,0,SEG-C,242.667,242.7297,44.945,44.308,30.3367
2026-02-26 06:00:00,56,0,SEG-D,242.461,242.556,43.905,43.014,30.3357
2026-02-26 06:00:00,56,0,SEG-E,242.3461,242.6067,42.323,41.399,30.3357
2026-02-26 06:00:00,56,0,SEG-F,242.7428,242.6572,40.81,40.12,30.3357
2026-02-26 06:00:00,56,0,SEG-G,242.7347,242.7401,39.665,38.884,30.3357
2026-02-26 06:00:00,56,0,SEG-H,242.665,242.6967,38.083,37.24,30.3357
2026-02-26 06:00:00,56,0,SEG-I,242.5537,242.6324,36.578,36.003,30.3357
2026-02-26 06:00:00,56,0,SEG-J,242.6173,242.5041,35.287,34.463,30.3357
2026-02-26 06:00:00,56,0,SEG-K,242.8437,242.7465,33.993,33.111,30.3357
2026-02-26 06:00:00,56,0,SEG-L,242.8516,242.7668,32.524,31.952,30.3357
2026-02-26 06:00:00,56,0,SEG-M,242.7643,242.7354,31.298,30.391,30.3357
2026-02-26 06:00:00,56,0,SEG-N,242.6141,242.6429,29.815,28.751,30.3357
2026-02-26 06:00:00,56,0,SEG-O,242.7462,242.5828,28.363,27.334,30.3357
2026-02-26 06:00:00,56,0,SEG-P,242.6534,242.5821,27.161,26.123,30.3357
2026-02-26 06:00:00,56,0,SEG-Q,242.5835,242.5665,25.615,24.636,30.3357
2026-02-26 06:00:00,56,0,SEG-R,242.7687,242.844,24.098,23.465,30.3357
2026-02-26 06:00:00,56,0,SEG-S,242.6079,242.8048,22.718,21.88,30.3357
2026-02-26 06:00:00,56,0,SEG-T,242.6673,242.6589,21.387,20.681,30.3357
2026-02-26 14:00:00,56,1,SEG-A,292.078,292.1745,47.987,47.4,36.4972
2026-02-26 14:00:00,56,1,SEG-B,292.0325,291.8307,46.533,45.913,36.4972
2026-02-26 14:00:00,56,1,SEG-C,292.1026,291.8042,45.244,44.448,36.4972
2026-02-26 14:00:00,56,1,SEG-D,291.7732,291.7401,43.789,42.98,36.4959
2026-02-26 14:00:00,56,1,SEG-E,291.9373,291.9438,42.426,41.481,36.4959
2026-02-26 14:00:00,56,1,SEG-F,291.9679,292.1072,41.201,40.348,36.4959
2026-02-26 14:00:00,56,1,SEG-G,291.909,291.8787,39.707,38.873,36.4959
2026-02-26 14:00:00,56,1,SEG-H,292.0002,291.8041,38.148,37.583,36.4959
2026-02-26 14:00:00,56,1,SEG-I,291.8976,291.7936,36.994,35.731,36.4959
2026-02-26 14:00:00,56,1,SEG-J,291.9766,291.9895,35.428,34.481,36.4959
2026-02-26 14:00:00,56,1,SEG-K,291.9699,292.0738,33.93,33.067,36.4959
2026-02-26 14:00:00,56,1,SEG-L,292.0857,291.8034,32.64,31.626,36.4959
2026-02-26 14:00:00,56,1,SEG-M,292.0203,291.7503,31.051,30.3,36.4959
2026-02-26 14:00:00,56,1,SEG-N,291.9204,291.9249,29.707,28.81,36.4959
2026-02-26 14:00:00,56,1,SEG-O,291.8258,291.9943,28.16,27.604,36.4959
2026-02-26 14:00:00,56,1,SEG-P,291.9814,291.937,27.035,26.114,36.4959
2026-02-26 14:00:00,56,1,SEG-Q,291.9749,292.1333,25.516,24.744,36.4959
2026-02-26 14:00:00,56,1,SEG-R,291.8968,291.9333,24.269,23.359,36.4959
2026-02-26 14:00:00,56,1,SEG-S,291.7064,292.1617,22.869,22.044,36.4959
2026-02-26 14:00:00,56,1,SEG-T,292.1354,291.8412,21.336,20.386,36.4959
2026-02-26 22:00:00,56,2,SEG-A,162.5913,162.6278,47.962,47.227,20.3368
2026-02-26 22:00:00,56,2,SEG-B,162.7669,162.6344,46.47,45.718,20.3368
2026-02-26 22:00:00,56,2,SEG-C,162.6147,162.6577,45.38,44.304,20.3368
2026-02-26 22:00:00,56,2,SEG-D,162.6158,162.6598,43.919,42.789,20.3361
2026-02-26 22:00:00,56,2,SEG-E,162.6274,162.6603,42.388,41.565,20.3361
2026-02-26 22:00:00,56,2,SEG-F,162.5694,162.6815,41.003,40.244,20.3361
2026-02-26 22:00:00,56,2,SEG-G,162.6619,162.7209,39.481,38.747,20.3361
2026-02-26 22:00:00,56,2,SEG-H,162.7238,162.6709,38.33,37.405,20.3361
2026-02-26 22:00:00,56,2,SEG-I,162.6537,162.734,36.867,35.782,20.3361
2026-02-26 22:00:00,56,2,SEG-J,162.6114,162.6607,35.352,34.388,20.3361
2026-02-26 22:00:00,56,2,SEG-K,162.6375,162.7257,34.054,33.02,20.3361
2026-02-26 22:00:00,56,2,SEG-L,162.6561,162.8783,32.65,31.716,20.3361
2026-02-26 22:00:00,56,2,SEG-M,162.757,162.7653,31.156,30.349,20.3361
2026-02-26 22:00:00,56,2,SEG-N,162.7317,162.7127,29.684,29.027,20.3361
2026-02-26 22:00:00,56,2,SEG-O,162.7066,162.6448,28.241,27.79,20.3361
2026-02-26 22:00:00,56,2,SEG-P,162.8706,162.6041,26.957,26.421,20.3361
2026-02-26 22:00:00,56,2,SEG-Q,162.7156,162.6315,25.638,24.773,20.3361
2026-02-26 22:00:00,56,2,SEG-R,162.7156,162.5823,24.367,23.392,20.3361
2026-02-26 22:00:00,56,2,SEG-S,162.6209,162.677,22.705,21.784,20.3361
2026-02-26 22:00:00,56,2,SEG-T,162.7248,162.552,21.325,20.663,20.3361
2026-02-27 06:00:00,57,0,SEG-A,247.0974,246.995,47.8,47.016,30.8832
2026-02-27 06:00:00,57,0,SEG-B,247.056,247.0372,46.451,45.851,30.8832
2026-02-27 06:00:00,57,0,SEG-C,247.0924,246.9144,45.155,44.182,30.8832
2026-02-27 06:00:00,57,0,SEG-D,246.9925,247.2219,43.888,42.879,30.882
2026-02-27 06:00:00,57,0,SEG-E,247.1677,247.1587,42.295,41.595,30.882
2026-02-27 06:00:00,57,0,SEG-F,247.1055,247.1875,41.095,40.275,30.882
2026-02-27 06:00:00,57,0,SEG-G,247.0661,246.917,39.747,38.724,30.882
2026-02-27 06:00:00,57,0,SEG-H,247.0062,247.1234,38.128,37.164,30.882
2026-02-27 06:00:00,57,0,SEG-I,247.0128,247.068,36.975,35.831,30.882
2026-02-27 06:00:00,57,0,SEG-J,246.9631,247.0211,35.448,34.487,30.882
2026-02-27 06:00:00,57,0,SEG-K,247.1485,247.1603,34.135,32.955,30.882
2026-02-27 06:00:00,57,0,SEG-L,247.0756,246.9031,32.724,31.746,30.882
2026-02-27 06:00:00,57,0,SEG-M,247.0281,247.0682,31.176,30.547,30.882
2026-02-27 06:00:00,57,0,SEG-N,246.9088,247.0587,29.696,28.993,30.882
2026-02-27 06:00:00,57,0,SEG-O,247.037,246.9348,28.54,27.254,30.882
2026-02-27 06:00:00,57,0,SEG-P,246.944,247.0922,27.026,26.166,30.882
2026-02-27 06:00:00,57,0,SEG-Q,246.9786,247.0274,25.541,24.741,30.882
2026-02-27 06:00:00,57,0,SEG-R,246.9855,247.0593,24.296,23.465,30.882
2026-02-27 06:00:00,57,0,SEG-S,247.0721,246.9174,22.6,21.89,30.882
2026-02-27 06:00:00,57,0,SEG-T,247.1223,247.0179,21.354,20.498,30.882
2026-02-27 14:00:00,57,1,SEG-A,294.8994,294.7674,48.031,47.07,36.8348
2026-02-27 14:00:00,57,1,SEG-B,294.78,294.6693,46.56,45.769,36.8348
2026-02-27 14:00:00,57,1,SEG-C,294.8457,294.689,45.186,44.452,36.8348
2026-02-27 14:00:00,57,1,SEG-D,294.7743,294.5476,43.917,42.886,36.8333
2026-02-27 14:00:00,57,1,SEG-E,294.6157,294.7086,42.544,41.593,36.8333
2026-02-27 14:00:00,57,1,SEG-F,294.7368,294.7114,41.001,40.145,36.8333
2026-02-27 14:00:00,57,1,SEG-G,294.6432,294.6915,39.433,38.686,36.8333
2026-02-27 14:00:00,57,1,SEG-H,294.9924,294.7111,38.479,37.383,36.8333
2026-02-27 14:00:00,57,1,SEG-I,294.7864,294.6556,36.947,36.045,36.8333
2026-02-27 14:00:00,57,1,SEG-J,294.8059,294.6755,35.429,34.571,36.8333
2026-02-27 14:00:00,57,1,SEG-K,294.5747,294.5619,34.078,33.147,36.8333
2026-02-27 14:00:00,57,1,SEG-L,294.6235,294.6973,32.532,31.659,36.8333
2026-02-27 14:00:00,57,1,SEG-M,294.7388,294.729,31.235,30.444,36.8333
2026-02-27 14:00:00,57,1,SEG-N,294.6279,294.6123,29.688,29.098,36.8333
2026-02-27 14:00:00,57,1,SEG-O,294.6794,294.6296,28.427,27.458,36.8333
2026-02-27 14:00:00,57,1,SEG-P,294.5069,294.6507,27.1,26.291,36.8333
2026-02-27 14:00:00,57,1,SEG-Q,294.7127,294.4786,25.395,24.896,36.8333
2026-02-27 14:00:00,57,1,SEG-R,294.7987,294.7758,24.105,23.09,36.8333
2026-02-27 14:00:00,57,1,SEG-S,294.6971,294.8217,22.722,21.869,36.8333
2026-02-27 14:00:00,57,1,SEG-T,294.5888,294.608,21.473,20.397,36.8333
2026-02-27 22:00:00,57,2,SEG-A,184.6517,184.8817,48.128,47.287,23.0928
2026-02-27 22:00:00,57,2,SEG-B,184.7912,184.756,46.422,45.682,23.0928
2026-02-27 22:00:00,57,2,SEG-C,184.7024,184.8059,45.241,44.543,23.0928
2026-02-27 22:00:00,57,2,SEG-D,184.7166,184.8497,44.005,43.076,23.092
2026-02-27 22:00:00,57,2,SEG-E,184.6667,184.6519,42.222,41.464,23.092
2026-02-27 22:00:00,57,2,SEG-F,184.5948,184.762,41.186,40.124,23.092
2026-02-27 22:00:00,57,2,SEG-G,184.7777,184.5466,39.654,38.777,23.092
2026-02-27 22:00:00,57,2,SEG-H,184.7335,184.6012,38.154,37.283,23.092
2026-02-27 22:00:00,57,2,SEG-I,184.7364,184.6665,36.733,35.808,23.092
2026-02-27 22:00:00,57,2,SEG-J,184.8463,184.7994,35.355,34.557,23.092
2026-02-27 22:00:00,57,2,SEG-K,184.827,184.7758,33.846,33.022,23.092
2026-02-27 22:00:00,57,2,SEG-L,184.6888,184.6519,32.577,31.833,23.092
2026-02-27 22:00:00,57,2,SEG-M,184.6917,184.6596,31.293,30.442,23.092
2026-02-27 22:00:00,57,2,SEG-N,184.6996,184.7312,29.795,28.963,23.092
2026-02-27 22:00:00,57,2,SEG-O,184.7016,184.672,28.39,27.603,23.092
2026-02-27 22:00:00,57,2,SEG-P,184.7577,184.7306,27.165,26.159,23.092
2026-02-27 22:00:00,57,2,SEG-Q,184.7204,184.6085,25.455,24.701,23.092
2026-02-27 22:00:00,57,2,SEG-R,184.8045,185.0281,23.966,23.224,23.092
2026-02-27 22:00:00,57,2,SEG-S,184.7118,184.7197,22.865,21.978,23.092
2026-02-27 22:00:00,57,2,SEG-T,184.7748,184.7247,21.461,20.469,23.092
2026-02-28 06:00:00,58,0,SEG-A,291.5742,291.5802,47.967,47.138,36.4453
2026-02-28 06:00:00,58,0,SEG-B,291.5429,291.2108,46.424,45.855,36.4453
2026-02-28 06:00:00,58,0,SEG-C,291.6533,291.5557,44.896,44.502,36.4453
2026-02-28 06:00:00,58,0,SEG-D,291.5003,291.7555,43.914,42.974,36.4439
2026-02-28 06:00:00,58,0,SEG-E,291.6404,291.4254,42.428,41.674,36.4439
2026-02-28 06:00:00,58,0,SEG-F,291.6916,291.5685,41.004,40.376,36.4439
2026-02-28 06:00:00,58,0,SEG-G,291.6088,291.6635,39.661,38.723,36.4439
2026-02-28 06:00:00,58,0,SEG-H,291.5612,291.3832,38.112,37.268,36.4439
2026-02-28 06:00:00,58,0,SEG-I,291.4522,291.5929,36.71,35.992,36.4439
2026-02-28 06:00:00,58,0,SEG-J,291.4552,291.5639,35.269,34.466,36.4439
2026-02-28 06:00:00,58,0,SEG-K,291.8119,291.4601,33.981,33.18,36.4439
2026-02-28 06:00:00,58,0,SEG-L,291.602,291.9464,32.46,31.775,36.4439
2026-02-28 06:00:00,58,0,SEG-M,291.6818,291.8166,31.209,30.257,36.4439
2026-02-28 06:00:00,58,0,SEG-N,291.5514,291.4807,30.109,28.936,36.4439
2026-02-28 06:00:00,58,0,SEG-O,291.6041,291.7508,28.351,27.458,36.4439
2026-02-28 06:00:00,58,0,SEG-P,291.6531,291.5136,26.892,26.188,36.4439
2026-02-28 06:00:00,58,0,SEG-Q,291.4963,291.4407,25.558,24.756,36.4439
2026-02-28 06:00:00,58,0,SEG-R,291.6103,291.6188,24.067,23.264,36.4439
2026-02-28 06:00:00,58,0,SEG-S,291.5618,291.6328,22.969,21.898,36.4439
2026-02-28 06:00:00,58,0,SEG-T,291.478,291.5196,21.388,20.554,36.4439
2026-02-28 14:00:00,58,1,SEG-A,306.8823,306.7786,48.185,47.034,38.3917
2026-02-28 14:00:00,58,1,SEG-B,307.039,307.1003,46.628,45.969,38.3917
2026-02-28 14:00:00,58,1,SEG-C,306.954,307.2284,45.088,44.433,38.3917
2026-02-28 14:00:00,58,1,SEG-D,306.8642,307.0991,43.841,43.075,38.3899
2026-02-28 14:00:00,58,1,SEG-E,307.1732,307.0268,42.348,41.758,38.3899
2026-02-28 14:00:00,58,1,SEG-F,307.1618,307.1318,40.93,40.142,38.3899
2026-02-28 14:00:00,58,1,SEG-G,306.8536,307.2261,39.557,38.721,38.3899
2026-02-28 14:00:00,58,1,SEG-H,306.9317,306.8449,38.211,37.248,38.3899
2026-02-28 14:00:00,58,1,SEG-I,307.1445,307.1886,36.94,35.641,38.3899
2026-02-28 14:00:00,58,1,SEG-J,306.6964,307.1402,35.53,34.531,38.3899
2026-02-28 14:00:00,58,1,SEG-K,307.0641,307.1729,34.075,33.192,38.3899
2026-02-28 14:00:00,58,1,SEG-L,307.1604,306.969,32.576,31.703,38.3899
2026-02-28 14:00:00,58,1,SEG-M,306.9332,307.2798,31.328,30.333,38.3899
2026-02-28 14:00:00,58,1,SEG-N,307.0954,307.1319,29.661,28.772,38.3899
2026-02-28 14:00:00,58,1,SEG-O,307.3275,306.9829,28.517,27.553,38.3899
2026-02-28 14:00:00,58,1,SEG-P,307.1771,307.0543,26.998,26.163,38.3899
2026-02-28 14:00:00,58,1,SEG-Q,307.1213,307.1077,25.677,24.545,38.3899
2026-02-28 14:00:00,58,1,SEG-R,307.0233,307.0337,24.238,23.536,38.3899
2026-02-28 14:00:00,58,1,SEG-S,307.2081,307.0555,22.884,22.097,38.3899
2026-02-28 14:00:00,58,1,SEG-T,307.1594,307.2036,21.299,20.654,38.3899
2026-02-28 22:00:00,58,2,SEG-A,177.029,177.0018,47.91,47.178,22.1264
2026-02-28 22:00:00,58,2,SEG-B,177.0795,177.0191,46.462,45.731,22.1264
2026-02-28 22:00:00,58,2,SEG-C,177.0273,176.9248,45.137,44.447,22.1264
2026-02-28 22:00:00,58,2,SEG-D,177.1204,176.9988,43.871,43.082,22.1254
2026-02-28 22:00:00,58,2,SEG-E,177.1038,176.975,42.17,41.496,22.1254
2026-02-28 22:00:00,58,2,SEG-F,176.8582,176.9605,40.906,40.226,22.1254
2026-02-28 22:00:00,58,2,SEG-G,177.0114,177.0393,39.539,38.663,22.1254
2026-02-28 22:00:00,58,2,SEG-H,177.0006,176.9875,38.39,37.442,22.1254
2026-02-28 22:00:00,58,2,SEG-I,176.9882,177.1006,36.879,36.001,22.1254
2026-02-28 22:00:00,58,2,SEG-J,177.1031,176.984,35.315,34.656,22.1254
2026-02-28 22:00:00,58,2,SEG-K,177.0536,177.1967,34.003,33.264,22.1254
2026-02-28 22:00:00,58,2,SEG-L,177.0298,176.9613,32.661,31.612,22.1254
2026-02-28 22:00:00,58,2,SEG-M,177.0705,177.0614,31.343,30.386,22.1254
2026-02-28 22:00:00,58,2,SEG-N,177.0241,177.0677,29.825,28.976,22.1254
2026-02-28 22:00:00,58,2,SEG-O,176.9573,176.9451,28.27,27.725,22.1254
2026-02-28 22:00:00,58,2,SEG-P,177.021,176.9673,27.061,25.962,22.1254
2026-02-28 22:00:00,58,2,SEG-Q,177.1095,177.0442,25.551,24.818,22.1254
2026-02-28 22:00:00,58,2,SEG-R,177.0263,177.044,24.156,23.29,22.1254
2026-02-28 22:00:00,58,2,SEG-S,176.8899,177.1836,22.845,21.843,22.1254
2026-02-28 22:00:00,58,2,SEG-T,176.9625,176.9605,21.241,20.661,22.1254
2026-03-01 06:00:00,59,0,SEG-A,197.2094,197.4527,47.847,47.339,24.6563
2026-03-01 06:00:00,59,0,SEG-B,197.2666,197.3459,46.729,45.747,24.6563
2026-03-01 06:00:00,59,0,SEG-C,197.3228,197.1739,45.051,44.405,24.6563
2026-03-01 06:00:00,59,0,SEG-D,197.1948,197.3472,43.865,43.001,24.6546
2026-03-01 06:00:00,59,0,SEG-E,197.2281,197.2311,42.488,41.599,24.6546
2026-03-01 06:00:00,59,0,SEG-F,196.993,197.3489,40.901,40.28,24.6546
2026-03-01 06:00:00,59,0,SEG-G,197.4733,197.3424,39.769,38.765,24.6546
2026-03-01 06:00:00,59,0,SEG-H,197.2366,197.2499,38.408,37.561,24.6546
2026-03-01 06:00:00,59,0,SEG-I,197.0641,197.2081,36.972,35.884,24.6546
2026-03-01 06:00:00,59,0,SEG-J,197.0484,197.2778,35.292,34.567,24.6546
2026-03-01 06:00:00,59,0,SEG-K,197.1771,197.1075,34.108,33.019,24.6546
2026-03-01 06:00:00,59,0,SEG-L,197.1808,197.3135,32.617,31.707,24.6546
2026-03-01 06:00:00,59,0,SEG-M,197.0517,197.1131,31.285,30.448,24.6546
2026-03-01 06:00:00,59,0,SEG-N,197.2777,197.3447,29.619,29.131,24.6546
2026-03-01 06:00:00,59,0,SEG-O,197.1594,197.1946,28.337,27.588,24.6546
2026-03-01 06:00:00,59,0,SEG-P,197.2398,197.1954,26.919,26.178,24.6546
2026-03-01 06:00:00,59,0,SEG-Q,197.1585,197.1321,25.769,24.819,24.6546
2026-03-01 06:00:00,59,0,SEG-R,197.2693,197.454,24.194,23.309,24.6546
2026-03-01 06:00:00,59,0,SEG-S,197.1255,197.2414,22.508,21.982,24.6546
2026-03-01 06:00:00,59,0,SEG-T,197.2351,197.2159,21.449,20.574,24.6546
2026-03-01 14:00:00,59,1,SEG-A,304.9745,305.1767,48.005,47.152,38.1456
2026-03-01 14:00:00,59,1,SEG-B,305.0941,305.2914,46.484,45.892,38.1456
2026-03-01 14:00:00,59,1,SEG-C,305.1653,305.425,45.252,44.31,38.1456
2026-03-01 14:00:00,59,1,SEG-D,305.3434,305.2779,43.628,42.727,38.1436
2026-03-01 14:00:00,59,1,SEG-E,305.3411,305.2598,42.17,41.674,38.1436
2026-03-01 14:00:00,59,1,SEG-F,305.2093,305.1142,41.023,40.486,38.1436
2026-03-01 14:00:00,59,1,SEG-G,305.1134,305.3053,39.66,38.811,38.1436
2026-03-01 14:00:00,59,1,SEG-H,305.1378,304.9092,37.991,37.408,38.1436
2026-03-01 14:00:00,59,1,SEG-I,304.9207,305.149,36.993,35.9,38.1436
2026-03-01 14:00:00,59,1,SEG-J,305.1629,305.3016,35.416,34.555,38.1436
2026-03-01 14:00:00,59,1,SEG-K,305.047,305.1514,34.088,33.058,38.1436
2026-03-01 14:00:00,59,1,SEG-L,305.0876,305.1253,32.59,31.811,38.1436
2026-03-01 14:00:00,59,1,SEG-M,305.1249,305.1017,31.221,30.416,38.1436
2026-03-01 14:00:00,59,1,SEG-N,305.2817,305.2501,29.841,28.965,38.1436
2026-03-01 14:00:00,59,1,SEG-O,305.0412,305.2343,28.379,27.591,38.1436
2026-03-01 14:00:00,59,1,SEG-P,305.1237,305.2433,27.094,26.096,38.1436
2026-03-01 14:00:00,59,1,SEG-Q,305.204,305.0743,25.471,24.704,38.1436
2026-03-01 14:00:00,59,1,SEG-R,305.124,305.3642,24.084,23.589,38.1436
2026-03-01 14:00:00,59,1,SEG-S,305.017,305.0394,22.762,22.048,38.1436
2026-03-01 14:00:00,59,1,SEG-T,305.173,305.0882,21.55,20.686,38.1436
2026-03-01 22:00:00,59,2,SEG-A,202.2727,202.3681,47.519,46.915,25.2901
2026-03-01 22:00:00,59,2,SEG-B,202.2382,202.3229,46.617,45.92,25.2901
2026-03-01 22:00:00,59,2,SEG-C,202.3672,202.1653,45.061,44.121,25.2901
2026-03-01 22:00:00,59,2,SEG-D,202.4898,202.4137,43.743,43.076,25.2889
2026-03-01 22:00:00,59,2,SEG-E,202.3123,202.1773,42.353,41.751,25.2889
2026-03-01 22:00:00,59,2,SEG-F,202.2464,202.1728,41.161,40.095,25.2889
2026-03-01 22:00:00,59,2,SEG-G,202.3259,202.2097,39.659,38.491,25.2889
2026-03-01 22:00:00,59,2,SEG-H,202.4007,202.2852,38.136,37.506,25.2889
2026-03-01 22:00:00,59,2,SEG-I,202.2692,202.3429,36.743,35.784,25.2889
2026-03-01 22:00:00,59,2,SEG-J,202.2247,202.3321,35.423,34.636,25.2889
2026-03-01 22:00:00,59,2,SEG-K,202.5067,202.2469,34.069,32.932,25.2889
2026-03-01 22:00:00,59,2,SEG-L,202.2617,202.4283,32.693,31.958,25.2889
2026-03-01 22:00:00,59,2,SEG-M,202.1689,202.2439,31.074,30.327,25.2889
2026-03-01 22:00:00,59,2,SEG-N,202.3472,202.4392,29.801,28.96,25.2889
2026-03-01 22:00:00,59,2,SEG-O,202.3538,202.0978,28.283,27.626,25.2889
2026-03-01 22:00:00,59,2,SEG-P,202.2536,202.2977,26.831,26.157,25.2889
2026-03-01 22:00:00,59,2,SEG-Q,202.5219,202.4118,25.442,24.812,25.2889
2026-03-01 22:00:00,59,2,SEG-R,202.2923,202.0823,24.127,23.365,25.2889
2026-03-01 22:00:00,59,2,SEG-S,202.383,202.4646,22.923,21.916,25.2889
2026-03-01 22:00:00,59,2,SEG-T,202.1997,202.3011,21.261,20.507,25.2889
2026-03-02 06:00:00,60,0,SEG-A,269.1344,269.2481,48.155,47.321,33.6285
2026-03-02 06:00:00,60,0,SEG-B,269.0382,269.1253,46.491,45.57,33.6285
2026-03-02 06:00:00,60,0,SEG-C,269.289,268.9846,45.308,44.19,33.6285
2026-03-02 06:00:00,60,0,SEG-D,269.0379,269.1398,43.741,43.118,33.6266
2026-03-02 06:00:00,60,0,SEG-E,268.9986,269.0641,42.618,41.532,33.6266
2026-03-02 06:00:00,60,0,SEG-F,268.8623,268.8559,41.143,40.267,33.6266
2026-03-02 06:00:00,60,0,SEG-G,268.7946,268.8986,39.609,38.648,33.6266
2026-03-02 06:00:00,60,0,SEG-H,269.0755,269.0218,38.162,37.406,33.6266
2026-03-02 06:00:00,60,0,SEG-I,269.2243,269.1434,36.865,35.963,33.6266
2026-03-02 06:00:00,60,0,SEG-J,269.033,269.0883,35.594,34.447,33.6266
2026-03-02 06:00:00,60,0,SEG-K,268.9163,268.9519,33.967,33.293,33.6266
2026-03-02 06:00:00,60,0,SEG-L,269.1695,268.9921,32.42,31.946,33.6266
2026-03-02 06:00:00,60,0,SEG-M,269.0104,269.1675,31.145,30.402,33.6266
2026-03-02 06:00:00,60,0,SEG-N,269.0631,268.9749,29.853,28.828,33.6266
2026-03-02 06:00:00,60,0,SEG-O,268.935,268.7909,28.504,27.559,33.6266
2026-03-02 06:00:00,60,0,SEG-P,268.9393,268.8571,27.077,26.143,33.6266
2026-03-02 06:00:00,60,0,SEG-Q,268.9629,269.0902,25.408,24.764,33.6266
2026-03-02 06:00:00,60,0,SEG-R,269.0542,268.925,24.247,23.153,33.6266
2026-03-02 06:00:00,60,0,SEG-S,268.9832,269.1832,22.839,22.079,33.6266
2026-03-02 06:00:00,60,0,SEG-T,268.8834,268.7391,21.256,20.785,33.6266
2026-03-02 14:00:00,60,1,SEG-A,328.3594,328.5209,48.062,47.243,41.065
2026-03-02 14:00:00,60,1,SEG-B,328.4072,328.6706,46.528,45.614,41.065
2026-03-02 14:00:00,60,1,SEG-C,328.535,328.4608,45.268,44.172,41.065
2026-03-02 14:00:00,60,1,SEG-D,328.4947,328.5404,43.904,42.953,41.0626
2026-03-02 14:00:00,60,1,SEG-E,328.618,328.5503,42.452,41.557,41.0626
2026-03-02 14:00:00,60,1,SEG-F,328.4366,328.4087,40.917,40.075,41.0626
2026-03-02 14:00:00,60,1,SEG-G,328.4548,328.6388,39.515,38.6,41.0626
2026-03-02 14:00:00,60,1,SEG-H,328.2918,328.4595,38.463,37.059,41.0626
2026-03-02 14:00:00,60,1,SEG-I,328.2302,328.4241,36.852,36.011,41.0626
2026-03-02 14:00:00,60,1,SEG-J,328.5322,328.5224,35.535,34.337,41.0626
2026-03-02 14:00:00,60,1,SEG-K,328.6132,328.5256,34.202,32.972,41.0626
2026-03-02 14:00:00,60,1,SEG-L,328.6689,328.5168,32.688,31.684,41.0626
2026-03-02 14:00:00,60,1,SEG-M,328.5501,328.545,31.138,30.236,41.0626
2026-03-02 14:00:00,60,1,SEG-N,328.3872,328.3317,30.07,28.806,41.0626
2026-03-02 14:00:00,60,1,SEG-O,328.656,328.5684,28.485,27.409,41.0626
2026-03-02 14:00:00,60,1,SEG-P,328.6886,328.3615,27.09,26.094,41.0626
2026-03-02 14:00:00,60,1,SEG-Q,328.4443,328.5686,25.614,24.83,41.0626
2026-03-02 14:00:00,60,1,SEG-R,328.3704,328.5742,24.126,23.399,41.0626
2026-03-02 14:00:00,60,1,SEG-S,328.2923,328.4442,22.873,21.943,41.0626
2026-03-02 14:00:00,60,1,SEG-T,328.2867,328.443,21.351,20.784,41.0626
2026-03-02 22:00:00,60,2,SEG-A,147.4049,147.3076,48.215,46.946,18.4194
2026-03-02 22:00:00,60,2,SEG-B,147.2607,147.4313,46.684,45.515,18.4194
2026-03-02 22:00:00,60,2,SEG-C,147.2425,147.2429,45.267,44.431,18.4194
2026-03-02 22:00:00,60,2,SEG-D,147.3774,147.4054,43.833,43.246,18.418
2026-03-02 22:00:00,60,2,SEG-E,147.2645,147.3022,42.435,41.618,18.418
2026-03-02 22:00:00,60,2,SEG-F,147.4003,147.3952,40.955,40.235,18.418
2026-03-02 22:00:00,60,2,SEG-G,147.2781,147.2988,39.425,38.903,18.418
2026-03-02 22:00:00,60,2,SEG-H,147.2846,147.2911,38.109,37.411,18.418
2026-03-02 22:00:00,60,2,SEG-I,147.2955,147.2912,36.896,35.95,18.418
2026-03-02 22:00:00,60,2,SEG-J,147.3866,147.3804,35.087,34.611,18.418
2026-03-02 22:00:00,60,2,SEG-K,147.3036,147.2971,34.067,33.189,18.418
2026-03-02 22:00:00,60,2,SEG-L,147.26,147.3506,32.702,31.78,18.418
2026-03-02 22:00:00,60,2,SEG-M,147.326,147.3638,30.908,30.459,18.418
2026-03-02 22:00:00,60,2,SEG-N,147.4151,147.3315,29.725,29.145,18.418
2026-03-02 22:00:00,60,2,SEG-O,147.2973,147.2117,28.402,27.63,18.418
2026-03-02 22:00:00,60,2,SEG-P,147.3248,147.4917,27.004,26.192,18.418
2026-03-02 22:00:00,60,2,SEG-Q,147.3769,147.4373,25.588,24.745,18.418
2026-03-02 22:00:00,60,2,SEG-R,147.3758,147.4485,24.135,23.272,18.418
2026-03-02 22:00:00,60,2,SEG-S,147.2619,147.3091,22.811,22.093,18.418
2026-03-02 22:00:00,60,2,SEG-T,147.3158,147.3478,21.507,20.301,18.418
2026-03-03 06:00:00,61,0,SEG-A,242.9022,243.1588,47.949,47.265,30.3806
2026-03-03 06:00:00,61,0,SEG-B,242.9921,243.0174,46.487,45.864,30.3806
2026-03-03 06:00:00,61,0,SEG-C,243.3007,242.9828,45.207,44.174,30.3806
2026-03-03 06:00:00,61,0,SEG-D,242.9032,243.0777,43.557,43.001,30.3784
2026-03-03 06:00:00,61,0,SEG-E,243.003,243.1166,42.656,41.668,30.3784
2026-03-03 06:00:00,61,0,SEG-F,243.0077,243.1788,41.212,40.139,30.3784
2026-03-03 06:00:00,61,0,SEG-G,243.0407,243.0949,39.597,38.919,30.3784
2026-03-03 06:00:00,61,0,SEG-H,243.178,242.9895,38.224,37.499,30.3784
2026-03-03 06:00:00,61,0,SEG-I,242.9808,242.8355,36.664,35.795,30.3784
2026-03-03 06:00:00,61,0,SEG-J,243.077,243.1834,35.355,34.605,30.3784
2026-03-03 06:00:00,61,0,SEG-K,242.9899,242.9181,34.021,33.101,30.3784
2026-03-03 06:00:00,61,0,SEG-L,242.8269,242.9838,32.596,31.656,30.3784
2026-03-03 06:00:00,61,0,SEG-M,243.0098,243.0609,31.129,30.219,30.3784
2026-03-03 06:00:00,61,0,SEG-N,242.9133,242.9838,29.699,29.153,30.3784
2026-03-03 06:00:00,61,0,SEG-O,243.0034,242.9292,28.375,27.686,30.3784
2026-03-03 06:00:00,61,0,SEG-P,242.9633,242.9521,26.847,26.273,30.3784
2026-03-03 06:00:00,61,0,SEG-Q,242.711,242.9397,25.644,24.81,30.3784
2026-03-03 06:00:00,61,0,SEG-R,242.8531,243.075,24.091,23.342,30.3784
2026-03-03 06:00:00,61,0,SEG-S,243.0311,243.0098,22.64,21.835,30.3784
2026-03-03 06:00:00,61,0,SEG-T,243.1596,243.1148,21.443,20.426,30.3784
2026-03-03 14:00:00,61,1,SEG-A,220.1955,220.1741,48.024,47.147,27.5307
2026-03-03 14:00:00,61,1,SEG-B,220.1977,220.1653,46.811,45.928,27.5307
2026-03-03 14:00:00,61,1,SEG-C,220.236,220.2231,45.114,44.318,27.5307
2026-03-03 14:00:00,61,1,SEG-D,220.2011,220.3236,43.925,42.867,27.528
2026-03-03 14:00:00,61,1,SEG-E,220.2318,220.2717,42.341,41.586,27.528
2026-03-03 14:00:00,61,1,SEG-F,220.345,220.2085,40.723,39.96,27.528
2026-03-03 14:00:00,61,1,SEG-G,220.1131,220.3958,39.659,38.794,27.528
2026-03-03 14:00:00,61,1,SEG-H,220.1678,220.1327,38.047,37.434,27.528
2026-03-03 14:00:00,61,1,SEG-I,220.3488,220.1511,36.668,35.972,27.528
2026-03-03 14:00:00,61,1,SEG-J,220.0698,220.1841,35.546,34.453,27.528
2026-03-03 14:00:00,61,1,SEG-K,220.414,220.217,33.962,33.274,27.528
2026-03-03 14:00:00,61,1,SEG-L,220.2536,220.4467,32.7,31.627,27.528
2026-03-03 14:00:00,61,1,SEG-M,220.134,220.1432,31.465,30.567,27.528
2026-03-03 14:00:00,61,1,SEG-N,220.0721,220.2369,29.845,28.982,27.528
2026-03-03 14:00:00,61,1,SEG-O,220.1707,220.2219,28.633,27.669,27.528
2026-03-03 14:00:00,61,1,SEG-P,220.2496,220.364,27.022,26.193,27.528
2026-03-03 14:00:00,61,1,SEG-Q,220.2133,220.2184,25.742,24.579,27.528
2026-03-03 14:00:00,61,1,SEG-R,219.9001,220.2112,24.186,23.503,27.528
2026-03-03 14:00:00,61,1,SEG-S,220.2431,220.0756,22.856,21.816,27.528
2026-03-03 14:00:00,61,1,SEG-T,220.2967,220.1491,21.402,20.472,27.528
2026-03-03 22:00:00,61,2,SEG-A,188.872,189.0579,47.866,47.24,23.633
2026-03-03 22:00:00,61,2,SEG-B,189.1594,189.0878,46.587,45.779,23.633
2026-03-03 22:00:00,61,2,SEG-C,189.0876,189.1427,45.283,44.735,23.633
2026-03-03 22:00:00,61,2,SEG-D,188.9832,189.0492,43.959,42.909,23.6314
2026-03-03 22:00:00,61,2,SEG-E,188.9718,189.0731,42.471,41.318,23.6314
2026-03-03 22:00:00,61,2,SEG-F,189.009,189.0337,40.961,40.212,23.6314
2026-03-03 22:00:00,61,2,SEG-G,188.9932,188.9761,39.555,38.798,23.6314
2026-03-03 22:00:00,61,2,SEG-H,189.0468,189.1179,38.129,37.435,23.6314
2026-03-03 22:00:00,61,2,SEG-I,188.9148,189.246,36.771,35.987,23.6314
2026-03-03 22:00:00,61,2,SEG-J,188.8538,189.106,35.374,34.562,23.6314
2026-03-03 22:00:00,61,2,SEG-K,189.1108,189.0445,33.859,33.2,23.6314
2026-03-03 22:00:00,61,2,SEG-L,189.01,189.1514,32.711,31.957,23.6314
2026-03-03 22:00:00,61,2,SEG-M,189.0921,188.8832,31.107,30.191,23.6314
2026-03-03 22:00:00,61,2,SEG-N,189.173,188.9515,29.701,28.783,23.6314
2026-03-03 22:00:00,61,2,SEG-O,189.1679,189.0723,28.473,27.625,23.6314
2026-03-03 22:00:00,61,2,SEG-P,189.0222,188.9021,27.106,25.956,23.6314
2026-03-03 22:00:00,61,2,SEG-Q,188.9841,189.1238,25.582,24.858,23.6314
2026-03-03 22:00:00,61,2,SEG-R,188.894,188.8842,24.108,23.312,23.6314
2026-03-03 22:00:00,61,2,SEG-S,189.064,189.083,22.806,22.006,23.6314
2026-03-03 22:00:00,61,2,SEG-T,189.1332,189.0581,21.382,20.482,23.6314
2026-03-04 06:00:00,62,0,SEG-A,291.8925,292.0796,48.171,47.258,36.4998
2026-03-04 06:00:00,62,0,SEG-B,292.0843,291.4337,46.809,45.285,36.4488
2026-03-04 06:00:00,62,0,SEG-C,291.4806,291.6381,45.127,44.26,36.4488
2026-03-04 06:00:00,62,0,SEG-D,291.5779,291.4267,43.883,43.057,36.4464
2026-03-04 06:00:00,62,0,SEG-E,291.6095,291.7017,42.539,41.515,36.4464
2026-03-04 06:00:00,62,0,SEG-F,291.6513,291.7042,41.144,40.227,36.4464
2026-03-04 06:00:00,62,0,SEG-G,291.5851,291.6706,39.69,38.838,36.4464
2026-03-04 06:00:00,62,0,SEG-H,291.6008,291.5374,38.033,37.416,36.4464
2026-03-04 06:00:00,62,0,SEG-I,291.4842,291.5122,36.917,35.97,36.4464
2026-03-04 06:00:00,62,0,SEG-J,291.5328,291.4825,35.448,34.579,36.4464
2026-03-04 06:00:00,62,0,SEG-K,291.6913,291.5513,33.956,33.213,36.4464
2026-03-04 06:00:00,62,0,SEG-L,291.6096,291.7737,32.331,31.886,36.4464
2026-03-04 06:00:00,62,0,SEG-M,291.3111,291.4913,31.453,30.085,36.4464
2026-03-04 06:00:00,62,0,SEG-N,291.5171,291.7014,30.04,28.873,36.4464
2026-03-04 06:00:00,62,0,SEG-O,291.3239,291.745,28.471,27.566,36.4464
2026-03-04 06:00:00,62,0,SEG-P,291.6433,291.7196,27.279,26.078,36.4464
2026-03-04 06:00:00,62,0,SEG-Q,291.5208,291.5619,25.556,24.752,36.4464
2026-03-04 06:00:00,62,0,SEG-R,291.4933,291.6643,24.405,23.077,36.4464
2026-03-04 06:00:00,62,0,SEG-S,291.6307,291.6193,22.819,22.044,36.4464
2026-03-04 06:00:00,62,0,SEG-T,291.3877,291.3056,21.314,20.637,36.4464
2026-03-04 14:00:00,62,1,SEG-A,319.6699,319.7407,48.031,47.302,39.9622
2026-03-04 14:00:00,62,1,SEG-B,319.5581,318.9288,46.394,45.146,39.8992
2026-03-04 14:00:00,62,1,SEG-C,319.2484,319.072,45.16,44.532,39.8992
2026-03-04 14:00:00,62,1,SEG-D,319.2336,318.9168,43.854,42.982,39.8962
2026-03-04 14:00:00,62,1,SEG-E,319.1525,319.25,42.218,41.42,39.8962
2026-03-04 14:00:00,62,1,SEG-F,319.311,319.0025,41.135,40.245,39.8962
2026-03-04 14:00:00,62,1,SEG-G,319.144,319.1416,39.679,38.639,39.8962
2026-03-04 14:00:00,62,1,SEG-H,319.1152,319.0999,38.194,37.129,39.8962
2026-03-04 14:00:00,62,1,SEG-I,319.1947,319.1948,36.756,35.993,39.8962
2026-03-04 14:00:00,62,1,SEG-J,319.3959,319.4057,35.372,34.284,39.8962
2026-03-04 14:00:00,62,1,SEG-K,319.4773,319.3782,34.052,33.036,39.8962
2026-03-04 14:00:00,62,1,SEG-L,319.1691,319.2866,32.689,31.679,39.8962
2026-03-04 14:00:00,62,1,SEG-M,319.101,319.0538,31.249,30.359,39.8962
2026-03-04 14:00:00,62,1,SEG-N,319.3687,319.3241,29.705,29.149,39.8962
2026-03-04 14:00:00,62,1,SEG-O,319.2943,319.2045,28.481,27.501,39.8962
2026-03-04 14:00:00,62,1,SEG-P,319.1889,319.2092,26.85,26.203,39.8962
2026-03-04 14:00:00,62,1,SEG-Q,319.1151,319.4058,25.679,24.513,39.8962
2026-03-04 14:00:00,62,1,SEG-R,319.216,319.216,24.317,23.382,39.8962
2026-03-04 14:00:00,62,1,SEG-S,319.1911,318.9788,22.991,21.824,39.8962
2026-03-04 14:00:00,62,1,SEG-T,319.1084,319.0768,21.532,20.215,39.8962
2026-03-04 22:00:00,62,2,SEG-A,143.8717,143.8587,48.053,47.282,17.9939
2026-03-04 22:00:00,62,2,SEG-B,144.0272,143.6181,46.36,45.324,17.9579
2026-03-04 22:00:00,62,2,SEG-C,143.7546,143.7292,45.049,44.317,17.9579
2026-03-04 22:00:00,62,2,SEG-D,143.7733,143.6771,43.859,43.075,17.9561
2026-03-04 22:00:00,62,2,SEG-E,143.551,143.6477,42.382,41.638,17.9561
2026-03-04 22:00:00,62,2,SEG-F,143.7031,143.6697,41.227,40.304,17.9561
2026-03-04 22:00:00,62,2,SEG-G,143.6457,143.5179,39.652,38.722,17.9561
2026-03-04 22:00:00,62,2,SEG-H,143.5845,143.7617,38.184,37.422,17.9561
2026-03-04 22:00:00,62,2,SEG-I,143.6322,143.765,36.869,35.912,17.9561
2026-03-04 22:00:00,62,2,SEG-J,143.6621,143.6731,35.221,34.705,17.9561
2026-03-04 22:00:00,62,2,SEG-K,143.6418,143.5453,33.877,33.138,17.9561
2026-03-04 22:00:00,62,2,SEG-L,143.5716,143.6004,32.435,31.727,17.9561
2026-03-04 22:00:00,62,2,SEG-M,143.5558,143.7349,30.97,30.293,17.9561
2026-03-04 22:00:00,62,2,SEG-N,143.5361,143.6715,29.77,28.9,17.9561
2026-03-04 22:00:00,62,2,SEG-O,143.6309,143.6674,28.382,27.493,17.9561
2026-03-04 22:00:00,62,2,SEG-P,143.6317,143.6597,26.913,25.923,17.9561
2026-03-04 22:00:00,62,2,SEG-Q,143.6889,143.6208,25.662,24.799,17.9561
2026-03-04 22:00:00,62,2,SEG-R,143.5972,143.6329,24.174,23.462,17.9561
2026-03-04 22:00:00,62,2,SEG-S,143.6162,143.6275,22.866,21.946,17.9561
2026-03-04 22:00:00,62,2,SEG-T,143.6497,143.6765,21.394,20.527,17.9561
2026-03-05 06:00:00,63,0,SEG-A,207.4285,207.4623,48.435,47.024,25.9316
2026-03-05 06:00:00,63,0,SEG-B,207.3995,207.083,46.706,45.399,25.8806
2026-03-05 06:00:00,63,0,SEG-C,206.9942,207.052,45.16,44.312,25.8806
2026-03-05 06:00:00,63,0,SEG-D,207.1136,207.2045,43.802,42.789,25.8778
2026-03-05 06:00:00,63,0,SEG-E,207.02,206.9888,42.405,41.715,25.8778
2026-03-05 06:00:00,63,0,SEG-F,207.0587,206.9982,41.106,40.167,25.8778
2026-03-05 06:00:00,63,0,SEG-G,207.053,207.256,39.26,38.783,25.8778
2026-03-05 06:00:00,63,0,SEG-H,207.1484,207.0541,38.079,37.446,25.8778
2026-03-05 06:00:00,63,0,SEG-I,207.1457,207.1472,36.991,35.902,25.8778
2026-03-05 06:00:00,63,0,SEG-J,207.0444,207.0233,35.509,34.593,25.8778
2026-03-05 06:00:00,63,0,SEG-K,206.9828,206.9581,33.921,33.235,25.8778
2026-03-05 06:00:00,63,0,SEG-L,207.0647,206.9198,32.641,31.837,25.8778
2026-03-05 06:00:00,63,0,SEG-M,206.9943,207.1873,31.072,30.438,25.8778
2026-03-05 06:00:00,63,0,SEG-N,207.041,207.0855,29.842,29.007,25.8778
2026-03-05 06:00:00,63,0,SEG-O,207.0159,207.2095,28.383,27.559,25.8778
2026-03-05 06:00:00,63,0,SEG-P,206.9747,206.9997,27.015,25.928,25.8778
2026-03-05 06:00:00,63,0,SEG-Q,206.909,207.1034,25.478,24.701,25.8778
2026-03-05 06:00:00,63,0,SEG-R,206.9238,207.1045,24.298,23.495,25.8778
2026-03-05 06:00:00,63,0,SEG-S,206.9978,206.9642,22.794,22.107,25.8778
2026-03-05 06:00:00,63,0,SEG-T,206.962,207.1193,21.426,20.668,25.8778
2026-03-05 14:00:00,63,1,SEG-A,266.1155,265.9533,47.972,47.227,33.275
2026-03-05 14:00:00,63,1,SEG-B,265.9707,265.7084,46.635,45.618,33.212
2026-03-05 14:00:00,63,1,SEG-C,265.5074,265.9558,45.05,44.307,33.212
2026-03-05 14:00:00,63,1,SEG-D,265.4949,265.6414,43.749,42.966,33.2086
2026-03-05 14:00:00,63,1,SEG-E,265.7587,265.4387,42.592,41.471,33.2086
2026-03-05 14:00:00,63,1,SEG-F,265.8237,265.6387,40.911,40.156,33.2086
2026-03-05 14:00:00,63,1,SEG-G,265.7736,265.7223,39.558,38.795,33.2086
2026-03-05 14:00:00,63,1,SEG-H,265.5566,265.6428,38.302,37.351,33.2086
2026-03-05 14:00:00,63,1,SEG-I,265.6454,265.8014,36.704,35.917,33.2086
2026-03-05 14:00:00,63,1,SEG-J,265.7598,265.4707,35.376,34.628,33.2086
2026-03-05 14:00:00,63,1,SEG-K,265.6782,265.7636,34.04,33.08,33.2086
2026-03-05 14:00:00,63,1,SEG-L,265.8429,265.6637,32.469,31.821,33.2086
2026-03-05 14:00:00,63,1,SEG-M,265.862,265.6307,31.25,30.415,33.2086
2026-03-05 14:00:00,63,1,SEG-N,265.6561,265.7671,30.027,28.763,33.2086
2026-03-05 14:00:00,63,1,SEG-O,265.5516,265.892,28.444,27.547,33.2086
2026-03-05 14:00:00,63,1,SEG-P,265.6917,265.4966,27.024,26.105,33.2086
2026-03-05 14:00:00,63,1,SEG-Q,265.5082,265.7405,25.502,24.704,33.2086
2026-03-05 14:00:00,63,1,SEG-R,265.6599,265.8654,24.13,23.478,33.2086
2026-03-05 14:00:00,63,1,SEG-S,265.4976,265.6179,22.898,21.973,33.2086
2026-03-05 14:00:00,63,1,SEG-T,265.6823,265.663,21.364,20.448,33.2086
2026-03-05 22:00:00,63,2,SEG-A,178.2104,178.3736,48.149,47.331,22.2917
2026-03-05 22:00:00,63,2,SEG-B,178.3226,178.1808,46.716,45.524,22.2557
2026-03-05 22:00:00,63,2,SEG-C,178.0458,178.1523,45.262,44.443,22.2557
2026-03-05 22:00:00,63,2,SEG-D,177.935,178.0115,43.718,43.156,22.2538
2026-03-05 22:00:00,63,2,SEG-E,178.007,177.9657,42.249,41.513,22.2538
2026-03-05 22:00:00,63,2,SEG-F,178.062,178.0723,40.915,40.225,22.2538
2026-03-05 22:00:00,63,2,SEG-G,178.1682,177.8905,39.668,38.609,22.2538
2026-03-05 22:00:00,63,2,SEG-H,177.9758,178.0038,38.297,37.285,22.2538
2026-03-05 22:00:00,63,2,SEG-I,177.8689,178.0354,36.763,36.028,22.2538
2026-03-05 22:00:00,63,2,SEG-J,177.9814,177.9866,35.393,34.561,22.2538
2026-03-05 22:00:00,63,2,SEG-K,178.0478,177.9695,33.773,33.193,22.2538
2026-03-05 22:00:00,63,2,SEG-L,177.9386,178.0253,32.803,31.778,22.2538
2026-03-05 22:00:00,63,2,SEG-M,178.0375,178.1538,31.138,30.457,22.2538
2026-03-05 22:00:00,63,2,SEG-N,178.2949,177.9739,29.726,28.813,22.2538
2026-03-05 22:00:00,63,2,SEG-O,178.0855,178.0132,28.289,27.549,22.2538
2026-03-05 22:00:00,63,2,SEG-P,178.0294,178.0508,27.022,26.085,22.2538
2026-03-05 22:00:00,63,2,SEG-Q,178.022,178.2001,25.44,24.749,22.2538
2026-03-05 22:00:00,63,2,SEG-R,177.9174,177.9133,24.075,23.503,22.2538
2026-03-05 22:00:00,63,2,SEG-S,178.0629,177.9407,22.948,21.961,22.2538
2026-03-05 22:00:00,63,2,SEG-T,178.1081,177.9122,21.483,20.78,22.2538
2026-03-06 06:00:00,64,0,SEG-A,246.4292,246.4437,48.063,47.229,30.8042
2026-03-06 06:00:00,64,0,SEG-B,246.4575,246.0719,46.518,45.429,30.7532
2026-03-06 06:00:00,64,0,SEG-C,246.0722,245.9923,45.109,44.237,30.7532
2026-03-06 06:00:00,64,0,SEG-D,246.0551,246.1695,43.709,42.918,30.7501
2026-03-06 06:00:00,64,0,SEG-E,245.9065,246.0713,42.375,41.334,30.7501
2026-03-06 06:00:00,64,0,SEG-F,245.896,245.9865,41.144,40.058,30.7501
2026-03-06 06:00:00,64,0,SEG-G,246.0176,245.9859,39.692,38.869,30.7501
2026-03-06 06:00:00,64,0,SEG-H,245.903,245.8985,38.243,37.192,30.7501
2026-03-06 06:00:00,64,0,SEG-I,245.9777,246.0571,36.922,35.881,30.7501
2026-03-06 06:00:00,64,0,SEG-J,245.9334,246.1527,35.236,34.555,30.7501
2026-03-06 06:00:00,64,0,SEG-K,245.9061,246.0379,34.016,33.072,30.7501
2026-03-06 06:00:00,64,0,SEG-L,245.9462,246.0955,32.592,31.663,30.7501
2026-03-06 06:00:00,64,0,SEG-M,245.9105,246.2869,31.219,30.475,30.7501
2026-03-06 06:00:00,64,0,SEG-N,245.9667,245.938,29.6,28.915,30.7501
2026-03-06 06:00:00,64,0,SEG-O,245.8502,245.8047,28.584,27.764,30.7501
2026-03-06 06:00:00,64,0,SEG-P,246.0233,245.8634,26.959,26.072,30.7501
2026-03-06 06:00:00,64,0,SEG-Q,246.2692,245.89,25.621,24.654,30.7501
2026-03-06 06:00:00,64,0,SEG-R,246.1068,245.8904,24.225,23.314,30.7501
2026-03-06 06:00:00,64,0,SEG-S,246.1048,246.124,22.638,21.9,30.7501
2026-03-06 06:00:00,64,0,SEG-T,245.9947,245.8971,21.266,20.435,30.7501
2026-03-06 14:00:00,64,1,SEG-A,323.9196,323.9704,48.049,47.24,40.4907
2026-03-06 14:00:00,64,1,SEG-B,323.9208,323.2605,46.691,45.373,40.4277
2026-03-06 14:00:00,64,1,SEG-C,323.3563,323.0986,45.28,44.64,40.4277
2026-03-06 14:00:00,64,1,SEG-D,323.5762,323.4369,43.696,42.816,40.4239
2026-03-06 14:00:00,64,1,SEG-E,323.344,323.4761,42.406,41.579,40.4239
2026-03-06 14:00:00,64,1,SEG-F,323.3386,323.3472,41.233,40.097,40.4239
2026-03-06 14:00:00,64,1,SEG-G,323.4931,323.4241,39.594,38.976,40.4239
2026-03-06 14:00:00,64,1,SEG-H,323.389,323.1261,38.215,37.4,40.4239
2026-03-06 14:00:00,64,1,SEG-I,323.4442,323.5185,36.617,35.778,40.4239
2026-03-06 14:00:00,64,1,SEG-J,323.3955,323.2854,35.361,34.352,40.4239
2026-03-06 14:00:00,64,1,SEG-K,323.2496,323.2432,34.043,32.85,40.4239
2026-03-06 14:00:00,64,1,SEG-L,323.2653,323.4721,32.546,31.738,40.4239
2026-03-06 14:00:00,64,1,SEG-M,323.6285,323.0172,31.15,30.112,40.4239
2026-03-06 14:00:00,64,1,SEG-N,323.4121,323.1396,29.73,28.81,40.4239
2026-03-06 14:00:00,64,1,SEG-O,323.3645,323.4151,28.334,27.725,40.4239
2026-03-06 14:00:00,64,1,SEG-P,323.3943,323.3077,27.067,26.26,40.4239
2026-03-06 14:00:00,64,1,SEG-Q,323.5962,323.5415,25.458,24.94,40.4239
2026-03-06 14:00:00,64,1,SEG-R,323.5005,323.2711,24.11,23.362,40.4239
2026-03-06 14:00:00,64,1,SEG-S,323.2915,323.6147,22.704,22.082,40.4239
2026-03-06 14:00:00,64,1,SEG-T,323.3995,323.3837,21.404,20.542,40.4239
2026-03-06 22:00:00,64,2,SEG-A,191.6045,191.4454,48.06,47.122,23.9499
2026-03-06 22:00:00,64,2,SEG-B,191.6497,191.2031,46.585,45.487,23.9139
2026-03-06 22:00:00,64,2,SEG-C,191.2809,191.1669,45.297,44.527,23.9139
2026-03-06 22:00:00,64,2,SEG-D,191.2303,191.364,43.607,42.877,23.9117
2026-03-06 22:00:00,64,2,SEG-E,191.4009,191.3823,42.3,41.632,23.9117
2026-03-06 22:00:00,64,2,SEG-F,191.3479,191.2588,41.063,40.282,23.9117
2026-03-06 22:00:00,64,2,SEG-G,191.1473,191.2004,39.673,38.603,23.9117
2026-03-06 22:00:00,64,2,SEG-H,191.2758,191.1923,38.314,37.243,23.9117
2026-03-06 22:00:00,64,2,SEG-I,191.2921,191.3254,36.841,35.802,23.9117
2026-03-06 22:00:00,64,2,SEG-J,191.2566,191.3431,35.381,34.675,23.9117
2026-03-06 22:00:00,64,2,SEG-K,191.3735,191.1855,34.006,33.168,23.9117
2026-03-06 22:00:00,64,2,SEG-L,191.1828,191.4102,32.587,32.04,23.9117
2026-03-06 22:00:00,64,2,SEG-M,191.4211,191.0931,31.22,30.359,23.9117
2026-03-06 22:00:00,64,2,SEG-N,191.4177,191.1542,29.828,28.804,23.9117
2026-03-06 22:00:00,64,2,SEG-O,191.338,191.2348,28.508,27.591,23.9117
2026-03-06 22:00:00,64,2,SEG-P,191.3145,191.1141,27.144,26.334,23.9117
2026-03-06 22:00:00,64,2,SEG-Q,191.4505,191.2565,25.623,24.717,23.9117
2026-03-06 22:00:00,64,2,SEG-R,191.2695,191.1676,24.302,23.533,23.9117
2026-03-06 22:00:00,64,2,SEG-S,191.3428,191.2762,22.755,22.122,23.9117
2026-03-06 22:00:00,64,2,SEG-T,191.3603,191.3021,21.224,20.44,23.9117
2026-03-07 06:00:00,65,0,SEG-A,204.4069,204.3293,47.942,47.267,25.5574
2026-03-07 06:00:00,65,0,SEG-B,204.475,204.1326,46.751,45.429,25.5064
2026-03-07 06:00:00,65,0,SEG-C,203.9579,203.8824,45.149,44.32,25.5064
2026-03-07 06:00:00,65,0,SEG-D,203.8917,204.1279,43.808,42.809,25.503
2026-03-07 06:00:00,65,0,SEG-E,204.0412,204.0747,42.497,41.579,25.503
2026-03-07 06:00:00,65,0,SEG-F,203.9881,203.9169,40.958,40.135,25.503
2026-03-07 06:00:00,65,0,SEG-G,204.0181,204.1162,39.458,38.913,25.503
2026-03-07 06:00:00,65,0,SEG-H,204.1142,203.9515,38.149,37.39,25.503
2026-03-07 06:00:00,65,0,SEG-I,204.0743,203.9548,36.719,35.891,25.503
2026-03-07 06:00:00,65,0,SEG-J,203.9352,204.056,35.273,34.597,25.503
2026-03-07 06:00:00,65,0,SEG-K,204.0243,203.9723,34.004,33.002,25.503
2026-03-07 06:00:00,65,0,SEG-L,204.0399,203.9888,32.49,31.656,25.503
2026-03-07 06:00:00,65,0,SEG-M,204.1385,204.1402,31.297,30.202,25.503
2026-03-07 06:00:00,65,0,SEG-N,203.8518,204.0406,30.08,28.872,25.503
2026-03-07 06:00:00,65,0,SEG-O,203.8505,204.1282,28.46,27.487,25.503
2026-03-07 06:00:00,65,0,SEG-P,204.062,204.033,27.011,26.101,25.503
2026-03-07 06:00:00,65,0,SEG-Q,203.9726,203.9711,25.539,24.697,25.503
2026-03-07 06:00:00,65,0,SEG-R,204.0143,203.9057,24.461,23.366,25.503
2026-03-07 06:00:00,65,0,SEG-S,204.0843,204.1204,22.779,21.985,25.503
2026-03-07 06:00:00,65,0,SEG-T,203.9181,204.0038,21.514,20.474,25.503
2026-03-07 14:00:00,65,1,SEG-A,266.6463,266.7757,47.828,47.15,33.334
2026-03-07 14:00:00,65,1,SEG-B,266.576,266.0679,46.55,45.381,33.271
2026-03-07 14:00:00,65,1,SEG-C,266.2536,266.364,45.037,44.303,33.271
2026-03-07 14:00:00,65,1,SEG-D,266.0282,266.0237,43.722,42.523,33.2668
2026-03-07 14:00:00,65,1,SEG-E,266.2232,265.9967,42.499,41.462,33.2668
2026-03-07 14:00:00,65,1,SEG-F,266.236,266.3913,40.899,40.239,33.2668
2026-03-07 14:00:00,65,1,SEG-G,266.2375,266.2895,39.551,38.734,33.2668
2026-03-07 14:00:00,65,1,SEG-H,266.0953,266.0666,38.213,37.25,33.2668
2026-03-07 14:00:00,65,1,SEG-I,266.3687,266.2056,36.801,35.993,33.2668
2026-03-07 14:00:00,65,1,SEG-J,265.9764,266.0586,35.093,34.731,33.2668
2026-03-07 14:00:00,65,1,SEG-K,265.9683,266.0384,33.987,33.274,33.2668
2026-03-07 14:00:00,65,1,SEG-L,266.0704,266.1451,32.778,31.828,33.2668
2026-03-07 14:00:00,65,1,SEG-M,266.1257,266.0832,31.276,30.51,33.2668
2026-03-07 14:00:00,65,1,SEG-N,266.1027,266.0328,29.853,28.878,33.2668
2026-03-07 14:00:00,65,1,SEG-O,266.012,266.1864,28.4,27.606,33.2668
2026-03-07 14:00:00,65,1,SEG-P,265.9676,266.3455,27.0,25.996,33.2668
2026-03-07 14:00:00,65,1,SEG-Q,266.1017,265.97,25.744,24.652,33.2668
2026-03-07 14:00:00,65,1,SEG-R,266.0839,266.1645,24.305,23.205,33.2668
2026-03-07 14:00:00,65,1,SEG-S,266.1915,266.1201,22.807,22.209,33.2668
2026-03-07 14:00:00,65,1,SEG-T,266.0414,266.0007,21.498,20.403,33.2668
2026-03-07 22:00:00,65,2,SEG-A,179.6745,179.7904,47.97,46.952,22.467
2026-03-07 22:00:00,65,2,SEG-B,179.806,179.4662,46.477,45.552,22.431
2026-03-07 22:00:00,65,2,SEG-C,179.5122,179.3581,45.283,44.497,22.431
2026-03-07 22:00:00,65,2,SEG-D,179.4215,179.3412,43.863,43.09,22.4286
2026-03-07 22:00:00,65,2,SEG-E,179.39,179.4387,42.388,41.463,22.4286
2026-03-07 22:00:00,65,2,SEG-F,179.5069,179.4545,41.223,40.097,22.4286
2026-03-07 22:00:00,65,2,SEG-G,179.4256,179.3418,39.474,39.01,22.4286
2026-03-07 22:00:00,65,2,SEG-H,179.4968,179.4424,38.326,37.3,22.4286
2026-03-07 22:00:00,65,2,SEG-I,179.3583,179.4043,36.871,35.854,22.4286
2026-03-07 22:00:00,65,2,SEG-J,179.4474,179.4775,35.326,34.756,22.4286
2026-03-07 22:00:00,65,2,SEG-K,179.4483,179.4128,34.153,33.463,22.4286
2026-03-07 22:00:00,65,2,SEG-L,179.4356,179.4172,32.722,31.832,22.4286
2026-03-07 22:00:00,65,2,SEG-M,179.4745,179.5596,31.113,30.197,22.4286
2026-03-07 22:00:00,65,2,SEG-N,179.3758,179.5318,29.911,28.885,22.4286
2026-03-07 22:00:00,65,2,SEG-O,179.4085,179.4177,28.286,27.481,22.4286
2026-03-07 22:00:00,65,2,SEG-P,179.4491,179.4648,27.117,26.101,22.4286
2026-03-07 22:00:00,65,2,SEG-Q,179.5791,179.4945,25.596,24.788,22.4286
2026-03-07 22:00:00,65,2,SEG-R,179.3712,179.3583,24.258,23.398,22.4286
2026-03-07 22:00:00,65,2,SEG-S,179.4447,179.4868,22.81,21.926,22.4286
2026-03-07 22:00:00,65,2,SEG-T,179.4248,179.4621,21.334,20.539,22.4286
2026-03-08 06:00:00,66,0,SEG-A,253.2892,253.4014,48.214,46.999,31.6726
2026-03-08 06:00:00,66,0,SEG-B,253.4099,252.9895,46.721,45.434,31.6216
2026-03-08 06:00:00,66,0,SEG-C,253.1422,252.8683,45.235,44.427,31.6216
2026-03-08 06:00:00,66,0,SEG-D,253.1121,252.7733,43.916,42.817,31.6178
2026-03-08 06:00:00,66,0,SEG-E,252.9796,253.0595,42.368,41.606,31.6178
2026-03-08 06:00:00,66,0,SEG-F,252.9382,252.9025,40.924,40.268,31.6178
2026-03-08 06:00:00,66,0,SEG-G,253.0051,252.9312,39.481,38.823,31.6178
2026-03-08 06:00:00,66,0,SEG-H,252.9432,252.9816,38.187,37.315,31.6178
2026-03-08 06:00:00,66,0,SEG-I,253.0631,252.9948,36.641,36.092,31.6178
2026-03-08 06:00:00,66,0,SEG-J,253.2545,252.9313,35.323,34.575,31.6178
2026-03-08 06:00:00,66,0,SEG-K,253.0037,252.9386,33.873,33.111,31.6178
2026-03-08 06:00:00,66,0,SEG-L,252.9047,253.0619,32.556,31.627,31.6178
2026-03-08 06:00:00,66,0,SEG-M,253.2307,253.0961,31.222,30.319,31.6178
2026-03-08 06:00:00,66,0,SEG-N,253.0297,253.0344,29.727,28.934,31.6178
2026-03-08 06:00:00,66,0,SEG-O,252.9961,252.9614,28.521,27.516,31.6178
2026-03-08 06:00:00,66,0,SEG-P,252.8023,252.9218,27.027,26.231,31.6178
2026-03-08 06:00:00,66,0,SEG-Q,252.8726,253.0403,25.531,24.719,31.6178
2026-03-08 06:00:00,66,0,SEG-R,252.9921,253.1591,24.1,23.347,31.6178
2026-03-08 06:00:00,66,0,SEG-S,252.9991,253.0644,22.94,22.017,31.6178
2026-03-08 06:00:00,66,0,SEG-T,252.8924,253.012,21.293,20.315,31.6178
2026-03-08 14:00:00,66,1,SEG-A,264.1092,264.039,47.744,47.156,33.0101
2026-03-08 14:00:00,66,1,SEG-B,264.0601,263.4898,46.665,45.384,32.9471
2026-03-08 14:00:00,66,1,SEG-C,263.5984,263.6161,45.559,44.442,32.9471
2026-03-08 14:00:00,66,1,SEG-D,263.5963,263.5338,43.507,42.854,32.9425
2026-03-08 14:00:00,66,1,SEG-E,263.3504,263.3219,42.814,41.478,32.9425
2026-03-08 14:00:00,66,1,SEG-F,263.4213,263.4044,40.975,40.327,32.9425
2026-03-08 14:00:00,66,1,SEG-G,263.4917,263.5567,39.526,38.7,32.9425
2026-03-08 14:00:00,66,1,SEG-H,263.5266,263.5977,38.364,37.434,32.9425
2026-03-08 14:00:00,66,1,SEG-I,263.5965,263.5811,36.832,35.864,32.9425
2026-03-08 14:00:00,66,1,SEG-J,263.5124,263.7205,35.439,34.622,32.9425
2026-03-08 14:00:00,66,1,SEG-K,263.3315,263.4319,34.017,32.944,32.9425
2026-03-08 14:00:00,66,1,SEG-L,263.534,263.3275,32.604,31.722,32.9425
2026-03-08 14:00:00,66,1,SEG-M,263.2519,263.8231,31.162,30.343,32.9425
2026-03-08 14:00:00,66,1,SEG-N,263.5762,263.4672,29.909,28.889,32.9425
2026-03-08 14:00:00,66,1,SEG-O,263.524,263.3385,28.445,27.52,32.9425
2026-03-08 14:00:00,66,1,SEG-P,263.4829,263.3722,27.143,26.132,32.9425
2026-03-08 14:00:00,66,1,SEG-Q,263.4855,263.5953,25.612,24.836,32.9425
2026-03-08 14:00:00,66,1,SEG-R,263.519,263.6021,24.208,23.407,32.9425
2026-03-08 14:00:00,66,1,SEG-S,263.5315,263.7177,22.604,21.659,32.9425
2026-03-08 14:00:00,66,1,SEG-T,263.6257,263.5291,21.47,20.489,32.9425
2026-03-08 22:00:00,66,2,SEG-A,181.8614,181.8821,47.91,47.349,22.7348
2026-03-08 22:00:00,66,2,SEG-B,181.8483,181.5071,46.54,45.263,22.6988
2026-03-08 22:00:00,66,2,SEG-C,181.5304,181.5696,45.256,44.286,22.6988
2026-03-08 22:00:00,66,2,SEG-D,181.6893,181.5826,44.008,42.967,22.6961
2026-03-08 22:00:00,66,2,SEG-E,181.6546,181.4804,42.157,41.363,22.6961
2026-03-08 22:00:00,66,2,SEG-F,181.5818,181.6267,40.964,40.187,22.6961
2026-03-08 22:00:00,66,2,SEG-G,181.5572,181.4496,39.678,38.824,22.6961
2026-03-08 22:00:00,66,2,SEG-H,181.4843,181.5218,38.065,37.508,22.6961
2026-03-08 22:00:00,66,2,SEG-I,181.5353,181.6731,36.755,35.874,22.6961
2026-03-08 22:00:00,66,2,SEG-J,181.4698,181.6563,35.529,34.236,22.6961
2026-03-08 22:00:00,66,2,SEG-K,181.4289,181.5687,33.706,33.063,22.6961
2026-03-08 22:00:00,66,2,SEG-L,181.6292,181.6607,32.49,31.845,22.6961
2026-03-08 22:00:00,66,2,SEG-M,181.6231,181.5577,31.12,30.437,22.6961
2026-03-08 22:00:00,66,2,SEG-N,181.691,181.551,29.676,29.032,22.6961
2026-03-08 22:00:00,66,2,SEG-O,181.4878,181.6353,28.624,27.594,22.6961
2026-03-08 22:00:00,66,2,SEG-P,181.8085,181.5375,27.008,26.048,22.6961
2026-03-08 22:00:00,66,2,SEG-Q,181.6316,181.5178,25.333,24.677,22.6961
2026-03-08 22:00:00,66,2,SEG-R,181.5127,181.6101,24.435,23.231,22.6961
2026-03-08 22:00:00,66,2,SEG-S,181.6629,181.5579,22.828,21.941,22.6961
2026-03-08 22:00:00,66,2,SEG-T,181.5567,181.6781,21.308,20.556,22.6961
2026-03-09 06:00:00,67,0,SEG-A,240.5943,240.795,48.128,46.98,30.0951
2026-03-09 06:00:00,67,0,SEG-B,240.6281,240.2817,46.606,45.306,30.0441
2026-03-09 06:00:00,67,0,SEG-C,240.5843,240.3391,45.083,44.242,30.0441
2026-03-09 06:00:00,67,0,SEG-D,240.4792,240.4996,43.777,43.097,30.04
2026-03-09 06:00:00,67,0,SEG-E,240.2978,240.1542,42.419,41.346,30.04
2026-03-09 06:00:00,67,0,SEG-F,240.4011,240.4758,40.949,40.05,30.04
2026-03-09 06:00:00,67,0,SEG-G,240.3401,240.318,39.449,38.809,30.04
2026-03-09 06:00:00,67,0,SEG-H,240.2976,240.4287,38.237,37.5,30.04
2026-03-09 06:00:00,67,0,SEG-I,240.1614,240.3076,37.061,36.021,30.04
2026-03-09 06:00:00,67,0,SEG-J,240.3427,240.4197,35.331,34.552,30.04
2026-03-09 06:00:00,67,0,SEG-K,240.3079,240.5959,34.189,33.306,30.04
2026-03-09 06:00:00,67,0,SEG-L,240.3183,240.1789,32.91,31.672,30.04
2026-03-09 06:00:00,67,0,SEG-M,240.3738,240.2928,31.103,30.436,30.04
2026-03-09 06:00:00,67,0,SEG-N,240.2811,240.3639,29.9,28.955,30.04
2026-03-09 06:00:00,67,0,SEG-O,240.2602,240.1964,28.253,27.451,30.04
2026-03-09 06:00:00,67,0,SEG-P,240.3349,240.6473,27.096,26.042,30.04
2026-03-09 06:00:00,67,0,SEG-Q,240.1491,240.4024,25.518,24.475,30.04
2026-03-09 06:00:00,67,0,SEG-R,240.4089,240.4097,24.143,23.506,30.04
2026-03-09 06:00:00,67,0,SEG-S,240.351,240.147,22.811,22.109,30.04
2026-03-09 06:00:00,67,0,SEG-T,240.4421,240.379,21.452,20.584,30.04
2026-03-09 14:00:00,67,1,SEG-A,287.375,287.2832,48.066,47.121,35.9082
2026-03-09 14:00:00,67,1,SEG-B,287.3234,286.8924,46.543,45.48,35.8452
2026-03-09 14:00:00,67,1,SEG-C,286.7234,286.8034,45.108,44.333,35.8452
2026-03-09 14:00:00,67,1,SEG-D,286.7993,286.5959,43.876,42.978,35.8401
2026-03-09 14:00:00,67,1,SEG-E,286.5343,286.7765,42.45,41.587,35.8401
2026-03-09 14:00:00,67,1,SEG-F,286.777,286.8539,41.181,40.221,35.8401
2026-03-09 14:00:00,67,1,SEG-G,286.8062,287.1385,39.6,38.909,35.8401
2026-03-09 14:00:00,67,1,SEG-H,286.7715,286.646,38.126,37.401,35.8401
2026-03-09 14:00:00,67,1,SEG-I,286.9399,286.6474,37.039,36.124,35.8401
2026-03-09 14:00:00,67,1,SEG-J,286.82,286.6752,35.57,34.421,35.8401
2026-03-09 14:00:00,67,1,SEG-K,286.6954,286.6122,33.991,33.241,35.8401
2026-03-09 14:00:00,67,1,SEG-L,286.7933,286.8183,32.651,31.584,35.8401
2026-03-09 14:00:00,67,1,SEG-M,286.7824,286.7631,31.213,30.189,35.8401
2026-03-09 14:00:00,67,1,SEG-N,286.8079,286.8053,29.741,28.99,35.8401
2026-03-09 14:00:00,67,1,SEG-O,286.9173,286.6112,28.252,27.48,35.8401
2026-03-09 14:00:00,67,1,SEG-P,286.6244,286.6145,27.08,26.247,35.8401
2026-03-09 14:00:00,67,1,SEG-Q,286.6609,286.6709,25.787,24.675,35.8401
2026-03-09 14:00:00,67,1,SEG-R,286.6965,286.6892,24.423,23.485,35.8401
2026-03-09 14:00:00,67,1,SEG-S,286.6418,286.4433,22.92,22.098,35.8401
2026-03-09 14:00:00,67,1,SEG-T,286.9352,286.5939,21.646,20.572,35.8401
2026-03-09 22:00:00,67,2,SEG-A,177.2437,177.2075,47.972,47.234,22.1561
2026-03-09 22:00:00,67,2,SEG-B,177.289,177.0062,46.677,45.255,22.1201
2026-03-09 22:00:00,67,2,SEG-C,176.9754,176.9878,45.226,44.548,22.1201
2026-03-09 22:00:00,67,2,SEG-D,176.9853,177.0458,43.8,43.096,22.1172
2026-03-09 22:00:00,67,2,SEG-E,176.9704,176.8265,42.337,41.365,22.1172
2026-03-09 22:00:00,67,2,SEG-F,176.9654,176.796,41.064,40.434,22.1172
2026-03-09 22:00:00,67,2,SEG-G,176.9176,176.9363,39.718,38.898,22.1172
2026-03-09 22:00:00,67,2,SEG-H,177.0951,176.9589,38.256,37.233,22.1172
2026-03-09 22:00:00,67,2,SEG-I,176.9358,176.9565,36.947,36.149,22.1172
2026-03-09 22:00:00,67,2,SEG-J,177.1012,176.924,35.426,34.587,22.1172
2026-03-09 22:00:00,67,2,SEG-K,176.9382,176.8395,34.101,33.179,22.1172
2026-03-09 22:00:00,67,2,SEG-L,177.0514,177.0365,32.529,31.678,22.1172
2026-03-09 22:00:00,67,2,SEG-M,176.928,176.9774,31.234,30.405,22.1172
2026-03-09 22:00:00,67,2,SEG-N,176.8418,177.012,29.598,28.863,22.1172
2026-03-09 22:00:00,67,2,SEG-O,176.967,176.888,28.282,27.339,22.1172
2026-03-09 22:00:00,67,2,SEG-P,177.0262,177.0475,26.945,25.795,22.1172
2026-03-09 22:00:00,67,2,SEG-Q,176.9901,176.9502,25.659,24.485,22.1172
2026-03-09 22:00:00,67,2,SEG-R,176.8463,177.0686,24.288,23.46,22.1172
2026-03-09 22:00:00,67,2,SEG-S,177.0288,176.8259,22.873,22.089,22.1172
2026-03-09 22:00:00,67,2,SEG-T,176.9962,176.9052,21.557,20.44,22.1172
2026-03-10 06:00:00,68,0,SEG-A,218.4702,218.4496,47.783,47.177,27.3083
2026-03-10 06:00:00,68,0,SEG-B,218.3488,217.9404,46.681,45.599,27.2573
2026-03-10 06:00:00,68,0,SEG-C,218.0103,218.0121,45.157,44.132,27.2573
2026-03-10 06:00:00,68,0,SEG-D,218.068,218.1889,43.972,42.84,27.2528
2026-03-10 06:00:00,68,0,SEG-E,218.0534,217.9128,42.427,41.669,27.2528
2026-03-10 06:00:00,68,0,SEG-F,217.9816,218.0361,40.921,40.049,27.2528
2026-03-10 06:00:00,68,0,SEG-G,217.9333,218.081,39.481,38.727,27.2528
2026-03-10 06:00:00,68,0,SEG-H,217.9367,217.9434,38.438,37.351,27.2528
2026-03-10 06:00:00,68,0,SEG-I,218.0583,218.0659,36.666,35.825,27.2528
2026-03-10 06:00:00,68,0,SEG-J,218.0682,218.0062,35.15,34.81,27.2528
2026-03-10 06:00:00,68,0,SEG-K,217.8527,218.0565,33.979,33.015,27.2528
2026-03-10 06:00:00,68,0,SEG-L,218.0512,218.1483,32.514,31.508,27.2528
2026-03-10 06:00:00,68,0,SEG-M,217.8956,218.0326,31.356,30.337,27.2528
2026-03-10 06:00:00,68,0,SEG-N,217.9875,217.9501,29.984,28.848,27.2528
2026-03-10 06:00:00,68,0,SEG-O,218.075,217.9832,28.413,27.461,27.2528
2026-03-10 06:00:00,68,0,SEG-P,217.9195,217.9276,26.882,26.034,27.2528
2026-03-10 06:00:00,68,0,SEG-Q,218.206,218.0958,25.738,24.743,27.2528
2026-03-10 06:00:00,68,0,SEG-R,217.8942,218.0398,24.427,23.338,27.2528
2026-03-10 06:00:00,68,0,SEG-S,217.8498,218.0255,22.728,21.898,27.2528
2026-03-10 06:00:00,68,0,SEG-T,218.0905,217.8584,21.395,20.494,27.2528
2026-03-10 14:00:00,68,1,SEG-A,312.003,311.5525,48.117,47.148,38.9702
2026-03-10 14:00:00,68,1,SEG-B,311.9187,311.1016,46.565,45.485,38.9072
2026-03-10 14:00:00,68,1,SEG-C,311.2125,311.2039,45.333,44.303,38.9072
2026-03-10 14:00:00,68,1,SEG-D,311.1855,311.275,43.864,43.131,38.9017
2026-03-10 14:00:00,68,1,SEG-E,311.4203,311.141,42.263,41.802,38.9017
2026-03-10 14:00:00,68,1,SEG-F,311.0847,311.3946,40.858,40.327,38.9017
2026-03-10 14:00:00,68,1,SEG-G,311.0464,311.4882,39.434,38.813,38.9017
2026-03-10 14:00:00,68,1,SEG-H,311.3954,311.4191,38.441,37.371,38.9017
2026-03-10 14:00:00,68,1,SEG-I,311.2449,311.2332,36.729,35.871,38.9017
2026-03-10 14:00:00,68,1,SEG-J,311.5636,311.2483,35.586,34.764,38.9017
2026-03-10 14:00:00,68,1,SEG-K,311.2449,311.2792,34.137,33.117,38.9017
2026-03-10 14:00:00,68,1,SEG-L,311.2094,311.1059,32.457,31.792,38.9017
2026-03-10 14:00:00,68,1,SEG-M,311.1319,311.4042,31.246,30.307,38.9017
2026-03-10 14:00:00,68,1,SEG-N,311.2142,311.1814,29.575,29.144,38.9017
2026-03-10 14:00:00,68,1,SEG-O,311.1938,311.2308,28.326,27.752,38.9017
2026-03-10 14:00:00,68,1,SEG-P,311.0664,311.0723,26.954,26.04,38.9017
2026-03-10 14:00:00,68,1,SEG-Q,311.0763,311.1369,25.548,24.64,38.9017
2026-03-10 14:00:00,68,1,SEG-R,311.1167,311.0788,24.313,23.286,38.9017
2026-03-10 14:00:00,68,1,SEG-S,311.2336,311.1782,22.779,21.735,38.9017
2026-03-10 14:00:00,68,1,SEG-T,311.1541,311.1975,21.665,20.507,38.9017
2026-03-10 22:00:00,68,2,SEG-A,199.2552,199.1828,48.052,47.119,24.903
2026-03-10 22:00:00,68,2,SEG-B,199.1899,199.0141,46.799,45.511,24.867
2026-03-10 22:00:00,68,2,SEG-C,198.8093,198.9428,45.174,44.412,24.867
2026-03-10 22:00:00,68,2,SEG-D,198.9993,198.9151,43.731,42.726,24.8638
2026-03-10 22:00:00,68,2,SEG-E,198.9444,198.9848,42.395,41.381,24.8638
2026-03-10 22:00:00,68,2,SEG-F,198.7587,199.1191,40.914,40.059,24.8638
2026-03-10 22:00:00,68,2,SEG-G,198.9269,198.957,39.775,38.535,24.8638
2026-03-10 22:00:00,68,2,SEG-H,198.7886,199.0042,38.121,37.485,24.8638
2026-03-10 22:00:00,68,2,SEG-I,198.9324,198.8641,36.587,36.29,24.8638
2026-03-10 22:00:00,68,2,SEG-J,198.8464,198.9595,35.362,34.663,24.8638
2026-03-10 22:00:00,68,2,SEG-K,199.0927,199.0559,33.911,33.206,24.8638
2026-03-10 22:00:00,68,2,SEG-L,199.022,198.8888,32.696,31.746,24.8638
2026-03-10 22:00:00,68,2,SEG-M,198.8009,198.9262,31.223,30.333,24.8638
2026-03-10 22:00:00,68,2,SEG-N,198.9092,198.8603,29.775,28.858,24.8638
2026-03-10 22:00:00,68,2,SEG-O,198.8814,198.8402,28.362,27.586,24.8638
2026-03-10 22:00:00,68,2,SEG-P,198.964,198.9214,27.249,26.297,24.8638
2026-03-10 22:00:00,68,2,SEG-Q,198.8716,198.9049,25.649,24.586,24.8638
2026-03-10 22:00:00,68,2,SEG-R,198.748,198.9929,24.195,23.471,24.8638
2026-03-10 22:00:00,68,2,SEG-S,198.9413,198.9212,22.658,21.797,24.8638
2026-03-10 22:00:00,68,2,SEG-T,198.8912,198.9257,21.266,20.625,24.8638
2026-03-11 06:00:00,69,0,SEG-A,212.5761,212.4775,47.976,47.156,26.5698
2026-03-11 06:00:00,69,0,SEG-B,212.6123,212.0947,46.63,45.386,26.5188
2026-03-11 06:00:00,69,0,SEG-C,212.1915,212.2442,45.121,44.412,26.5188
2026-03-11 06:00:00,69,0,SEG-D,212.1579,212.0487,43.913,42.952,26.5139
2026-03-11 06:00:00,69,0,SEG-E,212.1307,212.1655,42.396,41.56,26.5139
2026-03-11 06:00:00,69,0,SEG-F,212.0229,212.0366,41.123,40.01,26.5139
2026-03-11 06:00:00,69,0,SEG-G,212.254,212.103,39.725,38.814,26.5139
2026-03-11 06:00:00,69,0,SEG-H,212.0388,212.1228,38.108,37.517,26.5139
2026-03-11 06:00:00,69,0,SEG-I,212.0788,212.0239,36.867,36.225,26.5139
2026-03-11 06:00:00,69,0,SEG-J,212.0699,212.1024,35.416,34.586,26.5139
2026-03-11 06:00:00,69,0,SEG-K,212.0674,212.1635,33.853,33.025,26.5139
2026-03-11 06:00:00,69,0,SEG-L,212.0394,212.1093,32.523,31.79,26.5139
2026-03-11 06:00:00,69,0,SEG-M,212.0449,212.0927,31.267,30.494,26.5139
2026-03-11 06:00:00,69,0,SEG-N,212.0894,212.1002,29.918,28.717,26.5139
2026-03-11 06:00:00,69,0,SEG-O,212.0722,212.1455,28.506,27.503,26.5139
2026-03-11 06:00:00,69,0,SEG-P,212.0994,212.062,27.022,26.389,26.5139
2026-03-11 06:00:00,69,0,SEG-Q,212.1519,212.3434,25.431,24.491,26.5139
2026-03-11 06:00:00,69,0,SEG-R,212.0107,212.083,24.256,23.295,26.5139
2026-03-11 06:00:00,69,0,SEG-S,212.205,212.0551,22.768,21.902,26.5139
2026-03-11 06:00:00,69,0,SEG-T,212.0432,212.1076,21.458,20.471,26.5139
2026-03-11 14:00:00,69,1,SEG-A,227.1732,227.0313,48.029,47.274,28.3876
2026-03-11 14:00:00,69,1,SEG-B,227.3045,226.5163,46.453,45.336,28.3246
2026-03-11 14:00:00,69,1,SEG-C,226.7956,226.6299,45.225,44.425,28.3246
2026-03-11 14:00:00,69,1,SEG-D,226.5807,226.5806,43.856,42.922,28.3185
2026-03-11 14:00:00,69,1,SEG-E,226.5571,226.5596,42.42,41.401,28.3185
2026-03-11 14:00:00,69,1,SEG-F,226.6394,226.5863,41.129,40.018,28.3185
2026-03-11 14:00:00,69,1,SEG-G,226.6805,226.5195,39.647,38.697,28.3185
2026-03-11 14:00:00,69,1,SEG-H,226.6147,226.558,38.071,37.21,28.3185
2026-03-11 14:00:00,69,1,SEG-I,226.4915,226.6284,36.94,35.932,28.3185
2026-03-11 14:00:00,69,1,SEG-J,226.4612,226.5315,35.415,34.486,28.3185
2026-03-11 14:00:00,69,1,SEG-K,226.4051,226.6372,33.958,33.063,28.3185
2026-03-11 14:00:00,69,1,SEG-L,226.7065,226.5666,32.765,31.759,28.3185
2026-03-11 14:00:00,69,1,SEG-M,226.6298,226.451,31.274,30.154,28.3185
2026-03-11 14:00:00,69,1,SEG-N,226.4803,226.4267,30.087,28.931,28.3185
2026-03-11 14:00:00,69,1,SEG-O,226.586,226.5919,28.283,27.509,28.3185
2026-03-11 14:00:00,69,1,SEG-P,226.3873,226.5063,26.951,26.369,28.3185
2026-03-11 14:00:00,69,1,SEG-Q,226.5284,226.4031,25.822,24.757,28.3185
2026-03-11 14:00:00,69,1,SEG-R,226.497,226.6239,24.323,23.561,28.3185
2026-03-11 14:00:00,69,1,SEG-S,226.4748,226.4488,22.833,21.805,28.3185
2026-03-11 14:00:00,69,1,SEG-T,226.4583,226.5106,21.474,20.767,28.3185
2026-03-11 22:00:00,69,2,SEG-A,139.1125,139.1115,47.8,47.299,17.3851
2026-03-11 22:00:00,69,2,SEG-B,139.0258,138.9208,46.524,45.312,17.3491
2026-03-11 22:00:00,69,2,SEG-C,138.7464,138.8492,45.125,44.364,17.3491
2026-03-11 22:00:00,69,2,SEG-D,138.7455,138.7673,43.638,42.894,17.3457
2026-03-11 22:00:00,69,2,SEG-E,138.7693,138.7622,42.314,41.358,17.3457
2026-03-11 22:00:00,69,2,SEG-F,138.7405,138.7735,41.051,40.196,17.3457
2026-03-11 22:00:00,69,2,SEG-G,138.794,138.7222,39.576,38.812,17.3457
2026-03-11 22:00:00,69,2,SEG-H,138.7317,138.7526,38.344,37.392,17.3457
2026-03-11 22:00:00,69,2,SEG-I,138.7755,138.8372,36.894,35.869,17.3457
2026-03-11 22:00:00,69,2,SEG-J,138.7786,138.6677,35.516,34.506,17.3457
2026-03-11 22:00:00,69,2,SEG-K,138.661,138.7684,34.062,33.339,17.3457
2026-03-11 22:00:00,69,2,SEG-L,138.7283,138.7381,32.573,31.658,17.3457
2026-03-11 22:00:00,69,2,SEG-M,138.8512,138.7995,31.315,30.295,17.3457
2026-03-11 22:00:00,69,2,SEG-N,138.7398,138.8335,29.808,28.939,17.3457
2026-03-11 22:00:00,69,2,SEG-O,138.7544,138.7473,28.375,27.374,17.3457
2026-03-11 22:00:00,69,2,SEG-P,138.6985,138.7874,27.003,26.312,17.3457
2026-03-11 22:00:00,69,2,SEG-Q,138.6954,138.831,25.801,24.842,17.3457
2026-03-11 22:00:00,69,2,SEG-R,138.8045,138.7425,24.255,23.349,17.3457
2026-03-11 22:00:00,69,2,SEG-S,138.8035,138.8638,22.674,21.957,17.3457
2026-03-11 22:00:00,69,2,SEG-T,138.915,138.9155,21.418,20.577,17.3457
2026-03-12 06:00:00,70,0,SEG-A,187.6855,187.6232,47.917,47.239,23.4703
2026-03-12 06:00:00,70,0,SEG-B,187.6872,187.2793,46.612,45.617,23.4193
2026-03-12 06:00:00,70,0,SEG-C,187.4447,187.2964,44.854,44.312,23.4193
2026-03-12 06:00:00,70,0,SEG-D,187.2031,187.3795,43.664,42.74,23.4139
2026-03-12 06:00:00,70,0,SEG-E,187.3036,187.2304,42.389,41.551,23.4139
2026-03-12 06:00:00,70,0,SEG-F,187.3684,187.4249,41.101,40.135,23.4139
2026-03-12 06:00:00,70,0,SEG-G,187.4024,187.1733,39.567,38.651,23.4139
2026-03-12 06:00:00,70,0,SEG-H,187.3199,187.1751,38.1,37.18,23.4139
2026-03-12 06:00:00,70,0,SEG-I,187.3859,187.1489,36.812,36.058,23.4139
2026-03-12 06:00:00,70,0,SEG-J,187.3217,187.449,35.31,34.509,23.4139
2026-03-12 06:00:00,70,0,SEG-K,187.4058,187.2992,33.995,33.24,23.4139
2026-03-12 06:00:00,70,0,SEG-L,187.3978,187.3097,32.636,31.6,23.4139
2026-03-12 06:00:00,70,0,SEG-M,187.455,187.3819,31.14,30.207,23.4139
2026-03-12 06:00:00,70,0,SEG-N,187.2462,187.2584,29.721,29.007,23.4139
2026-03-12 06:00:00,70,0,SEG-O,187.3898,187.2934,28.338,27.615,23.4139
2026-03-12 06:00:00,70,0,SEG-P,187.3332,187.2108,27.123,26.19,23.4139
2026-03-12 06:00:00,70,0,SEG-Q,187.3401,187.3141,25.79,24.952,23.4139
2026-03-12 06:00:00,70,0,SEG-R,187.2504,187.2281,24.188,23.384,23.4139
2026-03-12 06:00:00,70,0,SEG-S,187.41,187.2548,22.829,22.179,23.4139
2026-03-12 06:00:00,70,0,SEG-T,187.3322,187.3469,21.215,20.627,23.4139
2026-03-12 14:00:00,70,1,SEG-A,246.583,246.6642,48.061,47.423,30.8164
2026-03-12 14:00:00,70,1,SEG-B,246.6389,246.0757,46.337,45.373,30.7534
2026-03-12 14:00:00,70,1,SEG-C,246.0732,246.2271,45.122,44.482,30.7534
2026-03-12 14:00:00,70,1,SEG-D,245.9579,245.871,43.883,42.666,30.7469
2026-03-12 14:00:00,70,1,SEG-E,246.0432,246.1408,42.43,41.483,30.7469
2026-03-12 14:00:00,70,1,SEG-F,245.8564,245.9286,40.922,40.379,30.7469
2026-03-12 14:00:00,70,1,SEG-G,245.9551,245.9661,39.543,38.741,30.7469
2026-03-12 14:00:00,70,1,SEG-H,246.0534,245.838,38.085,37.367,30.7469
2026-03-12 14:00:00,70,1,SEG-I,246.0641,246.1973,36.784,35.943,30.7469
2026-03-12 14:00:00,70,1,SEG-J,246.0408,245.9651,35.611,34.665,30.7469
2026-03-12 14:00:00,70,1,SEG-K,245.9475,246.0491,34.125,33.043,30.7469
2026-03-12 14:00:00,70,1,SEG-L,246.1012,245.9515,32.557,31.718,30.7469
2026-03-12 14:00:00,70,1,SEG-M,245.9591,245.8552,31.148,30.363,30.7469
2026-03-12 14:00:00,70,1,SEG-N,245.8848,245.9097,29.753,28.848,30.7469
2026-03-12 14:00:00,70,1,SEG-O,245.8871,245.9867,28.5,27.711,30.7469
2026-03-12 14:00:00,70,1,SEG-P,245.8816,246.0935,26.991,25.96,30.7469
2026-03-12 14:00:00,70,1,SEG-Q,246.0576,246.0229,25.563,24.822,30.7469
2026-03-12 14:00:00,70,1,SEG-R,246.0994,245.8129,24.08,23.166,30.7469
2026-03-12 14:00:00,70,1,SEG-S,246.1024,245.9621,22.61,21.945,30.7469
2026-03-12 14:00:00,70,1,SEG-T,245.9068,245.9182,21.59,20.474,30.7469
2026-03-12 22:00:00,70,2,SEG-A,164.4394,164.4902,48.206,47.166,20.5633
2026-03-12 22:00:00,70,2,SEG-B,164.5004,164.3455,46.605,45.27,20.5273
2026-03-12 22:00:00,70,2,SEG-C,164.259,164.1839,45.319,44.582,20.5273
2026-03-12 22:00:00,70,2,SEG-D,164.2796,164.074,43.835,43.028,20.5236
2026-03-12 22:00:00,70,2,SEG-E,164.2125,164.1237,42.4,41.793,20.5236
2026-03-12 22:00:00,70,2,SEG-F,164.2539,164.1845,41.01,40.091,20.5236
2026-03-12 22:00:00,70,2,SEG-G,164.219,164.2296,39.648,38.634,20.5236
2026-03-12 22:00:00,70,2,SEG-H,164.1738,164.1307,38.029,37.322,20.5236
2026-03-12 22:00:00,70,2,SEG-I,164.2496,164.1309,36.797,36.018,20.5236
2026-03-12 22:00:00,70,2,SEG-J,164.2375,164.2764,35.43,34.522,20.5236
2026-03-12 22:00:00,70,2,SEG-K,164.1956,164.1313,33.835,33.108,20.5236
2026-03-12 22:00:00,70,2,SEG-L,164.1254,164.1277,32.538,31.669,20.5236
2026-03-12 22:00:00,70,2,SEG-M,164.1332,164.1475,31.262,30.534,20.5236
2026-03-12 22:00:00,70,2,SEG-N,164.267,164.0727,29.626,28.946,20.5236
2026-03-12 22:00:00,70,2,SEG-O,164.2199,164.2398,28.286,27.537,20.5236
2026-03-12 22:00:00,70,2,SEG-P,164.2991,164.2705,27.027,26.005,20.5236
2026-03-12 22:00:00,70,2,SEG-Q,164.1996,164.2412,25.431,24.799,20.5236
2026-03-12 22:00:00,70,2,SEG-R,164.3632,164.2862,24.28,23.661,20.5236
2026-03-12 22:00:00,70,2,SEG-S,164.2196,164.1576,22.664,21.833,20.5236
2026-03-12 22:00:00,70,2,SEG-T,164.0958,164.0839,21.502,20.539,20.5236
2026-03-13 06:00:00,71,0,SEG-A,253.16,253.181,47.91,47.148,31.6555
2026-03-13 06:00:00,71,0,SEG-B,253.4353,252.7627,46.658,45.474,31.6045
2026-03-13 06:00:00,71,0,SEG-C,252.8678,252.783,45.373,44.395,31.6045
2026-03-13 06:00:00,71,0,SEG-D,252.9331,252.8968,43.671,42.809,31.5987
2026-03-13 06:00:00,71,0,SEG-E,252.8816,252.8546,42.477,41.448,31.5987
2026-03-13 06:00:00,71,0,SEG-F,252.6462,252.8603,40.968,40.305,31.5987
2026-03-13 06:00:00,71,0,SEG-G,252.9029,252.8044,39.52,38.814,31.5987
2026-03-13 06:00:00,71,0,SEG-H,252.775,252.7791,38.033,37.36,31.5987
2026-03-13 06:00:00,71,0,SEG-I,252.9193,252.614,36.71,36.033,31.5987
2026-03-13 06:00:00,71,0,SEG-J,252.7237,252.8935,35.551,34.68,31.5987
2026-03-13 06:00:00,71,0,SEG-K,252.9889,252.6624,33.947,33.23,31.5987
2026-03-13 06:00:00,71,0,SEG-L,252.9515,252.877,32.61,31.663,31.5987
2026-03-13 06:00:00,71,0,SEG-M,252.6749,252.8401,30.977,30.127,31.5987
2026-03-13 06:00:00,71,0,SEG-N,252.7897,252.8967,29.907,28.869,31.5987
2026-03-13 06:00:00,71,0,SEG-O,252.6133,252.7073,28.388,27.466,31.5987
2026-03-13 06:00:00,71,0,SEG-P,252.765,252.8229,27.023,26.135,31.5987
2026-03-13 06:00:00,71,0,SEG-Q,252.8331,252.55,25.74,24.646,31.5987
2026-03-13 06:00:00,71,0,SEG-R,252.8038,252.7461,24.208,23.175,31.5987
2026-03-13 06:00:00,71,0,SEG-S,252.7207,252.8533,22.583,22.069,31.5987
2026-03-13 06:00:00,71,0,SEG-T,252.599,252.7075,21.31,20.557,31.5987
2026-03-13 14:00:00,71,1,SEG-A,294.1407,294.1923,48.05,47.14,36.7765
2026-03-13 14:00:00,71,1,SEG-B,294.064,293.669,46.725,45.251,36.7135
2026-03-13 14:00:00,71,1,SEG-C,293.4984,293.747,45.259,44.289,36.7135
2026-03-13 14:00:00,71,1,SEG-D,293.5575,293.5737,43.949,42.713,36.7064
2026-03-13 14:00:00,71,1,SEG-E,293.6222,293.6342,42.439,41.534,36.7064
2026-03-13 14:00:00,71,1,SEG-F,293.3867,293.3756,41.04,40.166,36.7064
2026-03-13 14:00:00,71,1,SEG-G,293.579,293.6698,39.503,38.617,36.7064
2026-03-13 14:00:00,71,1,SEG-H,293.5811,293.4931,38.309,37.222,36.7064
2026-03-13 14:00:00,71,1,SEG-I,293.4253,293.5583,36.968,36.048,36.7064
2026-03-13 14:00:00,71,1,SEG-J,293.5837,293.7377,35.484,34.5,36.7064
2026-03-13 14:00:00,71,1,SEG-K,293.7294,293.7504,34.141,33.175,36.7064
2026-03-13 14:00:00,71,1,SEG-L,293.6627,293.6985,32.572,31.583,36.7064
2026-03-13 14:00:00,71,1,SEG-M,293.5539,293.5527,31.439,30.443,36.7064
2026-03-13 14:00:00,71,1,SEG-N,293.5086,293.6903,29.802,29.061,36.7064
2026-03-13 14:00:00,71,1,SEG-O,293.7174,293.3555,28.311,27.606,36.7064
2026-03-13 14:00:00,71,1,SEG-P,293.8603,293.7403,26.92,26.127,36.7064
2026-03-13 14:00:00,71,1,SEG-Q,293.6176,293.6686,25.669,24.619,36.7064
2026-03-13 14:00:00,71,1,SEG-R,293.7068,293.5183,24.115,23.194,36.7064
2026-03-13 14:00:00,71,1,SEG-S,293.6867,293.5596,22.925,21.765,36.7064
2026-03-13 14:00:00,71,1,SEG-T,293.7756,293.5756,21.364,20.682,36.7064
2026-03-13 22:00:00,71,2,SEG-A,162.0504,161.8793,47.865,46.943,20.2382
2026-03-13 22:00:00,71,2,SEG-B,161.8438,161.5611,46.692,45.754,20.2022
2026-03-13 22:00:00,71,2,SEG-C,161.7582,161.5227,45.351,44.215,20.2022
2026-03-13 22:00:00,71,2,SEG-D,161.5196,161.5034,43.683,43.087,20.1981
2026-03-13 22:00:00,71,2,SEG-E,161.645,161.6064,42.287,41.905,20.1981
2026-03-13 22:00:00,71,2,SEG-F,161.6095,161.611,41.033,40.123,20.1981
2026-03-13 22:00:00,71,2,SEG-G,161.4157,161.4466,39.539,38.717,20.1981
2026-03-13 22:00:00,71,2,SEG-H,161.5923,161.5625,38.107,37.147,20.1981
2026-03-13 22:00:00,71,2,SEG-I,161.5715,161.5928,37.026,35.829,20.1981
2026-03-13 22:00:00,71,2,SEG-J,161.4793,161.5333,35.586,34.5,20.1981
2026-03-13 22:00:00,71,2,SEG-K,161.5661,161.6067,34.026,33.193,20.1981
2026-03-13 22:00:00,71,2,SEG-L,161.4818,161.4677,32.704,31.544,20.1981
2026-03-13 22:00:00,71,2,SEG-M,161.6138,161.7374,31.243,30.312,20.1981
2026-03-13 22:00:00,71,2,SEG-N,161.5626,161.5166,29.683,28.875,20.1981
2026-03-13 22:00:00,71,2,SEG-O,161.4837,161.572,28.46,27.625,20.1981
2026-03-13 22:00:00,71,2,SEG-P,161.4913,161.5211,27.038,26.303,20.1981
2026-03-13 22:00:00,71,2,SEG-Q,161.5124,161.5392,25.773,24.624,20.1981
2026-03-13 22:00:00,71,2,SEG-R,161.5434,161.4462,24.258,23.12,20.1981
2026-03-13 22:00:00,71,2,SEG-S,161.6438,161.4762,22.649,21.993,20.1981
2026-03-13 22:00:00,71,2,SEG-T,161.3893,161.7054,21.575,20.355,20.1981
2026-03-14 06:00:00,72,0,SEG-A,224.323,224.5062,47.908,47.223,28.0656
2026-03-14 06:00:00,72,0,SEG-B,224.4665,223.9828,46.571,45.439,28.0146
2026-03-14 06:00:00,72,0,SEG-C,224.2033,224.1772,45.171,44.447,28.0146
2026-03-14 06:00:00,72,0,SEG-D,224.1463,223.9504,43.676,42.806,28.0084
2026-03-14 06:00:00,72,0,SEG-E,224.1479,223.9975,42.431,41.603,28.0084
2026-03-14 06:00:00,72,0,SEG-F,223.9746,224.0394,40.878,39.775,28.0084
2026-03-14 06:00:00,72,0,SEG-G,223.9493,224.1179,39.647,38.869,28.0084
2026-03-14 06:00:00,72,0,SEG-H,224.0509,224.1118,38.146,37.276,28.0084
2026-03-14 06:00:00,72,0,SEG-I,224.1116,223.9569,36.566,35.955,28.0084
2026-03-14 06:00:00,72,0,SEG-J,224.0468,223.9669,35.35,34.637,28.0084
2026-03-14 06:00:00,72,0,SEG-K,223.9584,224.1034,34.038,33.051,28.0084
2026-03-14 06:00:00,72,0,SEG-L,224.2009,224.1014,32.769,31.611,28.0084
2026-03-14 06:00:00,72,0,SEG-M,224.0406,224.0973,31.23,30.537,28.0084
2026-03-14 06:00:00,72,0,SEG-N,223.934,224.253,29.607,28.884,28.0084
2026-03-14 06:00:00,72,0,SEG-O,223.9647,224.0584,28.182,27.507,28.0084
2026-03-14 06:00:00,72,0,SEG-P,224.2119,224.1538,26.651,26.195,28.0084
2026-03-14 06:00:00,72,0,SEG-Q,224.2483,224.1153,25.6,24.861,28.0084
2026-03-14 06:00:00,72,0,SEG-R,223.9184,224.0957,24.255,23.173,28.0084
2026-03-14 06:00:00,72,0,SEG-S,223.9401,224.1591,22.76,21.929,28.0084
2026-03-14 06:00:00,72,0,SEG-T,224.2097,224.2373,21.405,20.676,28.0084
2026-03-14 14:00:00,72,1,SEG-A,253.3589,253.4632,47.888,47.175,31.6786
2026-03-14 14:00:00,72,1,SEG-B,253.4558,252.7307,46.652,45.421,31.6156
2026-03-14 14:00:00,72,1,SEG-C,253.0044,252.9761,45.422,44.206,31.6156
2026-03-14 14:00:00,72,1,SEG-D,252.9372,253.0406,43.883,42.769,31.608
2026-03-14 14:00:00,72,1,SEG-E,253.1315,252.849,42.377,41.56,31.608
2026-03-14 14:00:00,72,1,SEG-F,252.78,252.8451,41.221,40.023,31.608
2026-03-14 14:00:00,72,1,SEG-G,252.6461,252.8815,39.703,38.921,31.608
2026-03-14 14:00:00,72,1,SEG-H,252.8662,252.7985,38.293,37.546,31.608
2026-03-14 14:00:00,72,1,SEG-I,253.0118,252.8043,36.722,35.966,31.608
2026-03-14 14:00:00,72,1,SEG-J,252.8105,252.8681,35.267,34.638,31.608
2026-03-14 14:00:00,72,1,SEG-K,252.6107,252.6272,33.819,33.182,31.608
2026-03-14 14:00:00,72,1,SEG-L,252.8744,252.7065,32.584,31.768,31.608
2026-03-14 14:00:00,72,1,SEG-M,252.6941,252.8692,31.13,30.332,31.608
2026-03-14 14:00:00,72,1,SEG-N,252.8281,252.8937,29.533,28.901,31.608
2026-03-14 14:00:00,72,1,SEG-O,252.8843,253.0116,28.501,27.451,31.608
2026-03-14 14:00:00,72,1,SEG-P,252.9266,252.7967,27.043,26.158,31.608
2026-03-14 14:00:00,72,1,SEG-Q,252.9651,252.858,25.681,24.742,31.608
2026-03-14 14:00:00,72,1,SEG-R,252.9081,252.8849,24.208,23.347,31.608
2026-03-14 14:00:00,72,1,SEG-S,252.9687,252.6823,22.899,21.973,31.608
2026-03-14 14:00:00,72,1,SEG-T,252.9693,252.7693,21.535,20.531,31.608
2026-03-14 22:00:00,72,2,SEG-A,198.884,198.743,47.951,47.147,24.8396
2026-03-14 22:00:00,72,2,SEG-B,198.7527,198.2196,46.643,45.313,24.8036
2026-03-14 22:00:00,72,2,SEG-C,198.4535,198.461,45.207,44.384,24.8036
2026-03-14 22:00:00,72,2,SEG-D,198.3922,198.441,43.918,43.094,24.7992
2026-03-14 22:00:00,72,2,SEG-E,198.2753,198.3929,42.47,41.497,24.7992
2026-03-14 22:00:00,72,2,SEG-F,198.3864,198.4005,41.145,40.232,24.7992
2026-03-14 22:00:00,72,2,SEG-G,198.2484,198.3091,39.711,38.716,24.7992
2026-03-14 22:00:00,72,2,SEG-H,198.2953,198.2936,37.907,37.322,24.7992
2026-03-14 22:00:00,72,2,SEG-I,198.3448,198.3598,36.82,36.015,24.7992
2026-03-14 22:00:00,72,2,SEG-J,198.3511,198.3123,35.344,34.439,24.7992
2026-03-14 22:00:00,72,2,SEG-K,198.3728,198.3242,34.132,33.094,24.7992
2026-03-14 22:00:00,72,2,SEG-L,198.4777,198.5431,32.428,31.668,24.7992
2026-03-14 22:00:00,72,2,SEG-M,198.2423,198.3431,31.335,30.627,24.7992
2026-03-14 22:00:00,72,2,SEG-N,198.4786,198.253,29.91,28.807,24.7992
2026-03-14 22:00:00,72,2,SEG-O,198.2714,198.3511,28.512,27.665,24.7992
2026-03-14 22:00:00,72,2,SEG-P,198.3101,198.4514,26.96,26.192,24.7992
2026-03-14 22:00:00,72,2,SEG-Q,198.39,198.5073,25.442,24.716,24.7992
2026-03-14 22:00:00,72,2,SEG-R,198.5724,198.5695,24.16,23.315,24.7992
2026-03-14 22:00:00,72,2,SEG-S,198.3731,198.4137,22.556,21.939,24.7992
2026-03-14 22:00:00,72,2,SEG-T,198.2745,198.3455,21.334,20.468,24.7992
2026-03-15 06:00:00,73,0,SEG-A,260.8832,260.8528,48.122,47.081,32.6103
2026-03-15 06:00:00,73,0,SEG-B,261.0062,260.4928,46.427,45.356,32.5593
2026-03-15 06:00:00,73,0,SEG-C,260.3704,260.5227,45.174,44.469,32.5593
2026-03-15 06:00:00,73,0,SEG-D,260.5271,260.2648,43.755,42.607,32.5527
2026-03-15 06:00:00,73,0,SEG-E,260.5823,260.5863,42.41,41.702,32.5527
2026-03-15 06:00:00,73,0,SEG-F,260.389,260.4304,41.206,40.139,32.5527
2026-03-15 06:00:00,73,0,SEG-G,260.5768,260.3928,39.754,38.503,32.5527
2026-03-15 06:00:00,73,0,SEG-H,260.3775,260.3039,38.111,37.473,32.5527
2026-03-15 06:00:00,73,0,SEG-I,260.2582,260.2633,36.921,35.947,32.5527
2026-03-15 06:00:00,73,0,SEG-J,260.3908,260.4788,35.397,34.549,32.5527
2026-03-15 06:00:00,73,0,SEG-K,260.4691,260.5943,34.096,33.277,32.5527
2026-03-15 06:00:00,73,0,SEG-L,260.4055,260.4654,32.298,31.719,32.5527
2026-03-15 06:00:00,73,0,SEG-M,260.2026,260.3521,31.377,30.552,32.5527
2026-03-15 06:00:00,73,0,SEG-N,260.3602,260.5631,29.752,29.08,32.5527
2026-03-15 06:00:00,73,0,SEG-O,260.4252,260.6288,28.271,27.359,32.5527
2026-03-15 06:00:00,73,0,SEG-P,260.2573,260.4831,26.945,26.444,32.5527
2026-03-15 06:00:00,73,0,SEG-Q,260.3914,260.4331,25.681,24.872,32.5527
2026-03-15 06:00:00,73,0,SEG-R,260.4569,260.1118,24.39,23.362,32.5527
2026-03-15 06:00:00,73,0,SEG-S,260.5822,260.4667,22.855,22.05,32.5527
2026-03-15 06:00:00,73,0,SEG-T,260.3758,260.199,21.41,20.464,32.5527
2026-03-15 14:00:00,73,1,SEG-A,319.1877,319.2331,47.811,47.107,39.8973
2026-03-15 14:00:00,73,1,SEG-B,319.03,318.6403,46.743,45.374,39.8343
2026-03-15 14:00:00,73,1,SEG-C,318.6427,318.8381,45.212,44.461,39.8343
2026-03-15 14:00:00,73,1,SEG-D,318.6264,318.7147,43.946,42.683,39.8261
2026-03-15 14:00:00,73,1,SEG-E,318.7042,318.5872,42.603,41.582,39.8261
2026-03-15 14:00:00,73,1,SEG-F,318.7465,318.6751,40.962,40.153,39.8261
2026-03-15 14:00:00,73,1,SEG-G,318.8004,318.4038,39.584,38.879,39.8261
2026-03-15 14:00:00,73,1,SEG-H,318.5915,318.6247,38.14,37.187,39.8261
2026-03-15 14:00:00,73,1,SEG-I,318.8429,318.416,36.59,36.137,39.8261
2026-03-15 14:00:00,73,1,SEG-J,318.5758,318.6294,35.326,34.471,39.8261
2026-03-15 14:00:00,73,1,SEG-K,318.759,318.5268,34.045,33.042,39.8261
2026-03-15 14:00:00,73,1,SEG-L,318.4996,318.3127,32.389,31.765,39.8261
2026-03-15 14:00:00,73,1,SEG-M,318.4435,318.6075,31.21,30.201,39.8261
2026-03-15 14:00:00,73,1,SEG-N,318.7208,318.7885,29.684,28.75,39.8261
2026-03-15 14:00:00,73,1,SEG-O,318.8752,318.666,28.33,27.656,39.8261
2026-03-15 14:00:00,73,1,SEG-P,318.4094,318.4936,26.901,26.179,39.8261
2026-03-15 14:00:00,73,1,SEG-Q,318.7638,318.6885,25.693,24.393,39.8261
2026-03-15 14:00:00,73,1,SEG-R,318.6334,318.7711,24.292,23.617,39.8261
2026-03-15 14:00:00,73,1,SEG-S,318.5343,318.6156,22.957,21.994,39.8261
2026-03-15 14:00:00,73,1,SEG-T,318.5327,318.7067,21.307,20.686,39.8261
2026-03-15 22:00:00,73,2,SEG-A,164.4294,164.4549,47.9,47.281,20.5605
2026-03-15 22:00:00,73,2,SEG-B,164.4674,164.3067,46.742,45.421,20.5245
2026-03-15 22:00:00,73,2,SEG-C,164.0477,164.2332,45.135,44.301,20.5245
2026-03-15 22:00:00,73,2,SEG-D,164.2838,164.1214,43.623,43.092,20.5198
2026-03-15 22:00:00,73,2,SEG-E,164.3151,164.2592,42.484,41.579,20.5198
2026-03-15 22:00:00,73,2,SEG-F,164.1872,164.2311,40.799,40.18,20.5198
2026-03-15 22:00:00,73,2,SEG-G,164.0977,164.2598,39.504,38.751,20.5198
2026-03-15 22:00:00,73,2,SEG-H,164.1412,164.14,38.11,37.48,20.5198
2026-03-15 22:00:00,73,2,SEG-I,164.2585,164.0537,36.703,36.003,20.5198
2026-03-15 22:00:00,73,2,SEG-J,164.2189,164.2792,35.614,34.629,20.5198
2026-03-15 22:00:00,73,2,SEG-K,164.1272,164.1295,33.865,33.0,20.5198
2026-03-15 22:00:00,73,2,SEG-L,164.0962,164.3153,32.441,31.932,20.5198
2026-03-15 22:00:00,73,2,SEG-M,164.1201,164.1999,31.177,30.22,20.5198
2026-03-15 22:00:00,73,2,SEG-N,164.2593,164.2033,29.697,29.059,20.5198
2026-03-15 22:00:00,73,2,SEG-O,164.1653,164.1041,28.42,27.614,20.5198
2026-03-15 22:00:00,73,2,SEG-P,164.2302,164.2828,27.158,26.358,20.5198
2026-03-15 22:00:00,73,2,SEG-Q,164.0765,164.2293,25.529,24.672,20.5198
2026-03-15 22:00:00,73,2,SEG-R,164.1429,164.2327,24.393,23.367,20.5198
2026-03-15 22:00:00,73,2,SEG-S,164.0841,164.0326,22.879,21.866,20.5198
2026-03-15 22:00:00,73,2,SEG-T,164.2305,164.1749,21.347,20.492,20.5198
2026-03-16 06:00:00,74,0,SEG-A,212.8492,212.8478,47.842,47.074,26.6066
2026-03-16 06:00:00,74,0,SEG-B,212.778,212.2819,46.64,45.454,26.5556
2026-03-16 06:00:00,74,0,SEG-C,212.4164,212.4543,45.101,44.348,26.5556
2026-03-16 06:00:00,74,0,SEG-D,212.3983,212.2783,43.68,42.483,26.5485
2026-03-16 06:00:00,74,0,SEG-E,212.2087,212.5439,42.347,41.674,26.5485
2026-03-16 06:00:00,74,0,SEG-F,212.4009,212.4173,41.238,39.964,26.5485
2026-03-16 06:00:00,74,0,SEG-G,212.3169,212.3312,39.604,38.825,26.5485
2026-03-16 06:00:00,74,0,SEG-H,212.2828,212.3917,38.205,37.363,26.5485
2026-03-16 06:00:00,74,0,SEG-I,212.4398,212.4402,36.713,35.922,26.5485
2026-03-16 06:00:00,74,0,SEG-J,212.3703,212.2884,35.476,34.584,26.5485
2026-03-16 06:00:00,74,0,SEG-K,212.4543,212.4186,34.134,33.209,26.5485
2026-03-16 06:00:00,74,0,SEG-L,212.3895,212.4469,32.484,31.791,26.5485
2026-03-16 06:00:00,74,0,SEG-M,212.3471,212.3898,31.164,30.242,26.5485
2026-03-16 06:00:00,74,0,SEG-N,212.4754,212.3968,29.911,28.965,26.5485
2026-03-16 06:00:00,74,0,SEG-O,212.456,212.4853,28.4,27.684,26.5485
2026-03-16 06:00:00,74,0,SEG-P,212.3593,212.278,26.903,26.202,26.5485
2026-03-16 06:00:00,74,0,SEG-Q,212.3532,212.4482,25.743,24.932,26.5485
2026-03-16 06:00:00,74,0,SEG-R,212.3225,212.4469,24.258,23.364,26.5485
2026-03-16 06:00:00,74,0,SEG-S,212.4549,212.4039,22.852,22.056,26.5485
2026-03-16 06:00:00,74,0,SEG-T,212.3885,212.2499,21.225,20.739,26.5485
2026-03-16 14:00:00,74,1,SEG-A,327.7992,327.6745,48.056,47.182,40.9752
2026-03-16 14:00:00,74,1,SEG-B,327.9065,327.1697,46.637,45.652,40.9122
2026-03-16 14:00:00,74,1,SEG-C,327.303,327.2727,45.241,44.092,40.9122
2026-03-16 14:00:00,74,1,SEG-D,327.2241,327.0921,43.888,42.566,40.9034
2026-03-16 14:00:00,74,1,SEG-E,327.2673,327.1885,42.51,41.521,40.9034
2026-03-16 14:00:00,74,1,SEG-F,327.082,326.9383,40.725,40.199,40.9034
2026-03-16 14:00:00,74,1,SEG-G,327.3943,327.4849,39.36,38.741,40.9034
2026-03-16 14:00:00,74,1,SEG-H,327.6486,327.2176,38.184,37.543,40.9034
2026-03-16 14:00:00,74,1,SEG-I,327.2652,327.4937,36.738,35.829,40.9034
2026-03-16 14:00:00,74,1,SEG-J,327.2838,327.0787,35.244,34.567,40.9034
2026-03-16 14:00:00,74,1,SEG-K,327.1825,327.1244,33.857,33.002,40.9034
2026-03-16 14:00:00,74,1,SEG-L,327.4944,327.0777,32.497,31.629,40.9034
2026-03-16 14:00:00,74,1,SEG-M,327.1427,327.1409,31.282,30.344,40.9034
2026-03-16 14:00:00,74,1,SEG-N,327.1553,327.2064,29.614,28.969,40.9034
2026-03-16 14:00:00,74,1,SEG-O,327.1998,327.0909,28.528,27.515,40.9034
2026-03-16 14:00:00,74,1,SEG-P,327.2014,327.0757,27.097,26.21,40.9034
2026-03-16 14:00:00,74,1,SEG-Q,327.1719,327.0145,25.401,24.732,40.9034
2026-03-16 14:00:00,74,1,SEG-R,327.1492,327.4444,24.27,23.186,40.9034
2026-03-16 14:00:00,74,1,SEG-S,327.4747,327.4091,22.775,21.907,40.9034
2026-03-16 14:00:00,74,1,SEG-T,326.8888,327.4579,21.233,20.416,40.9034
2026-03-16 22:00:00,74,2,SEG-A,169.7812,169.8618,48.116,46.942,21.2257
2026-03-16 22:00:00,74,2,SEG-B,169.7253,169.5245,46.769,45.414,21.1897
2026-03-16 22:00:00,74,2,SEG-C,169.5287,169.3553,45.337,44.432,21.1897
2026-03-16 22:00:00,74,2,SEG-D,169.5273,169.6212,43.739,42.877,21.1847
2026-03-16 22:00:00,74,2,SEG-E,169.442,169.5099,42.134,41.539,21.1847
2026-03-16 22:00:00,74,2,SEG-F,169.3306,169.483,41.056,40.016,21.1847
2026-03-16 22:00:00,74,2,SEG-G,169.4515,169.588,39.471,38.792,21.1847
2026-03-16 22:00:00,74,2,SEG-H,169.3804,169.4766,38.24,37.447,21.1847
2026-03-16 22:00:00,74,2,SEG-I,169.3875,169.4709,37.004,35.786,21.1847
2026-03-16 22:00:00,74,2,SEG-J,169.4531,169.5001,35.422,34.444,21.1847
2026-03-16 22:00:00,74,2,SEG-K,169.4452,169.4961,33.953,33.235,21.1847
2026-03-16 22:00:00,74,2,SEG-L,169.5299,169.4819,32.524,31.852,21.1847
2026-03-16 22:00:00,74,2,SEG-M,169.5943,169.4552,31.385,30.418,21.1847
2026-03-16 22:00:00,74,2,SEG-N,169.3712,169.5929,29.772,29.042,21.1847
2026-03-16 22:00:00,74,2,SEG-O,169.4,169.5343,28.379,27.386,21.1847
2026-03-16 22:00:00,74,2,SEG-P,169.477,169.4765,27.06,26.05,21.1847
2026-03-16 22:00:00,74,2,SEG-Q,169.4085,169.5523,25.66,24.723,21.1847
2026-03-16 22:00:00,74,2,SEG-R,169.47,169.6439,24.157,23.32,21.1847
2026-03-16 22:00:00,74,2,SEG-S,169.5299,169.4557,22.797,22.011,21.1847
2026-03-16 22:00:00,74,2,SEG-T,169.4411,169.4391,21.418,20.584,21.1847
2026-03-17 06:00:00,75,0,SEG-A,160.1505,160.0144,47.894,47.096,20.0144
2026-03-17 06:00:00,75,0,SEG-B,160.1211,159.6892,46.702,45.329,19.9634
2026-03-17 06:00:00,75,0,SEG-C,159.7185,159.741,45.276,44.508,19.9634
2026-03-17 06:00:00,75,0,SEG-D,159.6171,159.6662,43.669,42.558,19.9557
2026-03-17 06:00:00,75,0,SEG-E,159.6419,159.5742,42.25,41.599,19.9557
2026-03-17 06:00:00,75,0,SEG-F,159.6511,159.5389,41.116,40.016,19.9557
2026-03-17 06:00:00,75,0,SEG-G,159.6157,159.6629,39.508,38.993,19.9557
2026-03-17 06:00:00,75,0,SEG-H,159.7658,159.6681,37.981,37.518,19.9557
2026-03-17 06:00:00,75,0,SEG-I,159.6265,159.5622,36.818,35.842,19.9557
2026-03-17 06:00:00,75,0,SEG-J,159.6584,159.8343,35.378,34.555,19.9557
2026-03-17 06:00:00,75,0,SEG-K,159.6441,159.6373,33.992,33.38,19.9557
2026-03-17 06:00:00,75,0,SEG-L,159.7192,159.5974,32.635,31.698,19.9557
2026-03-17 06:00:00,75,0,SEG-M,159.5908,159.6377,31.312,30.395,19.9557
2026-03-17 06:00:00,75,0,SEG-N,159.6265,159.571,29.753,28.787,19.9557
2026-03-17 06:00:00,75,0,SEG-O,159.5687,159.4384,28.496,27.594,19.9557
2026-03-17 06:00:00,75,0,SEG-P,159.6631,159.5694,27.059,26.124,19.9557
2026-03-17 06:00:00,75,0,SEG-Q,159.5426,159.8338,25.479,24.879,19.9557
2026-03-17 06:00:00,75,0,SEG-R,159.6807,159.6693,24.012,23.204,19.9557
2026-03-17 06:00:00,75,0,SEG-S,159.6674,159.7012,22.88,22.084,19.9557
2026-03-17 06:00:00,75,0,SEG-T,159.6715,159.7507,21.476,20.774,19.9557
2026-03-17 14:00:00,75,1,SEG-A,314.4766,314.7272,48.028,47.167,39.3186
2026-03-17 14:00:00,75,1,SEG-B,314.6766,313.9973,46.519,45.662,39.2556
2026-03-17 14:00:00,75,1,SEG-C,314.0168,314.0714,45.211,44.408,39.2556
2026-03-17 14:00:00,75,1,SEG-D,313.8453,313.8276,43.655,42.658,39.2462
2026-03-17 14:00:00,75,1,SEG-E,313.8574,314.1612,42.377,41.585,39.2462
2026-03-17 14:00:00,75,1,SEG-F,313.9906,314.0539,40.944,39.982,39.2462
2026-03-17 14:00:00,75,1,SEG-G,314.0301,314.2199,39.692,38.749,39.2462
2026-03-17 14:00:00,75,1,SEG-H,313.9805,313.9959,38.253,37.216,39.2462
2026-03-17 14:00:00,75,1,SEG-I,313.8305,313.8978,36.948,36.171,39.2462
2026-03-17 14:00:00,75,1,SEG-J,313.9582,313.9006,35.454,34.352,39.2462
2026-03-17 14:00:00,75,1,SEG-K,313.7871,314.0323,34.114,33.06,39.2462
2026-03-17 14:00:00,75,1,SEG-L,314.1013,314.17,32.587,31.717,39.2462
2026-03-17 14:00:00,75,1,SEG-M,313.9086,313.9579,31.193,30.513,39.2462
2026-03-17 14:00:00,75,1,SEG-N,313.956,314.0749,29.768,28.836,39.2462
2026-03-17 14:00:00,75,1,SEG-O,313.9806,313.9169,28.58,27.836,39.2462
2026-03-17 14:00:00,75,1,SEG-P,313.9337,313.9718,26.917,26.181,39.2462
2026-03-17 14:00:00,75,1,SEG-Q,313.7786,313.8506,25.596,24.649,39.2462
2026-03-17 14:00:00,75,1,SEG-R,314.0192,313.8877,24.057,23.329,39.2462
2026-03-17 14:00:00,75,1,SEG-S,314.1912,313.9869,22.457,21.841,39.2462
2026-03-17 14:00:00,75,1,SEG-T,313.9587,314.0493,21.532,20.62,39.2462
2026-03-17 22:00:00,75,2,SEG-A,177.1303,177.0951,48.057,47.364,22.1414
2026-03-17 22:00:00,75,2,SEG-B,177.1891,176.8745,46.504,45.327,22.1054
2026-03-17 22:00:00,75,2,SEG-C,177.0115,176.7996,45.117,44.35,22.1054
2026-03-17 22:00:00,75,2,SEG-D,176.8062,176.7289,43.79,43.031,22.1
2026-03-17 22:00:00,75,2,SEG-E,176.9068,176.7655,42.335,41.376,22.1
2026-03-17 22:00:00,75,2,SEG-F,176.7856,176.8806,41.134,40.042,22.1
2026-03-17 22:00:00,75,2,SEG-G,176.8361,176.7557,39.641,38.703,22.1
2026-03-17 22:00:00,75,2,SEG-H,176.6782,176.7706,38.121,37.388,22.1
2026-03-17 22:00:00,75,2,SEG-I,176.7486,176.7355,36.861,36.046,22.1
2026-03-17 22:00:00,75,2,SEG-J,176.7508,176.7334,35.673,34.589,22.1
2026-03-17 22:00:00,75,2,SEG-K,176.8786,176.8569,33.999,32.922,22.1
2026-03-17 22:00:00,75,2,SEG-L,176.7929,176.7953,32.807,31.757,22.1
2026-03-17 22:00:00,75,2,SEG-M,176.8722,176.825,31.183,30.283,22.1
2026-03-17 22:00:00,75,2,SEG-N,176.7833,176.9298,29.637,28.82,22.1
2026-03-17 22:00:00,75,2,SEG-O,176.7376,176.7163,28.279,27.449,22.1
2026-03-17 22:00:00,75,2,SEG-P,176.8605,176.9577,27.071,26.251,22.1
2026-03-17 22:00:00,75,2,SEG-Q,176.9679,176.6099,25.589,24.726,22.1
2026-03-17 22:00:00,75,2,SEG-R,176.9715,176.9032,24.238,23.246,22.1
2026-03-17 22:00:00,75,2,SEG-S,176.8342,176.805,22.734,21.853,22.1
2026-03-17 22:00:00,75,2,SEG-T,176.8542,176.8404,21.411,20.49,22.1
2026-03-18 06:00:00,76,0,SEG-A,221.015,221.1881,48.135,47.172,27.649
2026-03-18 06:00:00,76,0,SEG-B,221.2503,220.7178,46.501,45.562,27.598
2026-03-18 06:00:00,76,0,SEG-C,220.7756,220.6315,45.351,44.249,27.598
2026-03-18 06:00:00,76,0,SEG-D,220.7463,220.685,43.811,42.577,27.5898
2026-03-18 06:00:00,76,0,SEG-E,220.8325,220.4483,42.511,41.307,27.5898
2026-03-18 06:00:00,76,0,SEG-F,220.6785,220.7758,40.838,39.937,27.5898
2026-03-18 06:00:00,76,0,SEG-G,220.9108,220.7424,39.535,38.712,27.5898
2026-03-18 06:00:00,76,0,SEG-H,220.6623,220.7436,38.385,37.484,27.5898
2026-03-18 06:00:00,76,0,SEG-I,220.7412,220.5937,36.951,35.789,27.5898
2026-03-18 06:00:00,76,0,SEG-J,220.7807,220.5742,35.404,34.405,27.5898
2026-03-18 06:00:00,76,0,SEG-K,220.6443,220.843,33.938,33.012,27.5898
2026-03-18 06:00:00,76,0,SEG-L,220.5984,220.8334,32.642,31.735,27.5898
2026-03-18 06:00:00,76,0,SEG-M,220.8414,220.9146,31.213,30.384,27.5898
2026-03-18 06:00:00,76,0,SEG-N,220.8574,220.8107,29.852,28.707,27.5898
2026-03-18 06:00:00,76,0,SEG-O,220.7891,220.6224,28.365,27.505,27.5898
2026-03-18 06:00:00,76,0,SEG-P,220.7942,220.5658,27.152,25.852,27.5898
2026-03-18 06:00:00,76,0,SEG-Q,220.824,220.6744,25.345,24.902,27.5898
2026-03-18 06:00:00,76,0,SEG-R,220.7198,220.6402,24.192,23.535,27.5898
2026-03-18 06:00:00,76,0,SEG-S,220.6806,220.693,22.646,22.246,27.5898
2026-03-18 06:00:00,76,0,SEG-T,220.7509,220.5634,21.189,20.599,27.5898
2026-03-18 14:00:00,76,1,SEG-A,320.7876,320.7599,47.911,47.209,40.1014
2026-03-18 14:00:00,76,1,SEG-B,320.5418,320.3639,46.456,45.337,40.0384
2026-03-18 14:00:00,76,1,SEG-C,320.1678,320.274,45.327,44.434,40.0384
2026-03-18 14:00:00,76,1,SEG-D,320.4244,320.1118,43.626,42.637,40.0283
2026-03-18 14:00:00,76,1,SEG-E,320.1128,320.409,42.364,41.552,40.0283
2026-03-18 14:00:00,76,1,SEG-F,319.988,320.3836,40.93,40.125,40.0283
2026-03-18 14:00:00,76,1,SEG-G,320.2918,320.119,39.722,38.849,40.0283
2026-03-18 14:00:00,76,1,SEG-H,320.3404,320.6294,38.311,37.376,40.0283
2026-03-18 14:00:00,76,1,SEG-I,320.4244,320.548,36.83,35.689,40.0283
2026-03-18 14:00:00,76,1,SEG-J,320.3574,320.2073,35.497,34.525,40.0283
2026-03-18 14:00:00,76,1,SEG-K,320.2463,320.0551,33.943,33.059,40.0283
2026-03-18 14:00:00,76,1,SEG-L,320.1839,320.2111,32.615,31.761,40.0283
2026-03-18 14:00:00,76,1,SEG-M,320.3905,320.2908,31.203,30.455,40.0283
2026-03-18 14:00:00,76,1,SEG-N,320.2831,320.1269,29.769,28.977,40.0283
2026-03-18 14:00:00,76,1,SEG-O,320.0276,320.2171,28.238,27.598,40.0283
2026-03-18 14:00:00,76,1,SEG-P,320.3863,320.1343,27.095,26.485,40.0283
2026-03-18 14:00:00,76,1,SEG-Q,320.0918,320.0846,25.508,24.759,40.0283
2026-03-18 14:00:00,76,1,SEG-R,320.0932,320.3653,24.13,23.291,40.0283
2026-03-18 14:00:00,76,1,SEG-S,320.3604,320.3956,22.769,22.13,40.0283
2026-03-18 14:00:00,76,1,SEG-T,320.3211,320.1056,21.341,20.553,40.0283
2026-03-18 22:00:00,76,2,SEG-A,152.882,152.8884,48.129,46.936,19.1059
2026-03-18 22:00:00,76,2,SEG-B,152.8631,152.5336,46.628,45.559,19.0699
2026-03-18 22:00:00,76,2,SEG-C,152.6194,152.568,45.296,44.419,19.0699
2026-03-18 22:00:00,76,2,SEG-D,152.5357,152.576,43.798,42.939,19.0642
2026-03-18 22:00:00,76,2,SEG-E,152.6001,152.5632,42.298,41.686,19.0642
2026-03-18 22:00:00,76,2,SEG-F,152.3523,152.4632,40.954,40.172,19.0642
2026-03-18 22:00:00,76,2,SEG-G,152.4067,152.6218,39.62,38.721,19.0642
2026-03-18 22:00:00,76,2,SEG-H,152.6624,152.5229,38.028,37.343,19.0642
2026-03-18 22:00:00,76,2,SEG-I,152.531,152.4878,36.683,35.899,19.0642
2026-03-18 22:00:00,76,2,SEG-J,152.6488,152.5436,35.471,34.532,19.0642
2026-03-18 22:00:00,76,2,SEG-K,152.3793,152.4471,34.016,33.212,19.0642
2026-03-18 22:00:00,76,2,SEG-L,152.4188,152.4899,32.621,31.777,19.0642
2026-03-18 22:00:00,76,2,SEG-M,152.5452,152.5894,31.028,30.388,19.0642
2026-03-18 22:00:00,76,2,SEG-N,152.5375,152.5472,29.69,29.048,19.0642
2026-03-18 22:00:00,76,2,SEG-O,152.5188,152.4915,28.198,27.558,19.0642
2026-03-18 22:00:00,76,2,SEG-P,152.4766,152.5945,26.895,25.959,19.0642
2026-03-18 22:00:00,76,2,SEG-Q,152.5569,152.4719,25.629,24.422,19.0642
2026-03-18 22:00:00,76,2,SEG-R,152.3556,152.5274,24.454,23.222,19.0642
2026-03-18 22:00:00,76,2,SEG-S,152.491,152.3828,22.915,21.892,19.0642
2026-03-18 22:00:00,76,2,SEG-T,152.4659,152.4831,21.375,20.588,19.0642
2026-03-19 06:00:00,77,0,SEG-A,264.2814,264.2003,47.836,47.116,33.0426
2026-03-19 06:00:00,77,0,SEG-B,264.5633,264.0305,46.343,45.373,32.9916
2026-03-19 06:00:00,77,0,SEG-C,263.8447,263.9156,45.202,43.977,32.9916
2026-03-19 06:00:00,77,0,SEG-D,263.9831,264.0486,43.832,42.526,32.9829
2026-03-19 06:00:00,77,0,SEG-E,263.7568,263.8395,42.547,41.548,32.9829
2026-03-19 06:00:00,77,0,SEG-F,263.9705,263.7404,41.189,40.208,32.9829
2026-03-19 06:00:00,77,0,SEG-G,263.7279,263.7255,39.456,39.066,32.9829
2026-03-19 06:00:00,77,0,SEG-H,264.2255,263.8995,38.259,37.513,32.9829
2026-03-19 06:00:00,77,0,SEG-I,263.9197,263.9091,36.57,36.004,32.9829
2026-03-19 06:00:00,77,0,SEG-J,263.8761,263.7616,35.356,34.605,32.9829
2026-03-19 06:00:00,77,0,SEG-K,264.1047,264.0387,34.109,33.123,32.9829
2026-03-19 06:00:00,77,0,SEG-L,263.7854,263.8048,32.576,32.03,32.9829
2026-03-19 06:00:00,77,0,SEG-M,263.8716,263.9675,31.401,30.412,32.9829
2026-03-19 06:00:00,77,0,SEG-N,263.8576,263.5399,29.848,29.125,32.9829
2026-03-19 06:00:00,77,0,SEG-O,263.7917,263.8603,28.419,27.523,32.9829
2026-03-19 06:00:00,77,0,SEG-P,263.9285,263.8924,26.898,26.194,32.9829
2026-03-19 06:00:00,77,0,SEG-Q,263.8837,263.9266,25.585,24.659,32.9829
2026-03-19 06:00:00,77,0,SEG-R,263.5984,263.9232,24.375,23.309,32.9829
2026-03-19 06:00:00,77,0,SEG-S,263.7213,263.8108,22.749,21.793,32.9829
2026-03-19 06:00:00,77,0,SEG-T,263.9843,263.7808,21.506,20.588,32.9829
2026-03-19 14:00:00,77,1,SEG-A,327.9081,327.8061,47.812,47.095,40.9929
2026-03-19 14:00:00,77,1,SEG-B,328.2445,327.2007,46.599,45.277,40.9299
2026-03-19 14:00:00,77,1,SEG-C,327.6587,327.3559,45.124,44.379,40.9299
2026-03-19 14:00:00,77,1,SEG-D,327.5634,327.3284,43.764,42.359,40.9192
2026-03-19 14:00:00,77,1,SEG-E,327.4148,327.2498,42.359,41.589,40.9192
2026-03-19 14:00:00,77,1,SEG-F,327.3335,327.5523,41.143,40.271,40.9192
2026-03-19 14:00:00,77,1,SEG-G,327.2545,327.2456,39.453,38.963,40.9192
2026-03-19 14:00:00,77,1,SEG-H,327.6815,327.3617,38.138,37.287,40.9192
2026-03-19 14:00:00,77,1,SEG-I,327.3228,327.3344,36.902,35.956,40.9192
2026-03-19 14:00:00,77,1,SEG-J,327.2418,327.3456,35.366,34.585,40.9192
2026-03-19 14:00:00,77,1,SEG-K,327.4874,327.3096,34.034,33.062,40.9192
2026-03-19 14:00:00,77,1,SEG-L,327.2902,327.1045,32.804,31.878,40.9192
2026-03-19 14:00:00,77,1,SEG-M,327.0952,327.3585,31.344,30.137,40.9192
2026-03-19 14:00:00,77,1,SEG-N,327.476,327.2784,29.963,28.925,40.9192
2026-03-19 14:00:00,77,1,SEG-O,327.6001,327.5268,28.342,27.677,40.9192
2026-03-19 14:00:00,77,1,SEG-P,327.2506,327.1495,26.956,26.084,40.9192
2026-03-19 14:00:00,77,1,SEG-Q,327.5041,327.2346,25.44,24.803,40.9192
2026-03-19 14:00:00,77,1,SEG-R,327.2529,327.4765,24.208,23.637,40.9192
2026-03-19 14:00:00,77,1,SEG-S,327.3349,327.2922,22.868,21.873,40.9192
2026-03-19 14:00:00,77,1,SEG-T,327.3775,327.4068,21.429,20.426,40.9192
2026-03-19 22:00:00,77,2,SEG-A,208.1755,208.1535,47.984,47.171,26.0218
2026-03-19 22:00:00,77,2,SEG-B,208.0039,207.9225,46.477,45.483,25.9858
2026-03-19 22:00:00,77,2,SEG-C,207.8814,207.8009,45.071,44.159,25.9858
2026-03-19 22:00:00,77,2,SEG-D,207.8203,207.9569,43.728,42.9,25.9796
2026-03-19 22:00:00,77,2,SEG-E,207.8129,207.7971,42.457,41.46,25.9796
2026-03-19 22:00:00,77,2,SEG-F,207.8071,207.8651,41.021,40.002,25.9796
2026-03-19 22:00:00,77,2,SEG-G,207.7499,207.9974,39.574,38.779,25.9796
2026-03-19 22:00:00,77,2,SEG-H,207.744,207.726,38.464,37.351,25.9796
2026-03-19 22:00:00,77,2,SEG-I,207.8684,207.8845,36.623,35.898,25.9796
2026-03-19 22:00:00,77,2,SEG-J,207.8689,207.7648,35.434,34.443,25.9796
2026-03-19 22:00:00,77,2,SEG-K,207.7668,207.865,34.037,33.087,25.9796
2026-03-19 22:00:00,77,2,SEG-L,207.7102,207.7903,32.69,31.662,25.9796
2026-03-19 22:00:00,77,2,SEG-M,207.875,207.8063,31.262,30.184,25.9796
2026-03-19 22:00:00,77,2,SEG-N,207.6984,207.7865,29.757,28.992,25.9796
2026-03-19 22:00:00,77,2,SEG-O,207.771,207.7961,28.241,27.602,25.9796
2026-03-19 22:00:00,77,2,SEG-P,207.7684,207.6067,26.971,26.063,25.9796
2026-03-19 22:00:00,77,2,SEG-Q,207.9094,207.7427,25.777,24.715,25.9796
2026-03-19 22:00:00,77,2,SEG-R,207.9321,207.8909,24.443,23.407,25.9796
2026-03-19 22:00:00,77,2,SEG-S,207.9063,207.7347,22.856,21.836,25.9796
2026-03-19 22:00:00,77,2,SEG-T,207.9188,207.8154,21.298,20.624,25.9796
2026-03-20 06:00:00,78,0,SEG-A,193.544,193.6667,47.946,46.88,24.2054
2026-03-20 06:00:00,78,0,SEG-B,193.5481,193.3156,46.513,45.39,24.1544
2026-03-20 06:00:00,78,0,SEG-C,193.256,193.2332,45.072,44.305,24.1544
2026-03-20 06:00:00,78,0,SEG-D,193.3015,193.1627,43.874,42.65,24.1451
2026-03-20 06:00:00,78,0,SEG-E,193.2127,193.0146,42.399,41.635,24.1451
2026-03-20 06:00:00,78,0,SEG-F,193.0491,193.2083,41.206,40.011,24.1451
2026-03-20 06:00:00,78,0,SEG-G,193.045,193.1795,39.496,38.747,24.1451
2026-03-20 06:00:00,78,0,SEG-H,193.1524,192.9878,38.222,37.216,24.1451
2026-03-20 06:00:00,78,0,SEG-I,193.0011,193.1283,36.887,35.956,24.1451
2026-03-20 06:00:00,78,0,SEG-J,193.416,193.0763,35.331,34.661,24.1451
2026-03-20 06:00:00,78,0,SEG-K,193.2748,193.2417,33.96,33.36,24.1451
2026-03-20 06:00:00,78,0,SEG-L,193.0694,193.0084,32.635,31.641,24.1451
2026-03-20 06:00:00,78,0,SEG-M,193.1781,193.188,31.233,30.477,24.1451
2026-03-20 06:00:00,78,0,SEG-N,193.1844,193.1155,29.765,28.985,24.1451
2026-03-20 06:00:00,78,0,SEG-O,193.1765,193.3011,28.272,27.579,24.1451
2026-03-20 06:00:00,78,0,SEG-P,193.1127,193.1857,27.041,26.16,24.1451
2026-03-20 06:00:00,78,0,SEG-Q,192.9736,193.1477,25.619,24.684,24.1451
2026-03-20 06:00:00,78,0,SEG-R,193.1771,193.2733,24.29,23.319,24.1451
2026-03-20 06:00:00,78,0,SEG-S,193.0621,193.1472,22.96,22.078,24.1451
2026-03-20 06:00:00,78,0,SEG-T,193.011,193.1471,21.558,20.484,24.1451
2026-03-20 14:00:00,78,1,SEG-A,309.9849,310.0709,48.026,47.141,38.7372
2026-03-20 14:00:00,78,1,SEG-B,310.0806,309.3256,46.835,45.351,38.6742
2026-03-20 14:00:00,78,1,SEG-C,309.2467,309.3673,45.226,44.366,38.6742
2026-03-20 14:00:00,78,1,SEG-D,309.2384,309.4341,43.477,42.609,38.6627
2026-03-20 14:00:00,78,1,SEG-E,309.1564,309.3649,42.44,41.699,38.6627
2026-03-20 14:00:00,78,1,SEG-F,309.3542,309.3328,41.137,40.323,38.6627
2026-03-20 14:00:00,78,1,SEG-G,309.0076,309.4183,39.764,38.469,38.6627
2026-03-20 14:00:00,78,1,SEG-H,309.3016,309.2543,38.234,37.544,38.6627
2026-03-20 14:00:00,78,1,SEG-I,309.2548,309.3655,36.619,35.998,38.6627
2026-03-20 14:00:00,78,1,SEG-J,309.3708,309.2319,35.506,34.394,38.6627
2026-03-20 14:00:00,78,1,SEG-K,309.1729,309.2942,34.029,33.148,38.6627
2026-03-20 14:00:00,78,1,SEG-L,309.1352,309.5342,32.649,31.718,38.6627
2026-03-20 14:00:00,78,1,SEG-M,309.2682,309.1233,30.968,30.388,38.6627
2026-03-20 14:00:00,78,1,SEG-N,309.2811,309.4993,29.709,28.835,38.6627
2026-03-20 14:00:00,78,1,SEG-O,309.2962,309.3865,28.217,27.528,38.6627
2026-03-20 14:00:00,78,1,SEG-P,309.3072,309.6401,26.864,26.183,38.6627
2026-03-20 14:00:00,78,1,SEG-Q,309.2136,309.0445,25.722,24.847,38.6627
2026-03-20 14:00:00,78,1,SEG-R,309.2936,309.484,24.105,23.565,38.6627
2026-03-20 14:00:00,78,1,SEG-S,309.3892,309.1228,22.782,21.808,38.6627
2026-03-20 14:00:00,78,1,SEG-T,309.2901,309.1609,21.352,20.468,38.6627
2026-03-20 22:00:00,78,2,SEG-A,174.6858,174.6087,47.899,47.066,21.8282
2026-03-20 22:00:00,78,2,SEG-B,174.6497,174.2551,46.477,45.605,21.7922
2026-03-20 22:00:00,78,2,SEG-C,174.4287,174.4222,45.21,44.477,21.7922
2026-03-20 22:00:00,78,2,SEG-D,174.3574,174.2504,43.756,42.49,21.7856
2026-03-20 22:00:00,78,2,SEG-E,174.3606,174.3222,42.676,41.659,21.7856
2026-03-20 22:00:00,78,2,SEG-F,174.2107,174.3302,40.905,40.227,21.7856
2026-03-20 22:00:00,78,2,SEG-G,174.2141,174.354,39.512,38.666,21.7856
2026-03-20 22:00:00,78,2,SEG-H,174.2211,174.2409,38.397,37.416,21.7856
2026-03-20 22:00:00,78,2,SEG-I,174.2068,174.2545,36.655,36.03,21.7856
2026-03-20 22:00:00,78,2,SEG-J,174.2798,174.4124,35.177,34.43,21.7856
2026-03-20 22:00:00,78,2,SEG-K,174.3348,174.3824,33.979,33.406,21.7856
2026-03-20 22:00:00,78,2,SEG-L,174.2253,174.4695,32.537,31.699,21.7856
2026-03-20 22:00:00,78,2,SEG-M,174.2746,174.2129,31.178,30.484,21.7856
2026-03-20 22:00:00,78,2,SEG-N,174.2971,174.3817,29.94,28.766,21.7856
2026-03-20 22:00:00,78,2,SEG-O,174.2966,174.3718,28.096,27.415,21.7856
2026-03-20 22:00:00,78,2,SEG-P,174.3019,174.3395,27.104,26.171,21.7856
2026-03-20 22:00:00,78,2,SEG-Q,174.2458,174.4007,25.619,24.899,21.7856
2026-03-20 22:00:00,78,2,SEG-R,174.4178,174.3835,24.194,23.452,21.7856
2026-03-20 22:00:00,78,2,SEG-S,174.2208,174.2895,22.791,21.944,21.7856
2026-03-20 22:00:00,78,2,SEG-T,174.2601,174.2108,21.264,20.604,21.7856
2026-03-21 06:00:00,79,0,SEG-A,197.1062,197.2719,48.015,47.077,24.651
2026-03-21 06:00:00,79,0,SEG-B,197.2594,196.7544,46.632,45.544,24.6
2026-03-21 06:00:00,79,0,SEG-C,196.7367,196.7117,45.425,44.244,24.6
2026-03-21 06:00:00,79,0,SEG-D,196.8524,196.7633,43.852,42.39,24.5901
2026-03-21 06:00:00,79,0,SEG-E,196.626,196.7731,42.531,41.639,24.5901
2026-03-21 06:00:00,79,0,SEG-F,196.565,196.6035,41.099,40.185,24.5901
2026-03-21 06:00:00,79,0,SEG-G,196.7829,196.7667,39.503,38.604,24.5901
2026-03-21 06:00:00,79,0,SEG-H,196.6797,196.837,38.229,37.191,24.5901
2026-03-21 06:00:00,79,0,SEG-I,196.7375,196.7372,36.815,35.953,24.5901
2026-03-21 06:00:00,79,0,SEG-J,196.9046,196.6057,35.487,34.616,24.5901
2026-03-21 06:00:00,79,0,SEG-K,196.6015,196.6076,33.964,33.301,24.5901
2026-03-21 06:00:00,79,0,SEG-L,196.6486,196.7653,32.479,31.698,24.5901
2026-03-21 06:00:00,79,0,SEG-M,196.6312,196.6751,31.152,30.289,24.5901
2026-03-21 06:00:00,79,0,SEG-N,196.6992,196.6823,29.83,28.817,24.5901
2026-03-21 06:00:00,79,0,SEG-O,196.5559,196.6445,28.464,27.451,24.5901
2026-03-21 06:00:00,79,0,SEG-P,196.7225,196.6156,26.911,26.249,24.5901
2026-03-21 06:00:00,79,0,SEG-Q,196.5719,196.771,25.627,24.875,24.5901
2026-03-21 06:00:00,79,0,SEG-R,196.5971,196.5455,24.014,23.302,24.5901
2026-03-21 06:00:00,79,0,SEG-S,196.6454,196.6821,22.904,21.828,24.5901
2026-03-21 06:00:00,79,0,SEG-T,196.6847,196.8149,21.531,20.452,24.5901
2026-03-21 14:00:00,79,1,SEG-A,233.5058,233.3883,47.783,47.202,29.1781
2026-03-21 14:00:00,79,1,SEG-B,233.3687,232.8976,46.39,45.264,29.1151
2026-03-21 14:00:00,79,1,SEG-C,233.1204,232.892,45.258,44.354,29.1151
2026-03-21 14:00:00,79,1,SEG-D,232.9676,232.8523,43.914,42.587,29.103
2026-03-21 14:00:00,79,1,SEG-E,232.7601,232.8381,42.42,41.659,29.103
2026-03-21 14:00:00,79,1,SEG-F,232.8467,232.9996,40.988,39.969,29.103
2026-03-21 14:00:00,79,1,SEG-G,232.7423,232.8162,39.586,38.701,29.103
2026-03-21 14:00:00,79,1,SEG-H,232.9065,232.7707,38.023,37.379,29.103
2026-03-21 14:00:00,79,1,SEG-I,232.7568,232.7836,36.686,35.974,29.103
2026-03-21 14:00:00,79,1,SEG-J,232.8333,232.9447,35.523,34.775,29.103
2026-03-21 14:00:00,79,1,SEG-K,232.6956,232.6504,34.067,33.406,29.103
2026-03-21 14:00:00,79,1,SEG-L,232.9616,232.75,32.566,31.859,29.103
2026-03-21 14:00:00,79,1,SEG-M,232.6014,232.8195,31.262,30.519,29.103
2026-03-21 14:00:00,79,1,SEG-N,232.8917,232.8028,29.789,28.814,29.103
2026-03-21 14:00:00,79,1,SEG-O,232.8149,232.7993,28.558,27.607,29.103
2026-03-21 14:00:00,79,1,SEG-P,232.7903,232.8676,26.828,26.065,29.103
2026-03-21 14:00:00,79,1,SEG-Q,232.761,232.8594,25.816,24.919,29.103
2026-03-21 14:00:00,79,1,SEG-R,232.8249,232.8885,24.216,23.375,29.103
2026-03-21 14:00:00,79,1,SEG-S,232.7008,232.8091,22.877,21.986,29.103
2026-03-21 14:00:00,79,1,SEG-T,232.9896,232.7137,21.359,20.737,29.103
2026-03-21 22:00:00,79,2,SEG-A,178.8975,178.7206,47.959,47.098,22.3546
2026-03-21 22:00:00,79,2,SEG-B,178.9481,178.4916,46.484,45.484,22.3186
2026-03-21 22:00:00,79,2,SEG-C,178.651,178.5534,45.522,44.459,22.3186
2026-03-21 22:00:00,79,2,SEG-D,178.4127,178.2733,43.982,42.688,22.3116
2026-03-21 22:00:00,79,2,SEG-E,178.5578,178.459,42.437,41.559,22.3116
2026-03-21 22:00:00,79,2,SEG-F,178.5355,178.4996,41.13,40.18,22.3116
2026-03-21 22:00:00,79,2,SEG-G,178.422,178.5262,39.717,38.863,22.3116
2026-03-21 22:00:00,79,2,SEG-H,178.5121,178.4467,38.184,37.403,22.3116
2026-03-21 22:00:00,79,2,SEG-I,178.5506,178.5287,36.714,36.172,22.3116
2026-03-21 22:00:00,79,2,SEG-J,178.6434,178.3412,35.191,34.537,22.3116
2026-03-21 22:00:00,79,2,SEG-K,178.6951,178.4221,34.122,33.302,22.3116
2026-03-21 22:00:00,79,2,SEG-L,178.4882,178.6576,32.682,31.789,22.3116
2026-03-21 22:00:00,79,2,SEG-M,178.5684,178.5004,31.255,30.279,22.3116
2026-03-21 22:00:00,79,2,SEG-N,178.5619,178.5486,29.795,29.173,22.3116
2026-03-21 22:00:00,79,2,SEG-O,178.5536,178.4881,28.591,27.541,22.3116
2026-03-21 22:00:00,79,2,SEG-P,178.4661,178.3646,27.088,26.148,22.3116
2026-03-21 22:00:00,79,2,SEG-Q,178.593,178.497,25.656,24.861,22.3116
2026-03-21 22:00:00,79,2,SEG-R,178.4967,178.5854,24.401,23.42,22.3116
2026-03-21 22:00:00,79,2,SEG-S,178.5934,178.4027,22.773,21.821,22.3116
2026-03-21 22:00:00,79,2,SEG-T,178.5446,178.4415,21.426,20.605,22.3116
2026-03-22 06:00:00,80,0,SEG-A,256.7531,256.6714,48.081,47.205,32.0846
2026-03-22 06:00:00,80,0,SEG-B,256.6998,256.1846,46.689,45.277,32.0336
2026-03-22 06:00:00,80,0,SEG-C,256.3665,256.5071,45.18,44.327,32.0336
2026-03-22 06:00:00,80,0,SEG-D,256.1426,256.262,43.887,42.542,32.0232
2026-03-22 06:00:00,80,0,SEG-E,256.0617,256.1564,42.422,41.723,32.0232
2026-03-22 06:00:00,80,0,SEG-F,256.2645,256.2839,41.218,39.965,32.0232
2026-03-22 06:00:00,80,0,SEG-G,256.314,256.1048,39.635,38.794,32.0232
2026-03-22 06:00:00,80,0,SEG-H,256.076,256.3022,38.217,37.349,32.0232
2026-03-22 06:00:00,80,0,SEG-I,256.339,256.1922,36.758,36.099,32.0232
2026-03-22 06:00:00,80,0,SEG-J,256.2204,256.3992,35.297,34.382,32.0232
2026-03-22 06:00:00,80,0,SEG-K,256.1668,256.1261,34.196,33.339,32.0232
2026-03-22 06:00:00,80,0,SEG-L,256.1359,256.0818,32.397,31.729,32.0232
2026-03-22 06:00:00,80,0,SEG-M,256.207,256.2235,31.118,30.265,32.0232
2026-03-22 06:00:00,80,0,SEG-N,256.2082,256.3176,29.804,29.084,32.0232
2026-03-22 06:00:00,80,0,SEG-O,256.067,256.1956,28.414,27.486,32.0232
2026-03-22 06:00:00,80,0,SEG-P,256.1116,256.0411,26.907,25.917,32.0232
2026-03-22 06:00:00,80,0,SEG-Q,256.2417,256.1386,25.748,24.587,32.0232
2026-03-22 06:00:00,80,0,SEG-R,256.1277,256.0261,24.106,23.049,32.0232
2026-03-22 06:00:00,80,0,SEG-S,256.3053,256.335,22.69,21.853,32.0232
2026-03-22 06:00:00,80,0,SEG-T,256.3275,256.1588,21.347,20.432,32.0232
2026-03-22 14:00:00,80,1,SEG-A,285.9131,285.6134,47.87,47.224,35.7301
2026-03-22 14:00:00,80,1,SEG-B,285.5912,285.3047,46.451,45.29,35.6671
2026-03-22 14:00:00,80,1,SEG-C,285.395,285.3787,45.272,44.497,35.6671
2026-03-22 14:00:00,80,1,SEG-D,285.1758,285.363,44.046,42.593,35.6543
2026-03-22 14:00:00,80,1,SEG-E,285.4097,285.1965,42.462,41.835,35.6543
2026-03-22 14:00:00,80,1,SEG-F,285.1746,285.0323,41.078,40.167,35.6543
2026-03-22 14:00:00,80,1,SEG-G,285.1726,285.2384,39.621,38.933,35.6543
2026-03-22 14:00:00,80,1,SEG-H,285.6471,285.2657,38.034,37.378,35.6543
2026-03-22 14:00:00,80,1,SEG-I,285.3599,285.1988,36.664,35.925,35.6543
2026-03-22 14:00:00,80,1,SEG-J,285.0881,285.2871,35.458,34.462,35.6543
2026-03-22 14:00:00,80,1,SEG-K,285.157,285.0687,33.965,33.09,35.6543
2026-03-22 14:00:00,80,1,SEG-L,285.1278,285.2164,32.655,31.989,35.6543
2026-03-22 14:00:00,80,1,SEG-M,285.2216,285.3913,31.284,30.492,35.6543
2026-03-22 14:00:00,80,1,SEG-N,285.1237,285.1514,29.595,28.723,35.6543
2026-03-22 14:00:00,80,1,SEG-O,285.2133,285.3176,28.413,27.529,35.6543
2026-03-22 14:00:00,80,1,SEG-P,285.2761,285.0792,26.84,26.032,35.6543
2026-03-22 14:00:00,80,1,SEG-Q,285.0485,285.2646,25.556,24.864,35.6543
2026-03-22 14:00:00,80,1,SEG-R,285.1247,285.0834,24.061,23.247,35.6543
2026-03-22 14:00:00,80,1,SEG-S,285.1491,285.0756,22.789,21.955,35.6543
2026-03-22 14:00:00,80,1,SEG-T,285.4688,285.4204,21.381,20.399,35.6543
2026-03-22 22:00:00,80,2,SEG-A,172.9675,173.1878,47.812,47.277,21.6386
2026-03-22 22:00:00,80,2,SEG-B,173.1043,172.9461,46.562,45.273,21.6026
2026-03-22 22:00:00,80,2,SEG-C,172.8788,172.9714,45.181,44.612,21.6026
2026-03-22 22:00:00,80,2,SEG-D,172.7343,172.7152,43.914,42.747,21.5953
2026-03-22 22:00:00,80,2,SEG-E,172.7555,172.8324,42.211,41.55,21.5953
2026-03-22 22:00:00,80,2,SEG-F,172.7053,172.6661,41.042,40.284,21.5953
2026-03-22 22:00:00,80,2,SEG-G,172.7606,172.6549,39.567,38.409,21.5953
2026-03-22 22:00:00,80,2,SEG-H,172.7286,172.7717,38.123,37.504,21.5953
2026-03-22 22:00:00,80,2,SEG-I,172.7919,172.7083,36.754,35.893,21.5953
2026-03-22 22:00:00,80,2,SEG-J,172.6634,172.7335,35.362,34.31,21.5953
2026-03-22 22:00:00,80,2,SEG-K,172.6848,172.7221,33.882,33.078,21.5953
2026-03-22 22:00:00,80,2,SEG-L,172.8277,172.8063,32.532,31.885,21.5953
2026-03-22 22:00:00,80,2,SEG-M,172.7154,172.927,31.418,30.403,21.5953
2026-03-22 22:00:00,80,2,SEG-N,172.8765,172.7664,29.857,28.832,21.5953
2026-03-22 22:00:00,80,2,SEG-O,172.7058,172.7433,28.525,27.585,21.5953
2026-03-22 22:00:00,80,2,SEG-P,172.8171,172.7459,26.987,25.932,21.5953
2026-03-22 22:00:00,80,2,SEG-Q,172.7452,172.6434,25.601,24.952,21.5953
2026-03-22 22:00:00,80,2,SEG-R,172.7537,172.8309,24.03,23.111,21.5953
2026-03-22 22:00:00,80,2,SEG-S,172.7043,172.6198,22.985,21.971,21.5953
2026-03-22 22:00:00,80,2,SEG-T,172.7848,172.7654,21.31,20.631,21.5953
2026-03-23 06:00:00,81,0,SEG-A,241.4322,241.295,47.918,47.01,30.1649
2026-03-23 06:00:00,81,0,SEG-B,241.4045,240.936,46.49,45.383,30.1139
2026-03-23 06:00:00,81,0,SEG-C,240.8538,241.0676,45.475,44.419,30.1139
2026-03-23 06:00:00,81,0,SEG-D,240.9196,240.7535,43.701,42.41,30.1029
2026-03-23 06:00:00,81,0,SEG-E,240.7955,240.9197,42.372,41.295,30.1029
2026-03-23 06:00:00,81,0,SEG-F,240.8593,240.8787,40.933,40.233,30.1029
2026-03-23 06:00:00,81,0,SEG-G,240.942,240.9428,39.636,38.862,30.1029
2026-03-23 06:00:00,81,0,SEG-H,240.9468,240.6153,38.167,37.376,30.1029
2026-03-23 06:00:00,81,0,SEG-I,240.6449,240.8854,36.93,35.943,30.1029
2026-03-23 06:00:00,81,0,SEG-J,240.9058,240.6946,35.329,34.729,30.1029
2026-03-23 06:00:00,81,0,SEG-K,240.9786,240.9417,33.954,33.282,30.1029
2026-03-23 06:00:00,81,0,SEG-L,240.8962,240.9114,32.577,31.585,30.1029
2026-03-23 06:00:00,81,0,SEG-M,240.9159,240.8662,31.115,30.401,30.1029
2026-03-23 06:00:00,81,0,SEG-N,240.9543,240.8634,29.681,29.091,30.1029
2026-03-23 06:00:00,81,0,SEG-O,241.0005,240.9168,28.387,27.467,30.1029
2026-03-23 06:00:00,81,0,SEG-P,240.856,240.8192,27.157,26.176,30.1029
2026-03-23 06:00:00,81,0,SEG-Q,240.8896,240.6625,25.543,24.645,30.1029
2026-03-23 06:00:00,81,0,SEG-R,240.8465,241.0013,24.291,23.208,30.1029
2026-03-23 06:00:00,81,0,SEG-S,240.685,240.7654,22.739,21.867,30.1029
2026-03-23 06:00:00,81,0,SEG-T,240.9825,240.697,21.303,20.539,30.1029
2026-03-23 14:00:00,81,1,SEG-A,293.3816,293.3543,48.154,47.286,36.6917
2026-03-23 14:00:00,81,1,SEG-B,293.3349,292.9076,46.644,45.165,36.6287
2026-03-23 14:00:00,81,1,SEG-C,293.1164,293.0751,45.093,44.28,36.6287
2026-03-23 14:00:00,81,1,SEG-D,293.1747,292.9269,43.597,42.773,36.6151
2026-03-23 14:00:00,81,1,SEG-E,292.9127,292.825,42.505,41.712,36.6151
2026-03-23 14:00:00,81,1,SEG-F,293.0235,293.0142,41.052,39.975,36.6151
2026-03-23 14:00:00,81,1,SEG-G,292.8458,292.8233,39.634,38.854,36.6151
2026-03-23 14:00:00,81,1,SEG-H,293.0451,292.8856,37.963,37.402,36.6151
2026-03-23 14:00:00,81,1,SEG-I,292.9437,292.8274,36.851,35.766,36.6151
2026-03-23 14:00:00,81,1,SEG-J,292.8497,293.1444,35.357,34.615,36.6151
2026-03-23 14:00:00,81,1,SEG-K,292.6974,293.0409,33.919,33.299,36.6151
2026-03-23 14:00:00,81,1,SEG-L,292.9889,292.9279,32.67,31.448,36.6151
2026-03-23 14:00:00,81,1,SEG-M,292.936,293.0436,31.101,30.21,36.6151
2026-03-23 14:00:00,81,1,SEG-N,293.0629,292.773,29.761,29.05,36.6151
2026-03-23 14:00:00,81,1,SEG-O,292.8629,292.949,28.271,27.441,36.6151
2026-03-23 14:00:00,81,1,SEG-P,293.0619,293.0937,27.026,26.151,36.6151
2026-03-23 14:00:00,81,1,SEG-Q,293.1082,292.9749,25.599,24.681,36.6151
2026-03-23 14:00:00,81,1,SEG-R,292.7121,292.9302,24.242,23.258,36.6151
2026-03-23 14:00:00,81,1,SEG-S,292.9889,292.9096,22.806,21.846,36.6151
2026-03-23 14:00:00,81,1,SEG-T,292.8824,292.8944,21.282,20.493,36.6151
2026-03-23 22:00:00,81,2,SEG-A,169.3851,169.3017,47.977,47.152,21.1591
2026-03-23 22:00:00,81,2,SEG-B,169.092,168.9967,46.416,45.542,21.1231
2026-03-23 22:00:00,81,2,SEG-C,168.8866,168.893,45.083,44.135,21.1231
2026-03-23 22:00:00,81,2,SEG-D,168.9755,169.0101,43.632,42.593,21.1154
2026-03-23 22:00:00,81,2,SEG-E,168.9687,168.7632,42.613,41.268,21.1154
2026-03-23 22:00:00,81,2,SEG-F,168.9649,168.8516,41.012,40.072,21.1154
2026-03-23 22:00:00,81,2,SEG-G,169.0469,168.9515,39.666,38.921,21.1154
2026-03-23 22:00:00,81,2,SEG-H,168.9797,169.0004,38.127,37.167,21.1154
2026-03-23 22:00:00,81,2,SEG-I,168.8132,168.9527,36.759,35.895,21.1154
2026-03-23 22:00:00,81,2,SEG-J,168.9335,168.9022,35.224,34.392,21.1154
2026-03-23 22:00:00,81,2,SEG-K,168.9023,168.8401,33.924,32.985,21.1154
2026-03-23 22:00:00,81,2,SEG-L,168.9874,168.982,32.647,31.609,21.1154
2026-03-23 22:00:00,81,2,SEG-M,168.8628,169.0026,31.127,30.355,21.1154
2026-03-23 22:00:00,81,2,SEG-N,169.0411,169.0072,29.61,28.723,21.1154
2026-03-23 22:00:00,81,2,SEG-O,168.9289,168.9394,28.29,27.518,21.1154
2026-03-23 22:00:00,81,2,SEG-P,168.9938,168.9869,26.858,26.088,21.1154
2026-03-23 22:00:00,81,2,SEG-Q,169.0781,169.0841,25.566,24.594,21.1154
2026-03-23 22:00:00,81,2,SEG-R,168.8717,168.9942,24.062,23.306,21.1154
2026-03-23 22:00:00,81,2,SEG-S,169.023,169.0455,22.975,21.693,21.1154
2026-03-23 22:00:00,81,2,SEG-T,169.0231,168.9916,21.359,20.722,21.1154
2026-03-24 06:00:00,82,0,SEG-A,309.0818,309.005,47.822,47.345,38.63
2026-03-24 06:00:00,82,0,SEG-B,309.0109,308.6529,46.402,45.497,38.579
2026-03-24 06:00:00,82,0,SEG-C,308.8084,308.5222,45.267,44.414,38.579
2026-03-24 06:00:00,82,0,SEG-D,308.5478,308.4503,43.704,42.684,38.5674
2026-03-24 06:00:00,82,0,SEG-E,308.3967,308.5692,42.481,41.605,38.5674
2026-03-24 06:00:00,82,0,SEG-F,308.8404,308.6001,41.078,40.23,38.5674
2026-03-24 06:00:00,82,0,SEG-G,308.3801,308.7062,39.669,38.878,38.5674
2026-03-24 06:00:00,82,0,SEG-H,308.5474,308.4369,38.156,37.274,38.5674
2026-03-24 06:00:00,82,0,SEG-I,308.631,308.3985,36.849,35.801,38.5674
2026-03-24 06:00:00,82,0,SEG-J,308.7855,308.5203,35.459,34.639,38.5674
2026-03-24 06:00:00,82,0,SEG-K,308.5241,308.6132,33.875,33.448,38.5674
2026-03-24 06:00:00,82,0,SEG-L,308.6467,308.6592,32.356,31.629,38.5674
2026-03-24 06:00:00,82,0,SEG-M,308.6189,308.5644,31.317,30.342,38.5674
2026-03-24 06:00:00,82,0,SEG-N,308.3457,308.5934,29.856,29.119,38.5674
2026-03-24 06:00:00,82,0,SEG-O,308.3685,308.4378,28.554,27.48,38.5674
2026-03-24 06:00:00,82,0,SEG-P,308.4804,308.4352,26.915,26.203,38.5674
2026-03-24 06:00:00,82,0,SEG-Q,308.6386,308.1455,25.601,24.712,38.5674
2026-03-24 06:00:00,82,0,SEG-R,308.477,308.6145,24.047,23.436,38.5674
2026-03-24 06:00:00,82,0,SEG-S,308.6749,308.619,22.876,21.901,38.5674
2026-03-24 06:00:00,82,0,SEG-T,308.703,308.2732,21.432,20.605,38.5674
2026-03-24 14:00:00,82,1,SEG-A,258.6724,258.8264,48.041,46.986,32.3524
2026-03-24 14:00:00,82,1,SEG-B,258.8823,258.4175,46.552,45.344,32.2894
2026-03-24 14:00:00,82,1,SEG-C,258.2876,258.4179,45.277,44.104,32.2894
2026-03-24 14:00:00,82,1,SEG-D,258.3284,258.1587,43.919,42.771,32.275
2026-03-24 14:00:00,82,1,SEG-E,258.0486,258.0267,42.453,41.545,32.275
2026-03-24 14:00:00,82,1,SEG-F,258.3389,258.0375,41.008,40.152,32.275
2026-03-24 14:00:00,82,1,SEG-G,258.3181,258.2542,39.584,38.717,32.275
2026-03-24 14:00:00,82,1,SEG-H,258.488,257.9287,38.238,37.352,32.275
2026-03-24 14:00:00,82,1,SEG-I,258.1863,258.1558,36.683,35.976,32.275
2026-03-24 14:00:00,82,1,SEG-J,258.1777,258.5346,35.361,34.708,32.275
2026-03-24 14:00:00,82,1,SEG-K,258.0861,258.3015,34.192,33.354,32.275
2026-03-24 14:00:00,82,1,SEG-L,257.9621,258.2053,32.586,31.688,32.275
2026-03-24 14:00:00,82,1,SEG-M,258.2887,258.239,31.243,30.37,32.275
2026-03-24 14:00:00,82,1,SEG-N,258.201,258.218,29.812,28.854,32.275
2026-03-24 14:00:00,82,1,SEG-O,258.2629,258.0899,28.482,27.711,32.275
2026-03-24 14:00:00,82,1,SEG-P,258.134,258.2368,27.042,26.23,32.275
2026-03-24 14:00:00,82,1,SEG-Q,258.1613,258.1594,25.613,24.788,32.275
2026-03-24 14:00:00,82,1,SEG-R,258.2406,258.1055,24.242,23.414,32.275
2026-03-24 14:00:00,82,1,SEG-S,258.1303,258.0751,22.867,22.095,32.275
2026-03-24 14:00:00,82,1,SEG-T,258.1349,258.2807,21.323,20.56,32.275
2026-03-24 22:00:00,82,2,SEG-A,182.3876,182.5112,47.98,47.213,22.7968
2026-03-24 22:00:00,82,2,SEG-B,182.4072,181.9123,46.574,45.286,22.7608
2026-03-24 22:00:00,82,2,SEG-C,182.1159,182.2094,45.153,44.367,22.7608
2026-03-24 22:00:00,82,2,SEG-D,182.0343,182.0583,43.957,42.598,22.7526
2026-03-24 22:00:00,82,2,SEG-E,181.8805,182.038,42.688,41.376,22.7526
2026-03-24 22:00:00,82,2,SEG-F,181.9471,181.9687,41.125,40.126,22.7526
2026-03-24 22:00:00,82,2,SEG-G,182.0532,182.0288,39.466,38.714,22.7526
2026-03-24 22:00:00,82,2,SEG-H,182.1922,181.9996,38.195,37.474,22.7526
2026-03-24 22:00:00,82,2,SEG-I,182.0276,182.1204,36.927,36.059,22.7526
2026-03-24 22:00:00,82,2,SEG-J,182.1198,181.9313,35.264,34.418,22.7526
2026-03-24 22:00:00,82,2,SEG-K,182.0961,181.9106,33.89,33.134,22.7526
2026-03-24 22:00:00,82,2,SEG-L,181.969,182.1053,32.654,32.065,22.7526
2026-03-24 22:00:00,82,2,SEG-M,181.9775,182.0841,31.202,30.461,22.7526
2026-03-24 22:00:00,82,2,SEG-N,182.0323,182.0651,29.824,28.966,22.7526
2026-03-24 22:00:00,82,2,SEG-O,182.0273,181.9341,28.349,27.244,22.7526
2026-03-24 22:00:00,82,2,SEG-P,181.9895,181.9852,27.058,26.151,22.7526
2026-03-24 22:00:00,82,2,SEG-Q,182.0483,182.0093,25.497,24.578,22.7526
2026-03-24 22:00:00,82,2,SEG-R,181.9734,182.1529,24.343,23.589,22.7526
2026-03-24 22:00:00,82,2,SEG-S,182.1104,182.1387,22.804,21.901,22.7526
2026-03-24 22:00:00,82,2,SEG-T,181.8061,182.1638,21.275,20.677,22.7526
2026-03-25 06:00:00,83,0,SEG-A,253.2032,253.4542,48.023,47.235,31.6647
2026-03-25 06:00:00,83,0,SEG-B,253.408,253.0612,46.685,45.55,31.6137
2026-03-25 06:00:00,83,0,SEG-C,252.8803,252.8423,45.134,44.404,31.6137
2026-03-25 06:00:00,83,0,SEG-D,253.0775,252.6112,43.826,42.68,31.6015
2026-03-25 06:00:00,83,0,SEG-E,252.9594,252.8838,42.427,41.519,31.6015
2026-03-25 06:00:00,83,0,SEG-F,252.7767,252.8731,40.892,40.112,31.6015
2026-03-25 06:00:00,83,0,SEG-G,252.5896,252.8936,39.77,38.842,31.6015
2026-03-25 06:00:00,83,0,SEG-H,252.8125,252.7295,38.152,37.362,31.6015
2026-03-25 06:00:00,83,0,SEG-I,252.8545,252.8569,36.721,36.051,31.6015
2026-03-25 06:00:00,83,0,SEG-J,252.7157,252.6931,35.347,34.581,31.6015
2026-03-25 06:00:00,83,0,SEG-K,252.8288,252.8787,33.898,33.229,31.6015
2026-03-25 06:00:00,83,0,SEG-L,252.5318,252.8616,32.647,31.788,31.6015
2026-03-25 06:00:00,83,0,SEG-M,252.803,252.8978,31.308,30.194,31.6015
2026-03-25 06:00:00,83,0,SEG-N,252.6533,252.8378,29.778,29.085,31.6015
2026-03-25 06:00:00,83,0,SEG-O,252.5201,252.8806,28.342,27.714,31.6015
2026-03-25 06:00:00,83,0,SEG-P,252.6337,252.866,26.988,26.225,31.6015
2026-03-25 06:00:00,83,0,SEG-Q,252.6056,252.8545,25.726,24.607,31.6015
2026-03-25 06:00:00,83,0,SEG-R,252.6917,252.663,24.274,23.352,31.6015
2026-03-25 06:00:00,83,0,SEG-S,252.771,252.9591,22.581,21.896,31.6015
2026-03-25 06:00:00,83,0,SEG-T,252.6821,252.6908,21.311,20.532,31.6015
2026-03-25 14:00:00,83,1,SEG-A,287.2261,287.1659,48.119,47.121,35.9054
2026-03-25 14:00:00,83,1,SEG-B,287.2456,286.8374,46.794,45.418,35.8424
2026-03-25 14:00:00,83,1,SEG-C,286.8205,286.4998,45.102,44.191,35.8424
2026-03-25 14:00:00,83,1,SEG-D,286.6525,286.5225,43.895,42.688,35.8272
2026-03-25 14:00:00,83,1,SEG-E,286.582,286.6191,42.364,41.536,35.8272
2026-03-25 14:00:00,83,1,SEG-F,286.5714,286.2508,40.967,40.119,35.8272
2026-03-25 14:00:00,83,1,SEG-G,286.4861,286.6342,39.607,38.791,35.8272
2026-03-25 14:00:00,83,1,SEG-H,286.502,286.6354,38.073,37.444,35.8272
2026-03-25 14:00:00,83,1,SEG-I,286.6759,286.6782,37.006,36.051,35.8272
2026-03-25 14:00:00,83,1,SEG-J,286.7332,286.6836,35.169,34.434,35.8272
2026-03-25 14:00:00,83,1,SEG-K,286.751,286.7189,33.928,33.242,35.8272
2026-03-25 14:00:00,83,1,SEG-L,286.6329,286.7504,32.603,31.614,35.8272
2026-03-25 14:00:00,83,1,SEG-M,286.7,286.4514,31.307,30.574,35.8272
2026-03-25 14:00:00,83,1,SEG-N,286.5174,286.7841,29.747,28.964,35.8272
2026-03-25 14:00:00,83,1,SEG-O,286.6582,286.5741,28.768,27.627,35.8272
2026-03-25 14:00:00,83,1,SEG-P,286.5612,286.7489,26.997,26.246,35.8272
2026-03-25 14:00:00,83,1,SEG-Q,286.4364,286.6921,25.572,24.656,35.8272
2026-03-25 14:00:00,83,1,SEG-R,286.6873,286.4221,24.388,23.266,35.8272
2026-03-25 14:00:00,83,1,SEG-S,286.6675,286.6192,22.903,22.103,35.8272
2026-03-25 14:00:00,83,1,SEG-T,286.8803,286.5427,21.339,20.46,35.8272
2026-03-25 22:00:00,83,2,SEG-A,167.1417,167.1962,48.098,47.245,20.8905
2026-03-25 22:00:00,83,2,SEG-B,167.1027,166.7431,46.466,45.552,20.8545
2026-03-25 22:00:00,83,2,SEG-C,166.7868,166.9282,45.302,44.402,20.8545
2026-03-25 22:00:00,83,2,SEG-D,166.7463,166.818,43.784,42.614,20.8459
2026-03-25 22:00:00,83,2,SEG-E,166.7919,166.8151,42.504,41.668,20.8459
2026-03-25 22:00:00,83,2,SEG-F,166.8352,166.7145,41.194,40.144,20.8459
2026-03-25 22:00:00,83,2,SEG-G,166.6904,166.8557,39.5,38.673,20.8459
2026-03-25 22:00:00,83,2,SEG-H,166.7689,166.8162,38.297,37.35,20.8459
2026-03-25 22:00:00,83,2,SEG-I,166.7912,166.6327,36.871,36.147,20.8459
2026-03-25 22:00:00,83,2,SEG-J,166.8577,166.8017,35.691,34.419,20.8459
2026-03-25 22:00:00,83,2,SEG-K,166.6765,166.7273,33.962,33.199,20.8459
2026-03-25 22:00:00,83,2,SEG-L,166.8028,166.8524,32.604,31.884,20.8459
2026-03-25 22:00:00,83,2,SEG-M,166.8874,166.7754,31.192,30.24,20.8459
2026-03-25 22:00:00,83,2,SEG-N,166.7135,166.6993,29.826,29.026,20.8459
2026-03-25 22:00:00,83,2,SEG-O,166.8133,166.8519,28.31,27.739,20.8459
2026-03-25 22:00:00,83,2,SEG-P,166.7815,166.8803,27.053,26.322,20.8459
2026-03-25 22:00:00,83,2,SEG-Q,166.6654,166.6578,25.86,24.819,20.8459
2026-03-25 22:00:00,83,2,SEG-R,166.7792,166.6373,24.298,23.441,20.8459
2026-03-25 22:00:00,83,2,SEG-S,166.8873,166.7371,22.694,22.043,20.8459
2026-03-25 22:00:00,83,2,SEG-T,166.7361,166.8105,21.35,20.483,20.8459
2026-03-26 06:00:00,84,0,SEG-A,252.9783,253.0037,48.24,46.943,31.6087
2026-03-26 06:00:00,84,0,SEG-B,252.8813,252.3416,46.623,45.354,31.5577
2026-03-26 06:00:00,84,0,SEG-C,252.4681,252.3939,45.387,44.648,31.5577
2026-03-26 06:00:00,84,0,SEG-D,252.5651,252.2719,43.811,42.731,31.5448
2026-03-26 06:00:00,84,0,SEG-E,252.2632,252.04,42.312,41.724,31.5448
2026-03-26 06:00:00,84,0,SEG-F,252.3414,252.1782,41.127,40.204,31.5448
2026-03-26 06:00:00,84,0,SEG-G,252.4058,252.3158,39.561,38.732,31.5448
2026-03-26 06:00:00,84,0,SEG-H,252.3661,252.5876,38.254,37.523,31.5448
2026-03-26 06:00:00,84,0,SEG-I,252.3297,252.2822,36.695,36.099,31.5448
2026-03-26 06:00:00,84,0,SEG-J,252.3223,252.4098,35.163,34.828,31.5448
2026-03-26 06:00:00,84,0,SEG-K,252.6074,252.2379,33.911,33.17,31.5448
2026-03-26 06:00:00,84,0,SEG-L,252.4742,252.319,32.517,31.87,31.5448
2026-03-26 06:00:00,84,0,SEG-M,252.4143,252.3036,31.317,30.176,31.5448
2026-03-26 06:00:00,84,0,SEG-N,252.2499,252.5182,29.753,29.076,31.5448
2026-03-26 06:00:00,84,0,SEG-O,252.4077,252.446,28.385,27.533,31.5448
2026-03-26 06:00:00,84,0,SEG-P,252.1275,252.2913,27.353,25.917,31.5448
2026-03-26 06:00:00,84,0,SEG-Q,252.3839,252.3494,25.742,24.642,31.5448
2026-03-26 06:00:00,84,0,SEG-R,252.4483,252.0881,24.2,23.395,31.5448
2026-03-26 06:00:00,84,0,SEG-S,252.2628,252.4238,22.831,21.975,31.5448
2026-03-26 06:00:00,84,0,SEG-T,252.4275,252.3819,21.443,20.667,31.5448
2026-03-26 14:00:00,84,1,SEG-A,314.8066,314.7009,48.054,47.268,39.3348
2026-03-26 14:00:00,84,1,SEG-B,314.6834,314.3702,46.612,45.356,39.2718
2026-03-26 14:00:00,84,1,SEG-C,313.9965,314.2147,45.199,44.353,39.2718
2026-03-26 14:00:00,84,1,SEG-D,314.2275,313.9085,43.794,42.656,39.2559
2026-03-26 14:00:00,84,1,SEG-E,313.92,313.9424,42.386,41.47,39.2559
2026-03-26 14:00:00,84,1,SEG-F,314.0681,313.8485,41.256,40.313,39.2559
2026-03-26 14:00:00,84,1,SEG-G,314.1281,313.9771,39.611,38.853,39.2559
2026-03-26 14:00:00,84,1,SEG-H,313.8278,314.1349,38.16,37.371,39.2559
2026-03-26 14:00:00,84,1,SEG-I,313.9232,313.8887,36.857,35.947,39.2559
2026-03-26 14:00:00,84,1,SEG-J,314.0083,313.7338,35.45,34.646,39.2559
2026-03-26 14:00:00,84,1,SEG-K,314.1146,314.2321,34.003,32.943,39.2559
2026-03-26 14:00:00,84,1,SEG-L,314.2927,313.9971,32.65,31.635,39.2559
2026-03-26 14:00:00,84,1,SEG-M,313.972,313.9879,31.267,30.495,39.2559
2026-03-26 14:00:00,84,1,SEG-N,314.1775,313.8716,29.77,28.778,39.2559
2026-03-26 14:00:00,84,1,SEG-O,314.0484,314.2225,28.515,27.49,39.2559
2026-03-26 14:00:00,84,1,SEG-P,314.2115,314.5127,27.043,26.083,39.2559
2026-03-26 14:00:00,84,1,SEG-Q,313.9025,314.0961,25.643,24.781,39.2559
2026-03-26 14:00:00,84,1,SEG-R,314.0587,313.9879,24.27,23.35,39.2559
2026-03-26 14:00:00,84,1,SEG-S,313.9355,314.0089,22.642,22.082,39.2559
2026-03-26 14:00:00,84,1,SEG-T,313.9535,314.1785,21.623,20.473,39.2559
2026-03-26 22:00:00,84,2,SEG-A,195.8466,195.944,48.074,47.045,24.4822
2026-03-26 22:00:00,84,2,SEG-B,195.8846,195.369,46.732,45.535,24.4462
2026-03-26 22:00:00,84,2,SEG-C,195.5388,195.5711,45.126,44.333,24.4462
2026-03-26 22:00:00,84,2,SEG-D,195.6636,195.4044,43.704,42.557,24.437
2026-03-26 22:00:00,84,2,SEG-E,195.4408,195.4161,42.378,41.565,24.437
2026-03-26 22:00:00,84,2,SEG-F,195.5568,195.569,41.119,40.239,24.437
2026-03-26 22:00:00,84,2,SEG-G,195.4399,195.5805,39.783,38.857,24.437
2026-03-26 22:00:00,84,2,SEG-H,195.4428,195.4339,38.046,37.276,24.437
2026-03-26 22:00:00,84,2,SEG-I,195.6081,195.5821,36.778,36.083,24.437
2026-03-26 22:00:00,84,2,SEG-J,195.4558,195.441,35.366,34.864,24.437
2026-03-26 22:00:00,84,2,SEG-K,195.4801,195.7197,33.805,33.298,24.437
2026-03-26 22:00:00,84,2,SEG-L,195.4784,195.5417,32.684,31.868,24.437
2026-03-26 22:00:00,84,2,SEG-M,195.6599,195.596,31.124,30.378,24.437
2026-03-26 22:00:00,84,2,SEG-N,195.3699,195.4949,29.731,29.006,24.437
2026-03-26 22:00:00,84,2,SEG-O,195.4721,195.5013,28.358,27.586,24.437
2026-03-26 22:00:00,84,2,SEG-P,195.5231,195.5968,26.911,26.379,24.437
2026-03-26 22:00:00,84,2,SEG-Q,195.5264,195.3696,25.593,24.816,24.437
2026-03-26 22:00:00,84,2,SEG-R,195.4719,195.4487,24.116,23.405,24.437
2026-03-26 22:00:00,84,2,SEG-S,195.4486,195.435,23.028,21.841,24.437
2026-03-26 22:00:00,84,2,SEG-T,195.5366,195.5306,21.553,20.447,24.437
2026-03-27 06:00:00,85,0,SEG-A,215.1877,215.172,48.09,47.096,26.9115
2026-03-27 06:00:00,85,0,SEG-B,215.1903,214.8528,46.55,45.292,26.8605
2026-03-27 06:00:00,85,0,SEG-C,214.7087,214.9122,45.287,44.517,26.8605
2026-03-27 06:00:00,85,0,SEG-D,214.9045,214.6583,43.767,42.747,26.8469
2026-03-27 06:00:00,85,0,SEG-E,214.8482,214.6991,42.474,41.498,26.8469
2026-03-27 06:00:00,85,0,SEG-F,214.6848,214.8027,41.022,40.012,26.8469
2026-03-27 06:00:00,85,0,SEG-G,215.0519,214.6164,39.505,38.659,26.8469
2026-03-27 06:00:00,85,0,SEG-H,214.7216,214.7878,38.091,37.312,26.8469
2026-03-27 06:00:00,85,0,SEG-I,214.7498,214.7034,36.775,36.159,26.8469
2026-03-27 06:00:00,85,0,SEG-J,214.6887,214.8808,35.46,34.476,26.8469
2026-03-27 06:00:00,85,0,SEG-K,214.6828,214.7761,34.084,33.144,26.8469
2026-03-27 06:00:00,85,0,SEG-L,214.7884,214.7609,32.793,31.709,26.8469
2026-03-27 06:00:00,85,0,SEG-M,214.7454,214.734,31.133,30.23,26.8469
2026-03-27 06:00:00,85,0,SEG-N,214.5613,214.6084,29.938,28.919,26.8469
2026-03-27 06:00:00,85,0,SEG-O,214.8776,214.6007,28.486,27.752,26.8469
2026-03-27 06:00:00,85,0,SEG-P,214.7679,214.866,27.058,26.042,26.8469
2026-03-27 06:00:00,85,0,SEG-Q,214.7496,214.6912,25.591,24.717,26.8469
2026-03-27 06:00:00,85,0,SEG-R,214.6823,214.6997,24.176,23.427,26.8469
2026-03-27 06:00:00,85,0,SEG-S,214.6761,214.7391,23.004,21.792,26.8469
2026-03-27 06:00:00,85,0,SEG-T,214.9559,214.7815,21.474,20.705,26.8469
2026-03-27 14:00:00,85,1,SEG-A,305.2809,305.4961,48.122,47.11,38.1718
2026-03-27 14:00:00,85,1,SEG-B,305.5527,304.8119,46.617,45.481,38.1088
2026-03-27 14:00:00,85,1,SEG-C,304.7269,304.8971,45.074,44.43,38.1088
2026-03-27 14:00:00,85,1,SEG-D,304.9049,304.6004,43.915,42.633,38.092
2026-03-27 14:00:00,85,1,SEG-E,304.6905,304.5626,42.484,41.432,38.092
2026-03-27 14:00:00,85,1,SEG-F,304.606,304.8566,41.051,39.933,38.092
2026-03-27 14:00:00,85,1,SEG-G,304.815,304.7568,39.515,38.932,38.092
2026-03-27 14:00:00,85,1,SEG-H,304.6642,304.8927,38.025,37.137,38.092
2026-03-27 14:00:00,85,1,SEG-I,304.543,304.6082,36.755,36.086,38.092
2026-03-27 14:00:00,85,1,SEG-J,304.7961,304.6706,35.503,34.688,38.092
2026-03-27 14:00:00,85,1,SEG-K,304.546,304.764,34.035,33.164,38.092
2026-03-27 14:00:00,85,1,SEG-L,304.5368,304.6893,32.49,31.595,38.092
2026-03-27 14:00:00,85,1,SEG-M,304.6083,304.9131,31.184,30.384,38.092
2026-03-27 14:00:00,85,1,SEG-N,304.7924,304.7962,29.817,29.219,38.092
2026-03-27 14:00:00,85,1,SEG-O,304.7891,304.6186,28.487,27.46,38.092
2026-03-27 14:00:00,85,1,SEG-P,304.5559,304.4821,26.998,26.193,38.092
2026-03-27 14:00:00,85,1,SEG-Q,304.5822,304.8022,25.681,24.673,38.092
2026-03-27 14:00:00,85,1,SEG-R,304.8407,304.8488,24.27,23.42,38.092
2026-03-27 14:00:00,85,1,SEG-S,304.6573,304.6468,22.867,22.056,38.092
2026-03-27 14:00:00,85,1,SEG-T,304.7284,304.6312,21.071,20.508,38.092
2026-03-27 22:00:00,85,2,SEG-A,164.7264,164.9223,48.288,46.887,20.6071
2026-03-27 22:00:00,85,2,SEG-B,164.9004,164.5088,46.756,45.468,20.5711
2026-03-27 22:00:00,85,2,SEG-C,164.6649,164.5974,45.347,44.285,20.5711
2026-03-27 22:00:00,85,2,SEG-D,164.5588,164.4735,43.99,42.581,20.5615
2026-03-27 22:00:00,85,2,SEG-E,164.3812,164.4233,42.398,41.538,20.5615
2026-03-27 22:00:00,85,2,SEG-F,164.469,164.2252,41.015,40.208,20.5615
2026-03-27 22:00:00,85,2,SEG-G,164.5374,164.4798,39.57,38.789,20.5615
2026-03-27 22:00:00,85,2,SEG-H,164.4479,164.53,38.273,37.442,20.5615
2026-03-27 22:00:00,85,2,SEG-I,164.4661,164.497,36.983,36.029,20.5615
2026-03-27 22:00:00,85,2,SEG-J,164.6049,164.4805,35.217,34.661,20.5615
2026-03-27 22:00:00,85,2,SEG-K,164.7414,164.4045,34.102,33.248,20.5615
2026-03-27 22:00:00,85,2,SEG-L,164.4335,164.3219,32.879,31.794,20.5615
2026-03-27 22:00:00,85,2,SEG-M,164.4385,164.4434,31.335,30.214,20.5615
2026-03-27 22:00:00,85,2,SEG-N,164.4723,164.3846,29.842,29.17,20.5615
2026-03-27 22:00:00,85,2,SEG-O,164.6033,164.5259,28.298,27.633,20.5615
2026-03-27 22:00:00,85,2,SEG-P,164.5246,164.3521,26.873,26.001,20.5615
2026-03-27 22:00:00,85,2,SEG-Q,164.483,164.573,25.618,24.532,20.5615
2026-03-27 22:00:00,85,2,SEG-R,164.4725,164.6424,24.129,23.346,20.5615
2026-03-27 22:00:00,85,2,SEG-S,164.4426,164.3825,22.737,22.059,20.5615
2026-03-27 22:00:00,85,2,SEG-T,164.5216,164.355,21.452,20.511,20.5615
2026-03-28 06:00:00,86,0,SEG-A,230.8248,230.9024,47.821,47.358,28.8515
2026-03-28 06:00:00,86,0,SEG-B,230.8511,230.4621,46.581,45.45,28.8005
2026-03-28 06:00:00,86,0,SEG-C,230.4824,230.3927,44.999,44.382,28.8005
2026-03-28 06:00:00,86,0,SEG-D,230.5499,230.3592,43.835,42.476,28.7862
2026-03-28 06:00:00,86,0,SEG-E,230.2058,230.3297,42.43,41.527,28.7862
2026-03-28 06:00:00,86,0,SEG-F,230.3014,230.3849,40.912,40.157,28.7862
2026-03-28 06:00:00,86,0,SEG-G,230.3575,230.1992,39.637,38.806,28.7862
2026-03-28 06:00:00,86,0,SEG-H,230.4773,230.1761,38.167,37.393,28.7862
2026-03-28 06:00:00,86,0,SEG-I,230.3848,230.4606,36.532,35.864,28.7862
2026-03-28 06:00:00,86,0,SEG-J,230.4188,230.4294,35.237,34.459,28.7862
2026-03-28 06:00:00,86,0,SEG-K,230.182,230.3958,33.897,33.09,28.7862
2026-03-28 06:00:00,86,0,SEG-L,230.4503,230.3131,32.522,31.665,28.7862
2026-03-28 06:00:00,86,0,SEG-M,230.2878,230.2379,31.172,30.336,28.7862
2026-03-28 06:00:00,86,0,SEG-N,230.4114,230.2007,29.659,29.015,28.7862
2026-03-28 06:00:00,86,0,SEG-O,230.4045,230.1858,28.345,27.691,28.7862
2026-03-28 06:00:00,86,0,SEG-P,230.279,230.2843,27.054,26.115,28.7862
2026-03-28 06:00:00,86,0,SEG-Q,230.172,230.2952,25.714,24.617,28.7862
2026-03-28 06:00:00,86,0,SEG-R,230.2857,230.2675,24.1,23.359,28.7862
2026-03-28 06:00:00,86,0,SEG-S,230.1669,230.2609,22.811,21.949,28.7862
2026-03-28 06:00:00,86,0,SEG-T,230.4306,230.4859,21.496,20.818,28.7862
2026-03-28 14:00:00,86,1,SEG-A,369.9673,370.0115,47.812,47.116,46.2456
2026-03-28 14:00:00,86,1,SEG-B,369.9593,369.4995,46.649,45.342,46.1826
2026-03-28 14:00:00,86,1,SEG-C,369.4431,369.6209,45.207,44.463,46.1826
2026-03-28 14:00:00,86,1,SEG-D,369.5592,369.3963,43.874,42.696,46.165
2026-03-28 14:00:00,86,1,SEG-E,369.3219,369.392,42.345,41.462,46.165
2026-03-28 14:00:00,86,1,SEG-F,369.2095,369.2685,41.077,40.072,46.165
2026-03-28 14:00:00,86,1,SEG-G,369.352,369.1722,39.49,38.703,46.165
2026-03-28 14:00:00,86,1,SEG-H,369.1944,369.798,38.147,37.436,46.165
2026-03-28 14:00:00,86,1,SEG-I,369.6453,369.381,36.786,35.963,46.165
2026-03-28 14:00:00,86,1,SEG-J,369.3385,369.2507,35.363,34.526,46.165
2026-03-28 14:00:00,86,1,SEG-K,369.3811,369.2757,34.163,33.071,46.165
2026-03-28 14:00:00,86,1,SEG-L,369.3537,369.624,32.535,31.791,46.165
2026-03-28 14:00:00,86,1,SEG-M,369.2726,369.4491,31.053,30.317,46.165
2026-03-28 14:00:00,86,1,SEG-N,369.3233,369.1921,30.106,28.789,46.165
2026-03-28 14:00:00,86,1,SEG-O,369.4312,369.5349,28.599,27.663,46.165
2026-03-28 14:00:00,86,1,SEG-P,369.2152,369.1928,27.077,26.005,46.165
2026-03-28 14:00:00,86,1,SEG-Q,369.408,369.6079,25.499,24.947,46.165
2026-03-28 14:00:00,86,1,SEG-R,369.1916,368.8392,24.121,23.337,46.165
2026-03-28 14:00:00,86,1,SEG-S,369.2159,369.4199,22.952,22.049,46.165
2026-03-28 14:00:00,86,1,SEG-T,369.4042,369.3522,21.463,20.638,46.165
2026-03-28 22:00:00,86,2,SEG-A,157.3722,157.2197,47.825,46.97,19.6605
2026-03-28 22:00:00,86,2,SEG-B,157.3165,156.9409,46.501,45.372,19.6245
2026-03-28 22:00:00,86,2,SEG-C,157.0192,156.8434,45.109,44.21,19.6245
2026-03-28 22:00:00,86,2,SEG-D,156.9038,157.0528,43.928,42.38,19.6144
2026-03-28 22:00:00,86,2,SEG-E,156.8883,156.9271,42.238,41.528,19.6144
2026-03-28 22:00:00,86,2,SEG-F,157.0314,157.0879,41.074,40.259,19.6144
2026-03-28 22:00:00,86,2,SEG-G,156.8194,156.9182,39.507,38.793,19.6144
2026-03-28 22:00:00,86,2,SEG-H,156.8632,156.8158,38.22,37.263,19.6144
2026-03-28 22:00:00,86,2,SEG-I,156.8802,156.8648,36.748,36.026,19.6144
2026-03-28 22:00:00,86,2,SEG-J,156.997,156.8906,35.44,34.476,19.6144
2026-03-28 22:00:00,86,2,SEG-K,156.9512,156.8967,33.831,33.021,19.6144
2026-03-28 22:00:00,86,2,SEG-L,156.9001,156.9327,32.677,31.752,19.6144
2026-03-28 22:00:00,86,2,SEG-M,156.815,156.8812,31.221,30.173,19.6144
2026-03-28 22:00:00,86,2,SEG-N,156.9203,156.9658,29.611,28.917,19.6144
2026-03-28 22:00:00,86,2,SEG-O,156.9382,156.9023,28.471,27.397,19.6144
2026-03-28 22:00:00,86,2,SEG-P,156.8881,157.0257,27.035,26.123,19.6144
2026-03-28 22:00:00,86,2,SEG-Q,156.8195,156.9157,25.723,24.731,19.6144
2026-03-28 22:00:00,86,2,SEG-R,156.8536,156.8691,24.106,23.378,19.6144
2026-03-28 22:00:00,86,2,SEG-S,156.8915,156.8942,22.917,21.991,19.6144
2026-03-28 22:00:00,86,2,SEG-T,156.8044,156.8149,21.362,20.48,19.6144
2026-03-29 06:00:00,87,0,SEG-A,255.1733,255.158,47.885,47.252,31.875
2026-03-29 06:00:00,87,0,SEG-B,254.9769,254.5321,46.809,45.414,31.824
2026-03-29 06:00:00,87,0,SEG-C,254.4671,254.4713,45.438,44.326,31.824
2026-03-29 06:00:00,87,0,SEG-D,254.8668,254.3007,43.895,42.647,31.809
2026-03-29 06:00:00,87,0,SEG-E,254.534,254.4753,42.435,41.442,31.809
2026-03-29 06:00:00,87,0,SEG-F,254.487,254.3368,40.975,40.026,31.809
2026-03-29 06:00:00,87,0,SEG-G,254.3239,254.5726,39.622,38.862,31.809
2026-03-29 06:00:00,87,0,SEG-H,254.586,254.3414,38.307,37.531,31.809
2026-03-29 06:00:00,87,0,SEG-I,254.3729,254.4694,36.828,35.874,31.809
2026-03-29 06:00:00,87,0,SEG-J,254.3918,254.5716,35.309,34.569,31.809
2026-03-29 06:00:00,87,0,SEG-K,254.3584,254.3303,33.881,33.118,31.809
2026-03-29 06:00:00,87,0,SEG-L,254.358,254.5827,32.598,31.754,31.809
2026-03-29 06:00:00,87,0,SEG-M,254.5227,254.4231,31.221,30.389,31.809
2026-03-29 06:00:00,87,0,SEG-N,254.4829,254.5923,29.72,28.921,31.809
2026-03-29 06:00:00,87,0,SEG-O,254.4441,254.4549,28.382,27.516,31.809
2026-03-29 06:00:00,87,0,SEG-P,254.4724,254.3633,27.116,25.963,31.809
2026-03-29 06:00:00,87,0,SEG-Q,254.4209,254.4733,25.633,24.629,31.809
2026-03-29 06:00:00,87,0,SEG-R,254.2491,254.4609,24.251,23.401,31.809
2026-03-29 06:00:00,87,0,SEG-S,254.5549,254.5856,22.674,22.154,31.809
2026-03-29 06:00:00,87,0,SEG-T,254.6163,254.343,21.536,20.513,31.809
2026-03-29 14:00:00,87,1,SEG-A,272.5842,272.7361,48.01,46.931,34.0929
2026-03-29 14:00:00,87,1,SEG-B,272.5546,272.1106,46.502,45.245,34.0299
2026-03-29 14:00:00,87,1,SEG-C,272.2147,272.1027,45.18,44.291,34.0299
2026-03-29 14:00:00,87,1,SEG-D,272.2374,272.1098,43.817,42.548,34.0114
2026-03-29 14:00:00,87,1,SEG-E,272.2287,272.1393,42.367,41.413,34.0114
2026-03-29 14:00:00,87,1,SEG-F,272.0347,272.148,40.934,40.274,34.0114
2026-03-29 14:00:00,87,1,SEG-G,272.1541,272.0272,39.579,38.738,34.0114
2026-03-29 14:00:00,87,1,SEG-H,272.1019,272.1862,38.325,37.29,34.0114
2026-03-29 14:00:00,87,1,SEG-I,271.9762,271.9184,36.843,35.813,34.0114
2026-03-29 14:00:00,87,1,SEG-J,272.0936,272.2214,35.486,34.611,34.0114
2026-03-29 14:00:00,87,1,SEG-K,272.2109,272.0484,33.859,33.028,34.0114
2026-03-29 14:00:00,87,1,SEG-L,272.0584,272.2599,32.614,31.764,34.0114
2026-03-29 14:00:00,87,1,SEG-M,272.2691,272.0884,31.349,30.421,34.0114
2026-03-29 14:00:00,87,1,SEG-N,272.0777,272.2199,29.948,28.775,34.0114
2026-03-29 14:00:00,87,1,SEG-O,272.3214,272.0872,28.379,27.626,34.0114
2026-03-29 14:00:00,87,1,SEG-P,271.9453,272.0298,27.014,26.097,34.0114
2026-03-29 14:00:00,87,1,SEG-Q,272.0428,272.098,25.788,24.683,34.0114
2026-03-29 14:00:00,87,1,SEG-R,272.256,272.1334,24.227,23.332,34.0114
2026-03-29 14:00:00,87,1,SEG-S,272.0352,272.1377,22.893,21.891,34.0114
2026-03-29 14:00:00,87,1,SEG-T,272.2721,272.0843,21.201,20.674,34.0114
2026-03-29 22:00:00,87,2,SEG-A,193.0973,193.0348,47.871,47.257,24.1306
2026-03-29 22:00:00,87,2,SEG-B,193.1301,192.652,46.609,45.419,24.0946
2026-03-29 22:00:00,87,2,SEG-C,192.873,192.7713,45.155,44.487,24.0946
2026-03-29 22:00:00,87,2,SEG-D,192.6374,192.6781,43.731,42.686,24.084
2026-03-29 22:00:00,87,2,SEG-E,192.6091,192.6018,42.424,41.685,24.084
2026-03-29 22:00:00,87,2,SEG-F,192.5602,192.6758,40.996,40.338,24.084
2026-03-29 22:00:00,87,2,SEG-G,192.6403,192.6401,39.658,38.663,24.084
2026-03-29 22:00:00,87,2,SEG-H,192.4966,192.7308,38.058,37.243,24.084
2026-03-29 22:00:00,87,2,SEG-I,192.8387,192.8597,36.83,35.686,24.084
2026-03-29 22:00:00,87,2,SEG-J,192.5691,192.64,35.419,34.173,24.084
2026-03-29 22:00:00,87,2,SEG-K,192.7462,192.7126,34.167,33.232,24.084
2026-03-29 22:00:00,87,2,SEG-L,192.6619,192.6819,32.606,31.934,24.084
2026-03-29 22:00:00,87,2,SEG-M,192.6303,192.5952,31.225,30.421,24.084
2026-03-29 22:00:00,87,2,SEG-N,192.6796,192.4976,29.816,29.017,24.084
2026-03-29 22:00:00,87,2,SEG-O,192.5156,192.6176,28.486,27.748,24.084
2026-03-29 22:00:00,87,2,SEG-P,192.6222,192.7239,26.941,25.764,24.084
2026-03-29 22:00:00,87,2,SEG-Q,192.5882,192.6684,25.54,24.723,24.084
2026-03-29 22:00:00,87,2,SEG-R,192.7778,192.6289,24.095,23.333,24.084
2026-03-29 22:00:00,87,2,SEG-S,192.8375,192.6787,22.689,21.999,24.084
2026-03-29 22:00:00,87,2,SEG-T,192.687,192.6842,21.171,20.423,24.084
2026-03-30 06:00:00,88,0,SEG-A,241.4925,241.4641,48.158,47.235,30.1789
2026-03-30 06:00:00,88,0,SEG-B,241.4843,241.0814,46.666,45.35,30.1279
2026-03-30 06:00:00,88,0,SEG-C,240.9862,240.7487,45.086,44.385,30.1279
2026-03-30 06:00:00,88,0,SEG-D,240.8937,240.9706,43.653,42.426,30.1122
2026-03-30 06:00:00,88,0,SEG-E,240.8924,240.76,42.379,41.548,30.1122
2026-03-30 06:00:00,88,0,SEG-F,240.9883,240.8364,40.899,39.89,30.1122
2026-03-30 06:00:00,88,0,SEG-G,240.9165,240.8906,39.766,38.669,30.1122
2026-03-30 06:00:00,88,0,SEG-H,240.7863,240.9114,37.922,37.63,30.1122
2026-03-30 06:00:00,88,0,SEG-I,240.8811,240.9522,36.879,36.057,30.1122
2026-03-30 06:00:00,88,0,SEG-J,240.9347,241.0391,35.254,34.58,30.1122
2026-03-30 06:00:00,88,0,SEG-K,240.8857,240.7582,34.059,33.043,30.1122
2026-03-30 06:00:00,88,0,SEG-L,240.8399,240.9576,32.601,31.686,30.1122
2026-03-30 06:00:00,88,0,SEG-M,240.9748,240.8511,31.206,30.21,30.1122
2026-03-30 06:00:00,88,0,SEG-N,240.8355,240.8016,29.552,28.853,30.1122
2026-03-30 06:00:00,88,0,SEG-O,241.1738,240.7581,28.259,27.475,30.1122
2026-03-30 06:00:00,88,0,SEG-P,240.8905,240.9444,27.11,26.139,30.1122
2026-03-30 06:00:00,88,0,SEG-Q,240.8123,240.8627,25.705,24.682,30.1122
2026-03-30 06:00:00,88,0,SEG-R,240.8488,241.0229,24.091,23.685,30.1122
2026-03-30 06:00:00,88,0,SEG-S,241.0593,241.0167,23.028,21.82,30.1122
2026-03-30 06:00:00,88,0,SEG-T,241.0871,240.9067,21.263,20.682,30.1122
2026-03-30 14:00:00,88,1,SEG-A,274.2224,274.1965,47.987,47.345,34.2705
2026-03-30 14:00:00,88,1,SEG-B,274.2101,273.7285,46.703,45.359,34.2075
2026-03-30 14:00:00,88,1,SEG-C,273.657,273.7314,45.188,44.489,34.2075
2026-03-30 14:00:00,88,1,SEG-D,273.6995,273.4645,43.893,42.565,34.1881
2026-03-30 14:00:00,88,1,SEG-E,273.7543,273.6143,42.284,41.58,34.1881
2026-03-30 14:00:00,88,1,SEG-F,273.7334,273.3632,40.922,40.024,34.1881
2026-03-30 14:00:00,88,1,SEG-G,273.2892,273.5924,39.777,38.873,34.1881
2026-03-30 14:00:00,88,1,SEG-H,273.3503,273.392,38.148,37.39,34.1881
2026-03-30 14:00:00,88,1,SEG-I,273.3329,273.5604,36.806,36.134,34.1881
2026-03-30 14:00:00,88,1,SEG-J,273.472,273.2763,35.379,34.756,34.1881
2026-03-30 14:00:00,88,1,SEG-K,273.4804,273.6214,34.021,33.14,34.1881
2026-03-30 14:00:00,88,1,SEG-L,273.6084,273.63,32.782,31.871,34.1881
2026-03-30 14:00:00,88,1,SEG-M,273.5988,273.3204,31.158,30.288,34.1881
2026-03-30 14:00:00,88,1,SEG-N,273.5048,273.5153,29.704,29.079,34.1881
2026-03-30 14:00:00,88,1,SEG-O,273.638,273.7947,28.496,27.383,34.1881
2026-03-30 14:00:00,88,1,SEG-P,273.3591,273.5866,26.893,26.087,34.1881
2026-03-30 14:00:00,88,1,SEG-Q,273.5307,273.3955,25.486,24.693,34.1881
2026-03-30 14:00:00,88,1,SEG-R,273.2946,273.5969,24.136,23.407,34.1881
2026-03-30 14:00:00,88,1,SEG-S,273.456,273.5631,22.714,21.813,34.1881
2026-03-30 14:00:00,88,1,SEG-T,273.7653,273.7896,21.129,20.382,34.1881
2026-03-30 22:00:00,88,2,SEG-A,135.8033,135.9166,48.092,47.159,16.9829
2026-03-30 22:00:00,88,2,SEG-B,135.8346,135.5419,46.479,45.461,16.9469
2026-03-30 22:00:00,88,2,SEG-C,135.609,135.66,45.166,44.456,16.9469
2026-03-30 22:00:00,88,2,SEG-D,135.607,135.5993,43.895,42.409,16.9358
2026-03-30 22:00:00,88,2,SEG-E,135.3648,135.4842,42.41,41.672,16.9358
2026-03-30 22:00:00,88,2,SEG-F,135.4758,135.5576,41.078,40.239,16.9358
2026-03-30 22:00:00,88,2,SEG-G,135.6219,135.5584,39.624,38.819,16.9358
2026-03-30 22:00:00,88,2,SEG-H,135.4127,135.47,38.186,37.471,16.9358
2026-03-30 22:00:00,88,2,SEG-I,135.5474,135.5525,36.884,36.148,16.9358
2026-03-30 22:00:00,88,2,SEG-J,135.559,135.4622,35.495,34.807,16.9358
2026-03-30 22:00:00,88,2,SEG-K,135.4844,135.4977,34.03,33.276,16.9358
2026-03-30 22:00:00,88,2,SEG-L,135.5309,135.4622,32.433,31.498,16.9358
2026-03-30 22:00:00,88,2,SEG-M,135.4836,135.5299,31.193,30.345,16.9358
2026-03-30 22:00:00,88,2,SEG-N,135.4219,135.4372,29.554,29.074,16.9358
2026-03-30 22:00:00,88,2,SEG-O,135.4848,135.4887,28.549,27.701,16.9358
2026-03-30 22:00:00,88,2,SEG-P,135.5776,135.5375,26.948,26.203,16.9358
2026-03-30 22:00:00,88,2,SEG-Q,135.4285,135.4769,25.629,24.764,16.9358
2026-03-30 22:00:00,88,2,SEG-R,135.4472,135.4836,24.117,23.527,16.9358
2026-03-30 22:00:00,88,2,SEG-S,135.5737,135.4348,22.836,21.865,16.9358
2026-03-30 22:00:00,88,2,SEG-T,135.4593,135.4635,21.497,20.602,16.9358
2026-03-31 06:00:00,89,0,SEG-A,231.6068,231.6295,47.839,47.216,28.9326
2026-03-31 06:00:00,89,0,SEG-B,231.2028,231.0332,46.597,45.354,28.8816
2026-03-31 06:00:00,89,0,SEG-C,231.1916,230.7716,45.228,44.637,28.8816
2026-03-31 06:00:00,89,0,SEG-D,231.165,230.8224,43.948,42.516,28.8652
2026-03-31 06:00:00,89,0,SEG-E,230.7458,231.0361,42.396,41.452,28.8652
2026-03-31 06:00:00,89,0,SEG-F,230.9644,230.8476,40.852,40.255,28.8652
2026-03-31 06:00:00,89,0,SEG-G,230.9518,230.9778,39.505,38.8,28.8652
2026-03-31 06:00:00,89,0,SEG-H,230.8378,230.9332,38.246,37.37,28.8652
2026-03-31 06:00:00,89,0,SEG-I,230.864,230.8722,36.553,35.982,28.8652
2026-03-31 06:00:00,89,0,SEG-J,231.0317,230.9705,35.449,34.555,28.8652
2026-03-31 06:00:00,89,0,SEG-K,230.9716,230.9088,34.111,33.081,28.8652
2026-03-31 06:00:00,89,0,SEG-L,230.7813,230.8604,32.663,31.752,28.8652
2026-03-31 06:00:00,89,0,SEG-M,230.8421,231.0158,31.048,30.305,28.8652
2026-03-31 06:00:00,89,0,SEG-N,230.9767,230.7818,29.673,29.088,28.8652
2026-03-31 06:00:00,89,0,SEG-O,230.8075,230.8366,28.63,27.57,28.8652
2026-03-31 06:00:00,89,0,SEG-P,230.9671,230.7809,26.988,26.099,28.8652
2026-03-31 06:00:00,89,0,SEG-Q,230.7784,230.9872,25.708,24.729,28.8652
2026-03-31 06:00:00,89,0,SEG-R,230.9485,230.8688,24.404,23.408,28.8652
2026-03-31 06:00:00,89,0,SEG-S,230.8553,230.9051,22.947,22.22,28.8652
2026-03-31 06:00:00,89,0,SEG-T,230.9783,230.8214,21.527,20.69,28.8652
2026-03-31 14:00:00,89,1,SEG-A,315.6409,315.9608,47.833,47.113,39.466
2026-03-31 14:00:00,89,1,SEG-B,315.5782,315.0937,46.365,45.4,39.403
2026-03-31 14:00:00,89,1,SEG-C,315.3154,315.2418,45.015,44.357,39.403
2026-03-31 14:00:00,89,1,SEG-D,315.0651,314.9922,43.898,42.57,39.3826
2026-03-31 14:00:00,89,1,SEG-E,314.9733,315.173,42.604,41.752,39.3826
2026-03-31 14:00:00,89,1,SEG-F,314.9849,315.3007,40.943,40.024,39.3826
2026-03-31 14:00:00,89,1,SEG-G,314.9969,315.2289,39.703,38.684,39.3826
2026-03-31 14:00:00,89,1,SEG-H,314.9365,314.9602,38.235,37.211,39.3826
2026-03-31 14:00:00,89,1,SEG-I,314.9731,315.3771,36.464,36.059,39.3826
2026-03-31 14:00:00,89,1,SEG-J,315.0993,315.0509,35.289,34.761,39.3826
2026-03-31 14:00:00,89,1,SEG-K,314.9459,315.373,33.986,33.171,39.3826
2026-03-31 14:00:00,89,1,SEG-L,314.9407,315.1287,32.528,31.695,39.3826
2026-03-31 14:00:00,89,1,SEG-M,315.1148,314.8425,30.86,30.243,39.3826
2026-03-31 14:00:00,89,1,SEG-N,315.1124,315.0901,29.852,28.85,39.3826
2026-03-31 14:00:00,89,1,SEG-O,315.0707,314.8977,28.324,27.519,39.3826
2026-03-31 14:00:00,89,1,SEG-P,315.0786,315.3177,27.068,26.22,39.3826
2026-03-31 14:00:00,89,1,SEG-Q,315.1694,315.0507,25.578,24.935,39.3826
2026-03-31 14:00:00,89,1,SEG-R,314.6868,315.1128,24.205,23.21,39.3826
2026-03-31 14:00:00,89,1,SEG-S,315.032,315.0871,22.763,21.981,39.3826
2026-03-31 14:00:00,89,1,SEG-T,315.1189,315.0878,21.329,20.574,39.3826
2026-03-31 22:00:00,89,2,SEG-A,203.6037,203.7904,47.826,47.358,25.4754
2026-03-31 22:00:00,89,2,SEG-B,203.9779,203.5646,46.368,45.424,25.4394
2026-03-31 22:00:00,89,2,SEG-C,203.4769,203.5334,45.058,44.595,25.4394
2026-03-31 22:00:00,89,2,SEG-D,203.3835,203.4029,43.955,42.467,25.4278
2026-03-31 22:00:00,89,2,SEG-E,203.3689,203.4202,42.517,41.762,25.4278
2026-03-31 22:00:00,89,2,SEG-F,203.4501,203.4132,41.018,40.454,25.4278
2026-03-31 22:00:00,89,2,SEG-G,203.2768,203.3418,39.468,38.747,25.4278
2026-03-31 22:00:00,89,2,SEG-H,203.6135,203.3872,38.105,37.342,25.4278
2026-03-31 22:00:00,89,2,SEG-I,203.4715,203.3521,36.997,35.835,25.4278
2026-03-31 22:00:00,89,2,SEG-J,203.4416,203.381,35.23,34.373,25.4278
2026-03-31 22:00:00,89,2,SEG-K,203.4876,203.3804,33.982,33.017,25.4278
2026-03-31 22:00:00,89,2,SEG-L,203.5179,203.4758,32.475,31.812,25.4278
2026-03-31 22:00:00,89,2,SEG-M,203.4792,203.457,31.1,30.281,25.4278
2026-03-31 22:00:00,89,2,SEG-N,203.5301,203.5438,29.83,29.002,25.4278
2026-03-31 22:00:00,89,2,SEG-O,203.3929,203.3921,28.414,27.616,25.4278
2026-03-31 22:00:00,89,2,SEG-P,203.5424,203.2267,26.965,26.153,25.4278
2026-03-31 22:00:00,89,2,SEG-Q,203.4534,203.3549,25.481,25.027,25.4278
2026-03-31 22:00:00,89,2,SEG-R,203.3554,203.4941,24.333,23.397,25.4278
2026-03-31 22:00:00,89,2,SEG-S,203.4477,203.1882,23.07,21.981,25.4278
2026-03-31 22:00:00,89,2,SEG-T,203.351,203.4643,21.446,20.362,25.4278
2026-04-01 06:00:00,90,0,SEG-A,234.0469,234.087,48.257,46.854,29.2674
2026-04-01 06:00:00,90,0,SEG-B,234.2299,233.6367,46.472,45.433,29.2164
2026-04-01 06:00:00,90,0,SEG-C,233.7203,233.7043,45.09,44.376,29.2164
2026-04-01 06:00:00,90,0,SEG-D,233.7585,233.6015,43.937,42.649,29.1992
2026-04-01 06:00:00,90,0,SEG-E,233.6958,233.6552,42.454,41.723,29.1992
2026-04-01 06:00:00,90,0,SEG-F,233.5677,233.5611,41.036,40.328,29.1992
2026-04-01 06:00:00,90,0,SEG-G,233.662,233.6517,39.528,38.908,29.1992
2026-04-01 06:00:00,90,0,SEG-H,233.6557,233.5561,38.36,37.375,29.1992
2026-04-01 06:00:00,90,0,SEG-I,233.5157,233.7272,36.637,35.882,29.1992
2026-04-01 06:00:00,90,0,SEG-J,233.5521,233.6981,35.355,34.487,29.1992
2026-04-01 06:00:00,90,0,SEG-K,233.689,233.5051,34.125,33.011,29.1992
2026-04-01 06:00:00,90,0,SEG-L,233.6422,233.6677,32.723,31.671,29.1992
2026-04-01 06:00:00,90,0,SEG-M,233.7924,233.591,31.069,30.349,29.1992
2026-04-01 06:00:00,90,0,SEG-N,233.6615,233.6916,29.659,29.163,29.1992
2026-04-01 06:00:00,90,0,SEG-O,233.4458,233.5972,28.361,27.125,29.1992
2026-04-01 06:00:00,90,0,SEG-P,233.5318,233.6038,26.912,25.997,29.1992
2026-04-01 06:00:00,90,0,SEG-Q,233.5058,233.6084,25.477,24.79,29.1992
2026-04-01 06:00:00,90,0,SEG-R,233.5204,233.5624,24.087,23.233,29.1992
2026-04-01 06:00:00,90,0,SEG-S,233.6072,233.5078,22.678,21.991,29.1992
2026-04-01 06:00:00,90,0,SEG-T,233.7377,233.6366,21.515,20.483,29.1992
2026-04-01 14:00:00,90,1,SEG-A,286.8908,286.9185,47.923,47.05,35.8623
2026-04-01 14:00:00,90,1,SEG-B,286.9579,286.3809,46.805,45.581,35.7993
2026-04-01 14:00:00,90,1,SEG-C,286.1855,286.6343,45.104,44.27,35.7993
2026-04-01 14:00:00,90,1,SEG-D,286.4842,285.9402,43.608,42.654,35.7781
2026-04-01 14:00:00,90,1,SEG-E,286.1373,286.2988,42.462,41.425,35.7781
2026-04-01 14:00:00,90,1,SEG-F,286.1553,286.3022,41.154,40.367,35.7781
2026-04-01 14:00:00,90,1,SEG-G,286.3643,286.1748,39.39,38.931,35.7781
2026-04-01 14:00:00,90,1,SEG-H,286.1261,286.3337,38.25,37.374,35.7781
2026-04-01 14:00:00,90,1,SEG-I,286.1688,286.3822,36.85,35.904,35.7781
2026-04-01 14:00:00,90,1,SEG-J,286.2035,286.3418,35.365,34.609,35.7781
2026-04-01 14:00:00,90,1,SEG-K,286.3061,286.2391,33.971,33.048,35.7781
2026-04-01 14:00:00,90,1,SEG-L,286.4253,286.164,32.549,31.868,35.7781
2026-04-01 14:00:00,90,1,SEG-M,286.2631,286.1732,31.064,30.437,35.7781
2026-04-01 14:00:00,90,1,SEG-N,286.3731,286.247,29.912,28.904,35.7781
2026-04-01 14:00:00,90,1,SEG-O,286.4379,286.1743,28.246,27.486,35.7781
2026-04-01 14:00:00,90,1,SEG-P,286.198,286.1247,26.95,25.986,35.7781
2026-04-01 14:00:00,90,1,SEG-Q,286.2406,286.1819,25.628,24.751,35.7781
2026-04-01 14:00:00,90,1,SEG-R,286.4329,286.1704,24.129,23.517,35.7781
2026-04-01 14:00:00,90,1,SEG-S,286.2214,286.2283,22.66,21.827,35.7781
2026-04-01 14:00:00,90,1,SEG-T,286.1185,286.3812,21.569,20.621,35.7781
2026-04-01 22:00:00,90,2,SEG-A,166.9859,166.8638,48.016,47.019,20.8681
2026-04-01 22:00:00,90,2,SEG-B,166.8671,166.7425,46.462,45.575,20.8321
2026-04-01 22:00:00,90,2,SEG-C,166.7345,166.7171,45.134,44.266,20.8321
2026-04-01 22:00:00,90,2,SEG-D,166.7166,166.5051,43.768,42.52,20.8199
2026-04-01 22:00:00,90,2,SEG-E,166.4947,166.5441,42.357,41.701,20.8199
2026-04-01 22:00:00,90,2,SEG-F,166.5537,166.4976,40.962,40.127,20.8199
2026-04-01 22:00:00,90,2,SEG-G,166.5825,166.5474,39.653,38.642,20.8199
2026-04-01 22:00:00,90,2,SEG-H,166.4696,166.5395,38.184,37.238,20.8199
2026-04-01 22:00:00,90,2,SEG-I,166.6409,166.4316,37.047,35.701,20.8199
2026-04-01 22:00:00,90,2,SEG-J,166.6362,166.5537,35.175,34.536,20.8199
2026-04-01 22:00:00,90,2,SEG-K,166.4181,166.3888,33.931,33.153,20.8199
2026-04-01 22:00:00,90,2,SEG-L,166.4947,166.5919,32.635,31.885,20.8199
2026-04-01 22:00:00,90,2,SEG-M,166.537,166.6062,31.221,30.12,20.8199
2026-04-01 22:00:00,90,2,SEG-N,166.6178,166.5862,29.747,28.948,20.8199
2026-04-01 22:00:00,90,2,SEG-O,166.6517,166.485,28.254,27.69,20.8199
2026-04-01 22:00:00,90,2,SEG-P,166.5778,166.5303,26.87,25.919,20.8199
2026-04-01 22:00:00,90,2,SEG-Q,166.4453,166.5869,25.63,24.636,20.8199
2026-04-01 22:00:00,90,2,SEG-R,166.491,166.4426,24.474,23.182,20.8199
2026-04-01 22:00:00,90,2,SEG-S,166.5126,166.5387,22.797,21.883,20.8199
2026-04-01 22:00:00,90,2,SEG-T,166.6154,166.6169,21.504,20.738,20.8199
2026-04-02 06:00:00,91,0,SEG-A,187.7746,187.8704,48.057,47.149,23.4854
2026-04-02 06:00:00,91,0,SEG-B,187.8675,187.4651,46.443,45.318,23.4344
2026-04-02 06:00:00,91,0,SEG-C,187.4731,187.4305,45.278,44.398,23.4344
2026-04-02 06:00:00,91,0,SEG-D,187.5175,187.2975,43.713,42.65,23.4164
2026-04-02 06:00:00,91,0,SEG-E,187.3649,187.2407,42.514,41.572,23.4164
2026-04-02 06:00:00,91,0,SEG-F,187.3742,187.2113,40.957,40.261,23.4164
2026-04-02 06:00:00,91,0,SEG-G,187.252,187.3105,39.69,38.654,23.4164
2026-04-02 06:00:00,91,0,SEG-H,187.2929,187.3571,38.255,37.264,23.4164
2026-04-02 06:00:00,91,0,SEG-I,187.375,187.2971,36.794,36.123,23.4164
2026-04-02 06:00:00,91,0,SEG-J,187.2474,187.2842,35.345,34.418,23.4164
2026-04-02 06:00:00,91,0,SEG-K,187.2101,187.2739,33.867,33.2,23.4164
2026-04-02 06:00:00,91,0,SEG-L,187.3901,187.4634,32.479,31.533,23.4164
2026-04-02 06:00:00,91,0,SEG-M,187.3494,187.4538,31.032,30.247,23.4164
2026-04-02 06:00:00,91,0,SEG-N,187.2962,187.324,29.701,28.855,23.4164
2026-04-02 06:00:00,91,0,SEG-O,187.3684,187.3618,28.422,27.595,23.4164
2026-04-02 06:00:00,91,0,SEG-P,187.325,187.346,26.983,26.192,23.4164
2026-04-02 06:00:00,91,0,SEG-Q,187.2862,187.2549,25.65,24.796,23.4164
2026-04-02 06:00:00,91,0,SEG-R,187.3989,187.3324,23.993,23.412,23.4164
2026-04-02 06:00:00,91,0,SEG-S,187.1485,187.4281,22.747,22.041,23.4164
2026-04-02 06:00:00,91,0,SEG-T,187.4125,187.3935,21.486,20.674,23.4164
2026-04-02 14:00:00,91,1,SEG-A,246.8151,246.8101,47.975,47.123,30.8556
2026-04-02 14:00:00,91,1,SEG-B,246.8059,246.2997,46.765,45.32,30.7926
2026-04-02 14:00:00,91,1,SEG-C,246.3995,246.4156,45.13,44.365,30.7926
2026-04-02 14:00:00,91,1,SEG-D,246.3738,246.3309,43.774,42.335,30.7704
2026-04-02 14:00:00,91,1,SEG-E,246.1328,246.1507,42.504,41.455,30.7704
2026-04-02 14:00:00,91,1,SEG-F,246.0919,246.2275,41.103,40.064,30.7704
2026-04-02 14:00:00,91,1,SEG-G,246.2281,246.1873,39.417,38.656,30.7704
2026-04-02 14:00:00,91,1,SEG-H,246.0292,246.1002,38.183,37.186,30.7704
2026-04-02 14:00:00,91,1,SEG-I,246.2406,246.2531,36.735,35.98,30.7704
2026-04-02 14:00:00,91,1,SEG-J,246.0968,246.2208,35.368,34.677,30.7704
2026-04-02 14:00:00,91,1,SEG-K,246.1343,246.0506,34.072,33.193,30.7704
2026-04-02 14:00:00,91,1,SEG-L,246.0152,246.1423,32.528,31.676,30.7704
2026-04-02 14:00:00,91,1,SEG-M,246.1489,246.3015,31.06,30.207,30.7704
2026-04-02 14:00:00,91,1,SEG-N,246.1612,246.1524,29.708,29.096,30.7704
2026-04-02 14:00:00,91,1,SEG-O,246.1896,246.281,28.269,27.703,30.7704
2026-04-02 14:00:00,91,1,SEG-P,246.1441,246.233,27.01,26.292,30.7704
2026-04-02 14:00:00,91,1,SEG-Q,246.0933,246.278,25.685,24.816,30.7704
2026-04-02 14:00:00,91,1,SEG-R,246.054,246.1468,24.161,23.291,30.7704
2026-04-02 14:00:00,91,1,SEG-S,245.9267,246.1647,22.787,21.885,30.7704
2026-04-02 14:00:00,91,1,SEG-T,246.0509,246.2783,21.493,20.727,30.7704
2026-04-02 22:00:00,91,2,SEG-A,152.224,152.2403,48.119,47.156,19.0343
2026-04-02 22:00:00,91,2,SEG-B,152.2708,151.9659,46.491,45.524,18.9983
2026-04-02 22:00:00,91,2,SEG-C,151.9266,152.0562,45.122,44.552,18.9983
2026-04-02 22:00:00,91,2,SEG-D,151.8655,151.8868,43.767,42.547,18.9856
2026-04-02 22:00:00,91,2,SEG-E,151.9098,151.9163,42.321,41.578,18.9856
2026-04-02 22:00:00,91,2,SEG-F,151.8761,151.9218,40.897,40.167,18.9856
2026-04-02 22:00:00,91,2,SEG-G,151.9136,151.818,39.639,38.798,18.9856
2026-04-02 22:00:00,91,2,SEG-H,151.8506,151.8294,38.032,37.455,18.9856
2026-04-02 22:00:00,91,2,SEG-I,151.8484,151.8505,36.706,35.777,18.9856
2026-04-02 22:00:00,91,2,SEG-J,151.8539,151.8014,35.485,34.619,18.9856
2026-04-02 22:00:00,91,2,SEG-K,151.8903,151.8105,34.114,32.948,18.9856
2026-04-02 22:00:00,91,2,SEG-L,151.8925,151.8772,32.51,31.888,18.9856
2026-04-02 22:00:00,91,2,SEG-M,151.9355,151.8965,31.153,30.366,18.9856
2026-04-02 22:00:00,91,2,SEG-N,151.8536,151.8775,29.816,29.025,18.9856
2026-04-02 22:00:00,91,2,SEG-O,151.8951,151.7699,28.439,27.648,18.9856
2026-04-02 22:00:00,91,2,SEG-P,151.9132,151.8666,27.1,26.319,18.9856
2026-04-02 22:00:00,91,2,SEG-Q,151.8436,151.8804,25.4,24.624,18.9856
2026-04-02 22:00:00,91,2,SEG-R,151.8143,151.8308,24.112,23.393,18.9856
2026-04-02 22:00:00,91,2,SEG-S,151.8284,151.8828,22.742,21.986,18.9856
2026-04-02 22:00:00,91,2,SEG-T,151.8689,151.9017,21.574,20.586,18.9856
2026-04-03 06:00:00,92,0,SEG-A,233.4281,233.7466,47.912,47.025,29.2203
2026-04-03 06:00:00,92,0,SEG-B,233.5205,233.2518,46.658,45.463,29.1693
2026-04-03 06:00:00,92,0,SEG-C,233.4131,233.5443,45.136,44.297,29.1693
2026-04-03 06:00:00,92,0,SEG-D,233.3439,233.3369,43.506,42.627,29.1505
2026-04-03 06:00:00,92,0,SEG-E,233.2199,233.1049,42.67,41.664,29.1505
2026-04-03 06:00:00,92,0,SEG-F,232.9568,233.1382,40.978,40.269,29.1505
2026-04-03 06:00:00,92,0,SEG-G,233.4098,233.2056,39.591,38.609,29.1505
2026-04-03 06:00:00,92,0,SEG-H,233.1646,233.2337,38.365,37.437,29.1505
2026-04-03 06:00:00,92,0,SEG-I,233.1937,233.1739,37.008,35.885,29.1505
2026-04-03 06:00:00,92,0,SEG-J,233.1358,233.1523,35.414,34.481,29.1505
2026-04-03 06:00:00,92,0,SEG-K,233.2353,233.1549,33.924,33.089,29.1505
2026-04-03 06:00:00,92,0,SEG-L,233.0596,233.2191,32.663,31.689,29.1505
2026-04-03 06:00:00,92,0,SEG-M,233.1456,233.0484,31.291,30.136,29.1505
2026-04-03 06:00:00,92,0,SEG-N,233.2292,233.1143,29.772,28.89,29.1505
2026-04-03 06:00:00,92,0,SEG-O,233.4066,233.4844,28.445,27.473,29.1505
2026-04-03 06:00:00,92,0,SEG-P,233.2447,233.2177,26.867,26.156,29.1505
2026-04-03 06:00:00,92,0,SEG-Q,233.2879,233.3571,25.604,24.762,29.1505
2026-04-03 06:00:00,92,0,SEG-R,233.1159,233.1665,24.091,23.408,29.1505
2026-04-03 06:00:00,92,0,SEG-S,233.3605,233.2173,22.679,21.854,29.1505
2026-04-03 06:00:00,92,0,SEG-T,233.1848,233.3333,21.195,20.567,29.1505
2026-04-03 14:00:00,92,1,SEG-A,292.487,292.7752,48.061,47.282,36.5907
2026-04-03 14:00:00,92,1,SEG-B,292.8968,292.176,46.651,45.319,36.5277
2026-04-03 14:00:00,92,1,SEG-C,292.3604,292.1803,45.259,44.661,36.5277
2026-04-03 14:00:00,92,1,SEG-D,292.1758,291.963,43.806,42.623,36.5045
2026-04-03 14:00:00,92,1,SEG-E,292.0535,292.0406,42.479,41.743,36.5045
2026-04-03 14:00:00,92,1,SEG-F,291.9783,291.8491,41.059,40.288,36.5045
2026-04-03 14:00:00,92,1,SEG-G,292.1626,291.9525,39.584,38.667,36.5045
2026-04-03 14:00:00,92,1,SEG-H,291.9239,291.8421,38.154,37.478,36.5045
2026-04-03 14:00:00,92,1,SEG-I,292.4069,292.0894,36.889,35.813,36.5045
2026-04-03 14:00:00,92,1,SEG-J,292.1057,292.1256,35.363,34.515,36.5045
2026-04-03 14:00:00,92,1,SEG-K,292.008,292.1269,34.005,32.951,36.5045
2026-04-03 14:00:00,92,1,SEG-L,292.1179,292.0213,32.677,31.839,36.5045
2026-04-03 14:00:00,92,1,SEG-M,292.0582,292.0265,31.182,30.269,36.5045
2026-04-03 14:00:00,92,1,SEG-N,292.1115,291.8493,29.727,28.893,36.5045
2026-04-03 14:00:00,92,1,SEG-O,291.9754,292.0962,28.353,27.631,36.5045
2026-04-03 14:00:00,92,1,SEG-P,292.0808,291.9389,26.845,26.056,36.5045
2026-04-03 14:00:00,92,1,SEG-Q,292.0627,291.9973,25.711,24.759,36.5045
2026-04-03 14:00:00,92,1,SEG-R,291.827,292.127,24.28,23.448,36.5045
2026-04-03 14:00:00,92,1,SEG-S,292.1365,292.106,22.773,21.786,36.5045
2026-04-03 14:00:00,92,1,SEG-T,292.1567,292.0813,21.489,20.352,36.5045
2026-04-03 22:00:00,92,2,SEG-A,190.8021,190.7834,47.937,47.306,23.8584
2026-04-03 22:00:00,92,2,SEG-B,190.8272,190.6165,46.499,45.368,23.8224
2026-04-03 22:00:00,92,2,SEG-C,190.7301,190.5329,45.102,44.363,23.8224
2026-04-03 22:00:00,92,2,SEG-D,190.5121,190.4986,43.76,42.779,23.8091
2026-04-03 22:00:00,92,2,SEG-E,190.4646,190.5384,42.438,41.713,23.8091
2026-04-03 22:00:00,92,2,SEG-F,190.3971,190.4691,40.895,39.868,23.8091
2026-04-03 22:00:00,92,2,SEG-G,190.5028,190.5261,39.817,38.819,23.8091
2026-04-03 22:00:00,92,2,SEG-H,190.526,190.2782,38.336,37.272,23.8091
2026-04-03 22:00:00,92,2,SEG-I,190.3857,190.4716,36.925,36.02,23.8091
2026-04-03 22:00:00,92,2,SEG-J,190.5082,190.5801,35.628,34.757,23.8091
2026-04-03 22:00:00,92,2,SEG-K,190.5634,190.4724,33.826,33.219,23.8091
2026-04-03 22:00:00,92,2,SEG-L,190.3416,190.4355,32.462,31.89,23.8091
2026-04-03 22:00:00,92,2,SEG-M,190.381,190.4634,31.348,30.326,23.8091
2026-04-03 22:00:00,92,2,SEG-N,190.372,190.4032,29.71,28.7,23.8091
2026-04-03 22:00:00,92,2,SEG-O,190.507,190.5027,28.269,27.852,23.8091
2026-04-03 22:00:00,92,2,SEG-P,190.5115,190.464,27.046,26.132,23.8091
2026-04-03 22:00:00,92,2,SEG-Q,190.4518,190.5284,25.841,24.808,23.8091
2026-04-03 22:00:00,92,2,SEG-R,190.6065,190.4854,23.977,23.391,23.8091
2026-04-03 22:00:00,92,2,SEG-S,190.3369,190.5076,22.807,21.739,23.8091
2026-04-03 22:00:00,92,2,SEG-T,190.3725,190.3045,21.379,20.454,23.8091
2026-04-04 06:00:00,93,0,SEG-A,251.5016,251.4865,47.912,47.226,31.4309
2026-04-04 06:00:00,93,0,SEG-B,251.2634,251.0997,46.379,45.173,31.3799
2026-04-04 06:00:00,93,0,SEG-C,250.9849,251.0525,45.226,44.499,31.3799
2026-04-04 06:00:00,93,0,SEG-D,250.9028,250.8249,43.746,42.697,31.3604
2026-04-04 06:00:00,93,0,SEG-E,251.0187,250.8663,42.405,41.495,31.3604
2026-04-04 06:00:00,93,0,SEG-F,251.0111,250.9568,40.714,40.015,31.3604
2026-04-04 06:00:00,93,0,SEG-G,251.0152,250.8847,39.873,38.783,31.3604
2026-04-04 06:00:00,93,0,SEG-H,250.9618,250.9386,38.081,37.211,31.3604
2026-04-04 06:00:00,93,0,SEG-I,250.8338,250.7665,36.851,35.991,31.3604
2026-04-04 06:00:00,93,0,SEG-J,250.9849,250.8946,35.379,34.772,31.3604
2026-04-04 06:00:00,93,0,SEG-K,250.8961,250.9209,33.866,33.131,31.3604
2026-04-04 06:00:00,93,0,SEG-L,250.8119,250.8913,32.483,31.632,31.3604
2026-04-04 06:00:00,93,0,SEG-M,250.7221,250.7292,31.309,30.105,31.3604
2026-04-04 06:00:00,93,0,SEG-N,250.9429,250.7836,29.904,29.149,31.3604
2026-04-04 06:00:00,93,0,SEG-O,250.8039,251.0623,28.279,27.548,31.3604
2026-04-04 06:00:00,93,0,SEG-P,250.9059,250.9442,27.0,26.211,31.3604
2026-04-04 06:00:00,93,0,SEG-Q,250.8793,250.9823,25.646,24.859,31.3604
2026-04-04 06:00:00,93,0,SEG-R,250.7529,250.8407,24.412,23.068,31.3604
2026-04-04 06:00:00,93,0,SEG-S,250.8212,250.7804,22.954,22.08,31.3604
2026-04-04 06:00:00,93,0,SEG-T,250.9497,251.0143,21.541,20.556,31.3604
2026-04-04 14:00:00,93,1,SEG-A,278.1699,278.059,48.033,47.447,34.7725
2026-04-04 14:00:00,93,1,SEG-B,278.0316,277.6623,46.62,45.386,34.7095
2026-04-04 14:00:00,93,1,SEG-C,277.7068,277.5934,45.135,44.492,34.7095
2026-04-04 14:00:00,93,1,SEG-D,277.5567,277.5714,43.819,42.531,34.6853
2026-04-04 14:00:00,93,1,SEG-E,277.6265,277.572,42.366,41.486,34.6853
2026-04-04 14:00:00,93,1,SEG-F,277.4183,277.3246,41.1,40.063,34.6853
2026-04-04 14:00:00,93,1,SEG-G,277.6553,277.6063,39.724,38.799,34.6853
2026-04-04 14:00:00,93,1,SEG-H,277.3751,277.4511,38.271,37.338,34.6853
2026-04-04 14:00:00,93,1,SEG-I,277.5277,277.3911,36.734,35.904,34.6853
2026-04-04 14:00:00,93,1,SEG-J,277.4921,277.3103,35.599,34.304,34.6853
2026-04-04 14:00:00,93,1,SEG-K,277.5932,277.6408,33.975,32.992,34.6853
2026-04-04 14:00:00,93,1,SEG-L,277.3978,277.5624,32.81,31.733,34.6853
2026-04-04 14:00:00,93,1,SEG-M,277.6225,277.5652,31.094,30.239,34.6853
2026-04-04 14:00:00,93,1,SEG-N,277.3806,277.3317,29.679,28.98,34.6853
2026-04-04 14:00:00,93,1,SEG-O,277.666,277.5614,28.402,27.491,34.6853
2026-04-04 14:00:00,93,1,SEG-P,277.4089,277.4751,27.042,26.204,34.6853
2026-04-04 14:00:00,93,1,SEG-Q,277.6234,277.3289,25.374,24.798,34.6853
2026-04-04 14:00:00,93,1,SEG-R,277.3023,277.4995,24.034,23.418,34.6853
2026-04-04 14:00:00,93,1,SEG-S,277.4032,277.5129,22.818,22.002,34.6853
2026-04-04 14:00:00,93,1,SEG-T,277.4656,277.379,21.416,20.349,34.6853
2026-04-04 22:00:00,93,2,SEG-A,174.6132,174.5956,47.999,46.996,21.8176
2026-04-04 22:00:00,93,2,SEG-B,174.5873,174.1624,46.572,45.428,21.7816
2026-04-04 22:00:00,93,2,SEG-C,174.3182,174.2789,45.215,44.348,21.7816
2026-04-04 22:00:00,93,2,SEG-D,174.1202,174.1122,43.74,42.464,21.7677
2026-04-04 22:00:00,93,2,SEG-E,174.2014,174.0342,42.523,41.344,21.7677
2026-04-04 22:00:00,93,2,SEG-F,174.0948,174.2466,40.956,39.883,21.7677
2026-04-04 22:00:00,93,2,SEG-G,174.1177,174.1332,39.641,38.79,21.7677
2026-04-04 22:00:00,93,2,SEG-H,174.0899,174.2473,38.193,37.332,21.7677
2026-04-04 22:00:00,93,2,SEG-I,174.131,174.1546,36.799,35.871,21.7677
2026-04-04 22:00:00,93,2,SEG-J,174.0403,173.9416,35.498,34.55,21.7677
2026-04-04 22:00:00,93,2,SEG-K,174.2241,174.28,34.221,33.109,21.7677
2026-04-04 22:00:00,93,2,SEG-L,174.1172,174.0951,32.772,31.805,21.7677
2026-04-04 22:00:00,93,2,SEG-M,174.1382,174.1281,31.132,30.165,21.7677
2026-04-04 22:00:00,93,2,SEG-N,174.32,174.1204,29.81,28.675,21.7677
2026-04-04 22:00:00,93,2,SEG-O,174.2757,174.1045,28.4,27.636,21.7677
2026-04-04 22:00:00,93,2,SEG-P,174.2411,174.0401,26.941,26.295,21.7677
2026-04-04 22:00:00,93,2,SEG-Q,173.9321,174.0478,25.588,24.773,21.7677
2026-04-04 22:00:00,93,2,SEG-R,174.1066,174.3176,24.347,23.156,21.7677
2026-04-04 22:00:00,93,2,SEG-S,174.1063,174.153,22.854,21.96,21.7677
2026-04-04 22:00:00,93,2,SEG-T,174.1471,174.073,21.52,20.593,21.7677
2026-04-05 06:00:00,94,0,SEG-A,224.133,224.3549,48.105,47.294,28.0162
2026-04-05 06:00:00,94,0,SEG-B,224.286,223.8045,46.573,45.419,27.9652
2026-04-05 06:00:00,94,0,SEG-C,223.7023,223.8026,45.111,44.375,27.9652
2026-04-05 06:00:00,94,0,SEG-D,223.785,223.7331,43.717,42.752,27.9448
2026-04-05 06:00:00,94,0,SEG-E,223.6048,223.6605,42.561,41.6,27.9448
2026-04-05 06:00:00,94,0,SEG-F,223.5646,223.5057,41.073,40.097,27.9448
2026-04-05 06:00:00,94,0,SEG-G,223.5865,223.6751,39.578,38.584,27.9448
2026-04-05 06:00:00,94,0,SEG-H,223.5076,223.5167,38.499,37.491,27.9448
2026-04-05 06:00:00,94,0,SEG-I,223.4669,223.5937,36.659,35.796,27.9448
2026-04-05 06:00:00,94,0,SEG-J,223.5705,223.7388,35.396,34.722,27.9448
2026-04-05 06:00:00,94,0,SEG-K,223.5738,223.523,34.044,33.045,27.9448
2026-04-05 06:00:00,94,0,SEG-L,223.5044,223.4172,32.374,31.597,27.9448
2026-04-05 06:00:00,94,0,SEG-M,223.529,223.5025,31.232,30.269,27.9448
2026-04-05 06:00:00,94,0,SEG-N,223.5465,223.4687,29.601,28.82,27.9448
2026-04-05 06:00:00,94,0,SEG-O,223.3906,223.4957,28.367,27.649,27.9448
2026-04-05 06:00:00,94,0,SEG-P,223.7727,223.7674,26.961,26.419,27.9448
2026-04-05 06:00:00,94,0,SEG-Q,223.5814,223.5503,25.369,24.949,27.9448
2026-04-05 06:00:00,94,0,SEG-R,223.5788,223.6413,24.13,23.339,27.9448
2026-04-05 06:00:00,94,0,SEG-S,223.5508,223.6704,22.921,21.865,27.9448
2026-04-05 06:00:00,94,0,SEG-T,223.7146,223.3746,21.35,20.555,27.9448
2026-04-05 14:00:00,94,1,SEG-A,232.6849,232.8051,47.864,47.068,29.0926
2026-04-05 14:00:00,94,1,SEG-B,232.7811,232.2994,46.578,45.557,29.0296
2026-04-05 14:00:00,94,1,SEG-C,232.0187,232.1796,45.174,44.356,29.0296
2026-04-05 14:00:00,94,1,SEG-D,232.2675,232.0606,43.879,42.59,29.0044
2026-04-05 14:00:00,94,1,SEG-E,232.0767,231.9303,42.429,41.449,29.0044
2026-04-05 14:00:00,94,1,SEG-F,231.9871,231.9975,40.974,40.326,29.0044
2026-04-05 14:00:00,94,1,SEG-G,232.1047,232.0473,39.624,38.774,29.0044
2026-04-05 14:00:00,94,1,SEG-H,232.0415,231.8614,38.323,37.365,29.0044
2026-04-05 14:00:00,94,1,SEG-I,232.0333,231.9509,36.807,36.18,29.0044
2026-04-05 14:00:00,94,1,SEG-J,231.9534,231.8829,35.306,34.577,29.0044
2026-04-05 14:00:00,94,1,SEG-K,232.0991,232.0437,34.227,32.983,29.0044
2026-04-05 14:00:00,94,1,SEG-L,232.1527,232.1441,32.698,31.686,29.0044
2026-04-05 14:00:00,94,1,SEG-M,231.9394,231.8712,31.422,30.172,29.0044
2026-04-05 14:00:00,94,1,SEG-N,231.7248,232.1116,29.839,28.94,29.0044
2026-04-05 14:00:00,94,1,SEG-O,232.0868,232.0488,28.502,27.564,29.0044
2026-04-05 14:00:00,94,1,SEG-P,232.1098,231.9045,27.083,26.144,29.0044
2026-04-05 14:00:00,94,1,SEG-Q,232.118,232.0633,25.507,24.782,29.0044
2026-04-05 14:00:00,94,1,SEG-R,232.1694,231.8529,24.23,23.531,29.0044
2026-04-05 14:00:00,94,1,SEG-S,232.05,232.0473,22.715,22.073,29.0044
2026-04-05 14:00:00,94,1,SEG-T,231.8151,232.1476,21.439,20.611,29.0044
2026-04-05 22:00:00,94,2,SEG-A,155.1041,155.1143,48.089,47.042,19.3979
2026-04-05 22:00:00,94,2,SEG-B,155.1555,154.7791,46.865,45.38,19.3619
2026-04-05 22:00:00,94,2,SEG-C,154.9799,154.9715,44.996,44.344,19.3619
2026-04-05 22:00:00,94,2,SEG-D,155.0496,154.7684,43.641,42.53,19.3475
2026-04-05 22:00:00,94,2,SEG-E,154.805,154.7001,42.715,41.451,19.3475
2026-04-05 22:00:00,94,2,SEG-F,154.7553,154.809,41.01,40.151,19.3475
2026-04-05 22:00:00,94,2,SEG-G,154.8087,154.6942,39.62,38.555,19.3475
2026-04-05 22:00:00,94,2,SEG-H,154.7251,154.7396,38.143,37.495,19.3475
2026-04-05 22:00:00,94,2,SEG-I,154.804,154.8649,36.585,35.795,19.3475
2026-04-05 22:00:00,94,2,SEG-J,154.6985,154.8252,35.38,34.512,19.3475
2026-04-05 22:00:00,94,2,SEG-K,154.8069,154.7853,33.892,33.232,19.3475
2026-04-05 22:00:00,94,2,SEG-L,154.8238,154.7846,32.62,31.767,19.3475
2026-04-05 22:00:00,94,2,SEG-M,154.7022,154.7806,30.992,30.264,19.3475
2026-04-05 22:00:00,94,2,SEG-N,154.7146,154.7497,29.854,28.786,19.3475
2026-04-05 22:00:00,94,2,SEG-O,154.7587,154.6798,28.379,27.338,19.3475
2026-04-05 22:00:00,94,2,SEG-P,154.7134,154.7486,27.269,26.138,19.3475
2026-04-05 22:00:00,94,2,SEG-Q,154.7865,154.8708,25.657,24.741,19.3475
2026-04-05 22:00:00,94,2,SEG-R,154.7635,154.7948,24.198,23.267,19.3475
2026-04-05 22:00:00,94,2,SEG-S,154.7199,154.7151,22.84,21.783,19.3475
2026-04-05 22:00:00,94,2,SEG-T,154.7281,154.9215,21.337,20.544,19.3475
2026-04-06 06:00:00,95,0,SEG-A,230.8471,230.6558,48.045,47.131,28.8558
2026-04-06 06:00:00,95,0,SEG-B,230.8531,230.2755,46.703,45.423,28.8048
2026-04-06 06:00:00,95,0,SEG-C,230.3662,230.4926,45.201,44.176,28.8048
2026-04-06 06:00:00,95,0,SEG-D,230.3425,230.2288,43.769,42.371,28.7836
2026-04-06 06:00:00,95,0,SEG-E,230.4155,230.3144,42.348,41.511,28.7836
2026-04-06 06:00:00,95,0,SEG-F,230.2966,230.0406,41.154,40.212,28.7836
2026-04-06 06:00:00,95,0,SEG-G,230.312,230.3661,39.614,38.838,28.7836
2026-04-06 06:00:00,95,0,SEG-H,230.2194,230.2845,38.116,37.308,28.7836
2026-04-06 06:00:00,95,0,SEG-I,230.2937,230.319,36.623,35.942,28.7836
2026-04-06 06:00:00,95,0,SEG-J,230.0337,230.3919,35.432,34.425,28.7836
2026-04-06 06:00:00,95,0,SEG-K,230.2283,230.1203,34.011,33.262,28.7836
2026-04-06 06:00:00,95,0,SEG-L,230.2007,230.3916,32.52,31.817,28.7836
2026-04-06 06:00:00,95,0,SEG-M,230.3136,230.5653,31.286,30.394,28.7836
2026-04-06 06:00:00,95,0,SEG-N,230.3144,230.2053,29.946,28.967,28.7836
2026-04-06 06:00:00,95,0,SEG-O,230.1673,230.2372,28.538,27.519,28.7836
2026-04-06 06:00:00,95,0,SEG-P,230.3798,230.3914,27.056,25.993,28.7836
2026-04-06 06:00:00,95,0,SEG-Q,230.2144,230.2447,25.735,24.621,28.7836
2026-04-06 06:00:00,95,0,SEG-R,230.3099,230.2245,24.179,23.125,28.7836
2026-04-06 06:00:00,95,0,SEG-S,230.1846,230.2655,22.979,21.97,28.7836
2026-04-06 06:00:00,95,0,SEG-T,230.2532,230.3587,21.329,20.719,28.7836
2026-04-06 14:00:00,95,1,SEG-A,299.8872,299.8587,48.004,46.991,37.5039
2026-04-06 14:00:00,95,1,SEG-B,300.2353,299.3764,46.59,45.269,37.4409
2026-04-06 14:00:00,95,1,SEG-C,299.5547,299.5495,45.132,44.355,37.4409
2026-04-06 14:00:00,95,1,SEG-D,299.4172,298.9469,43.65,42.531,37.4147
2026-04-06 14:00:00,95,1,SEG-E,299.3705,299.4712,42.424,41.562,37.4147
2026-04-06 14:00:00,95,1,SEG-F,299.1628,299.3265,40.946,40.316,37.4147
2026-04-06 14:00:00,95,1,SEG-G,299.4459,299.2641,39.767,38.486,37.4147
2026-04-06 14:00:00,95,1,SEG-H,299.1975,299.2568,38.171,37.252,37.4147
2026-04-06 14:00:00,95,1,SEG-I,299.2521,299.4315,36.828,36.057,37.4147
2026-04-06 14:00:00,95,1,SEG-J,299.3834,299.2661,35.358,34.563,37.4147
2026-04-06 14:00:00,95,1,SEG-K,299.2312,299.4624,34.141,33.269,37.4147
2026-04-06 14:00:00,95,1,SEG-L,299.2594,299.3316,32.692,31.816,37.4147
2026-04-06 14:00:00,95,1,SEG-M,299.4462,299.3547,31.077,30.368,37.4147
2026-04-06 14:00:00,95,1,SEG-N,299.1029,299.2671,29.714,28.827,37.4147
2026-04-06 14:00:00,95,1,SEG-O,299.4507,299.3321,28.558,27.542,37.4147
2026-04-06 14:00:00,95,1,SEG-P,299.3184,299.5227,26.861,26.174,37.4147
2026-04-06 14:00:00,95,1,SEG-Q,299.1981,299.4332,25.644,24.628,37.4147
2026-04-06 14:00:00,95,1,SEG-R,299.3115,299.4944,24.345,23.314,37.4147
2026-04-06 14:00:00,95,1,SEG-S,299.3941,299.1147,22.806,21.953,37.4147
2026-04-06 14:00:00,95,1,SEG-T,299.349,299.1186,21.503,20.441,37.4147
2026-04-06 22:00:00,95,2,SEG-A,140.1827,140.1722,48.013,47.087,17.5123
2026-04-06 22:00:00,95,2,SEG-B,140.1628,139.8618,46.824,45.294,17.4763
2026-04-06 22:00:00,95,2,SEG-C,139.721,139.7736,45.319,44.411,17.4763
2026-04-06 22:00:00,95,2,SEG-D,139.8459,139.7058,43.793,42.589,17.4613
2026-04-06 22:00:00,95,2,SEG-E,139.7465,139.7172,42.185,41.553,17.4613
2026-04-06 22:00:00,95,2,SEG-F,139.7165,139.6757,41.097,40.04,17.4613
2026-04-06 22:00:00,95,2,SEG-G,139.7616,139.6813,39.543,38.709,17.4613
2026-04-06 22:00:00,95,2,SEG-H,139.7485,139.6467,38.248,37.427,17.4613
2026-04-06 22:00:00,95,2,SEG-I,139.6733,139.6263,36.817,35.779,17.4613
2026-04-06 22:00:00,95,2,SEG-J,139.7482,139.7931,35.446,34.612,17.4613
2026-04-06 22:00:00,95,2,SEG-K,139.5412,139.6696,33.974,33.168,17.4613
2026-04-06 22:00:00,95,2,SEG-L,139.6902,139.7667,32.491,31.874,17.4613
2026-04-06 22:00:00,95,2,SEG-M,139.636,139.5952,31.019,30.329,17.4613
2026-04-06 22:00:00,95,2,SEG-N,139.6685,139.6329,29.981,28.954,17.4613
2026-04-06 22:00:00,95,2,SEG-O,139.5791,139.5774,28.399,27.408,17.4613
2026-04-06 22:00:00,95,2,SEG-P,139.6605,139.6556,26.993,26.256,17.4613
2026-04-06 22:00:00,95,2,SEG-Q,139.8313,139.6274,25.861,24.75,17.4613
2026-04-06 22:00:00,95,2,SEG-R,139.6557,139.6419,24.158,23.305,17.4613
2026-04-06 22:00:00,95,2,SEG-S,139.6844,139.6463,22.673,21.849,17.4613
2026-04-06 22:00:00,95,2,SEG-T,139.6346,139.7122,21.376,20.735,17.4613
2026-04-07 06:00:00,96,0,SEG-A,280.1123,279.9015,48.04,47.274,34.9964
2026-04-07 06:00:00,96,0,SEG-B,279.8473,279.6125,46.549,45.242,34.9454
2026-04-07 06:00:00,96,0,SEG-C,279.5307,279.4516,45.074,44.335,34.9454
2026-04-07 06:00:00,96,0,SEG-D,279.5972,279.7832,43.719,42.522,34.9233
2026-04-07 06:00:00,96,0,SEG-E,279.3623,279.4368,42.214,41.483,34.9233
2026-04-07 06:00:00,96,0,SEG-F,279.4279,279.2723,41.1,40.28,34.9233
2026-04-07 06:00:00,96,0,SEG-G,279.3575,279.572,39.553,38.732,34.9233
2026-04-07 06:00:00,96,0,SEG-H,279.3488,279.4467,38.232,37.421,34.9233
2026-04-07 06:00:00,96,0,SEG-I,279.3471,279.4454,36.714,35.97,34.9233
2026-04-07 06:00:00,96,0,SEG-J,279.4799,279.5319,35.198,34.821,34.9233
2026-04-07 06:00:00,96,0,SEG-K,279.3966,279.4433,33.957,33.227,34.9233
2026-04-07 06:00:00,96,0,SEG-L,279.4038,279.4898,32.567,31.651,34.9233
2026-04-07 06:00:00,96,0,SEG-M,279.3921,279.2779,31.243,30.484,34.9233
2026-04-07 06:00:00,96,0,SEG-N,279.299,279.2635,29.612,28.872,34.9233
2026-04-07 06:00:00,96,0,SEG-O,279.362,279.3289,28.53,27.667,34.9233
2026-04-07 06:00:00,96,0,SEG-P,279.4478,279.4762,27.134,26.19,34.9233
2026-04-07 06:00:00,96,0,SEG-Q,279.5098,279.4613,25.665,24.411,34.9233
2026-04-07 06:00:00,96,0,SEG-R,279.3726,279.3722,23.98,23.368,34.9233
2026-04-07 06:00:00,96,0,SEG-S,279.4803,279.2736,22.814,21.838,34.9233
2026-04-07 06:00:00,96,0,SEG-T,279.6948,279.3503,21.515,20.559,34.9233
2026-04-07 14:00:00,96,1,SEG-A,304.854,304.9786,47.954,47.091,38.12
2026-04-07 14:00:00,96,1,SEG-B,304.9597,304.6731,46.703,45.539,38.057
2026-04-07 14:00:00,96,1,SEG-C,304.3785,304.4567,45.098,44.38,38.057
2026-04-07 14:00:00,96,1,SEG-D,304.3497,304.1993,43.797,42.655,38.0297
2026-04-07 14:00:00,96,1,SEG-E,304.4217,304.2691,42.443,41.609,38.0297
2026-04-07 14:00:00,96,1,SEG-F,304.371,304.4568,40.955,40.043,38.0297
2026-04-07 14:00:00,96,1,SEG-G,304.0728,304.3044,39.557,38.859,38.0297
2026-04-07 14:00:00,96,1,SEG-H,304.1185,304.1493,38.185,37.283,38.0297
2026-04-07 14:00:00,96,1,SEG-I,304.2897,304.1532,36.841,35.851,38.0297
2026-04-07 14:00:00,96,1,SEG-J,304.3389,304.2485,35.556,34.551,38.0297
2026-04-07 14:00:00,96,1,SEG-K,304.2294,304.1827,34.064,32.942,38.0297
2026-04-07 14:00:00,96,1,SEG-L,304.112,304.1746,32.562,31.88,38.0297
2026-04-07 14:00:00,96,1,SEG-M,303.9496,304.2983,31.352,30.281,38.0297
2026-04-07 14:00:00,96,1,SEG-N,304.1127,304.1806,29.686,29.007,38.0297
2026-04-07 14:00:00,96,1,SEG-O,304.2138,304.2717,28.487,27.62,38.0297
2026-04-07 14:00:00,96,1,SEG-P,304.2224,304.1804,26.865,26.021,38.0297
2026-04-07 14:00:00,96,1,SEG-Q,304.2984,304.173,25.672,24.702,38.0297
2026-04-07 14:00:00,96,1,SEG-R,304.2942,304.2164,24.126,23.238,38.0297
2026-04-07 14:00:00,96,1,SEG-S,304.0087,304.1374,22.677,21.857,38.0297
2026-04-07 14:00:00,96,1,SEG-T,304.2784,304.2461,21.413,20.73,38.0297
2026-04-07 22:00:00,96,2,SEG-A,150.4602,150.5004,47.911,47.112,18.8084
2026-04-07 22:00:00,96,2,SEG-B,150.5659,150.237,46.582,45.54,18.7724
2026-04-07 22:00:00,96,2,SEG-C,150.2043,150.2093,45.298,44.376,18.7724
2026-04-07 22:00:00,96,2,SEG-D,150.1842,149.9012,43.764,42.651,18.7568
2026-04-07 22:00:00,96,2,SEG-E,150.0891,150.0848,42.351,41.548,18.7568
2026-04-07 22:00:00,96,2,SEG-F,149.929,150.1434,41.069,40.055,18.7568
2026-04-07 22:00:00,96,2,SEG-G,150.018,149.9483,39.449,38.645,18.7568
2026-04-07 22:00:00,96,2,SEG-H,149.9928,150.0474,38.158,37.399,18.7568
2026-04-07 22:00:00,96,2,SEG-I,150.0668,150.0734,36.799,35.939,18.7568
2026-04-07 22:00:00,96,2,SEG-J,149.9802,149.9915,35.535,34.64,18.7568
2026-04-07 22:00:00,96,2,SEG-K,150.0951,149.9625,33.905,33.098,18.7568
2026-04-07 22:00:00,96,2,SEG-L,150.0319,150.079,32.495,31.862,18.7568
2026-04-07 22:00:00,96,2,SEG-M,149.9647,150.0446,31.231,30.183,18.7568
2026-04-07 22:00:00,96,2,SEG-N,150.0678,150.1674,29.671,29.132,18.7568
2026-04-07 22:00:00,96,2,SEG-O,150.1348,150.1055,28.602,27.583,18.7568
2026-04-07 22:00:00,96,2,SEG-P,150.0597,150.1506,27.018,25.952,18.7568
2026-04-07 22:00:00,96,2,SEG-Q,149.8752,149.9599,25.744,24.664,18.7568
2026-04-07 22:00:00,96,2,SEG-R,150.1122,150.1202,24.365,23.463,18.7568
2026-04-07 22:00:00,96,2,SEG-S,149.9997,150.0811,22.716,21.968,18.7568
2026-04-07 22:00:00,96,2,SEG-T,150.0499,150.0549,21.457,20.445,18.7568
2026-04-08 06:00:00,97,0,SEG-A,250.7073,250.7021,48.13,47.186,31.3185
2026-04-08 06:00:00,97,0,SEG-B,250.6435,250.1523,46.578,45.382,31.2675
2026-04-08 06:00:00,97,0,SEG-C,250.3373,250.0227,45.237,44.433,31.2675
2026-04-08 06:00:00,97,0,SEG-D,250.0928,249.8394,43.809,42.488,31.2445
2026-04-08 06:00:00,97,0,SEG-E,250.019,249.9602,42.427,41.596,31.2445
2026-04-08 06:00:00,97,0,SEG-F,249.9561,250.0445,40.996,39.933,31.2445
2026-04-08 06:00:00,97,0,SEG-G,249.9052,249.9705,39.85,38.771,31.2445
2026-04-08 06:00:00,97,0,SEG-H,250.0111,250.033,38.037,37.495,31.2445
2026-04-08 06:00:00,97,0,SEG-I,249.9324,249.8552,36.828,35.946,31.2445
2026-04-08 06:00:00,97,0,SEG-J,249.9574,250.0671,35.45,34.529,31.2445
2026-04-08 06:00:00,97,0,SEG-K,249.6949,249.9884,33.772,32.94,31.2445
2026-04-08 06:00:00,97,0,SEG-L,249.8921,250.0226,32.723,31.732,31.2445
2026-04-08 06:00:00,97,0,SEG-M,249.9732,249.8382,31.052,30.423,31.2445
2026-04-08 06:00:00,97,0,SEG-N,249.944,250.033,29.861,28.898,31.2445
2026-04-08 06:00:00,97,0,SEG-O,249.9245,250.0074,28.336,27.285,31.2445
2026-04-08 06:00:00,97,0,SEG-P,249.9915,250.0765,26.846,26.296,31.2445
2026-04-08 06:00:00,97,0,SEG-Q,250.0736,249.8246,25.324,24.864,31.2445
2026-04-08 06:00:00,97,0,SEG-R,249.925,249.8658,24.143,23.243,31.2445
2026-04-08 06:00:00,97,0,SEG-S,249.8941,249.9671,22.941,21.994,31.2445
2026-04-08 06:00:00,97,0,SEG-T,249.9276,249.9829,21.554,20.537,31.2445
2026-04-08 14:00:00,97,1,SEG-A,297.3352,297.25,48.145,47.033,37.1643
2026-04-08 14:00:00,97,1,SEG-B,297.3375,296.7989,46.675,45.463,37.1013
2026-04-08 14:00:00,97,1,SEG-C,296.8738,296.7459,45.218,44.291,37.1013
2026-04-08 14:00:00,97,1,SEG-D,296.7553,296.6032,44.005,42.57,37.0729
2026-04-08 14:00:00,97,1,SEG-E,296.5999,296.384,42.452,41.633,37.0729
2026-04-08 14:00:00,97,1,SEG-F,296.6125,296.5511,41.015,40.172,37.0729
2026-04-08 14:00:00,97,1,SEG-G,296.7903,296.6066,39.608,38.693,37.0729
2026-04-08 14:00:00,97,1,SEG-H,296.3619,296.5963,38.317,37.365,37.0729
2026-04-08 14:00:00,97,1,SEG-I,296.4268,296.6363,36.915,35.782,37.0729
2026-04-08 14:00:00,97,1,SEG-J,296.7415,296.7325,35.306,34.639,37.0729
2026-04-08 14:00:00,97,1,SEG-K,296.653,296.7363,33.843,33.163,37.0729
2026-04-08 14:00:00,97,1,SEG-L,296.6375,296.6396,32.583,31.699,37.0729
2026-04-08 14:00:00,97,1,SEG-M,296.5075,296.6488,31.109,30.397,37.0729
2026-04-08 14:00:00,97,1,SEG-N,296.6495,296.579,29.651,28.946,37.0729
2026-04-08 14:00:00,97,1,SEG-O,296.6676,296.5788,28.079,27.619,37.0729
2026-04-08 14:00:00,97,1,SEG-P,296.4755,296.5783,27.137,26.418,37.0729
2026-04-08 14:00:00,97,1,SEG-Q,296.5203,296.4357,25.389,24.856,37.0729
2026-04-08 14:00:00,97,1,SEG-R,296.6428,296.3997,24.29,23.084,37.0729
2026-04-08 14:00:00,97,1,SEG-S,296.9004,296.5009,22.895,21.916,37.0729
2026-04-08 14:00:00,97,1,SEG-T,296.4761,296.553,21.477,20.729,37.0729
2026-04-08 22:00:00,97,2,SEG-A,168.4617,168.6523,47.929,46.979,21.0593
2026-04-08 22:00:00,97,2,SEG-B,168.5308,168.1379,46.451,45.443,21.0233
2026-04-08 22:00:00,97,2,SEG-C,168.0506,168.1787,45.297,44.337,21.0233
2026-04-08 22:00:00,97,2,SEG-D,168.2796,167.9998,43.825,42.674,21.007
2026-04-08 22:00:00,97,2,SEG-E,168.1256,168.092,42.524,41.41,21.007
2026-04-08 22:00:00,97,2,SEG-F,168.0149,168.0062,41.081,40.079,21.007
2026-04-08 22:00:00,97,2,SEG-G,168.0456,168.0755,39.723,38.884,21.007
2026-04-08 22:00:00,97,2,SEG-H,168.0066,167.9699,38.254,37.382,21.007
2026-04-08 22:00:00,97,2,SEG-I,168.1452,168.0399,36.72,36.063,21.007
2026-04-08 22:00:00,97,2,SEG-J,167.9895,168.0184,35.314,34.579,21.007
2026-04-08 22:00:00,97,2,SEG-K,168.1911,168.0947,34.084,33.086,21.007
2026-04-08 22:00:00,97,2,SEG-L,168.0802,168.1486,32.381,31.634,21.007
2026-04-08 22:00:00,97,2,SEG-M,168.13,168.1385,31.01,30.316,21.007
2026-04-08 22:00:00,97,2,SEG-N,167.9762,168.0915,29.921,28.904,21.007
2026-04-08 22:00:00,97,2,SEG-O,168.0259,167.9864,28.574,27.649,21.007
2026-04-08 22:00:00,97,2,SEG-P,168.2229,167.9769,26.952,26.219,21.007
2026-04-08 22:00:00,97,2,SEG-Q,167.9603,168.0765,25.497,24.688,21.007
2026-04-08 22:00:00,97,2,SEG-R,168.077,167.9274,24.226,23.319,21.007
2026-04-08 22:00:00,97,2,SEG-S,168.0559,167.9711,22.737,22.005,21.007
2026-04-08 22:00:00,97,2,SEG-T,168.0841,168.092,21.702,20.67,21.007
2026-04-09 06:00:00,98,0,SEG-A,242.7837,242.8033,48.257,47.163,30.3392
2026-04-09 06:00:00,98,0,SEG-B,242.5717,242.3914,46.538,45.118,30.2882
2026-04-09 06:00:00,98,0,SEG-C,242.0318,242.3234,45.157,44.302,30.2882
2026-04-09 06:00:00,98,0,SEG-D,242.3731,242.1688,44.028,42.334,30.2643
2026-04-09 06:00:00,98,0,SEG-E,242.1056,242.1332,42.53,41.477,30.2643
2026-04-09 06:00:00,98,0,SEG-F,242.3114,241.9788,40.715,40.106,30.2643
2026-04-09 06:00:00,98,0,SEG-G,242.0786,242.1792,39.369,38.879,30.2643
2026-04-09 06:00:00,98,0,SEG-H,242.0995,242.1968,38.45,37.444,30.2643
2026-04-09 06:00:00,98,0,SEG-I,242.101,242.0365,36.633,35.931,30.2643
2026-04-09 06:00:00,98,0,SEG-J,242.0814,242.0715,35.4,34.536,30.2643
2026-04-09 06:00:00,98,0,SEG-K,242.1654,242.1715,33.985,33.388,30.2643
2026-04-09 06:00:00,98,0,SEG-L,242.0189,241.9597,32.695,31.699,30.2643
2026-04-09 06:00:00,98,0,SEG-M,242.1469,242.2081,31.2,30.317,30.2643
2026-04-09 06:00:00,98,0,SEG-N,242.0993,242.0931,29.796,28.965,30.2643
2026-04-09 06:00:00,98,0,SEG-O,242.0804,242.0161,28.58,27.583,30.2643
2026-04-09 06:00:00,98,0,SEG-P,242.0574,242.1818,26.954,25.932,30.2643
2026-04-09 06:00:00,98,0,SEG-Q,242.1247,242.3289,25.696,24.689,30.2643
2026-04-09 06:00:00,98,0,SEG-R,241.9694,242.2546,24.228,23.291,30.2643
2026-04-09 06:00:00,98,0,SEG-S,241.8941,242.1351,22.793,21.897,30.2643
2026-04-09 06:00:00,98,0,SEG-T,242.0444,242.3061,21.27,20.487,30.2643
2026-04-09 14:00:00,98,1,SEG-A,254.9543,255.0284,48.443,47.274,31.8636
2026-04-09 14:00:00,98,1,SEG-B,254.9811,254.274,46.714,45.479,31.8006
2026-04-09 14:00:00,98,1,SEG-C,254.4495,254.2728,45.079,44.389,31.8006
2026-04-09 14:00:00,98,1,SEG-D,254.4096,254.322,43.768,42.556,31.7711
2026-04-09 14:00:00,98,1,SEG-E,254.3459,253.9742,42.427,41.328,31.7711
2026-04-09 14:00:00,98,1,SEG-F,254.1049,254.2146,41.136,40.243,31.7711
2026-04-09 14:00:00,98,1,SEG-G,254.2942,254.0951,39.643,38.836,31.7711
2026-04-09 14:00:00,98,1,SEG-H,254.178,254.18,38.172,37.121,31.7711
2026-04-09 14:00:00,98,1,SEG-I,254.2168,254.2107,36.59,36.041,31.7711
2026-04-09 14:00:00,98,1,SEG-J,254.1292,254.1234,35.348,34.612,31.7711
2026-04-09 14:00:00,98,1,SEG-K,253.9707,254.3129,34.115,33.09,31.7711
2026-04-09 14:00:00,98,1,SEG-L,254.3,254.187,32.64,31.846,31.7711
2026-04-09 14:00:00,98,1,SEG-M,254.1962,254.1454,31.178,30.476,31.7711
2026-04-09 14:00:00,98,1,SEG-N,254.2101,254.1868,29.772,29.048,31.7711
2026-04-09 14:00:00,98,1,SEG-O,254.1101,254.0683,28.488,27.575,31.7711
2026-04-09 14:00:00,98,1,SEG-P,254.1642,254.1547,26.924,25.992,31.7711
2026-04-09 14:00:00,98,1,SEG-Q,254.241,254.1077,25.445,24.75,31.7711
2026-04-09 14:00:00,98,1,SEG-R,254.0582,254.1864,24.212,23.441,31.7711
2026-04-09 14:00:00,98,1,SEG-S,254.3347,254.1846,22.644,22.019,31.7711
2026-04-09 14:00:00,98,1,SEG-T,254.3142,254.3441,21.409,20.402,31.7711
2026-04-09 22:00:00,98,2,SEG-A,169.0636,169.2022,48.118,47.28,21.1344
2026-04-09 22:00:00,98,2,SEG-B,169.0315,168.7974,46.52,45.415,21.0984
2026-04-09 22:00:00,98,2,SEG-C,168.8275,168.7696,45.221,44.467,21.0984
2026-04-09 22:00:00,98,2,SEG-D,168.8364,168.7355,43.737,42.31,21.0815
2026-04-09 22:00:00,98,2,SEG-E,168.6961,168.6516,42.516,41.796,21.0815
2026-04-09 22:00:00,98,2,SEG-F,168.7639,168.5698,41.23,40.106,21.0815
2026-04-09 22:00:00,98,2,SEG-G,168.7603,168.6406,39.651,38.863,21.0815
2026-04-09 22:00:00,98,2,SEG-H,168.6482,168.5927,38.248,37.404,21.0815
2026-04-09 22:00:00,98,2,SEG-I,168.6596,168.5873,36.762,35.875,21.0815
2026-04-09 22:00:00,98,2,SEG-J,168.6961,168.6871,35.253,34.666,21.0815
2026-04-09 22:00:00,98,2,SEG-K,168.6951,168.5741,34.11,33.211,21.0815
2026-04-09 22:00:00,98,2,SEG-L,168.5935,168.724,32.712,31.775,21.0815
2026-04-09 22:00:00,98,2,SEG-M,168.5278,168.6074,31.006,30.425,21.0815
2026-04-09 22:00:00,98,2,SEG-N,168.785,168.6394,29.817,29.032,21.0815
2026-04-09 22:00:00,98,2,SEG-O,168.5433,168.5131,28.248,27.629,21.0815
2026-04-09 22:00:00,98,2,SEG-P,168.5842,168.5907,26.957,26.078,21.0815
2026-04-09 22:00:00,98,2,SEG-Q,168.6913,168.7124,25.533,24.87,21.0815
2026-04-09 22:00:00,98,2,SEG-R,168.5765,168.7289,24.13,23.446,21.0815
2026-04-09 22:00:00,98,2,SEG-S,168.5729,168.6447,22.85,21.988,21.0815
2026-04-09 22:00:00,98,2,SEG-T,168.5516,168.5421,21.316,20.503,21.0815
2026-04-10 06:00:00,99,0,SEG-A,238.5052,238.6505,48.002,47.167,29.8229
2026-04-10 06:00:00,99,0,SEG-B,238.6572,238.1531,46.466,45.48,29.7719
2026-04-10 06:00:00,99,0,SEG-C,238.2677,238.0877,45.153,44.579,29.7719
2026-04-10 06:00:00,99,0,SEG-D,238.2299,238.0154,43.606,42.361,29.7471
2026-04-10 06:00:00,99,0,SEG-E,238.0181,238.0911,42.752,41.566,29.7471
2026-04-10 06:00:00,99,0,SEG-F,237.9115,238.0382,41.032,40.066,29.7471
2026-04-10 06:00:00,99,0,SEG-G,238.1107,237.967,39.721,38.672,29.7471
2026-04-10 06:00:00,99,0,SEG-H,237.9459,237.9776,37.99,37.298,29.7471
2026-04-10 06:00:00,99,0,SEG-I,238.0752,238.0443,36.811,36.093,29.7471
2026-04-10 06:00:00,99,0,SEG-J,238.048,238.0411,35.441,34.563,29.7471
2026-04-10 06:00:00,99,0,SEG-K,237.702,238.2171,34.015,33.13,29.7471
2026-04-10 06:00:00,99,0,SEG-L,238.1436,238.0654,32.525,31.901,29.7471
2026-04-10 06:00:00,99,0,SEG-M,238.0345,237.9648,31.104,30.26,29.7471
2026-04-10 06:00:00,99,0,SEG-N,237.9501,237.912,29.712,28.735,29.7471
2026-04-10 06:00:00,99,0,SEG-O,238.1229,237.9052,28.417,27.468,29.7471
2026-04-10 06:00:00,99,0,SEG-P,237.8256,238.0573,27.029,26.049,29.7471
2026-04-10 06:00:00,99,0,SEG-Q,238.0073,238.0983,25.667,24.808,29.7471
2026-04-10 06:00:00,99,0,SEG-R,237.8037,238.0296,24.291,23.515,29.7471
2026-04-10 06:00:00,99,0,SEG-S,238.0012,238.0446,22.77,21.904,29.7471
2026-04-10 06:00:00,99,0,SEG-T,238.0455,237.8224,21.444,20.584,29.7471
2026-04-10 14:00:00,99,1,SEG-A,332.6286,332.4996,48.001,47.216,41.5868
2026-04-10 14:00:00,99,1,SEG-B,332.6022,332.1793,46.774,45.75,41.5238
2026-04-10 14:00:00,99,1,SEG-C,332.3343,331.9366,45.183,44.279,41.5238
2026-04-10 14:00:00,99,1,SEG-D,332.1946,331.9242,43.776,42.649,41.4932
2026-04-10 14:00:00,99,1,SEG-E,331.8604,332.0356,42.498,41.44,41.4932
2026-04-10 14:00:00,99,1,SEG-F,331.8843,331.9683,40.868,40.314,41.4932
2026-04-10 14:00:00,99,1,SEG-G,332.0346,332.0247,39.356,38.727,41.4932
2026-04-10 14:00:00,99,1,SEG-H,331.6711,332.177,38.142,37.469,41.4932
2026-04-10 14:00:00,99,1,SEG-I,331.779,331.7947,36.996,35.722,41.4932
2026-04-10 14:00:00,99,1,SEG-J,331.9629,331.8012,35.401,34.418,41.4932
2026-04-10 14:00:00,99,1,SEG-K,331.928,332.0068,33.886,32.856,41.4932
2026-04-10 14:00:00,99,1,SEG-L,331.8969,331.9382,32.424,31.743,41.4932
2026-04-10 14:00:00,99,1,SEG-M,331.8021,332.0178,31.386,30.239,41.4932
2026-04-10 14:00:00,99,1,SEG-N,331.763,331.74,29.658,28.961,41.4932
2026-04-10 14:00:00,99,1,SEG-O,331.8694,331.6318,28.349,27.399,41.4932
2026-04-10 14:00:00,99,1,SEG-P,331.8159,331.7533,26.933,26.447,41.4932
2026-04-10 14:00:00,99,1,SEG-Q,331.9243,332.1131,25.663,24.718,41.4932
2026-04-10 14:00:00,99,1,SEG-R,331.8662,331.9215,24.364,23.501,41.4932
2026-04-10 14:00:00,99,1,SEG-S,332.192,331.9541,22.67,22.019,41.4932
2026-04-10 14:00:00,99,1,SEG-T,332.086,332.0334,21.354,20.498,41.4932
2026-04-10 22:00:00,99,2,SEG-A,198.383,198.1662,47.985,47.322,24.7903
2026-04-10 22:00:00,99,2,SEG-B,198.3878,198.2207,46.644,45.388,24.7543
2026-04-10 22:00:00,99,2,SEG-C,198.0369,197.9516,45.175,44.362,24.7543
2026-04-10 22:00:00,99,2,SEG-D,198.0623,197.8721,43.743,42.689,24.7368
2026-04-10 22:00:00,99,2,SEG-E,197.836,197.6981,42.429,41.479,24.7368
2026-04-10 22:00:00,99,2,SEG-F,197.9503,198.0105,41.132,40.155,24.7368
2026-04-10 22:00:00,99,2,SEG-G,197.7623,197.9085,39.563,38.622,24.7368
2026-04-10 22:00:00,99,2,SEG-H,197.915,198.0931,38.126,37.398,24.7368
2026-04-10 22:00:00,99,2,SEG-I,197.8778,197.8904,36.776,36.012,24.7368
2026-04-10 22:00:00,99,2,SEG-J,197.912,197.875,35.445,34.465,24.7368
2026-04-10 22:00:00,99,2,SEG-K,197.8895,197.8326,34.05,33.296,24.7368
2026-04-10 22:00:00,99,2,SEG-L,197.8177,197.9361,32.395,31.728,24.7368
2026-04-10 22:00:00,99,2,SEG-M,197.8384,197.9249,31.267,30.256,24.7368
2026-04-10 22:00:00,99,2,SEG-N,197.6439,197.9366,29.766,28.847,24.7368
2026-04-10 22:00:00,99,2,SEG-O,197.7769,197.851,28.366,27.427,24.7368
2026-04-10 22:00:00,99,2,SEG-P,197.9385,197.8474,26.753,26.203,24.7368
2026-04-10 22:00:00,99,2,SEG-Q,198.1781,197.922,25.563,24.699,24.7368
2026-04-10 22:00:00,99,2,SEG-R,197.9832,197.8917,24.322,23.12,24.7368
2026-04-10 22:00:00,99,2,SEG-S,198.0843,198.0556,22.693,21.842,24.7368
2026-04-10 22:00:00,99,2,SEG-T,197.8715,197.8518,21.31,20.528,24.7368
2026-04-11 06:00:00,100,0,SEG-A,244.6382,244.6413,48.068,47.125,30.5795
2026-04-11 06:00:00,100,0,SEG-B,244.563,244.1685,46.728,45.468,30.5285
2026-04-11 06:00:00,100,0,SEG-C,244.2051,244.3766,45.215,44.329,30.5285
2026-04-11 06:00:00,100,0,SEG-D,244.2667,244.1124,43.955,42.605,30.5028
2026-04-11 06:00:00,100,0,SEG-E,244.1097,244.1191,42.481,41.616,30.5028
2026-04-11 06:00:00,100,0,SEG-F,243.8911,243.8603,41.059,40.167,30.5028
2026-04-11 06:00:00,100,0,SEG-G,243.8959,244.1035,39.352,38.927,30.5028
2026-04-11 06:00:00,100,0,SEG-H,243.7777,243.8745,38.272,37.369,30.5028
2026-04-11 06:00:00,100,0,SEG-I,244.0268,243.8973,36.915,35.878,30.5028
2026-04-11 06:00:00,100,0,SEG-J,244.2053,243.9031,35.551,34.65,30.5028
2026-04-11 06:00:00,100,0,SEG-K,243.9451,244.0617,34.218,33.295,30.5028
2026-04-11 06:00:00,100,0,SEG-L,243.885,244.1357,32.64,31.643,30.5028
2026-04-11 06:00:00,100,0,SEG-M,244.0504,244.1333,31.308,30.386,30.5028
2026-04-11 06:00:00,100,0,SEG-N,244.0409,244.1591,30.026,28.873,30.5028
2026-04-11 06:00:00,100,0,SEG-O,243.8226,244.2217,28.313,27.546,30.5028
2026-04-11 06:00:00,100,0,SEG-P,243.9167,244.0872,27.156,26.139,30.5028
2026-04-11 06:00:00,100,0,SEG-Q,243.9213,244.1866,25.689,24.812,30.5028
2026-04-11 06:00:00,100,0,SEG-R,243.9834,244.0077,24.104,23.222,30.5028
2026-04-11 06:00:00,100,0,SEG-S,243.9489,243.9803,22.872,21.902,30.5028
2026-04-11 06:00:00,100,0,SEG-T,243.979,243.8962,21.471,20.495,30.5028
2026-04-11 14:00:00,100,1,SEG-A,289.9187,289.7418,47.81,47.068,36.2607
2026-04-11 14:00:00,100,1,SEG-B,290.3577,289.6922,46.616,45.32,36.1977
2026-04-11 14:00:00,100,1,SEG-C,289.472,289.4344,45.296,44.39,36.1977
2026-04-11 14:00:00,100,1,SEG-D,289.6498,289.2989,43.781,42.585,36.166
2026-04-11 14:00:00,100,1,SEG-E,289.2257,289.5106,42.167,41.444,36.166
2026-04-11 14:00:00,100,1,SEG-F,289.3282,289.4153,41.128,40.289,36.166
2026-04-11 14:00:00,100,1,SEG-G,289.4392,289.2912,39.446,38.816,36.166
2026-04-11 14:00:00,100,1,SEG-H,289.6703,289.0237,38.066,37.206,36.166
2026-04-11 14:00:00,100,1,SEG-I,289.1673,289.1792,37.02,35.96,36.166
2026-04-11 14:00:00,100,1,SEG-J,289.3273,289.487,35.52,34.738,36.166
2026-04-11 14:00:00,100,1,SEG-K,289.4775,289.3379,33.925,33.125,36.166
2026-04-11 14:00:00,100,1,SEG-L,289.4519,289.4645,32.393,31.794,36.166
2026-04-11 14:00:00,100,1,SEG-M,289.1888,289.4164,31.376,30.275,36.166
2026-04-11 14:00:00,100,1,SEG-N,289.2755,289.1495,30.012,28.93,36.166
2026-04-11 14:00:00,100,1,SEG-O,289.3351,289.3047,28.422,27.359,36.166
2026-04-11 14:00:00,100,1,SEG-P,289.2928,289.0168,26.954,26.181,36.166
2026-04-11 14:00:00,100,1,SEG-Q,289.3018,289.2701,25.708,24.997,36.166
2026-04-11 14:00:00,100,1,SEG-R,289.2293,289.271,24.268,23.299,36.166
2026-04-11 14:00:00,100,1,SEG-S,289.3642,289.2714,22.805,21.831,36.166
2026-04-11 14:00:00,100,1,SEG-T,289.2579,289.4792,21.374,20.461,36.166
2026-04-11 22:00:00,100,2,SEG-A,147.5193,147.4196,48.025,47.155,18.4295
2026-04-11 22:00:00,100,2,SEG-B,147.3951,147.1121,46.705,45.364,18.3935
2026-04-11 22:00:00,100,2,SEG-C,147.0689,147.1783,45.396,44.434,18.3935
2026-04-11 22:00:00,100,2,SEG-D,147.1578,146.9122,43.788,42.578,18.3753
2026-04-11 22:00:00,100,2,SEG-E,146.9522,147.0735,42.412,41.62,18.3753
2026-04-11 22:00:00,100,2,SEG-F,147.1033,147.0181,40.853,40.027,18.3753
2026-04-11 22:00:00,100,2,SEG-G,146.9556,147.1042,39.515,38.844,18.3753
2026-04-11 22:00:00,100,2,SEG-H,147.0191,146.9967,38.353,37.37,18.3753
2026-04-11 22:00:00,100,2,SEG-I,147.0804,146.9076,36.575,36.121,18.3753
2026-04-11 22:00:00,100,2,SEG-J,146.9703,147.1061,35.575,34.527,18.3753
2026-04-11 22:00:00,100,2,SEG-K,146.9552,147.0238,34.084,33.185,18.3753
2026-04-11 22:00:00,100,2,SEG-L,147.0128,146.8594,32.664,31.669,18.3753
2026-04-11 22:00:00,100,2,SEG-M,146.9816,147.0621,31.112,30.456,18.3753
2026-04-11 22:00:00,100,2,SEG-N,146.9546,147.0562,29.984,28.83,18.3753
2026-04-11 22:00:00,100,2,SEG-O,147.0145,147.026,28.379,27.708,18.3753
2026-04-11 22:00:00,100,2,SEG-P,146.9946,146.9307,27.044,26.347,18.3753
2026-04-11 22:00:00,100,2,SEG-Q,147.147,147.0309,25.532,24.623,18.3753
2026-04-11 22:00:00,100,2,SEG-R,147.0362,147.0124,23.948,23.576,18.3753
2026-04-11 22:00:00,100,2,SEG-S,147.0494,147.0271,22.906,21.883,18.3753
2026-04-11 22:00:00,100,2,SEG-T,146.8646,147.0194,21.547,20.589,18.3753
2026-04-12 06:00:00,101,0,SEG-A,260.9444,260.9627,47.962,47.283,32.6176
2026-04-12 06:00:00,101,0,SEG-B,260.8768,260.2968,46.75,45.322,32.5666
2026-04-12 06:00:00,101,0,SEG-C,260.3986,260.476,45.432,44.323,32.5666
2026-04-12 06:00:00,101,0,SEG-D,260.9067,260.3625,43.791,42.68,32.54
2026-04-12 06:00:00,101,0,SEG-E,260.2533,260.4395,42.643,41.45,32.54
2026-04-12 06:00:00,101,0,SEG-F,260.2217,260.2744,41.0,40.109,32.54
2026-04-12 06:00:00,101,0,SEG-G,260.2031,260.2574,39.821,38.699,32.54
2026-04-12 06:00:00,101,0,SEG-H,260.5132,260.2366,38.362,37.228,32.54
2026-04-12 06:00:00,101,0,SEG-I,260.304,260.1322,36.6,36.022,32.54
2026-04-12 06:00:00,101,0,SEG-J,260.2672,260.2041,35.233,34.535,32.54
2026-04-12 06:00:00,101,0,SEG-K,260.3493,260.5126,33.949,33.027,32.54
2026-04-12 06:00:00,101,0,SEG-L,260.3644,260.5402,32.515,31.868,32.54
2026-04-12 06:00:00,101,0,SEG-M,260.3539,260.261,31.15,30.471,32.54
2026-04-12 06:00:00,101,0,SEG-N,260.3466,260.4112,29.852,28.982,32.54
2026-04-12 06:00:00,101,0,SEG-O,260.2747,260.375,28.361,27.554,32.54
2026-04-12 06:00:00,101,0,SEG-P,260.4107,260.4397,26.882,26.189,32.54
2026-04-12 06:00:00,101,0,SEG-Q,260.3379,260.4049,25.472,24.745,32.54
2026-04-12 06:00:00,101,0,SEG-R,260.0169,260.2432,24.193,23.29,32.54
2026-04-12 06:00:00,101,0,SEG-S,260.3937,260.2732,22.744,21.839,32.54
2026-04-12 06:00:00,101,0,SEG-T,260.3955,260.3315,21.433,20.453,32.54
2026-04-12 14:00:00,101,1,SEG-A,315.386,315.4527,48.054,47.157,39.4309
2026-04-12 14:00:00,101,1,SEG-B,315.2577,314.5772,46.733,45.379,39.3679
2026-04-12 14:00:00,101,1,SEG-C,314.9555,314.9979,45.118,44.469,39.3679
2026-04-12 14:00:00,101,1,SEG-D,314.7388,314.6631,43.768,42.578,39.335
2026-04-12 14:00:00,101,1,SEG-E,314.6352,314.798,42.272,41.699,39.335
2026-04-12 14:00:00,101,1,SEG-F,314.7453,314.6312,40.87,40.022,39.335
2026-04-12 14:00:00,101,1,SEG-G,314.7774,314.5345,39.558,39.106,39.335
2026-04-12 14:00:00,101,1,SEG-H,314.7248,314.6918,38.22,37.282,39.335
2026-04-12 14:00:00,101,1,SEG-I,314.5379,314.625,36.892,35.897,39.335
2026-04-12 14:00:00,101,1,SEG-J,314.7449,314.6386,35.48,34.659,39.335
2026-04-12 14:00:00,101,1,SEG-K,314.7062,314.8989,34.104,33.119,39.335
2026-04-12 14:00:00,101,1,SEG-L,314.7141,314.6525,32.542,31.635,39.335
2026-04-12 14:00:00,101,1,SEG-M,314.626,314.7259,31.077,30.304,39.335
2026-04-12 14:00:00,101,1,SEG-N,314.6362,314.6992,29.905,28.918,39.335
2026-04-12 14:00:00,101,1,SEG-O,314.4282,314.7752,28.528,27.369,39.335
2026-04-12 14:00:00,101,1,SEG-P,314.8929,314.7794,27.14,26.159,39.335
2026-04-12 14:00:00,101,1,SEG-Q,314.7808,314.4329,25.641,24.672,39.335
2026-04-12 14:00:00,101,1,SEG-R,314.5959,314.6357,24.206,23.17,39.335
2026-04-12 14:00:00,101,1,SEG-S,314.7134,314.8093,22.781,21.788,39.335
2026-04-12 14:00:00,101,1,SEG-T,314.8033,314.7032,21.507,20.556,39.335
2026-04-12 22:00:00,101,2,SEG-A,185.6216,185.3845,47.898,47.426,23.1818
2026-04-12 22:00:00,101,2,SEG-B,185.4623,185.2484,46.494,45.318,23.1458
2026-04-12 22:00:00,101,2,SEG-C,185.1255,185.2357,45.195,44.287,23.1458
2026-04-12 22:00:00,101,2,SEG-D,185.1879,184.9977,43.939,42.75,23.1269
2026-04-12 22:00:00,101,2,SEG-E,184.9603,185.1188,42.276,41.537,23.1269
2026-04-12 22:00:00,101,2,SEG-F,185.0545,184.9619,41.068,40.292,23.1269
2026-04-12 22:00:00,101,2,SEG-G,184.9367,185.0013,39.77,38.764,23.1269
2026-04-12 22:00:00,101,2,SEG-H,185.2379,185.0955,38.288,37.437,23.1269
2026-04-12 22:00:00,101,2,SEG-I,184.9481,184.9319,36.93,36.059,23.1269
2026-04-12 22:00:00,101,2,SEG-J,184.9135,185.0765,35.335,34.428,23.1269
2026-04-12 22:00:00,101,2,SEG-K,184.964,184.9352,34.019,33.354,23.1269
2026-04-12 22:00:00,101,2,SEG-L,185.2125,185.0675,32.693,31.79,23.1269
2026-04-12 22:00:00,101,2,SEG-M,185.1502,185.0727,31.425,30.257,23.1269
2026-04-12 22:00:00,101,2,SEG-N,184.9445,184.9855,29.827,28.835,23.1269
2026-04-12 22:00:00,101,2,SEG-O,184.9944,185.0729,28.053,27.174,23.1269
2026-04-12 22:00:00,101,2,SEG-P,185.0349,184.9874,26.953,26.381,23.1269
2026-04-12 22:00:00,101,2,SEG-Q,184.9345,185.0396,25.584,24.746,23.1269
2026-04-12 22:00:00,101,2,SEG-R,184.9018,184.8553,24.239,23.715,23.1269
2026-04-12 22:00:00,101,2,SEG-S,185.2399,185.0883,22.873,22.13,23.1269
2026-04-12 22:00:00,101,2,SEG-T,185.0088,185.1575,21.27,20.568,23.1269
2026-04-13 06:00:00,102,0,SEG-A,168.6603,168.7355,48.116,47.227,21.0877
2026-04-13 06:00:00,102,0,SEG-B,168.7608,168.1173,46.343,45.382,21.0367
2026-04-13 06:00:00,102,0,SEG-C,168.194,168.3743,45.182,44.458,21.0367
2026-04-13 06:00:00,102,0,SEG-D,168.3982,167.9086,43.906,42.687,21.0091
2026-04-13 06:00:00,102,0,SEG-E,168.0652,168.1331,42.466,41.651,21.0091
2026-04-13 06:00:00,102,0,SEG-F,168.0713,168.0827,40.76,40.206,21.0091
2026-04-13 06:00:00,102,0,SEG-G,168.0921,168.0245,39.64,38.676,21.0091
2026-04-13 06:00:00,102,0,SEG-H,167.9887,168.1603,37.99,37.558,21.0091
2026-04-13 06:00:00,102,0,SEG-I,168.0066,168.0101,36.826,35.895,21.0091
2026-04-13 06:00:00,102,0,SEG-J,168.1188,168.1094,35.478,34.485,21.0091
2026-04-13 06:00:00,102,0,SEG-K,168.019,168.1816,33.96,33.106,21.0091
2026-04-13 06:00:00,102,0,SEG-L,168.1424,168.0211,32.529,31.585,21.0091
2026-04-13 06:00:00,102,0,SEG-M,168.0806,168.0963,30.99,30.261,21.0091
2026-04-13 06:00:00,102,0,SEG-N,168.0458,168.133,29.517,28.799,21.0091
2026-04-13 06:00:00,102,0,SEG-O,168.0179,168.1862,28.481,27.365,21.0091
2026-04-13 06:00:00,102,0,SEG-P,168.0016,168.0487,27.024,26.072,21.0091
2026-04-13 06:00:00,102,0,SEG-Q,168.021,168.111,25.394,24.654,21.0091
2026-04-13 06:00:00,102,0,SEG-R,168.1299,168.0337,23.967,23.44,21.0091
2026-04-13 06:00:00,102,0,SEG-S,168.0013,168.1045,22.686,21.882,21.0091
2026-04-13 06:00:00,102,0,SEG-T,168.1392,168.0492,21.324,20.485,21.0091
2026-04-13 14:00:00,102,1,SEG-A,319.7723,319.8627,48.085,46.996,39.9389
2026-04-13 14:00:00,102,1,SEG-B,319.627,319.1236,46.404,45.248,39.8759
2026-04-13 14:00:00,102,1,SEG-C,318.9043,318.9563,45.325,44.37,39.8759
2026-04-13 14:00:00,102,1,SEG-D,318.7514,318.7977,43.647,42.571,39.8418
2026-04-13 14:00:00,102,1,SEG-E,318.7049,318.5973,42.535,41.479,39.8418
2026-04-13 14:00:00,102,1,SEG-F,318.522,318.8376,41.148,40.188,39.8418
2026-04-13 14:00:00,102,1,SEG-G,318.8298,318.8556,39.631,38.452,39.8418
2026-04-13 14:00:00,102,1,SEG-H,318.471,318.4672,38.163,37.33,39.8418
2026-04-13 14:00:00,102,1,SEG-I,318.6917,318.5334,37.023,36.067,39.8418
2026-04-13 14:00:00,102,1,SEG-J,318.5506,318.891,35.484,34.621,39.8418
2026-04-13 14:00:00,102,1,SEG-K,318.7831,318.9426,34.05,33.111,39.8418
2026-04-13 14:00:00,102,1,SEG-L,318.7547,318.8365,32.565,31.7,39.8418
2026-04-13 14:00:00,102,1,SEG-M,318.7295,318.6136,31.384,30.59,39.8418
2026-04-13 14:00:00,102,1,SEG-N,318.8093,318.4899,29.75,28.817,39.8418
2026-04-13 14:00:00,102,1,SEG-O,318.6708,318.8244,28.358,27.493,39.8418
2026-04-13 14:00:00,102,1,SEG-P,318.6942,318.7241,26.883,26.225,39.8418
2026-04-13 14:00:00,102,1,SEG-Q,318.5989,318.8955,25.645,24.804,39.8418
2026-04-13 14:00:00,102,1,SEG-R,318.7517,318.8225,24.221,23.455,39.8418
2026-04-13 14:00:00,102,1,SEG-S,318.5937,318.9039,22.761,21.935,39.8418
2026-04-13 14:00:00,102,1,SEG-T,318.785,318.7069,21.468,20.403,39.8418
2026-04-13 22:00:00,102,2,SEG-A,144.9218,144.9154,47.941,47.081,18.1019
2026-04-13 22:00:00,102,2,SEG-B,144.893,144.6262,46.819,45.384,18.0659
2026-04-13 22:00:00,102,2,SEG-C,144.4849,144.6258,45.289,44.428,18.0659
2026-04-13 22:00:00,102,2,SEG-D,144.5733,144.2681,43.867,42.463,18.0464
2026-04-13 22:00:00,102,2,SEG-E,144.4108,144.3272,42.419,41.459,18.0464
2026-04-13 22:00:00,102,2,SEG-F,144.3479,144.4943,41.065,39.981,18.0464
2026-04-13 22:00:00,102,2,SEG-G,144.4489,144.4359,39.705,38.618,18.0464
2026-04-13 22:00:00,102,2,SEG-H,144.3911,144.4456,38.453,37.298,18.0464
2026-04-13 22:00:00,102,2,SEG-I,144.3484,144.3681,36.922,36.117,18.0464
2026-04-13 22:00:00,102,2,SEG-J,144.3926,144.3071,35.473,34.636,18.0464
2026-04-13 22:00:00,102,2,SEG-K,144.344,144.3431,34.084,33.206,18.0464
2026-04-13 22:00:00,102,2,SEG-L,144.3061,144.3424,32.296,31.614,18.0464
2026-04-13 22:00:00,102,2,SEG-M,144.4666,144.3403,31.296,30.262,18.0464
2026-04-13 22:00:00,102,2,SEG-N,144.3631,144.4237,29.684,29.286,18.0464
2026-04-13 22:00:00,102,2,SEG-O,144.3114,144.5015,28.545,27.528,18.0464
2026-04-13 22:00:00,102,2,SEG-P,144.2402,144.4046,27.071,26.08,18.0464
2026-04-13 22:00:00,102,2,SEG-Q,144.3817,144.3172,25.749,24.625,18.0464
2026-04-13 22:00:00,102,2,SEG-R,144.5038,144.3911,24.365,23.388,18.0464
2026-04-13 22:00:00,102,2,SEG-S,144.3386,144.356,22.746,21.825,18.0464
2026-04-13 22:00:00,102,2,SEG-T,144.3294,144.3565,21.336,20.561,18.0464
2026-04-14 06:00:00,103,0,SEG-A,301.2445,301.0778,47.763,47.052,37.6602
2026-04-14 06:00:00,103,0,SEG-B,301.0754,300.6614,46.613,45.351,37.6092
2026-04-14 06:00:00,103,0,SEG-C,300.8965,300.7249,45.024,44.253,37.6092
2026-04-14 06:00:00,103,0,SEG-D,300.8507,300.9163,43.583,42.444,37.5807
2026-04-14 06:00:00,103,0,SEG-E,300.6849,300.6543,42.42,41.468,37.5807
2026-04-14 06:00:00,103,0,SEG-F,300.5831,300.8892,41.05,40.227,37.5807
2026-04-14 06:00:00,103,0,SEG-G,300.9085,300.5256,39.544,38.716,37.5807
2026-04-14 06:00:00,103,0,SEG-H,300.3543,300.7563,38.174,37.16,37.5807
2026-04-14 06:00:00,103,0,SEG-I,300.4594,300.4992,36.582,35.793,37.5807
2026-04-14 06:00:00,103,0,SEG-J,301.0089,300.496,35.098,34.432,37.5807
2026-04-14 06:00:00,103,0,SEG-K,300.4882,300.5647,33.942,33.166,37.5807
2026-04-14 06:00:00,103,0,SEG-L,300.7376,300.7154,32.578,31.863,37.5807
2026-04-14 06:00:00,103,0,SEG-M,300.6386,300.8237,31.009,30.406,37.5807
2026-04-14 06:00:00,103,0,SEG-N,300.4264,300.3192,29.719,28.861,37.5807
2026-04-14 06:00:00,103,0,SEG-O,300.7028,300.7672,28.31,27.538,37.5807
2026-04-14 06:00:00,103,0,SEG-P,300.5615,300.6691,26.878,26.144,37.5807
2026-04-14 06:00:00,103,0,SEG-Q,300.5843,300.6346,25.535,24.774,37.5807
2026-04-14 06:00:00,103,0,SEG-R,300.4146,300.7518,23.887,23.387,37.5807
2026-04-14 06:00:00,103,0,SEG-S,300.6198,300.8184,22.778,21.9,37.5807
2026-04-14 06:00:00,103,0,SEG-T,300.5199,300.6642,21.469,20.706,37.5807
2026-04-14 14:00:00,103,1,SEG-A,276.1474,276.2994,48.0,47.061,34.5202
2026-04-14 14:00:00,103,1,SEG-B,276.1123,275.6326,46.301,45.612,34.4572
2026-04-14 14:00:00,103,1,SEG-C,275.8717,275.4233,45.062,44.435,34.4572
2026-04-14 14:00:00,103,1,SEG-D,275.8838,275.2405,43.948,42.782,34.4219
2026-04-14 14:00:00,103,1,SEG-E,275.5279,275.368,42.543,41.56,34.4219
2026-04-14 14:00:00,103,1,SEG-F,275.1732,275.2928,40.999,40.292,34.4219
2026-04-14 14:00:00,103,1,SEG-G,275.5978,275.4085,39.782,38.785,34.4219
2026-04-14 14:00:00,103,1,SEG-H,275.4271,275.5368,38.102,37.272,34.4219
2026-04-14 14:00:00,103,1,SEG-I,275.5703,275.5152,36.82,35.797,34.4219
2026-04-14 14:00:00,103,1,SEG-J,275.329,275.1742,35.525,34.496,34.4219
2026-04-14 14:00:00,103,1,SEG-K,275.4023,275.2883,33.952,33.283,34.4219
2026-04-14 14:00:00,103,1,SEG-L,275.1368,275.274,32.643,31.83,34.4219
2026-04-14 14:00:00,103,1,SEG-M,275.291,275.4334,31.216,30.28,34.4219
2026-04-14 14:00:00,103,1,SEG-N,275.4647,275.2981,29.685,28.729,34.4219
2026-04-14 14:00:00,103,1,SEG-O,275.2156,275.3837,28.273,27.433,34.4219
2026-04-14 14:00:00,103,1,SEG-P,275.1676,275.3665,27.007,26.067,34.4219
2026-04-14 14:00:00,103,1,SEG-Q,275.196,275.3776,25.917,24.643,34.4219
2026-04-14 14:00:00,103,1,SEG-R,275.1805,275.4153,24.237,23.592,34.4219
2026-04-14 14:00:00,103,1,SEG-S,275.3653,275.3361,22.837,21.765,34.4219
2026-04-14 14:00:00,103,1,SEG-T,275.3885,275.2581,21.428,20.422,34.4219
2026-04-14 22:00:00,103,2,SEG-A,169.4259,169.4728,47.923,47.082,21.1739
2026-04-14 22:00:00,103,2,SEG-B,169.3537,169.0818,46.556,45.324,21.1379
2026-04-14 22:00:00,103,2,SEG-C,169.0314,169.1709,45.271,44.337,21.1379
2026-04-14 22:00:00,103,2,SEG-D,169.1835,168.9732,43.701,42.536,21.1177
2026-04-14 22:00:00,103,2,SEG-E,168.9818,169.0361,42.52,41.487,21.1177
2026-04-14 22:00:00,103,2,SEG-F,168.939,168.97,40.865,40.221,21.1177
2026-04-14 22:00:00,103,2,SEG-G,168.9167,168.9419,39.685,38.826,21.1177
2026-04-14 22:00:00,103,2,SEG-H,168.9874,169.0227,38.319,37.417,21.1177
2026-04-14 22:00:00,103,2,SEG-I,168.9844,168.9681,36.753,36.018,21.1177
2026-04-14 22:00:00,103,2,SEG-J,169.0073,169.0839,35.292,34.613,21.1177
2026-04-14 22:00:00,103,2,SEG-K,168.9095,168.8305,33.952,33.193,21.1177
2026-04-14 22:00:00,103,2,SEG-L,168.9468,168.8711,32.552,31.827,21.1177
2026-04-14 22:00:00,103,2,SEG-M,168.9308,168.8837,31.221,30.349,21.1177
2026-04-14 22:00:00,103,2,SEG-N,168.9089,168.909,29.833,28.773,21.1177
2026-04-14 22:00:00,103,2,SEG-O,169.0179,168.9742,28.581,27.761,21.1177
2026-04-14 22:00:00,103,2,SEG-P,168.8825,169.041,26.84,26.135,21.1177
2026-04-14 22:00:00,103,2,SEG-Q,169.0022,168.983,25.575,24.769,21.1177
2026-04-14 22:00:00,103,2,SEG-R,168.8798,169.0751,24.358,23.674,21.1177
2026-04-14 22:00:00,103,2,SEG-S,169.0438,168.937,22.859,21.925,21.1177
2026-04-14 22:00:00,103,2,SEG-T,168.9844,168.9586,21.251,20.553,21.1177
2026-04-15 06:00:00,104,0,SEG-A,238.5513,238.5604,47.919,47.053,29.8283
2026-04-15 06:00:00,104,0,SEG-B,238.813,238.3194,46.65,45.406,29.7773
2026-04-15 06:00:00,104,0,SEG-C,238.3074,238.2213,45.045,44.516,29.7773
2026-04-15 06:00:00,104,0,SEG-D,238.2821,238.0083,43.554,42.585,29.7477
2026-04-15 06:00:00,104,0,SEG-E,238.1203,237.9535,42.386,41.549,29.7477
2026-04-15 06:00:00,104,0,SEG-F,237.9147,237.9305,40.879,40.234,29.7477
2026-04-15 06:00:00,104,0,SEG-G,237.9368,237.9233,39.637,38.842,29.7477
2026-04-15 06:00:00,104,0,SEG-H,237.8712,237.9746,38.048,37.595,29.7477
2026-04-15 06:00:00,104,0,SEG-I,237.8702,238.226,36.92,35.952,29.7477
2026-04-15 06:00:00,104,0,SEG-J,238.0441,238.0202,35.401,34.698,29.7477
2026-04-15 06:00:00,104,0,SEG-K,237.9889,237.9452,33.964,33.216,29.7477
2026-04-15 06:00:00,104,0,SEG-L,238.117,237.739,32.551,32.031,29.7477
2026-04-15 06:00:00,104,0,SEG-M,237.9456,238.0273,31.21,30.142,29.7477
2026-04-15 06:00:00,104,0,SEG-N,238.0754,237.9324,29.962,29.118,29.7477
2026-04-15 06:00:00,104,0,SEG-O,238.0786,237.9363,28.46,27.563,29.7477
2026-04-15 06:00:00,104,0,SEG-P,237.8636,237.9628,27.073,26.114,29.7477
2026-04-15 06:00:00,104,0,SEG-Q,237.9646,238.1075,25.465,24.782,29.7477
2026-04-15 06:00:00,104,0,SEG-R,238.0823,238.0734,24.214,23.254,29.7477
2026-04-15 06:00:00,104,0,SEG-S,237.9524,238.0209,22.842,21.956,29.7477
2026-04-15 06:00:00,104,0,SEG-T,238.15,238.0672,21.298,20.532,29.7477
2026-04-15 14:00:00,104,1,SEG-A,362.744,362.5847,48.051,46.745,45.3534
2026-04-15 14:00:00,104,1,SEG-B,362.7447,362.4384,46.482,45.561,45.2904
2026-04-15 14:00:00,104,1,SEG-C,362.5822,362.3724,45.331,44.474,45.2904
2026-04-15 14:00:00,104,1,SEG-D,362.1706,362.1643,43.905,42.638,45.2538
2026-04-15 14:00:00,104,1,SEG-E,362.1006,361.6653,42.365,41.545,45.2538
2026-04-15 14:00:00,104,1,SEG-F,362.1489,362.0885,41.233,40.175,45.2538
2026-04-15 14:00:00,104,1,SEG-G,362.0876,361.8344,39.737,38.571,45.2538
2026-04-15 14:00:00,104,1,SEG-H,362.0927,361.7226,38.155,37.278,45.2538
2026-04-15 14:00:00,104,1,SEG-I,362.1103,362.2597,36.844,35.842,45.2538
2026-04-15 14:00:00,104,1,SEG-J,361.9885,361.833,35.314,34.788,45.2538
2026-04-15 14:00:00,104,1,SEG-K,361.8378,361.9833,34.263,33.19,45.2538
2026-04-15 14:00:00,104,1,SEG-L,362.2414,362.1132,32.663,31.557,45.2538
2026-04-15 14:00:00,104,1,SEG-M,361.7716,362.2285,31.205,30.431,45.2538
2026-04-15 14:00:00,104,1,SEG-N,361.9272,362.2005,29.973,28.88,45.2538
2026-04-15 14:00:00,104,1,SEG-O,362.1098,361.7961,28.572,27.677,45.2538
2026-04-15 14:00:00,104,1,SEG-P,362.0422,362.2551,27.055,26.223,45.2538
2026-04-15 14:00:00,104,1,SEG-Q,362.0329,361.9464,25.536,24.524,45.2538
2026-04-15 14:00:00,104,1,SEG-R,362.0773,362.1243,23.918,23.276,45.2538
2026-04-15 14:00:00,104,1,SEG-S,362.0225,362.2243,22.849,21.925,45.2538
2026-04-15 14:00:00,104,1,SEG-T,361.8061,362.1482,21.459,20.495,45.2538
2026-04-15 22:00:00,104,2,SEG-A,139.2134,139.1946,48.111,46.957,17.396
2026-04-15 22:00:00,104,2,SEG-B,139.2081,138.8395,46.282,45.276,17.36
2026-04-15 22:00:00,104,2,SEG-C,139.0166,138.881,45.344,44.325,17.36
2026-04-15 22:00:00,104,2,SEG-D,138.8686,138.7619,43.89,42.672,17.3392
2026-04-15 22:00:00,104,2,SEG-E,138.7212,138.6199,42.536,41.536,17.3392
2026-04-15 22:00:00,104,2,SEG-F,138.7803,138.7555,40.876,40.255,17.3392
2026-04-15 22:00:00,104,2,SEG-G,138.7267,138.66,39.695,38.873,17.3392
2026-04-15 22:00:00,104,2,SEG-H,138.7145,138.6641,38.283,37.306,17.3392
2026-04-15 22:00:00,104,2,SEG-I,138.595,138.7209,36.812,35.871,17.3392
2026-04-15 22:00:00,104,2,SEG-J,138.6067,138.737,35.114,34.481,17.3392
2026-04-15 22:00:00,104,2,SEG-K,138.7063,138.7434,34.03,33.177,17.3392
2026-04-15 22:00:00,104,2,SEG-L,138.7487,138.6781,32.485,31.771,17.3392
2026-04-15 22:00:00,104,2,SEG-M,138.7572,138.7425,31.342,30.487,17.3392
2026-04-15 22:00:00,104,2,SEG-N,138.7721,138.7287,29.748,28.932,17.3392
2026-04-15 22:00:00,104,2,SEG-O,138.7854,138.6361,28.539,27.805,17.3392
2026-04-15 22:00:00,104,2,SEG-P,138.7761,138.7259,27.125,26.103,17.3392
2026-04-15 22:00:00,104,2,SEG-Q,138.643,138.726,25.543,24.736,17.3392
2026-04-15 22:00:00,104,2,SEG-R,138.6706,138.6828,24.208,23.433,17.3392
2026-04-15 22:00:00,104,2,SEG-S,138.6533,138.6964,22.94,21.909,17.3392
2026-04-15 22:00:00,104,2,SEG-T,138.6416,138.6157,21.456,20.656,17.3392
2026-04-16 06:00:00,105,0,SEG-A,182.936,182.8952,47.804,47.086,22.8684
2026-04-16 06:00:00,105,0,SEG-B,183.1849,182.5037,46.394,45.281,22.8174
2026-04-16 06:00:00,105,0,SEG-C,182.559,182.6105,45.161,44.329,22.8174
2026-04-16 06:00:00,105,0,SEG-D,182.617,182.3719,43.803,42.637,22.7868
2026-04-16 06:00:00,105,0,SEG-E,182.2368,182.3513,42.433,41.528,22.7868
2026-04-16 06:00:00,105,0,SEG-F,182.275,182.3333,40.995,40.165,22.7868
2026-04-16 06:00:00,105,0,SEG-G,182.2372,182.312,39.502,38.585,22.7868
2026-04-16 06:00:00,105,0,SEG-H,182.2395,182.3236,38.297,37.309,22.7868
2026-04-16 06:00:00,105,0,SEG-I,182.4224,182.158,36.876,36.022,22.7868
2026-04-16 06:00:00,105,0,SEG-J,182.3285,182.1461,35.424,34.402,22.7868
2026-04-16 06:00:00,105,0,SEG-K,182.2412,182.3802,34.186,33.094,22.7868
2026-04-16 06:00:00,105,0,SEG-L,182.1077,182.4285,32.719,31.467,22.7868
2026-04-16 06:00:00,105,0,SEG-M,182.1916,182.3352,31.063,30.375,22.7868
2026-04-16 06:00:00,105,0,SEG-N,182.1483,182.3012,29.997,28.975,22.7868
2026-04-16 06:00:00,105,0,SEG-O,182.2455,182.2761,28.435,27.505,22.7868
2026-04-16 06:00:00,105,0,SEG-P,182.1791,182.3083,27.006,26.046,22.7868
2026-04-16 06:00:00,105,0,SEG-Q,182.2959,182.2154,25.488,24.709,22.7868
2026-04-16 06:00:00,105,0,SEG-R,182.0292,182.3423,24.096,23.252,22.7868
2026-04-16 06:00:00,105,0,SEG-S,182.3918,182.4784,22.789,21.989,22.7868
2026-04-16 06:00:00,105,0,SEG-T,182.2472,182.409,21.25,20.608,22.7868
2026-04-16 14:00:00,105,1,SEG-A,316.1023,315.9453,48.141,47.068,39.4838
2026-04-16 14:00:00,105,1,SEG-B,315.8732,315.4454,46.795,45.48,39.4208
2026-04-16 14:00:00,105,1,SEG-C,315.281,315.2041,45.199,44.28,39.4208
2026-04-16 14:00:00,105,1,SEG-D,315.2931,314.9015,43.533,42.594,39.383
2026-04-16 14:00:00,105,1,SEG-E,315.0942,314.9773,42.216,41.432,39.383
2026-04-16 14:00:00,105,1,SEG-F,314.9604,315.1618,41.067,40.078,39.383
2026-04-16 14:00:00,105,1,SEG-G,314.9589,315.184,39.744,38.799,39.383
2026-04-16 14:00:00,105,1,SEG-H,314.8277,314.9724,38.09,37.29,39.383
2026-04-16 14:00:00,105,1,SEG-I,315.3012,315.1388,36.817,35.963,39.383
2026-04-16 14:00:00,105,1,SEG-J,315.1718,315.0225,35.405,34.589,39.383
2026-04-16 14:00:00,105,1,SEG-K,315.0365,315.2234,34.205,33.241,39.383
2026-04-16 14:00:00,105,1,SEG-L,315.1441,314.9506,32.484,31.733,39.383
2026-04-16 14:00:00,105,1,SEG-M,315.006,315.2901,31.239,30.465,39.383
2026-04-16 14:00:00,105,1,SEG-N,314.9867,315.0685,29.772,29.008,39.383
2026-04-16 14:00:00,105,1,SEG-O,314.9697,315.1279,28.353,27.548,39.383
2026-04-16 14:00:00,105,1,SEG-P,315.0791,315.0013,26.922,26.285,39.383
2026-04-16 14:00:00,105,1,SEG-Q,314.9035,314.9432,25.445,24.73,39.383
2026-04-16 14:00:00,105,1,SEG-R,315.2947,315.1151,24.196,23.209,39.383
2026-04-16 14:00:00,105,1,SEG-S,315.0509,314.8554,22.92,21.886,39.383
2026-04-16 14:00:00,105,1,SEG-T,314.994,315.1342,21.413,20.368,39.383
2026-04-16 22:00:00,105,2,SEG-A,194.3587,194.1419,47.995,47.102,24.2803
2026-04-16 22:00:00,105,2,SEG-B,194.2049,193.9408,46.562,45.488,24.2443
2026-04-16 22:00:00,105,2,SEG-C,193.8272,193.98,45.234,44.422,24.2443
2026-04-16 22:00:00,105,2,SEG-D,193.8244,193.6675,43.648,42.655,24.2227
2026-04-16 22:00:00,105,2,SEG-E,193.906,193.8201,42.489,41.417,24.2227
2026-04-16 22:00:00,105,2,SEG-F,193.7588,193.6247,41.032,40.229,24.2227
2026-04-16 22:00:00,105,2,SEG-G,193.844,193.7102,39.737,38.747,24.2227
2026-04-16 22:00:00,105,2,SEG-H,193.7204,193.7981,38.168,37.429,24.2227
2026-04-16 22:00:00,105,2,SEG-I,193.7561,193.9728,36.684,35.916,24.2227
2026-04-16 22:00:00,105,2,SEG-J,193.7331,193.5545,35.335,34.549,24.2227
2026-04-16 22:00:00,105,2,SEG-K,193.8928,193.7847,33.748,33.182,24.2227
2026-04-16 22:00:00,105,2,SEG-L,193.7555,193.744,32.693,31.742,24.2227
2026-04-16 22:00:00,105,2,SEG-M,193.9009,193.8637,31.101,30.494,24.2227
2026-04-16 22:00:00,105,2,SEG-N,193.7409,193.8454,29.782,28.916,24.2227
2026-04-16 22:00:00,105,2,SEG-O,193.7897,193.9415,28.369,27.541,24.2227
2026-04-16 22:00:00,105,2,SEG-P,193.6604,193.704,26.71,26.119,24.2227
2026-04-16 22:00:00,105,2,SEG-Q,193.764,193.6883,25.65,24.468,24.2227
2026-04-16 22:00:00,105,2,SEG-R,193.9147,193.8155,24.184,23.2,24.2227
2026-04-16 22:00:00,105,2,SEG-S,193.9661,193.9219,22.959,22.017,24.2227
2026-04-16 22:00:00,105,2,SEG-T,193.7646,193.7768,21.38,20.394,24.2227
2026-04-17 06:00:00,106,0,SEG-A,246.1353,246.0062,48.05,47.148,30.764
2026-04-17 06:00:00,106,0,SEG-B,246.1887,245.8235,46.516,45.219,30.713
2026-04-17 06:00:00,106,0,SEG-C,245.5816,245.6934,45.187,44.537,30.713
2026-04-17 06:00:00,106,0,SEG-D,245.6521,245.2988,43.976,42.714,30.6814
2026-04-17 06:00:00,106,0,SEG-E,245.3858,245.4648,42.383,41.418,30.6814
2026-04-17 06:00:00,106,0,SEG-F,245.701,245.4506,40.871,40.35,30.6814
2026-04-17 06:00:00,106,0,SEG-G,245.3231,245.4938,39.65,38.878,30.6814
2026-04-17 06:00:00,106,0,SEG-H,245.5008,245.4811,38.089,37.382,30.6814
2026-04-17 06:00:00,106,0,SEG-I,245.6221,245.4359,36.514,35.957,30.6814
2026-04-17 06:00:00,106,0,SEG-J,245.4052,245.3355,35.501,34.617,30.6814
2026-04-17 06:00:00,106,0,SEG-K,245.3905,245.5229,34.261,32.887,30.6814
2026-04-17 06:00:00,106,0,SEG-L,245.5234,245.6978,32.555,31.701,30.6814
2026-04-17 06:00:00,106,0,SEG-M,245.4316,245.3281,31.078,30.204,30.6814
2026-04-17 06:00:00,106,0,SEG-N,245.3792,245.3203,29.659,28.994,30.6814
2026-04-17 06:00:00,106,0,SEG-O,245.3231,245.349,28.467,27.522,30.6814
2026-04-17 06:00:00,106,0,SEG-P,245.5126,245.2292,26.816,26.244,30.6814
2026-04-17 06:00:00,106,0,SEG-Q,245.4478,245.409,25.645,24.437,30.6814
2026-04-17 06:00:00,106,0,SEG-R,245.2807,245.4938,24.123,23.32,30.6814
2026-04-17 06:00:00,106,0,SEG-S,245.3322,245.6987,22.934,22.052,30.6814
2026-04-17 06:00:00,106,0,SEG-T,245.4899,245.4923,21.459,20.718,30.6814
2026-04-17 14:00:00,106,1,SEG-A,360.5001,360.3239,48.092,47.105,45.0424
2026-04-17 14:00:00,106,1,SEG-B,359.978,359.7143,46.557,45.314,44.9794
2026-04-17 14:00:00,106,1,SEG-C,360.23,359.6402,45.101,44.281,44.9794
2026-04-17 14:00:00,106,1,SEG-D,359.907,359.4778,44.021,42.548,44.9403
2026-04-17 14:00:00,106,1,SEG-E,359.4801,359.6459,42.484,41.59,44.9403
2026-04-17 14:00:00,106,1,SEG-F,359.6368,359.2708,40.924,39.988,44.9403
2026-04-17 14:00:00,106,1,SEG-G,359.5114,359.4307,39.447,38.824,44.9403
2026-04-17 14:00:00,106,1,SEG-H,359.7947,359.0246,38.113,37.597,44.9403
2026-04-17 14:00:00,106,1,SEG-I,359.5682,359.2711,36.97,36.129,44.9403
2026-04-17 14:00:00,106,1,SEG-J,359.4158,359.7147,35.503,34.598,44.9403
2026-04-17 14:00:00,106,1,SEG-K,359.3802,359.4085,33.95,32.99,44.9403
2026-04-17 14:00:00,106,1,SEG-L,359.4115,359.8156,32.515,31.927,44.9403
2026-04-17 14:00:00,106,1,SEG-M,359.6095,359.6673,31.165,30.255,44.9403
2026-04-17 14:00:00,106,1,SEG-N,359.363,359.4196,29.552,28.931,44.9403
2026-04-17 14:00:00,106,1,SEG-O,359.5792,359.528,28.523,27.557,44.9403
2026-04-17 14:00:00,106,1,SEG-P,359.3249,359.7121,26.976,26.129,44.9403
2026-04-17 14:00:00,106,1,SEG-Q,359.3299,359.7625,25.614,24.554,44.9403
2026-04-17 14:00:00,106,1,SEG-R,359.3814,360.0915,23.995,23.236,44.9403
2026-04-17 14:00:00,106,1,SEG-S,359.5487,359.3765,22.819,21.855,44.9403
2026-04-17 14:00:00,106,1,SEG-T,359.417,359.4891,21.412,20.589,44.9403
2026-04-17 22:00:00,106,2,SEG-A,154.7546,154.7244,48.185,47.068,19.3563
2026-04-17 22:00:00,106,2,SEG-B,154.7869,154.592,46.634,45.338,19.3203
2026-04-17 22:00:00,106,2,SEG-C,154.5359,154.5439,45.273,44.455,19.3203
2026-04-17 22:00:00,106,2,SEG-D,154.5486,154.3736,43.859,42.632,19.298
2026-04-17 22:00:00,106,2,SEG-E,154.4289,154.466,42.306,41.377,19.298
2026-04-17 22:00:00,106,2,SEG-F,154.2371,154.2983,40.922,40.174,19.298
2026-04-17 22:00:00,106,2,SEG-G,154.5343,154.4553,39.564,38.944,19.298
2026-04-17 22:00:00,106,2,SEG-H,154.3613,154.3779,38.263,37.439,19.298
2026-04-17 22:00:00,106,2,SEG-I,154.4696,154.4308,37.003,35.845,19.298
2026-04-17 22:00:00,106,2,SEG-J,154.3604,154.3285,35.087,34.598,19.298
2026-04-17 22:00:00,106,2,SEG-K,154.5062,154.5319,34.16,33.192,19.298
2026-04-17 22:00:00,106,2,SEG-L,154.4292,154.4115,32.63,31.718,19.298
2026-04-17 22:00:00,106,2,SEG-M,154.3005,154.3798,31.039,30.393,19.298
2026-04-17 22:00:00,106,2,SEG-N,154.3215,154.3841,29.838,29.013,19.298
2026-04-17 22:00:00,106,2,SEG-O,154.4066,154.3691,28.243,27.589,19.298
2026-04-17 22:00:00,106,2,SEG-P,154.3231,154.3246,26.926,26.179,19.298
2026-04-17 22:00:00,106,2,SEG-Q,154.5578,154.4364,25.495,24.626,19.298
2026-04-17 22:00:00,106,2,SEG-R,154.3746,154.3833,24.176,23.436,19.298
2026-04-17 22:00:00,106,2,SEG-S,154.3849,154.513,22.767,21.978,19.298
2026-04-17 22:00:00,106,2,SEG-T,154.4008,154.4754,21.13,20.556,19.298
2026-04-18 06:00:00,107,0,SEG-A,190.5237,190.649,48.216,47.347,23.8206
2026-04-18 06:00:00,107,0,SEG-B,190.6512,190.078,46.886,45.339,23.7696
2026-04-18 06:00:00,107,0,SEG-C,190.2405,190.1847,45.136,44.39,23.7696
2026-04-18 06:00:00,107,0,SEG-D,190.2433,190.0484,43.949,42.534,23.7369
2026-04-18 06:00:00,107,0,SEG-E,189.8605,189.9852,42.424,41.436,23.7369
2026-04-18 06:00:00,107,0,SEG-F,189.8724,189.8398,41.235,40.233,23.7369
2026-04-18 06:00:00,107,0,SEG-G,189.8284,189.8505,39.943,38.763,23.7369
2026-04-18 06:00:00,107,0,SEG-H,190.01,189.9723,38.251,37.266,23.7369
2026-04-18 06:00:00,107,0,SEG-I,190.1539,189.7972,36.963,35.999,23.7369
2026-04-18 06:00:00,107,0,SEG-J,189.8951,190.0149,35.376,34.573,23.7369
2026-04-18 06:00:00,107,0,SEG-K,189.6907,189.7988,33.936,33.217,23.7369
2026-04-18 06:00:00,107,0,SEG-L,189.8158,189.9357,32.643,31.736,23.7369
2026-04-18 06:00:00,107,0,SEG-M,189.8334,189.9865,31.542,30.18,23.7369
2026-04-18 06:00:00,107,0,SEG-N,189.8683,189.8981,29.839,28.985,23.7369
2026-04-18 06:00:00,107,0,SEG-O,189.9796,189.7972,28.338,27.654,23.7369
2026-04-18 06:00:00,107,0,SEG-P,189.9091,189.8859,27.001,26.209,23.7369
2026-04-18 06:00:00,107,0,SEG-Q,189.8918,189.9218,25.446,24.668,23.7369
2026-04-18 06:00:00,107,0,SEG-R,190.0563,190.0254,24.141,23.428,23.7369
2026-04-18 06:00:00,107,0,SEG-S,190.0098,189.9926,22.908,21.957,23.7369
2026-04-18 06:00:00,107,0,SEG-T,190.001,190.0718,21.351,20.756,23.7369
2026-04-18 14:00:00,107,1,SEG-A,290.3286,290.6831,47.911,47.169,36.3131
2026-04-18 14:00:00,107,1,SEG-B,290.629,289.9949,46.696,45.427,36.2501
2026-04-18 14:00:00,107,1,SEG-C,290.0151,289.9703,45.142,44.419,36.2501
2026-04-18 14:00:00,107,1,SEG-D,289.8772,289.9569,43.708,42.566,36.2098
2026-04-18 14:00:00,107,1,SEG-E,289.5273,289.7111,42.508,41.579,36.2098
2026-04-18 14:00:00,107,1,SEG-F,289.9337,289.8991,41.121,40.429,36.2098
2026-04-18 14:00:00,107,1,SEG-G,289.5276,289.689,39.651,38.775,36.2098
2026-04-18 14:00:00,107,1,SEG-H,289.7839,289.7198,38.291,37.394,36.2098
2026-04-18 14:00:00,107,1,SEG-I,289.8347,289.6854,36.836,35.804,36.2098
2026-04-18 14:00:00,107,1,SEG-J,289.6572,289.3081,35.478,34.453,36.2098
2026-04-18 14:00:00,107,1,SEG-K,289.6856,289.7261,33.905,33.091,36.2098
2026-04-18 14:00:00,107,1,SEG-L,289.7974,289.6312,32.623,31.915,36.2098
2026-04-18 14:00:00,107,1,SEG-M,289.6517,290.0079,31.176,30.351,36.2098
2026-04-18 14:00:00,107,1,SEG-N,289.7041,289.5012,29.851,28.847,36.2098
2026-04-18 14:00:00,107,1,SEG-O,289.5975,289.7732,28.346,27.685,36.2098
2026-04-18 14:00:00,107,1,SEG-P,289.6543,289.6298,26.922,25.923,36.2098
2026-04-18 14:00:00,107,1,SEG-Q,289.8816,289.8939,25.489,24.919,36.2098
2026-04-18 14:00:00,107,1,SEG-R,289.6075,289.5759,24.149,23.419,36.2098
2026-04-18 14:00:00,107,1,SEG-S,289.7706,289.7016,22.576,22.025,36.2098
2026-04-18 14:00:00,107,1,SEG-T,289.6246,289.7782,21.456,20.674,36.2098
2026-04-18 22:00:00,107,2,SEG-A,129.9496,129.8535,48.057,47.216,16.2329
2026-04-18 22:00:00,107,2,SEG-B,129.865,129.5743,46.524,45.477,16.1969
2026-04-18 22:00:00,107,2,SEG-C,129.5499,129.6123,45.149,44.43,16.1969
2026-04-18 22:00:00,107,2,SEG-D,129.6295,129.3709,43.828,42.722,16.1739
2026-04-18 22:00:00,107,2,SEG-E,129.418,129.3758,42.293,41.81,16.1739
2026-04-18 22:00:00,107,2,SEG-F,129.3817,129.5359,41.162,39.93,16.1739
2026-04-18 22:00:00,107,2,SEG-G,129.2685,129.3426,39.631,38.809,16.1739
2026-04-18 22:00:00,107,2,SEG-H,129.2745,129.345,38.313,37.527,16.1739
2026-04-18 22:00:00,107,2,SEG-I,129.289,129.3387,36.82,35.685,16.1739
2026-04-18 22:00:00,107,2,SEG-J,129.3103,129.3228,35.363,34.629,16.1739
2026-04-18 22:00:00,107,2,SEG-K,129.4119,129.3386,34.028,33.083,16.1739
2026-04-18 22:00:00,107,2,SEG-L,129.404,129.4646,32.571,31.96,16.1739
2026-04-18 22:00:00,107,2,SEG-M,129.297,129.3795,31.421,30.495,16.1739
2026-04-18 22:00:00,107,2,SEG-N,129.3947,129.4206,29.723,28.959,16.1739
2026-04-18 22:00:00,107,2,SEG-O,129.3153,129.2678,28.491,27.476,16.1739
2026-04-18 22:00:00,107,2,SEG-P,129.5189,129.299,27.013,26.15,16.1739
2026-04-18 22:00:00,107,2,SEG-Q,129.3707,129.2427,25.584,24.623,16.1739
2026-04-18 22:00:00,107,2,SEG-R,129.3798,129.3613,24.259,23.345,16.1739
2026-04-18 22:00:00,107,2,SEG-S,129.4083,129.3992,22.836,22.077,16.1739
2026-04-18 22:00:00,107,2,SEG-T,129.4092,129.4472,21.41,20.511,16.1739
2026-04-19 06:00:00,108,0,SEG-A,270.6182,270.7872,48.114,47.072,33.8547
2026-04-19 06:00:00,108,0,SEG-B,270.8736,270.3668,46.805,45.217,33.8037
2026-04-19 06:00:00,108,0,SEG-C,270.5043,270.2588,45.144,44.241,33.8037
2026-04-19 06:00:00,108,0,SEG-D,270.3444,270.2214,43.87,42.745,33.7699
2026-04-19 06:00:00,108,0,SEG-E,270.2652,269.926,42.551,41.471,33.7699
2026-04-19 06:00:00,108,0,SEG-F,270.2934,270.1632,41.149,40.151,33.7699
2026-04-19 06:00:00,108,0,SEG-G,270.1293,270.1355,39.606,38.783,33.7699
2026-04-19 06:00:00,108,0,SEG-H,270.2009,270.0398,38.222,37.252,33.7699
2026-04-19 06:00:00,108,0,SEG-I,270.3198,270.1985,36.792,35.889,33.7699
2026-04-19 06:00:00,108,0,SEG-J,269.9847,270.1938,35.547,34.728,33.7699
2026-04-19 06:00:00,108,0,SEG-K,270.0291,270.098,33.949,33.047,33.7699
2026-04-19 06:00:00,108,0,SEG-L,270.1845,270.1178,32.469,31.759,33.7699
2026-04-19 06:00:00,108,0,SEG-M,270.0561,270.0828,31.172,30.441,33.7699
2026-04-19 06:00:00,108,0,SEG-N,270.1703,270.2472,29.903,29.233,33.7699
2026-04-19 06:00:00,108,0,SEG-O,270.1914,270.2629,28.582,27.555,33.7699
2026-04-19 06:00:00,108,0,SEG-P,270.1818,270.246,26.762,26.284,33.7699
2026-04-19 06:00:00,108,0,SEG-Q,270.2908,270.0838,25.401,24.755,33.7699
2026-04-19 06:00:00,108,0,SEG-R,270.1586,270.2662,24.385,23.577,33.7699
2026-04-19 06:00:00,108,0,SEG-S,270.067,270.1814,22.78,22.041,33.7699
2026-04-19 06:00:00,108,0,SEG-T,270.2567,270.3739,21.314,20.684,33.7699
2026-04-19 14:00:00,108,1,SEG-A,307.3268,307.4294,48.164,47.153,38.447
2026-04-19 14:00:00,108,1,SEG-B,307.4309,307.1104,46.568,45.669,38.384
2026-04-19 14:00:00,108,1,SEG-C,306.9787,306.9604,44.964,44.469,38.384
2026-04-19 14:00:00,108,1,SEG-D,306.9908,307.057,43.856,42.596,38.3423
2026-04-19 14:00:00,108,1,SEG-E,306.7343,306.951,42.42,41.325,38.3423
2026-04-19 14:00:00,108,1,SEG-F,306.5987,306.632,40.863,40.228,38.3423
2026-04-19 14:00:00,108,1,SEG-G,306.7299,306.6873,39.462,38.938,38.3423
2026-04-19 14:00:00,108,1,SEG-H,306.8357,306.6645,38.129,37.288,38.3423
2026-04-19 14:00:00,108,1,SEG-I,306.7785,306.6142,36.778,35.775,38.3423
2026-04-19 14:00:00,108,1,SEG-J,306.7284,306.6754,35.272,34.446,38.3423
2026-04-19 14:00:00,108,1,SEG-K,306.6189,306.8168,33.918,32.946,38.3423
2026-04-19 14:00:00,108,1,SEG-L,306.4835,306.6095,32.473,31.861,38.3423
2026-04-19 14:00:00,108,1,SEG-M,306.8078,306.5251,31.031,30.291,38.3423
2026-04-19 14:00:00,108,1,SEG-N,306.8194,306.7101,29.825,28.918,38.3423
2026-04-19 14:00:00,108,1,SEG-O,306.7772,306.6877,28.182,27.388,38.3423
2026-04-19 14:00:00,108,1,SEG-P,306.763,306.6368,26.805,26.359,38.3423
2026-04-19 14:00:00,108,1,SEG-Q,306.8984,306.6536,25.473,24.81,38.3423
2026-04-19 14:00:00,108,1,SEG-R,306.8178,306.6435,24.061,22.902,38.3423
2026-04-19 14:00:00,108,1,SEG-S,306.8378,306.7641,22.858,22.089,38.3423
2026-04-19 14:00:00,108,1,SEG-T,306.7755,306.8923,21.625,20.508,38.3423
2026-04-19 22:00:00,108,2,SEG-A,144.5389,144.676,48.168,46.96,18.0785
2026-04-19 22:00:00,108,2,SEG-B,144.6517,144.3186,46.362,45.559,18.0425
2026-04-19 22:00:00,108,2,SEG-C,144.3404,144.4466,45.327,44.291,18.0425
2026-04-19 22:00:00,108,2,SEG-D,144.2525,144.1543,43.602,42.408,18.0187
2026-04-19 22:00:00,108,2,SEG-E,144.1089,144.3088,42.35,41.507,18.0187
2026-04-19 22:00:00,108,2,SEG-F,144.2378,144.1936,41.018,40.22,18.0187
2026-04-19 22:00:00,108,2,SEG-G,144.1726,144.0252,39.725,38.782,18.0187
2026-04-19 22:00:00,108,2,SEG-H,144.1421,144.2323,38.244,37.573,18.0187
2026-04-19 22:00:00,108,2,SEG-I,144.2293,144.1428,36.718,35.643,18.0187
2026-04-19 22:00:00,108,2,SEG-J,144.1491,144.1732,35.299,34.517,18.0187
2026-04-19 22:00:00,108,2,SEG-K,144.2488,144.0863,34.095,33.163,18.0187
2026-04-19 22:00:00,108,2,SEG-L,144.1536,144.1874,32.726,31.761,18.0187
2026-04-19 22:00:00,108,2,SEG-M,144.0832,144.1737,31.218,30.098,18.0187
2026-04-19 22:00:00,108,2,SEG-N,144.1259,144.2771,29.525,28.98,18.0187
2026-04-19 22:00:00,108,2,SEG-O,144.1375,144.1824,28.523,27.43,18.0187
2026-04-19 22:00:00,108,2,SEG-P,144.2535,144.0637,26.934,26.335,18.0187
2026-04-19 22:00:00,108,2,SEG-Q,144.2813,144.2221,25.631,24.761,18.0187
2026-04-19 22:00:00,108,2,SEG-R,144.0645,144.1899,24.254,23.439,18.0187
2026-04-19 22:00:00,108,2,SEG-S,144.2449,144.1275,22.772,21.833,18.0187
2026-04-19 22:00:00,108,2,SEG-T,144.1708,144.2058,21.418,20.695,18.0187
2026-04-20 06:00:00,109,0,SEG-A,266.6207,266.342,47.858,47.14,33.3218
2026-04-20 06:00:00,109,0,SEG-B,266.7152,266.3731,46.738,45.438,33.2708
2026-04-20 06:00:00,109,0,SEG-C,266.0554,266.1296,45.262,44.408,33.2708
2026-04-20 06:00:00,109,0,SEG-D,266.2885,266.1273,43.667,42.57,33.236
2026-04-20 06:00:00,109,0,SEG-E,265.9225,265.7949,42.567,41.475,33.236
2026-04-20 06:00:00,109,0,SEG-F,265.8355,265.724,41.033,40.125,33.236
2026-04-20 06:00:00,109,0,SEG-G,265.9652,265.8218,39.742,38.564,33.236
2026-04-20 06:00:00,109,0,SEG-H,265.8694,265.7866,38.181,37.289,33.236
2026-04-20 06:00:00,109,0,SEG-I,265.9183,266.1206,36.891,36.062,33.236
2026-04-20 06:00:00,109,0,SEG-J,265.9827,265.8511,35.282,34.297,33.236
2026-04-20 06:00:00,109,0,SEG-K,265.7905,265.7747,33.985,33.025,33.236
2026-04-20 06:00:00,109,0,SEG-L,266.0609,266.1713,32.418,31.804,33.236
2026-04-20 06:00:00,109,0,SEG-M,266.096,265.8329,31.285,30.35,33.236
2026-04-20 06:00:00,109,0,SEG-N,265.9579,266.0175,29.797,28.858,33.236
2026-04-20 06:00:00,109,0,SEG-O,265.8208,265.7494,28.262,27.553,33.236
2026-04-20 06:00:00,109,0,SEG-P,265.829,265.7387,26.927,26.326,33.236
2026-04-20 06:00:00,109,0,SEG-Q,265.8179,265.8502,25.777,24.622,33.236
2026-04-20 06:00:00,109,0,SEG-R,265.8428,265.9266,23.981,23.225,33.236
2026-04-20 06:00:00,109,0,SEG-S,265.89,265.657,23.056,21.839,33.236
2026-04-20 06:00:00,109,0,SEG-T,265.7939,265.7832,21.431,20.529,33.236
2026-04-20 14:00:00,109,1,SEG-A,334.3884,334.447,48.095,47.081,41.8135
2026-04-20 14:00:00,109,1,SEG-B,334.7294,333.7951,46.62,45.442,41.7505
2026-04-20 14:00:00,109,1,SEG-C,333.7534,333.972,45.217,44.359,41.7505
2026-04-20 14:00:00,109,1,SEG-D,333.8888,333.4581,43.864,42.873,41.7075
2026-04-20 14:00:00,109,1,SEG-E,333.8118,333.7238,42.434,41.334,41.7075
2026-04-20 14:00:00,109,1,SEG-F,333.8309,333.666,41.098,40.155,41.7075
2026-04-20 14:00:00,109,1,SEG-G,333.3163,333.6667,39.643,38.731,41.7075
2026-04-20 14:00:00,109,1,SEG-H,333.7818,333.7479,38.276,37.204,41.7075
2026-04-20 14:00:00,109,1,SEG-I,333.4462,333.6125,36.737,35.861,41.7075
2026-04-20 14:00:00,109,1,SEG-J,333.5541,333.7068,35.454,34.74,41.7075
2026-04-20 14:00:00,109,1,SEG-K,333.5709,333.6023,34.1,33.065,41.7075
2026-04-20 14:00:00,109,1,SEG-L,333.7348,333.8168,32.528,31.999,41.7075
2026-04-20 14:00:00,109,1,SEG-M,333.6851,333.6568,31.123,30.335,41.7075
2026-04-20 14:00:00,109,1,SEG-N,333.7098,333.512,29.886,28.837,41.7075
2026-04-20 14:00:00,109,1,SEG-O,333.7187,333.5423,28.354,27.678,41.7075
2026-04-20 14:00:00,109,1,SEG-P,333.3632,333.7028,27.067,26.03,41.7075
2026-04-20 14:00:00,109,1,SEG-Q,333.5699,333.7698,25.517,24.833,41.7075
2026-04-20 14:00:00,109,1,SEG-R,333.6433,333.7223,24.204,23.45,41.7075
2026-04-20 14:00:00,109,1,SEG-S,333.7485,333.5454,23.069,22.013,41.7075
2026-04-20 14:00:00,109,1,SEG-T,333.6486,333.7436,21.464,20.424,41.7075
2026-04-20 22:00:00,109,2,SEG-A,167.2506,167.2973,48.058,47.285,20.8967
2026-04-20 22:00:00,109,2,SEG-B,167.1357,166.8882,46.703,45.363,20.8607
2026-04-20 22:00:00,109,2,SEG-C,166.9095,166.8602,45.16,44.372,20.8607
2026-04-20 22:00:00,109,2,SEG-D,166.9524,166.7692,43.743,42.663,20.8362
2026-04-20 22:00:00,109,2,SEG-E,166.6066,166.7661,42.315,41.59,20.8362
2026-04-20 22:00:00,109,2,SEG-F,166.7647,166.7152,40.908,40.152,20.8362
2026-04-20 22:00:00,109,2,SEG-G,166.8323,166.629,39.408,38.995,20.8362
2026-04-20 22:00:00,109,2,SEG-H,166.5491,166.7754,38.388,37.414,20.8362
2026-04-20 22:00:00,109,2,SEG-I,166.6977,166.6797,36.844,35.818,20.8362
2026-04-20 22:00:00,109,2,SEG-J,166.7489,166.6582,35.549,34.61,20.8362
2026-04-20 22:00:00,109,2,SEG-K,166.7473,166.7442,33.97,33.044,20.8362
2026-04-20 22:00:00,109,2,SEG-L,166.585,166.6011,32.649,31.593,20.8362
2026-04-20 22:00:00,109,2,SEG-M,166.7462,166.6191,31.45,30.389,20.8362
2026-04-20 22:00:00,109,2,SEG-N,166.8164,166.7299,29.917,29.084,20.8362
2026-04-20 22:00:00,109,2,SEG-O,166.7449,166.6722,28.605,27.481,20.8362
2026-04-20 22:00:00,109,2,SEG-P,166.7239,166.6935,26.987,25.94,20.8362
2026-04-20 22:00:00,109,2,SEG-Q,166.6273,166.7127,25.578,24.674,20.8362
2026-04-20 22:00:00,109,2,SEG-R,166.7566,166.714,24.213,23.374,20.8362
2026-04-20 22:00:00,109,2,SEG-S,166.5724,166.6703,22.822,21.976,20.8362
2026-04-20 22:00:00,109,2,SEG-T,166.6803,166.8142,21.445,20.406,20.8362
2026-04-21 06:00:00,110,0,SEG-A,251.2551,251.2497,47.954,47.28,31.3977
2026-04-21 06:00:00,110,0,SEG-B,251.0234,250.6985,46.718,45.269,31.3467
2026-04-21 06:00:00,110,0,SEG-C,250.7,250.8793,45.244,44.192,31.3467
2026-04-21 06:00:00,110,0,SEG-D,250.7477,250.528,43.709,42.563,31.3108
2026-04-21 06:00:00,110,0,SEG-E,250.6881,250.4683,42.344,41.397,31.3108
2026-04-21 06:00:00,110,0,SEG-F,250.5973,250.5076,41.001,40.015,31.3108
2026-04-21 06:00:00,110,0,SEG-G,250.5708,250.1673,39.571,38.883,31.3108
2026-04-21 06:00:00,110,0,SEG-H,250.4797,250.4115,38.319,37.23,31.3108
2026-04-21 06:00:00,110,0,SEG-I,250.4028,250.5797,36.543,35.962,31.3108
2026-04-21 06:00:00,110,0,SEG-J,250.537,250.7276,35.547,34.601,31.3108
2026-04-21 06:00:00,110,0,SEG-K,250.4451,250.4964,33.868,33.137,31.3108
2026-04-21 06:00:00,110,0,SEG-L,250.2851,250.4586,32.703,31.759,31.3108
2026-04-21 06:00:00,110,0,SEG-M,250.4088,250.5903,31.123,30.186,31.3108
2026-04-21 06:00:00,110,0,SEG-N,250.3984,250.3337,29.689,28.78,31.3108
2026-04-21 06:00:00,110,0,SEG-O,250.4007,250.3289,28.224,27.454,31.3108
2026-04-21 06:00:00,110,0,SEG-P,250.3977,250.4207,26.883,26.195,31.3108
2026-04-21 06:00:00,110,0,SEG-Q,250.4027,250.4642,25.57,24.87,31.3108
2026-04-21 06:00:00,110,0,SEG-R,250.5596,250.2849,24.222,23.373,31.3108
2026-04-21 06:00:00,110,0,SEG-S,250.3596,250.4795,22.813,21.914,31.3108
2026-04-21 06:00:00,110,0,SEG-T,250.7038,250.4766,21.545,20.581,31.3108
2026-04-21 14:00:00,110,1,SEG-A,313.7453,313.9788,48.077,47.038,39.2263
2026-04-21 14:00:00,110,1,SEG-B,314.1525,313.1888,46.571,45.347,39.1633
2026-04-21 14:00:00,110,1,SEG-C,313.2938,313.3935,45.093,44.273,39.1633
2026-04-21 14:00:00,110,1,SEG-D,313.3397,313.0942,43.681,42.735,39.119
2026-04-21 14:00:00,110,1,SEG-E,312.7457,312.7815,42.297,41.931,39.119
2026-04-21 14:00:00,110,1,SEG-F,313.0888,312.934,41.035,40.207,39.119
2026-04-21 14:00:00,110,1,SEG-G,312.9373,313.0199,39.574,38.715,39.119
2026-04-21 14:00:00,110,1,SEG-H,313.1606,312.9427,38.12,37.342,39.119
2026-04-21 14:00:00,110,1,SEG-I,312.8576,313.0151,36.641,35.885,39.119
2026-04-21 14:00:00,110,1,SEG-J,312.82,313.0759,35.367,34.544,39.119
2026-04-21 14:00:00,110,1,SEG-K,313.0644,312.8141,34.083,33.241,39.119
2026-04-21 14:00:00,110,1,SEG-L,312.936,313.0712,32.484,31.872,39.119
2026-04-21 14:00:00,110,1,SEG-M,312.9455,312.993,31.187,30.288,39.119
2026-04-21 14:00:00,110,1,SEG-N,313.1202,312.8516,29.83,28.975,39.119
2026-04-21 14:00:00,110,1,SEG-O,313.0253,312.8975,28.275,27.533,39.119
2026-04-21 14:00:00,110,1,SEG-P,313.0785,312.7564,26.64,26.33,39.119
2026-04-21 14:00:00,110,1,SEG-Q,313.1333,312.675,25.617,24.775,39.119
2026-04-21 14:00:00,110,1,SEG-R,313.0131,313.2373,24.129,23.269,39.119
2026-04-21 14:00:00,110,1,SEG-S,313.1402,313.064,22.704,22.129,39.119
2026-04-21 14:00:00,110,1,SEG-T,312.6283,312.879,21.354,20.61,39.119
2026-04-21 22:00:00,110,2,SEG-A,188.531,188.5607,47.903,47.233,23.5667
2026-04-21 22:00:00,110,2,SEG-B,188.5821,188.1892,46.621,45.189,23.5307
2026-04-21 22:00:00,110,2,SEG-C,188.2803,188.2672,45.074,44.352,23.5307
2026-04-21 22:00:00,110,2,SEG-D,188.2537,188.2277,43.723,42.731,23.5054
2026-04-21 22:00:00,110,2,SEG-E,187.963,188.0114,42.279,41.511,23.5054
2026-04-21 22:00:00,110,2,SEG-F,188.0452,187.9708,41.283,40.287,23.5054
2026-04-21 22:00:00,110,2,SEG-G,187.9741,188.0477,39.71,39.01,23.5054
2026-04-21 22:00:00,110,2,SEG-H,188.0751,188.0824,38.102,37.548,23.5054
2026-04-21 22:00:00,110,2,SEG-I,188.0959,188.2917,36.953,35.961,23.5054
2026-04-21 22:00:00,110,2,SEG-J,188.0714,188.0924,35.439,34.69,23.5054
2026-04-21 22:00:00,110,2,SEG-K,188.0009,188.0792,33.904,33.268,23.5054
2026-04-21 22:00:00,110,2,SEG-L,188.1042,187.9763,32.453,31.636,23.5054
2026-04-21 22:00:00,110,2,SEG-M,188.0773,187.9156,31.406,30.415,23.5054
2026-04-21 22:00:00,110,2,SEG-N,188.1128,187.8938,29.769,29.032,23.5054
2026-04-21 22:00:00,110,2,SEG-O,188.0728,188.2363,28.173,27.485,23.5054
2026-04-21 22:00:00,110,2,SEG-P,188.0454,187.896,27.106,26.052,23.5054
2026-04-21 22:00:00,110,2,SEG-Q,188.1981,187.9722,25.404,24.815,23.5054
2026-04-21 22:00:00,110,2,SEG-R,188.0722,188.0853,24.148,23.386,23.5054
2026-04-21 22:00:00,110,2,SEG-S,187.9404,188.1441,22.796,21.885,23.5054
2026-04-21 22:00:00,110,2,SEG-T,187.9478,187.907,21.37,20.489,23.5054
2026-04-22 06:00:00,111,0,SEG-A,229.9003,229.8344,48.064,47.12,28.7289
2026-04-22 06:00:00,111,0,SEG-B,229.8352,229.5618,46.705,45.372,28.6779
2026-04-22 06:00:00,111,0,SEG-C,229.4104,229.4444,45.154,44.507,28.6779
2026-04-22 06:00:00,111,0,SEG-D,229.3062,228.9864,43.775,42.664,28.6409
2026-04-22 06:00:00,111,0,SEG-E,229.1289,228.9861,42.392,41.334,28.6409
2026-04-22 06:00:00,111,0,SEG-F,229.0611,228.9999,41.166,39.962,28.6409
2026-04-22 06:00:00,111,0,SEG-G,229.173,229.0537,39.575,38.728,28.6409
2026-04-22 06:00:00,111,0,SEG-H,229.0011,229.2836,38.292,37.276,28.6409
2026-04-22 06:00:00,111,0,SEG-I,229.0272,229.2312,36.73,35.826,28.6409
2026-04-22 06:00:00,111,0,SEG-J,229.0981,229.0589,35.53,34.468,28.6409
2026-04-22 06:00:00,111,0,SEG-K,229.2361,229.1002,34.085,33.267,28.6409
2026-04-22 06:00:00,111,0,SEG-L,229.2459,229.1594,32.614,31.829,28.6409
2026-04-22 06:00:00,111,0,SEG-M,229.1572,229.01,31.464,30.242,28.6409
2026-04-22 06:00:00,111,0,SEG-N,229.0476,229.1743,29.781,28.884,28.6409
2026-04-22 06:00:00,111,0,SEG-O,228.9398,229.1272,28.669,27.452,28.6409
2026-04-22 06:00:00,111,0,SEG-P,228.9854,229.2061,27.217,25.959,28.6409
2026-04-22 06:00:00,111,0,SEG-Q,229.0734,229.3552,25.638,24.899,28.6409
2026-04-22 06:00:00,111,0,SEG-R,229.1661,229.0172,24.299,23.199,28.6409
2026-04-22 06:00:00,111,0,SEG-S,229.144,229.1294,22.705,22.091,28.6409
2026-04-22 06:00:00,111,0,SEG-T,229.2105,229.0429,21.482,20.518,28.6409
2026-04-22 14:00:00,111,1,SEG-A,338.1604,337.9369,48.029,47.097,42.2657
2026-04-22 14:00:00,111,1,SEG-B,338.2746,337.8023,46.464,45.363,42.2027
2026-04-22 14:00:00,111,1,SEG-C,337.6312,337.5231,45.091,44.374,42.2027
2026-04-22 14:00:00,111,1,SEG-D,337.3866,337.2383,43.89,42.467,42.157
2026-04-22 14:00:00,111,1,SEG-E,336.9866,337.2727,42.444,41.523,42.157
2026-04-22 14:00:00,111,1,SEG-F,337.3301,337.1478,41.151,40.041,42.157
2026-04-22 14:00:00,111,1,SEG-G,337.4755,337.1965,39.781,38.937,42.157
2026-04-22 14:00:00,111,1,SEG-H,337.4746,337.031,38.135,37.385,42.157
2026-04-22 14:00:00,111,1,SEG-I,337.3808,337.0706,36.793,35.938,42.157
2026-04-22 14:00:00,111,1,SEG-J,337.1262,337.2672,35.428,34.552,42.157
2026-04-22 14:00:00,111,1,SEG-K,337.073,337.4918,33.764,33.17,42.157
2026-04-22 14:00:00,111,1,SEG-L,337.0792,337.1865,32.356,31.819,42.157
2026-04-22 14:00:00,111,1,SEG-M,337.1711,337.1885,31.254,30.332,42.157
2026-04-22 14:00:00,111,1,SEG-N,337.0721,337.1737,29.723,29.028,42.157
2026-04-22 14:00:00,111,1,SEG-O,337.2509,337.1123,28.454,27.444,42.157
2026-04-22 14:00:00,111,1,SEG-P,336.9146,337.329,26.947,26.227,42.157
2026-04-22 14:00:00,111,1,SEG-Q,337.1247,337.0393,25.676,24.67,42.157
2026-04-22 14:00:00,111,1,SEG-R,337.6427,337.3041,24.445,23.454,42.157
2026-04-22 14:00:00,111,1,SEG-S,337.2651,337.5511,22.989,21.847,42.157
2026-04-22 14:00:00,111,1,SEG-T,337.5221,337.3854,21.358,20.617,42.157
2026-04-22 22:00:00,111,2,SEG-A,148.6396,148.5019,47.957,47.315,18.5716
2026-04-22 22:00:00,111,2,SEG-B,148.6468,148.3228,46.703,45.528,18.5356
2026-04-22 22:00:00,111,2,SEG-C,148.2723,148.2599,45.197,44.276,18.5356
2026-04-22 22:00:00,111,2,SEG-D,148.3914,148.032,43.72,42.64,18.5095
2026-04-22 22:00:00,111,2,SEG-E,148.0661,148.0026,42.48,41.678,18.5095
2026-04-22 22:00:00,111,2,SEG-F,147.9744,148.0952,41.14,39.977,18.5095
2026-04-22 22:00:00,111,2,SEG-G,148.0277,148.1073,39.403,38.685,18.5095
2026-04-22 22:00:00,111,2,SEG-H,147.9859,148.0253,38.093,37.307,18.5095
2026-04-22 22:00:00,111,2,SEG-I,148.1356,148.0774,36.847,35.995,18.5095
2026-04-22 22:00:00,111,2,SEG-J,148.1247,148.0525,35.489,34.458,18.5095
2026-04-22 22:00:00,111,2,SEG-K,148.0944,148.0113,33.792,33.166,18.5095
2026-04-22 22:00:00,111,2,SEG-L,148.0339,147.9204,32.55,31.771,18.5095
2026-04-22 22:00:00,111,2,SEG-M,148.027,148.1173,31.159,30.481,18.5095
2026-04-22 22:00:00,111,2,SEG-N,148.1586,148.0324,29.797,28.905,18.5095
2026-04-22 22:00:00,111,2,SEG-O,148.0903,148.0919,28.268,27.673,18.5095
2026-04-22 22:00:00,111,2,SEG-P,148.0753,148.0991,27.083,26.209,18.5095
2026-04-22 22:00:00,111,2,SEG-Q,148.2008,148.0252,25.609,24.721,18.5095
2026-04-22 22:00:00,111,2,SEG-R,148.0304,148.0095,24.108,23.434,18.5095
2026-04-22 22:00:00,111,2,SEG-S,147.9886,148.0041,22.877,22.012,18.5095
2026-04-22 22:00:00,111,2,SEG-T,148.1056,148.058,21.313,20.566,18.5095
2026-04-23 06:00:00,112,0,SEG-A,235.8303,235.8024,47.989,47.044,29.4723
2026-04-23 06:00:00,112,0,SEG-B,235.6253,235.4866,46.566,45.341,29.4213
2026-04-23 06:00:00,112,0,SEG-C,235.5594,235.3761,45.127,44.325,29.4213
2026-04-23 06:00:00,112,0,SEG-D,235.5437,234.9965,43.735,42.425,29.3831
2026-04-23 06:00:00,112,0,SEG-E,235.1997,235.2201,42.271,41.472,29.3831
2026-04-23 06:00:00,112,0,SEG-F,235.0597,234.8087,40.994,40.18,29.3831
2026-04-23 06:00:00,112,0,SEG-G,235.0821,234.95,39.588,38.595,29.3831
2026-04-23 06:00:00,112,0,SEG-H,235.015,235.0951,38.07,37.288,29.3831
2026-04-23 06:00:00,112,0,SEG-I,235.1026,235.0416,36.83,35.997,29.3831
2026-04-23 06:00:00,112,0,SEG-J,234.9449,234.9614,35.449,34.777,29.3831
2026-04-23 06:00:00,112,0,SEG-K,235.1071,235.0876,34.068,32.988,29.3831
2026-04-23 06:00:00,112,0,SEG-L,234.9968,235.1111,32.739,31.76,29.3831
2026-04-23 06:00:00,112,0,SEG-M,234.9684,235.0105,31.138,30.415,29.3831
2026-04-23 06:00:00,112,0,SEG-N,235.0945,235.0977,29.696,28.808,29.3831
2026-04-23 06:00:00,112,0,SEG-O,235.0844,235.0338,28.451,27.362,29.3831
2026-04-23 06:00:00,112,0,SEG-P,235.0778,235.0382,27.055,26.327,29.3831
2026-04-23 06:00:00,112,0,SEG-Q,235.0707,235.0645,25.706,24.771,29.3831
2026-04-23 06:00:00,112,0,SEG-R,235.0105,234.9558,24.312,23.305,29.3831
2026-04-23 06:00:00,112,0,SEG-S,235.0366,235.0141,22.902,22.206,29.3831
2026-04-23 06:00:00,112,0,SEG-T,235.2476,235.1265,21.365,20.51,29.3831
2026-04-23 14:00:00,112,1,SEG-A,259.6663,259.6412,47.875,46.923,32.4534
2026-04-23 14:00:00,112,1,SEG-B,259.6228,259.0167,46.636,45.445,32.3904
2026-04-23 14:00:00,112,1,SEG-C,259.206,259.1799,45.107,44.374,32.3904
2026-04-23 14:00:00,112,1,SEG-D,259.1691,258.6516,43.555,42.488,32.3433
2026-04-23 14:00:00,112,1,SEG-E,258.5766,258.9312,42.403,41.522,32.3433
2026-04-23 14:00:00,112,1,SEG-F,258.6874,258.8018,41.08,39.967,32.3433
2026-04-23 14:00:00,112,1,SEG-G,258.686,258.6977,39.564,38.685,32.3433
2026-04-23 14:00:00,112,1,SEG-H,258.5526,258.7238,37.973,37.249,32.3433
2026-04-23 14:00:00,112,1,SEG-I,258.763,258.6887,36.911,35.954,32.3433
2026-04-23 14:00:00,112,1,SEG-J,258.7668,258.7771,35.289,34.53,32.3433
2026-04-23 14:00:00,112,1,SEG-K,258.6204,258.7849,33.841,32.871,32.3433
2026-04-23 14:00:00,112,1,SEG-L,258.6848,258.786,32.55,31.851,32.3433
2026-04-23 14:00:00,112,1,SEG-M,258.6588,258.6893,31.145,30.202,32.3433
2026-04-23 14:00:00,112,1,SEG-N,258.7998,258.7424,29.881,28.74,32.3433
2026-04-23 14:00:00,112,1,SEG-O,258.9283,258.6068,28.498,27.646,32.3433
2026-04-23 14:00:00,112,1,SEG-P,258.8518,258.8288,26.755,26.054,32.3433
2026-04-23 14:00:00,112,1,SEG-Q,258.6538,258.5875,25.786,24.703,32.3433
2026-04-23 14:00:00,112,1,SEG-R,258.7844,258.5638,24.415,23.421,32.3433
2026-04-23 14:00:00,112,1,SEG-S,258.9123,258.6946,22.677,21.882,32.3433
2026-04-23 14:00:00,112,1,SEG-T,258.6883,258.7093,21.33,20.503,32.3433
2026-04-23 22:00:00,112,2,SEG-A,210.8645,210.8781,47.981,47.307,26.3603
2026-04-23 22:00:00,112,2,SEG-B,210.9445,210.6546,46.633,45.301,26.3243
2026-04-23 22:00:00,112,2,SEG-C,210.6305,210.5927,45.386,44.189,26.3243
2026-04-23 22:00:00,112,2,SEG-D,210.6639,210.2811,43.764,42.83,26.2974
2026-04-23 22:00:00,112,2,SEG-E,210.4745,210.211,42.481,41.608,26.2974
2026-04-23 22:00:00,112,2,SEG-F,210.2367,210.2884,40.83,40.102,26.2974
2026-04-23 22:00:00,112,2,SEG-G,210.4842,210.4076,39.582,38.634,26.2974
2026-04-23 22:00:00,112,2,SEG-H,210.4728,210.5883,38.17,37.148,26.2974
2026-04-23 22:00:00,112,2,SEG-I,210.3612,210.4173,36.821,35.985,26.2974
2026-04-23 22:00:00,112,2,SEG-J,210.3116,210.2454,35.401,34.591,26.2974
2026-04-23 22:00:00,112,2,SEG-K,210.3468,210.2765,34.225,33.088,26.2974
2026-04-23 22:00:00,112,2,SEG-L,210.4213,210.2667,32.715,31.852,26.2974
2026-04-23 22:00:00,112,2,SEG-M,210.3935,210.2185,30.963,30.444,26.2974
2026-04-23 22:00:00,112,2,SEG-N,210.4222,210.4028,29.788,28.997,26.2974
2026-04-23 22:00:00,112,2,SEG-O,210.446,210.4352,28.37,27.525,26.2974
2026-04-23 22:00:00,112,2,SEG-P,210.5349,210.243,27.159,26.09,26.2974
2026-04-23 22:00:00,112,2,SEG-Q,210.4198,210.4263,25.754,24.98,26.2974
2026-04-23 22:00:00,112,2,SEG-R,210.4873,210.2145,24.104,23.15,26.2974
2026-04-23 22:00:00,112,2,SEG-S,210.5006,210.3724,22.725,21.851,26.2974
2026-04-23 22:00:00,112,2,SEG-T,210.3818,210.3312,21.318,20.835,26.2974
2026-04-24 06:00:00,113,0,SEG-A,276.4155,276.1386,48.144,47.299,34.5459
2026-04-24 06:00:00,113,0,SEG-B,276.4907,275.9758,46.509,45.506,34.4949
2026-04-24 06:00:00,113,0,SEG-C,275.798,276.4416,45.08,44.337,34.4949
2026-04-24 06:00:00,113,0,SEG-D,276.0603,275.5947,43.804,42.467,34.4556
2026-04-24 06:00:00,113,0,SEG-E,275.6223,275.6974,42.26,41.453,34.4556
2026-04-24 06:00:00,113,0,SEG-F,275.7156,275.735,41.083,40.565,34.4556
2026-04-24 06:00:00,113,0,SEG-G,275.8612,275.4525,39.563,38.519,34.4556
2026-04-24 06:00:00,113,0,SEG-H,275.7854,275.6422,38.031,37.519,34.4556
2026-04-24 06:00:00,113,0,SEG-I,275.6866,275.6422,36.769,35.901,34.4556
2026-04-24 06:00:00,113,0,SEG-J,275.8344,275.6281,35.197,34.527,34.4556
2026-04-24 06:00:00,113,0,SEG-K,275.6644,275.3731,34.152,33.154,34.4556
2026-04-24 06:00:00,113,0,SEG-L,275.6485,275.7116,32.556,31.741,34.4556
2026-04-24 06:00:00,113,0,SEG-M,275.4894,275.71,31.218,30.31,34.4556
2026-04-24 06:00:00,113,0,SEG-N,275.7357,275.6506,29.85,28.902,34.4556
2026-04-24 06:00:00,113,0,SEG-O,275.79,275.6569,28.239,27.542,34.4556
2026-04-24 06:00:00,113,0,SEG-P,275.6746,275.775,27.104,26.006,34.4556
2026-04-24 06:00:00,113,0,SEG-Q,275.7876,275.503,25.664,24.766,34.4556
2026-04-24 06:00:00,113,0,SEG-R,275.6979,275.6891,24.153,23.496,34.4556
2026-04-24 06:00:00,113,0,SEG-S,275.8827,275.5579,22.737,22.067,34.4556
2026-04-24 06:00:00,113,0,SEG-T,275.6473,275.6983,21.482,20.36,34.4556
2026-04-24 14:00:00,113,1,SEG-A,347.1318,346.8146,47.591,47.217,43.3566
2026-04-24 14:00:00,113,1,SEG-B,346.7827,346.5797,46.869,45.33,43.2936
2026-04-24 14:00:00,113,1,SEG-C,346.0988,346.363,45.28,44.296,43.2936
2026-04-24 14:00:00,113,1,SEG-D,346.1283,345.9772,43.551,42.609,43.245
2026-04-24 14:00:00,113,1,SEG-E,345.8221,346.1218,42.353,41.461,43.245
2026-04-24 14:00:00,113,1,SEG-F,346.1365,345.8592,41.039,39.957,43.245
2026-04-24 14:00:00,113,1,SEG-G,346.1442,345.9145,39.627,38.99,43.245
2026-04-24 14:00:00,113,1,SEG-H,345.8421,345.9608,38.145,37.145,43.245
2026-04-24 14:00:00,113,1,SEG-I,346.019,345.978,36.933,36.067,43.245
2026-04-24 14:00:00,113,1,SEG-J,345.5929,345.8957,35.182,34.555,43.245
2026-04-24 14:00:00,113,1,SEG-K,345.7591,345.7585,34.34,33.117,43.245
2026-04-24 14:00:00,113,1,SEG-L,345.7919,346.0301,32.652,31.743,43.245
2026-04-24 14:00:00,113,1,SEG-M,346.1748,345.8608,31.351,30.738,43.245
2026-04-24 14:00:00,113,1,SEG-N,346.0191,345.8598,29.71,28.981,43.245
2026-04-24 14:00:00,113,1,SEG-O,345.8295,345.8906,28.235,27.58,43.245
2026-04-24 14:00:00,113,1,SEG-P,345.8621,346.2574,27.03,25.949,43.245
2026-04-24 14:00:00,113,1,SEG-Q,345.8938,346.1302,25.563,24.674,43.245
2026-04-24 14:00:00,113,1,SEG-R,345.953,345.9957,24.094,23.51,43.245
2026-04-24 14:00:00,113,1,SEG-S,346.1173,346.0912,22.731,21.929,43.245
2026-04-24 14:00:00,113,1,SEG-T,345.9679,346.2144,21.426,20.66,43.245
2026-04-24 22:00:00,113,2,SEG-A,166.1999,166.2516,48.022,47.076,20.7698
2026-04-24 22:00:00,113,2,SEG-B,166.2057,166.0219,46.731,45.307,20.7338
2026-04-24 22:00:00,113,2,SEG-C,165.7509,165.8798,45.218,44.325,20.7338
2026-04-24 22:00:00,113,2,SEG-D,165.8922,165.629,43.786,42.515,20.706
2026-04-24 22:00:00,113,2,SEG-E,165.6313,165.5912,42.538,41.64,20.706
2026-04-24 22:00:00,113,2,SEG-F,165.5595,165.7077,40.813,40.047,20.706
2026-04-24 22:00:00,113,2,SEG-G,165.5716,165.5426,39.56,38.811,20.706
2026-04-24 22:00:00,113,2,SEG-H,165.642,165.5266,38.277,37.352,20.706
2026-04-24 22:00:00,113,2,SEG-I,165.6194,165.4436,36.755,36.013,20.706
2026-04-24 22:00:00,113,2,SEG-J,165.6938,165.5952,35.281,34.529,20.706
2026-04-24 22:00:00,113,2,SEG-K,165.7424,165.6654,34.121,33.028,20.706
2026-04-24 22:00:00,113,2,SEG-L,165.5625,165.6856,32.668,31.59,20.706
2026-04-24 22:00:00,113,2,SEG-M,165.5279,165.7604,30.93,30.439,20.706
2026-04-24 22:00:00,113,2,SEG-N,165.5085,165.7145,29.737,29.07,20.706
2026-04-24 22:00:00,113,2,SEG-O,165.6599,165.5636,28.428,27.366,20.706
2026-04-24 22:00:00,113,2,SEG-P,165.6545,165.6026,26.899,25.963,20.706
2026-04-24 22:00:00,113,2,SEG-Q,165.6796,165.7518,25.718,24.717,20.706
2026-04-24 22:00:00,113,2,SEG-R,165.5975,165.6677,24.338,23.206,20.706
2026-04-24 22:00:00,113,2,SEG-S,165.483,165.4766,22.859,22.07,20.706
2026-04-24 22:00:00,113,2,SEG-T,165.7257,165.6532,21.408,20.514,20.706
2026-04-25 06:00:00,114,0,SEG-A,261.0969,260.9859,47.916,46.936,32.6109
2026-04-25 06:00:00,114,0,SEG-B,260.9305,260.4697,46.762,45.532,32.5599
2026-04-25 06:00:00,114,0,SEG-C,260.4431,260.4181,45.332,44.325,32.5599
2026-04-25 06:00:00,114,0,SEG-D,260.3956,260.3952,43.862,42.803,32.5195
2026-04-25 06:00:00,114,0,SEG-E,260.1419,260.0294,42.327,41.485,32.5195
2026-04-25 06:00:00,114,0,SEG-F,260.2389,260.1843,41.002,39.963,32.5195
2026-04-25 06:00:00,114,0,SEG-G,260.155,260.3295,39.73,38.827,32.5195
2026-04-25 06:00:00,114,0,SEG-H,260.1188,260.1261,38.218,37.338,32.5195
2026-04-25 06:00:00,114,0,SEG-I,259.9383,260.2221,36.825,35.981,32.5195
2026-04-25 06:00:00,114,0,SEG-J,260.1503,260.2029,35.585,34.523,32.5195
2026-04-25 06:00:00,114,0,SEG-K,259.9185,260.1725,34.005,33.106,32.5195
2026-04-25 06:00:00,114,0,SEG-L,260.1474,260.1445,32.44,31.637,32.5195
2026-04-25 06:00:00,114,0,SEG-M,260.0594,259.9466,31.24,30.271,32.5195
2026-04-25 06:00:00,114,0,SEG-N,260.1276,260.4386,29.924,28.859,32.5195
2026-04-25 06:00:00,114,0,SEG-O,260.1323,260.2175,28.494,27.584,32.5195
2026-04-25 06:00:00,114,0,SEG-P,260.3365,260.113,27.007,26.297,32.5195
2026-04-25 06:00:00,114,0,SEG-Q,260.1972,260.0856,25.66,25.039,32.5195
2026-04-25 06:00:00,114,0,SEG-R,260.1955,260.2174,24.219,23.503,32.5195
2026-04-25 06:00:00,114,0,SEG-S,259.9014,260.0444,22.747,21.911,32.5195
2026-04-25 06:00:00,114,0,SEG-T,259.9995,260.1272,21.508,20.522,32.5195
2026-04-25 14:00:00,114,1,SEG-A,250.4223,250.3431,47.967,47.039,31.3104
2026-04-25 14:00:00,114,1,SEG-B,250.3916,249.9751,46.736,45.444,31.2474
2026-04-25 14:00:00,114,1,SEG-C,250.0651,249.8369,45.32,44.467,31.2474
2026-04-25 14:00:00,114,1,SEG-D,249.8206,249.6754,43.797,42.753,31.1974
2026-04-25 14:00:00,114,1,SEG-E,249.5441,249.5128,42.371,41.679,31.1974
2026-04-25 14:00:00,114,1,SEG-F,249.6213,249.3817,41.089,40.085,31.1974
2026-04-25 14:00:00,114,1,SEG-G,249.384,249.5257,39.564,38.771,31.1974
2026-04-25 14:00:00,114,1,SEG-H,249.5786,249.4018,38.103,37.374,31.1974
2026-04-25 14:00:00,114,1,SEG-I,249.688,249.5956,36.626,36.055,31.1974
2026-04-25 14:00:00,114,1,SEG-J,249.5421,249.8339,35.307,34.458,31.1974
2026-04-25 14:00:00,114,1,SEG-K,249.5228,249.6377,34.132,33.231,31.1974
2026-04-25 14:00:00,114,1,SEG-L,249.5916,249.5882,32.477,31.693,31.1974
2026-04-25 14:00:00,114,1,SEG-M,249.6439,249.5914,31.071,30.243,31.1974
2026-04-25 14:00:00,114,1,SEG-N,249.6993,249.6948,30.102,29.053,31.1974
2026-04-25 14:00:00,114,1,SEG-O,249.8357,249.4812,28.31,27.625,31.1974
2026-04-25 14:00:00,114,1,SEG-P,249.6946,249.4566,27.115,26.16,31.1974
2026-04-25 14:00:00,114,1,SEG-Q,249.5225,249.448,25.53,24.677,31.1974
2026-04-25 14:00:00,114,1,SEG-R,249.6115,249.6878,23.984,23.487,31.1974
2026-04-25 14:00:00,114,1,SEG-S,249.5603,249.6293,22.739,22.071,31.1974
2026-04-25 14:00:00,114,1,SEG-T,249.6264,249.4842,21.338,20.571,31.1974
2026-04-25 22:00:00,114,2,SEG-A,182.21,182.2797,48.006,47.018,22.7871
2026-04-25 22:00:00,114,2,SEG-B,182.3026,181.9168,46.367,45.367,22.7511
2026-04-25 22:00:00,114,2,SEG-C,182.0723,182.0079,45.292,44.374,22.7511
2026-04-25 22:00:00,114,2,SEG-D,182.1,181.7282,43.775,42.703,22.7226
2026-04-25 22:00:00,114,2,SEG-E,181.8323,181.6488,42.436,41.753,22.7226
2026-04-25 22:00:00,114,2,SEG-F,181.6682,181.6054,40.858,40.238,22.7226
2026-04-25 22:00:00,114,2,SEG-G,181.8011,181.7486,39.647,38.848,22.7226
2026-04-25 22:00:00,114,2,SEG-H,181.9101,181.679,38.262,37.247,22.7226
2026-04-25 22:00:00,114,2,SEG-I,181.7758,181.7888,36.821,35.933,22.7226
2026-04-25 22:00:00,114,2,SEG-J,181.7661,181.8481,35.132,34.48,22.7226
2026-04-25 22:00:00,114,2,SEG-K,181.8308,181.6552,33.884,33.094,22.7226
2026-04-25 22:00:00,114,2,SEG-L,181.8035,181.7997,32.461,31.742,22.7226
2026-04-25 22:00:00,114,2,SEG-M,181.7714,181.7379,31.174,30.417,22.7226
2026-04-25 22:00:00,114,2,SEG-N,181.7489,181.6886,29.759,28.792,22.7226
2026-04-25 22:00:00,114,2,SEG-O,181.811,181.6825,28.482,27.438,22.7226
2026-04-25 22:00:00,114,2,SEG-P,181.7151,181.7277,26.847,26.186,22.7226
2026-04-25 22:00:00,114,2,SEG-Q,181.6319,181.6788,25.648,24.815,22.7226
2026-04-25 22:00:00,114,2,SEG-R,181.8517,181.7745,23.942,23.17,22.7226
2026-04-25 22:00:00,114,2,SEG-S,181.7414,181.7074,22.697,21.804,22.7226
2026-04-25 22:00:00,114,2,SEG-T,181.7206,181.7419,21.51,20.532,22.7226
2026-04-26 06:00:00,115,0,SEG-A,222.676,222.6214,47.833,46.923,27.839
2026-04-26 06:00:00,115,0,SEG-B,222.6753,222.3355,46.418,45.342,27.788
2026-04-26 06:00:00,115,0,SEG-C,222.4114,222.3118,45.331,44.257,27.788
2026-04-26 06:00:00,115,0,SEG-D,222.2509,221.9475,43.871,42.62,27.7463
2026-04-26 06:00:00,115,0,SEG-E,221.8965,221.8704,42.413,41.452,27.7463
2026-04-26 06:00:00,115,0,SEG-F,221.9064,222.0648,41.103,40.063,27.7463
2026-04-26 06:00:00,115,0,SEG-G,222.0163,222.0416,39.725,38.832,27.7463
2026-04-26 06:00:00,115,0,SEG-H,222.0139,222.1075,38.292,37.53,27.7463
2026-04-26 06:00:00,115,0,SEG-I,221.9807,222.0535,36.845,35.914,27.7463
2026-04-26 06:00:00,115,0,SEG-J,221.9732,221.8524,35.535,34.605,27.7463
2026-04-26 06:00:00,115,0,SEG-K,222.0215,221.9983,34.258,33.092,27.7463
2026-04-26 06:00:00,115,0,SEG-L,221.9751,221.9584,32.858,31.682,27.7463
2026-04-26 06:00:00,115,0,SEG-M,221.9448,222.0552,31.159,30.327,27.7463
2026-04-26 06:00:00,115,0,SEG-N,222.0758,222.014,29.658,28.803,27.7463
2026-04-26 06:00:00,115,0,SEG-O,222.0786,222.0349,28.145,27.463,27.7463
2026-04-26 06:00:00,115,0,SEG-P,221.9556,222.0611,27.14,26.123,27.7463
2026-04-26 06:00:00,115,0,SEG-Q,222.0965,221.7792,25.338,24.66,27.7463
2026-04-26 06:00:00,115,0,SEG-R,222.0317,221.975,24.131,23.363,27.7463
2026-04-26 06:00:00,115,0,SEG-S,222.0331,222.0113,22.84,21.986,27.7463
2026-04-26 06:00:00,115,0,SEG-T,221.9809,221.8917,21.276,20.311,27.7463
2026-04-26 14:00:00,115,1,SEG-A,282.3134,282.1136,47.878,47.133,35.2711
2026-04-26 14:00:00,115,1,SEG-B,282.2184,281.5685,46.626,45.422,35.2081
2026-04-26 14:00:00,115,1,SEG-C,281.7073,281.6674,44.967,44.337,35.2081
2026-04-26 14:00:00,115,1,SEG-D,281.7288,281.2627,43.783,42.682,35.1567
2026-04-26 14:00:00,115,1,SEG-E,281.0919,280.9857,42.418,41.614,35.1567
2026-04-26 14:00:00,115,1,SEG-F,281.3424,281.3708,40.791,40.33,35.1567
2026-04-26 14:00:00,115,1,SEG-G,281.3139,281.3955,39.421,38.618,35.1567
2026-04-26 14:00:00,115,1,SEG-H,281.4126,281.1646,38.078,37.412,35.1567
2026-04-26 14:00:00,115,1,SEG-I,281.2358,281.278,36.78,35.859,35.1567
2026-04-26 14:00:00,115,1,SEG-J,281.317,281.0988,35.427,34.531,35.1567
2026-04-26 14:00:00,115,1,SEG-K,281.2736,281.3832,34.033,33.222,35.1567
2026-04-26 14:00:00,115,1,SEG-L,281.0578,280.9107,32.614,31.626,35.1567
2026-04-26 14:00:00,115,1,SEG-M,281.3003,281.2353,31.153,30.182,35.1567
2026-04-26 14:00:00,115,1,SEG-N,281.2242,281.2655,29.741,28.804,35.1567
2026-04-26 14:00:00,115,1,SEG-O,280.941,281.2125,28.468,27.567,35.1567
2026-04-26 14:00:00,115,1,SEG-P,281.3529,281.4624,26.857,26.13,35.1567
2026-04-26 14:00:00,115,1,SEG-Q,281.1873,281.2062,25.708,24.665,35.1567
2026-04-26 14:00:00,115,1,SEG-R,281.1793,281.3406,24.024,23.137,35.1567
2026-04-26 14:00:00,115,1,SEG-S,280.9305,281.3973,22.797,22.046,35.1567
2026-04-26 14:00:00,115,1,SEG-T,281.2205,281.2281,21.349,20.766,35.1567
2026-04-26 22:00:00,115,2,SEG-A,144.6831,144.7291,48.021,46.984,18.0905
2026-04-26 22:00:00,115,2,SEG-B,144.7783,144.4211,46.529,45.401,18.0545
2026-04-26 22:00:00,115,2,SEG-C,144.3471,144.3865,45.276,44.41,18.0545
2026-04-26 22:00:00,115,2,SEG-D,144.4741,144.1328,43.74,42.482,18.0251
2026-04-26 22:00:00,115,2,SEG-E,144.2137,144.1679,42.287,41.745,18.0251
2026-04-26 22:00:00,115,2,SEG-F,144.228,144.2007,41.106,40.247,18.0251
2026-04-26 22:00:00,115,2,SEG-G,144.236,144.1725,39.656,38.877,18.0251
2026-04-26 22:00:00,115,2,SEG-H,144.1893,144.195,38.197,37.388,18.0251
2026-04-26 22:00:00,115,2,SEG-I,144.2903,144.1516,37.002,35.961,18.0251
2026-04-26 22:00:00,115,2,SEG-J,144.197,144.1953,35.459,34.717,18.0251
2026-04-26 22:00:00,115,2,SEG-K,144.1747,144.0549,33.811,33.125,18.0251
2026-04-26 22:00:00,115,2,SEG-L,144.3329,144.1635,32.581,31.855,18.0251
2026-04-26 22:00:00,115,2,SEG-M,144.2645,144.293,31.026,30.297,18.0251
2026-04-26 22:00:00,115,2,SEG-N,144.1448,144.2599,29.9,28.925,18.0251
2026-04-26 22:00:00,115,2,SEG-O,144.1281,144.0607,28.421,27.649,18.0251
2026-04-26 22:00:00,115,2,SEG-P,144.168,144.1403,27.068,26.206,18.0251
2026-04-26 22:00:00,115,2,SEG-Q,144.2015,144.2316,25.538,24.751,18.0251
2026-04-26 22:00:00,115,2,SEG-R,144.2522,144.2437,24.117,23.128,18.0251
2026-04-26 22:00:00,115,2,SEG-S,144.2453,144.1811,22.757,21.735,18.0251
2026-04-26 22:00:00,115,2,SEG-T,144.1309,144.2636,21.528,20.658,18.0251
2026-04-27 06:00:00,116,0,SEG-A,282.23,281.9515,47.9,47.239,35.2592
2026-04-27 06:00:00,116,0,SEG-B,282.0136,281.6111,46.519,45.494,35.2082
2026-04-27 06:00:00,116,0,SEG-C,281.7078,281.4182,45.287,44.411,35.2082
2026-04-27 06:00:00,116,0,SEG-D,281.6365,281.3715,44.009,42.591,35.1653
2026-04-27 06:00:00,116,0,SEG-E,281.4363,281.2431,42.132,41.6,35.1653
2026-04-27 06:00:00,116,0,SEG-F,281.4482,281.196,40.827,40.196,35.1653
2026-04-27 06:00:00,116,0,SEG-G,281.3761,281.3246,39.457,38.634,35.1653
2026-04-27 06:00:00,116,0,SEG-H,281.2301,281.2358,38.245,37.282,35.1653
2026-04-27 06:00:00,116,0,SEG-I,281.1976,281.3142,36.651,35.872,35.1653
2026-04-27 06:00:00,116,0,SEG-J,281.259,281.2425,35.361,34.597,35.1653
2026-04-27 06:00:00,116,0,SEG-K,281.4578,281.551,33.95,33.149,35.1653
2026-04-27 06:00:00,116,0,SEG-L,281.3504,281.3125,32.55,31.843,35.1653
2026-04-27 06:00:00,116,0,SEG-M,281.4612,281.2852,31.424,30.452,35.1653
2026-04-27 06:00:00,116,0,SEG-N,281.4315,281.1705,29.692,28.843,35.1653
2026-04-27 06:00:00,116,0,SEG-O,281.3162,281.3472,28.315,27.706,35.1653
2026-04-27 06:00:00,116,0,SEG-P,281.2296,281.3228,26.815,26.088,35.1653
2026-04-27 06:00:00,116,0,SEG-Q,281.2954,281.2764,25.597,24.563,35.1653
2026-04-27 06:00:00,116,0,SEG-R,281.1193,281.3274,24.239,23.313,35.1653
2026-04-27 06:00:00,116,0,SEG-S,281.3668,281.3777,22.838,22.044,35.1653
2026-04-27 06:00:00,116,0,SEG-T,281.1987,281.3224,21.216,20.464,35.1653
2026-04-27 14:00:00,116,1,SEG-A,277.6504,277.8392,47.844,47.207,34.7101
2026-04-27 14:00:00,116,1,SEG-B,277.4371,277.0203,46.533,45.406,34.6471
2026-04-27 14:00:00,116,1,SEG-C,277.2244,277.3439,45.15,44.385,34.6471
2026-04-27 14:00:00,116,1,SEG-D,277.2723,276.9412,43.88,42.781,34.5942
2026-04-27 14:00:00,116,1,SEG-E,276.708,276.9097,42.404,41.61,34.5942
2026-04-27 14:00:00,116,1,SEG-F,276.8735,276.6996,41.002,40.049,34.5942
2026-04-27 14:00:00,116,1,SEG-G,276.8912,276.4852,39.686,38.663,34.5942
2026-04-27 14:00:00,116,1,SEG-H,276.8237,276.862,38.191,37.397,34.5942
2026-04-27 14:00:00,116,1,SEG-I,276.8565,276.7762,37.001,35.987,34.5942
2026-04-27 14:00:00,116,1,SEG-J,276.6837,276.9039,35.469,34.628,34.5942
2026-04-27 14:00:00,116,1,SEG-K,276.6994,276.82,33.95,32.955,34.5942
2026-04-27 14:00:00,116,1,SEG-L,276.7082,276.7739,32.787,31.837,34.5942
2026-04-27 14:00:00,116,1,SEG-M,276.6871,277.1587,31.202,30.381,34.5942
2026-04-27 14:00:00,116,1,SEG-N,276.7235,277.0713,29.849,28.936,34.5942
2026-04-27 14:00:00,116,1,SEG-O,276.8529,276.7007,28.495,27.57,34.5942
2026-04-27 14:00:00,116,1,SEG-P,276.5195,276.7909,27.117,26.267,34.5942
2026-04-27 14:00:00,116,1,SEG-Q,276.843,276.8591,25.456,24.548,34.5942
2026-04-27 14:00:00,116,1,SEG-R,276.5311,276.7338,24.096,23.337,34.5942
2026-04-27 14:00:00,116,1,SEG-S,276.6648,276.7092,23.039,21.817,34.5942
2026-04-27 14:00:00,116,1,SEG-T,276.7098,276.8353,21.346,20.375,34.5942
2026-04-27 22:00:00,116,2,SEG-A,166.4689,166.4371,47.912,47.234,20.8242
2026-04-27 22:00:00,116,2,SEG-B,166.7606,166.1435,46.607,45.481,20.7882
2026-04-27 22:00:00,116,2,SEG-C,166.1758,166.2872,45.194,44.359,20.7882
2026-04-27 22:00:00,116,2,SEG-D,166.2656,166.1329,43.7,42.792,20.758
2026-04-27 22:00:00,116,2,SEG-E,166.1402,165.9976,42.304,41.616,20.758
2026-04-27 22:00:00,116,2,SEG-F,166.1035,166.0398,41.053,40.089,20.758
2026-04-27 22:00:00,116,2,SEG-G,166.106,166.0896,39.558,38.906,20.758
2026-04-27 22:00:00,116,2,SEG-H,165.7359,166.1446,38.253,37.304,20.758
2026-04-27 22:00:00,116,2,SEG-I,166.1434,166.0316,36.842,36.091,20.758
2026-04-27 22:00:00,116,2,SEG-J,166.0853,166.0644,35.5,34.623,20.758
2026-04-27 22:00:00,116,2,SEG-K,166.0729,166.0262,33.854,33.018,20.758
2026-04-27 22:00:00,116,2,SEG-L,166.1085,166.0481,32.572,31.63,20.758
2026-04-27 22:00:00,116,2,SEG-M,166.0049,166.1299,31.222,30.177,20.758
2026-04-27 22:00:00,116,2,SEG-N,166.0186,165.9868,29.861,29.045,20.758
2026-04-27 22:00:00,116,2,SEG-O,166.1543,166.1168,28.381,27.461,20.758
2026-04-27 22:00:00,116,2,SEG-P,165.9455,166.0613,27.01,25.935,20.758
2026-04-27 22:00:00,116,2,SEG-Q,166.0556,166.0378,25.331,24.722,20.758
2026-04-27 22:00:00,116,2,SEG-R,166.1847,166.2082,24.114,23.054,20.758
2026-04-27 22:00:00,116,2,SEG-S,166.0344,165.9879,22.928,21.955,20.758
2026-04-27 22:00:00,116,2,SEG-T,165.9807,166.0372,21.52,20.401,20.758
2026-04-28 06:00:00,117,0,SEG-A,247.3596,247.1408,48.187,47.04,30.9132
2026-04-28 06:00:00,117,0,SEG-B,247.166,246.8388,46.706,45.537,30.8622
2026-04-28 06:00:00,117,0,SEG-C,246.9954,247.0024,45.191,44.242,30.8622
2026-04-28 06:00:00,117,0,SEG-D,247.1671,246.5719,43.691,42.634,30.8182
2026-04-28 06:00:00,117,0,SEG-E,246.4872,246.5148,42.474,41.437,30.8182
2026-04-28 06:00:00,117,0,SEG-F,246.462,246.5096,40.946,40.035,30.8182
2026-04-28 06:00:00,117,0,SEG-G,246.4448,246.6633,39.432,38.595,30.8182
2026-04-28 06:00:00,117,0,SEG-H,246.7345,246.4296,38.125,37.197,30.8182
2026-04-28 06:00:00,117,0,SEG-I,246.5151,246.5255,36.774,35.975,30.8182
2026-04-28 06:00:00,117,0,SEG-J,246.723,246.4988,35.296,34.52,30.8182
2026-04-28 06:00:00,117,0,SEG-K,246.2982,246.5429,33.807,33.066,30.8182
2026-04-28 06:00:00,117,0,SEG-L,246.4942,246.6141,32.513,31.744,30.8182
2026-04-28 06:00:00,117,0,SEG-M,246.5903,246.7485,30.991,30.264,30.8182
2026-04-28 06:00:00,117,0,SEG-N,246.3912,246.5253,29.753,28.963,30.8182
2026-04-28 06:00:00,117,0,SEG-O,246.6019,246.4666,28.34,27.548,30.8182
2026-04-28 06:00:00,117,0,SEG-P,246.4617,246.4687,27.252,26.144,30.8182
2026-04-28 06:00:00,117,0,SEG-Q,246.798,246.4988,25.739,24.939,30.8182
2026-04-28 06:00:00,117,0,SEG-R,246.5547,246.5723,24.107,23.306,30.8182
2026-04-28 06:00:00,117,0,SEG-S,246.4402,246.4493,22.65,21.988,30.8182
2026-04-28 06:00:00,117,0,SEG-T,246.5206,246.533,21.32,20.739,30.8182
2026-04-28 14:00:00,117,1,SEG-A,367.1865,367.3993,48.062,47.082,45.8943
2026-04-28 14:00:00,117,1,SEG-B,367.1464,366.4662,46.72,45.25,45.8313
2026-04-28 14:00:00,117,1,SEG-C,366.4741,366.5199,45.049,44.259,45.8313
2026-04-28 14:00:00,117,1,SEG-D,366.4915,366.6593,44.001,42.48,45.7769
2026-04-28 14:00:00,117,1,SEG-E,366.4605,366.3557,42.642,41.516,45.7769
2026-04-28 14:00:00,117,1,SEG-F,366.29,366.2879,40.897,40.175,45.7769
2026-04-28 14:00:00,117,1,SEG-G,366.25,366.2885,39.471,38.759,45.7769
2026-04-28 14:00:00,117,1,SEG-H,366.2818,366.3672,38.238,37.464,45.7769
2026-04-28 14:00:00,117,1,SEG-I,366.6311,366.382,36.715,35.853,45.7769
2026-04-28 14:00:00,117,1,SEG-J,366.1351,366.1603,35.328,34.762,45.7769
2026-04-28 14:00:00,117,1,SEG-K,366.3883,366.0929,34.067,32.948,45.7769
2026-04-28 14:00:00,117,1,SEG-L,366.1455,366.2246,32.493,31.764,45.7769
2026-04-28 14:00:00,117,1,SEG-M,366.432,366.3648,31.034,30.436,45.7769
2026-04-28 14:00:00,117,1,SEG-N,366.2074,366.1713,29.709,29.14,45.7769
2026-04-28 14:00:00,117,1,SEG-O,366.4017,366.5393,28.31,27.795,45.7769
2026-04-28 14:00:00,117,1,SEG-P,366.0148,366.1762,27.047,26.291,45.7769
2026-04-28 14:00:00,117,1,SEG-Q,366.4386,366.121,25.647,24.792,45.7769
2026-04-28 14:00:00,117,1,SEG-R,366.4535,366.2162,24.34,23.235,45.7769
2026-04-28 14:00:00,117,1,SEG-S,365.9535,366.2066,22.819,21.904,45.7769
2026-04-28 14:00:00,117,1,SEG-T,366.1867,366.1175,21.502,20.62,45.7769
2026-04-28 22:00:00,117,2,SEG-A,141.8877,141.8548,47.853,47.313,17.7383
2026-04-28 22:00:00,117,2,SEG-B,141.9049,141.6816,46.622,45.431,17.7023
2026-04-28 22:00:00,117,2,SEG-C,141.4724,141.5595,45.066,44.246,17.7023
2026-04-28 22:00:00,117,2,SEG-D,141.653,141.3918,43.66,42.608,17.6712
2026-04-28 22:00:00,117,2,SEG-E,141.3382,141.3893,42.151,41.413,17.6712
2026-04-28 22:00:00,117,2,SEG-F,141.3899,141.3242,40.867,40.166,17.6712
2026-04-28 22:00:00,117,2,SEG-G,141.294,141.3308,39.647,38.684,17.6712
2026-04-28 22:00:00,117,2,SEG-H,141.3899,141.3102,38.346,37.305,17.6712
2026-04-28 22:00:00,117,2,SEG-I,141.496,141.3872,36.908,35.971,17.6712
2026-04-28 22:00:00,117,2,SEG-J,141.3865,141.3879,35.66,34.621,17.6712
2026-04-28 22:00:00,117,2,SEG-K,141.3681,141.2409,33.874,33.177,17.6712
2026-04-28 22:00:00,117,2,SEG-L,141.3623,141.3891,32.67,31.719,17.6712
2026-04-28 22:00:00,117,2,SEG-M,141.4717,141.3364,31.281,30.32,17.6712
2026-04-28 22:00:00,117,2,SEG-N,141.3768,141.286,29.588,28.988,17.6712
2026-04-28 22:00:00,117,2,SEG-O,141.3167,141.4032,28.354,27.505,17.6712
2026-04-28 22:00:00,117,2,SEG-P,141.4894,141.3508,26.964,26.034,17.6712
2026-04-28 22:00:00,117,2,SEG-Q,141.4441,141.3781,25.658,24.854,17.6712
2026-04-28 22:00:00,117,2,SEG-R,141.3873,141.3607,24.179,23.355,17.6712
2026-04-28 22:00:00,117,2,SEG-S,141.327,141.3227,23.021,22.068,17.6712
2026-04-28 22:00:00,117,2,SEG-T,141.2872,141.4501,21.618,20.624,17.6712
2026-04-29 06:00:00,118,0,SEG-A,297.5275,297.2713,47.885,47.139,37.1653
2026-04-29 06:00:00,118,0,SEG-B,297.6457,296.769,46.617,45.474,37.1143
2026-04-29 06:00:00,118,0,SEG-C,296.8855,296.8191,45.172,44.492,37.1143
2026-04-29 06:00:00,118,0,SEG-D,296.8602,296.6027,43.732,42.582,37.069
2026-04-29 06:00:00,118,0,SEG-E,296.576,296.587,42.314,41.423,37.069
2026-04-29 06:00:00,118,0,SEG-F,296.6431,296.5688,41.295,40.096,37.069
2026-04-29 06:00:00,118,0,SEG-G,296.5399,296.4765,39.575,38.779,37.069
2026-04-29 06:00:00,118,0,SEG-H,296.2518,296.5144,38.048,37.155,37.069
2026-04-29 06:00:00,118,0,SEG-I,296.7846,296.4409,37.053,35.938,37.069
2026-04-29 06:00:00,118,0,SEG-J,296.4118,296.5464,35.536,34.564,37.069
2026-04-29 06:00:00,118,0,SEG-K,296.5836,293.2097,34.05,32.94,36.6819
2026-04-29 06:00:00,118,0,SEG-L,293.6095,293.3325,32.666,31.852,36.6819
2026-04-29 06:00:00,118,0,SEG-M,293.1085,293.3566,31.432,30.303,36.6819
2026-04-29 06:00:00,118,0,SEG-N,293.5293,293.4273,29.807,29.012,36.6819
2026-04-29 06:00:00,118,0,SEG-O,293.5487,293.5541,28.231,27.382,36.6819
2026-04-29 06:00:00,118,0,SEG-P,293.3876,293.4999,26.795,26.28,36.6819
2026-04-29 06:00:00,118,0,SEG-Q,293.1942,293.5399,25.624,24.858,36.6819
2026-04-29 06:00:00,118,0,SEG-R,293.4908,293.4741,24.338,23.341,36.6819
2026-04-29 06:00:00,118,0,SEG-S,293.4912,293.7678,22.882,22.044,36.6819
2026-04-29 06:00:00,118,0,SEG-T,293.4043,293.2945,21.45,20.614,36.6819
2026-04-29 14:00:00,118,1,SEG-A,329.9308,330.0432,47.985,47.251,41.2455
2026-04-29 14:00:00,118,1,SEG-B,330.0244,329.4209,46.705,45.637,41.1825
2026-04-29 14:00:00,118,1,SEG-C,329.4859,329.5249,45.218,44.188,41.1825
2026-04-29 14:00:00,118,1,SEG-D,329.4565,329.0534,43.685,42.555,41.1266
2026-04-29 14:00:00,118,1,SEG-E,328.9638,329.1441,42.662,41.626,41.1266
2026-04-29 14:00:00,118,1,SEG-F,328.9949,329.1486,40.865,40.191,41.1266
2026-04-29 14:00:00,118,1,SEG-G,329.495,328.5342,39.538,38.734,41.1266
2026-04-29 14:00:00,118,1,SEG-H,328.9766,328.7969,38.197,37.242,41.1266
2026-04-29 14:00:00,118,1,SEG-I,328.8909,329.2268,36.805,35.768,41.1266
2026-04-29 14:00:00,118,1,SEG-J,328.9944,329.096,35.283,34.559,41.1266
2026-04-29 14:00:00,118,1,SEG-K,329.0177,329.0683,33.955,33.108,41.1266
2026-04-29 14:00:00,118,1,SEG-L,329.0882,328.961,32.498,31.701,41.1266
2026-04-29 14:00:00,118,1,SEG-M,328.8347,329.0542,31.414,30.238,41.1266
2026-04-29 14:00:00,118,1,SEG-N,328.8669,329.0903,29.903,28.959,41.1266
2026-04-29 14:00:00,118,1,SEG-O,329.1278,328.8418,28.517,27.461,41.1266
2026-04-29 14:00:00,118,1,SEG-P,328.8409,328.9108,26.912,26.248,41.1266
2026-04-29 14:00:00,118,1,SEG-Q,329.0421,328.9493,25.502,24.591,41.1266
2026-04-29 14:00:00,118,1,SEG-R,329.0016,328.9339,24.339,23.205,41.1266
2026-04-29 14:00:00,118,1,SEG-S,328.981,328.9854,22.878,21.88,41.1266
2026-04-29 14:00:00,118,1,SEG-T,328.808,329.0896,21.319,20.543,41.1266
2026-04-29 22:00:00,118,2,SEG-A,188.4141,188.6249,47.969,47.243,23.5594
2026-04-29 22:00:00,118,2,SEG-B,188.4531,188.24,46.5,45.308,23.5234
2026-04-29 22:00:00,118,2,SEG-C,188.2094,188.1867,45.311,44.424,23.5234
2026-04-29 22:00:00,118,2,SEG-D,188.2142,187.9908,43.721,42.727,23.4914
2026-04-29 22:00:00,118,2,SEG-E,187.9213,187.9629,42.375,41.691,23.4914
2026-04-29 22:00:00,118,2,SEG-F,187.8593,188.0087,41.114,40.081,23.4914
2026-04-29 22:00:00,118,2,SEG-G,187.7486,187.9466,39.604,38.667,23.4914
2026-04-29 22:00:00,118,2,SEG-H,187.9056,187.8766,38.187,37.575,23.4914
2026-04-29 22:00:00,118,2,SEG-I,187.8846,187.9406,36.79,35.904,23.4914
2026-04-29 22:00:00,118,2,SEG-J,187.8237,187.9484,35.22,34.774,23.4914
2026-04-29 22:00:00,118,2,SEG-K,187.9371,187.9048,34.127,33.183,23.4914
2026-04-29 22:00:00,118,2,SEG-L,188.0124,187.8554,32.459,31.703,23.4914
2026-04-29 22:00:00,118,2,SEG-M,188.0735,187.9652,31.478,30.458,23.4914
2026-04-29 22:00:00,118,2,SEG-N,187.82,188.026,29.722,29.134,23.4914
2026-04-29 22:00:00,118,2,SEG-O,187.959,187.9378,28.271,27.332,23.4914
2026-04-29 22:00:00,118,2,SEG-P,188.0595,187.8488,26.71,26.288,23.4914
2026-04-29 22:00:00,118,2,SEG-Q,187.8644,187.7614,25.657,24.792,23.4914
2026-04-29 22:00:00,118,2,SEG-R,187.783,187.892,24.131,23.396,23.4914
2026-04-29 22:00:00,118,2,SEG-S,187.9619,187.8133,22.802,22.02,23.4914
2026-04-29 22:00:00,118,2,SEG-T,188.0461,187.9124,21.483,20.594,23.4914
2026-04-30 06:00:00,119,0,SEG-A,230.1228,230.2127,48.083,46.844,28.7652
2026-04-30 06:00:00,119,0,SEG-B,230.3421,229.6945,46.375,45.584,28.7142
2026-04-30 06:00:00,119,0,SEG-C,229.7335,229.7475,45.256,44.435,28.7142
2026-04-30 06:00:00,119,0,SEG-D,229.7706,229.6183,43.882,42.466,28.6676
2026-04-30 06:00:00,119,0,SEG-E,229.3153,229.2744,42.464,41.516,28.6676
2026-04-30 06:00:00,119,0,SEG-F,229.3861,229.2787,41.019,40.212,28.6676
2026-04-30 06:00:00,119,0,SEG-G,229.4795,229.0444,39.783,38.833,28.6676
2026-04-30 06:00:00,119,0,SEG-H,229.3272,229.4356,38.253,37.448,28.6676
2026-04-30 06:00:00,119,0,SEG-I,229.35,229.2588,36.737,36.018,28.6676
2026-04-30 06:00:00,119,0,SEG-J,229.222,229.3754,35.425,34.7,28.6676
2026-04-30 06:00:00,119,0,SEG-K,229.3258,229.1165,34.104,33.1,28.6676
2026-04-30 06:00:00,119,0,SEG-L,229.2286,229.3509,32.664,31.714,28.6676
2026-04-30 06:00:00,119,0,SEG-M,229.317,229.3248,31.456,30.244,28.6676
2026-04-30 06:00:00,119,0,SEG-N,229.3451,229.4198,29.604,28.955,28.6676
2026-04-30 06:00:00,119,0,SEG-O,229.3806,229.3782,28.119,27.589,28.6676
2026-04-30 06:00:00,119,0,SEG-P,229.3914,229.1442,27.145,26.011,28.6676
2026-04-30 06:00:00,119,0,SEG-Q,229.3564,229.4016,25.486,24.884,28.6676
2026-04-30 06:00:00,119,0,SEG-R,229.3074,229.3699,24.167,23.476,28.6676
2026-04-30 06:00:00,119,0,SEG-S,229.2303,229.2058,23.046,21.805,28.6676
2026-04-30 06:00:00,119,0,SEG-T,229.2678,229.4041,21.365,20.657,28.6676
2026-04-30 14:00:00,119,1,SEG-A,336.7971,336.8508,48.07,47.204,42.1099
2026-04-30 14:00:00,119,1,SEG-B,336.7185,336.2044,46.919,45.412,42.0469
2026-04-30 14:00:00,119,1,SEG-C,336.0966,336.4179,45.116,44.393,42.0469
2026-04-30 14:00:00,119,1,SEG-D,336.39,336.0689,44.052,42.716,41.9894
2026-04-30 14:00:00,119,1,SEG-E,335.812,336.2047,42.314,41.497,41.9894
2026-04-30 14:00:00,119,1,SEG-F,335.7389,335.8418,40.672,39.902,41.9894
2026-04-30 14:00:00,119,1,SEG-G,335.8136,335.9787,39.628,38.617,41.9894
2026-04-30 14:00:00,119,1,SEG-H,335.9865,335.7549,37.971,37.421,41.9894
2026-04-30 14:00:00,119,1,SEG-I,335.9062,335.8194,36.774,35.899,41.9894
2026-04-30 14:00:00,119,1,SEG-J,335.9731,336.243,35.462,34.674,41.9894
2026-04-30 14:00:00,119,1,SEG-K,335.8267,335.8499,33.982,33.084,41.9894
2026-04-30 14:00:00,119,1,SEG-L,336.036,335.8274,32.401,31.726,41.9894
2026-04-30 14:00:00,119,1,SEG-M,335.9049,335.8104,31.1,30.273,41.9894
2026-04-30 14:00:00,119,1,SEG-N,335.7558,336.0561,30.084,28.962,41.9894
2026-04-30 14:00:00,119,1,SEG-O,336.1148,335.6491,28.206,27.489,41.9894
2026-04-30 14:00:00,119,1,SEG-P,336.0073,335.7239,27.005,26.41,41.9894
2026-04-30 14:00:00,119,1,SEG-Q,335.9976,335.9589,25.901,24.547,41.9894
2026-04-30 14:00:00,119,1,SEG-R,335.9692,335.8042,24.154,23.32,41.9894
2026-04-30 14:00:00,119,1,SEG-S,335.7077,335.9754,22.829,21.74,41.9894
2026-04-30 14:00:00,119,1,SEG-T,335.9288,335.8352,21.29,20.458,41.9894
2026-04-30 22:00:00,119,2,SEG-A,117.798,117.7686,47.876,47.282,14.7193
2026-04-30 22:00:00,119,2,SEG-B,117.7181,117.5476,46.554,45.399,14.6833
2026-04-30 22:00:00,119,2,SEG-C,117.5425,117.391,45.119,44.426,14.6833
2026-04-30 22:00:00,119,2,SEG-D,117.4307,117.1852,43.633,42.663,14.6504
2026-04-30 22:00:00,119,2,SEG-E,117.1786,117.2325,42.584,41.48,14.6504
2026-04-30 22:00:00,119,2,SEG-F,117.2084,117.1311,41.1,40.262,14.6504
2026-04-30 22:00:00,119,2,SEG-G,117.2183,117.2476,39.472,38.747,14.6504
2026-04-30 22:00:00,119,2,SEG-H,117.165,117.2206,38.353,37.203,14.6504
2026-04-30 22:00:00,119,2,SEG-I,117.3032,117.2532,36.86,35.928,14.6504
2026-04-30 22:00:00,119,2,SEG-J,117.0839,117.2096,35.363,34.406,14.6504
2026-04-30 22:00:00,119,2,SEG-K,117.2246,117.152,34.019,33.279,14.6504
2026-04-30 22:00:00,119,2,SEG-L,117.161,117.2908,32.487,31.805,14.6504
2026-04-30 22:00:00,119,2,SEG-M,117.2516,117.2351,31.185,30.314,14.6504
2026-04-30 22:00:00,119,2,SEG-N,117.2353,117.2316,29.811,29.183,14.6504
2026-04-30 22:00:00,119,2,SEG-O,117.2654,117.2726,28.575,27.33,14.6504
2026-04-30 22:00:00,119,2,SEG-P,117.3256,117.2659,27.059,26.134,14.6504
2026-04-30 22:00:00,119,2,SEG-Q,117.2755,117.1555,25.649,24.709,14.6504
2026-04-30 22:00:00,119,2,SEG-R,117.1617,117.2624,24.469,23.448,14.6504
2026-04-30 22:00:00,119,2,SEG-S,117.1663,117.153,22.779,21.896,14.6504
2026-04-30 22:00:00,119,2,SEG-T,117.2433,117.1695,21.556,20.652,14.6504
2026-05-01 06:00:00,120,0,SEG-A,255.3569,255.2891,47.966,47.141,31.9341
2026-05-01 06:00:00,120,0,SEG-B,255.2627,255.2244,46.543,45.307,31.8831
2026-05-01 06:00:00,120,0,SEG-C,255.0689,254.934,45.124,44.667,31.8831
2026-05-01 06:00:00,120,0,SEG-D,255.154,254.7195,44.084,42.771,31.8353
2026-05-01 06:00:00,120,0,SEG-E,254.6885,254.7824,42.484,41.434,31.8353
2026-05-01 06:00:00,120,0,SEG-F,254.7318,254.6079,41.108,39.984,31.8353
2026-05-01 06:00:00,120,0,SEG-G,254.6975,254.7022,39.471,38.791,31.8353
2026-05-01 06:00:00,120,0,SEG-H,254.7596,254.8061,38.299,37.383,31.8353
2026-05-01 06:00:00,120,0,SEG-I,254.8152,254.634,37.204,35.992,31.8353
2026-05-01 06:00:00,120,0,SEG-J,254.776,254.531,35.459,34.73,31.8353
2026-05-01 06:00:00,120,0,SEG-K,254.6472,254.7128,34.066,33.101,31.8353
2026-05-01 06:00:00,120,0,SEG-L,254.7997,254.543,32.598,32.106,31.8353
2026-05-01 06:00:00,120,0,SEG-M,254.7524,254.8224,31.221,30.428,31.8353
2026-05-01 06:00:00,120,0,SEG-N,254.5494,254.7208,29.695,28.924,31.8353
2026-05-01 06:00:00,120,0,SEG-O,254.581,254.6308,28.345,27.465,31.8353
2026-05-01 06:00:00,120,0,SEG-P,254.786,254.7675,26.941,26.104,31.8353
2026-05-01 06:00:00,120,0,SEG-Q,254.6793,254.7038,25.941,24.753,31.8353
2026-05-01 06:00:00,120,0,SEG-R,254.9228,254.5684,24.021,23.133,31.8353
2026-05-01 06:00:00,120,0,SEG-S,254.6147,254.5906,22.848,21.871,31.8353
2026-05-01 06:00:00,120,0,SEG-T,254.7435,254.8307,21.451,20.633,31.8353
2026-05-01 14:00:00,120,1,SEG-A,264.2857,264.2696,48.219,47.248,33.0143
2026-05-01 14:00:00,120,1,SEG-B,264.0667,263.7002,46.531,45.237,32.9513
2026-05-01 14:00:00,120,1,SEG-C,263.696,263.6408,44.971,44.493,32.9513
2026-05-01 14:00:00,120,1,SEG-D,263.6945,263.3086,43.814,42.665,32.8922
2026-05-01 14:00:00,120,1,SEG-E,263.1468,263.1053,42.344,41.381,32.8922
2026-05-01 14:00:00,120,1,SEG-F,263.0688,263.2494,40.918,40.145,32.8922
2026-05-01 14:00:00,120,1,SEG-G,263.1364,263.0878,39.846,38.857,32.8922
2026-05-01 14:00:00,120,1,SEG-H,263.2638,262.9427,38.2,37.199,32.8922
2026-05-01 14:00:00,120,1,SEG-I,263.3436,262.966,36.85,36.203,32.8922
2026-05-01 14:00:00,120,1,SEG-J,262.9511,262.9025,35.236,34.68,32.8922
2026-05-01 14:00:00,120,1,SEG-K,262.9626,263.1243,33.941,33.127,32.8922
2026-05-01 14:00:00,120,1,SEG-L,263.2103,263.0178,32.597,31.922,32.8922
2026-05-01 14:00:00,120,1,SEG-M,263.1735,263.2662,31.119,30.318,32.8922
2026-05-01 14:00:00,120,1,SEG-N,262.9001,263.1465,29.767,28.724,32.8922
2026-05-01 14:00:00,120,1,SEG-O,263.0911,263.1641,28.305,27.433,32.8922
2026-05-01 14:00:00,120,1,SEG-P,263.0148,263.1896,26.768,26.167,32.8922
2026-05-01 14:00:00,120,1,SEG-Q,263.2361,263.4624,25.592,24.828,32.8922
2026-05-01 14:00:00,120,1,SEG-R,263.0662,262.8787,24.215,23.248,32.8922
2026-05-01 14:00:00,120,1,SEG-S,263.1246,263.0461,22.758,22.173,32.8922
2026-05-01 14:00:00,120,1,SEG-T,263.2333,263.1591,21.424,20.424,32.8922
2026-05-01 22:00:00,120,2,SEG-A,199.6124,199.6235,48.039,47.291,24.9548
2026-05-01 22:00:00,120,2,SEG-B,199.6136,199.5351,46.631,45.358,24.9188
2026-05-01 22:00:00,120,2,SEG-C,199.3088,199.2319,45.262,44.407,24.9188
2026-05-01 22:00:00,120,2,SEG-D,199.4533,198.9552,43.819,42.776,24.8851
2026-05-01 22:00:00,120,2,SEG-E,199.0852,198.9062,42.425,41.418,24.8851
2026-05-01 22:00:00,120,2,SEG-F,199.0257,199.0071,41.211,40.059,24.8851
2026-05-01 22:00:00,120,2,SEG-G,199.1429,199.1905,39.683,38.869,24.8851
2026-05-01 22:00:00,120,2,SEG-H,199.0951,199.1778,38.228,37.443,24.8851
2026-05-01 22:00:00,120,2,SEG-I,199.1298,199.1187,36.768,35.769,24.8851
2026-05-01 22:00:00,120,2,SEG-J,199.1176,199.0373,35.399,34.609,24.8851
2026-05-01 22:00:00,120,2,SEG-K,199.1648,196.2023,34.046,32.635,24.5219
2026-05-01 22:00:00,120,2,SEG-L,196.2297,196.267,32.496,31.671,24.5219
2026-05-01 22:00:00,120,2,SEG-M,196.1765,196.1481,31.331,30.486,24.5219
2026-05-01 22:00:00,120,2,SEG-N,196.2994,196.1831,29.788,28.857,24.5219
2026-05-01 22:00:00,120,2,SEG-O,196.0772,196.0884,28.256,27.599,24.5219
2026-05-01 22:00:00,120,2,SEG-P,196.1686,196.2809,27.075,26.295,24.5219
2026-05-01 22:00:00,120,2,SEG-Q,196.1444,196.2409,25.689,24.813,24.5219
2026-05-01 22:00:00,120,2,SEG-R,196.137,196.2648,24.02,23.259,24.5219
2026-05-01 22:00:00,120,2,SEG-S,196.2449,196.19,22.999,21.869,24.5219
2026-05-01 22:00:00,120,2,SEG-T,196.0971,196.1649,21.083,20.318,24.5219
2026-05-02 06:00:00,121,0,SEG-A,221.6194,221.5901,47.845,47.213,27.7098
2026-05-02 06:00:00,121,0,SEG-B,221.7843,221.3485,46.538,45.299,27.6588
2026-05-02 06:00:00,121,0,SEG-C,221.1733,221.2258,45.05,44.395,27.6588
2026-05-02 06:00:00,121,0,SEG-D,221.2444,220.8101,43.87,42.661,27.6097
2026-05-02 06:00:00,121,0,SEG-E,221.1152,220.9184,42.427,41.867,27.6097
2026-05-02 06:00:00,121,0,SEG-F,220.8721,221.0255,40.928,40.025,27.6097
2026-05-02 06:00:00,121,0,SEG-G,221.0866,220.7961,39.529,38.951,27.6097
2026-05-02 06:00:00,121,0,SEG-H,220.7423,220.8595,38.099,37.465,27.6097
2026-05-02 06:00:00,121,0,SEG-I,220.7763,220.8569,36.892,35.936,27.6097
2026-05-02 06:00:00,121,0,SEG-J,220.8233,220.9518,35.241,34.691,27.6097
2026-05-02 06:00:00,121,0,SEG-K,220.872,220.9564,34.019,33.245,27.6097
2026-05-02 06:00:00,121,0,SEG-L,221.0964,220.7791,32.504,32.008,27.6097
2026-05-02 06:00:00,121,0,SEG-M,220.8945,220.8553,31.235,30.295,27.6097
2026-05-02 06:00:00,121,0,SEG-N,220.8334,220.8313,29.665,28.735,27.6097
2026-05-02 06:00:00,121,0,SEG-O,220.9212,220.7864,28.301,27.678,27.6097
2026-05-02 06:00:00,121,0,SEG-P,220.8161,220.8587,26.874,26.459,27.6097
2026-05-02 06:00:00,121,0,SEG-Q,220.9797,220.8497,25.745,24.762,27.6097
2026-05-02 06:00:00,121,0,SEG-R,221.0619,221.0598,23.97,23.399,27.6097
2026-05-02 06:00:00,121,0,SEG-S,220.8361,220.6637,22.825,22.1,27.6097
2026-05-02 06:00:00,121,0,SEG-T,220.9646,220.8056,21.411,20.718,27.6097
2026-05-02 14:00:00,121,1,SEG-A,324.5708,324.8498,48.027,47.144,40.5957
2026-05-02 14:00:00,121,1,SEG-B,324.9029,324.3132,46.484,45.203,40.5327
2026-05-02 14:00:00,121,1,SEG-C,324.4377,324.3622,45.147,44.405,40.5327
2026-05-02 14:00:00,121,1,SEG-D,324.1556,323.5969,43.867,42.579,40.4721
2026-05-02 14:00:00,121,1,SEG-E,323.6801,323.7024,42.615,41.511,40.4721
2026-05-02 14:00:00,121,1,SEG-F,323.8228,324.0648,41.077,40.112,40.4721
2026-05-02 14:00:00,121,1,SEG-G,323.8432,323.7383,39.496,38.709,40.4721
2026-05-02 14:00:00,121,1,SEG-H,323.6765,323.871,38.28,37.284,40.4721
2026-05-02 14:00:00,121,1,SEG-I,323.768,323.7839,36.802,36.122,40.4721
2026-05-02 14:00:00,121,1,SEG-J,323.711,323.7489,35.337,34.51,40.4721
2026-05-02 14:00:00,121,1,SEG-K,323.6406,323.9186,33.995,33.075,40.4721
2026-05-02 14:00:00,121,1,SEG-L,323.8602,324.1132,32.476,31.798,40.4721
2026-05-02 14:00:00,121,1,SEG-M,323.7881,323.5381,30.943,30.233,40.4721
2026-05-02 14:00:00,121,1,SEG-N,323.8149,323.8548,29.816,28.883,40.4721
2026-05-02 14:00:00,121,1,SEG-O,323.8776,323.7618,28.471,27.404,40.4721
2026-05-02 14:00:00,121,1,SEG-P,323.9427,324.0222,27.057,26.053,40.4721
2026-05-02 14:00:00,121,1,SEG-Q,323.6191,323.6757,25.652,24.857,40.4721
2026-05-02 14:00:00,121,1,SEG-R,323.931,323.6787,24.23,23.266,40.4721
2026-05-02 14:00:00,121,1,SEG-S,323.7105,323.6634,22.569,21.923,40.4721
2026-05-02 14:00:00,121,1,SEG-T,323.7186,323.7541,21.535,20.625,40.4721
2026-05-02 22:00:00,121,2,SEG-A,152.5522,152.4832,47.903,47.103,19.0655
2026-05-02 22:00:00,121,2,SEG-B,152.5436,152.3519,46.691,45.376,19.0295
2026-05-02 22:00:00,121,2,SEG-C,152.2468,152.2347,45.114,44.421,19.0295
2026-05-02 22:00:00,121,2,SEG-D,152.3655,151.9115,43.745,42.56,18.9948
2026-05-02 22:00:00,121,2,SEG-E,151.8772,151.9139,42.579,41.298,18.9948
2026-05-02 22:00:00,121,2,SEG-F,152.0653,151.9337,40.985,40.076,18.9948
2026-05-02 22:00:00,121,2,SEG-G,151.9926,151.8432,39.7,38.953,18.9948
2026-05-02 22:00:00,121,2,SEG-H,151.9515,152.024,38.177,37.213,18.9948
2026-05-02 22:00:00,121,2,SEG-I,151.9807,152.0057,36.67,35.811,18.9948
2026-05-02 22:00:00,121,2,SEG-J,152.0651,152.0303,35.192,34.617,18.9948
2026-05-02 22:00:00,121,2,SEG-K,151.99,148.9277,34.271,32.779,18.6199
2026-05-02 22:00:00,121,2,SEG-L,148.972,149.0245,32.702,31.706,18.6199
2026-05-02 22:00:00,121,2,SEG-M,148.9685,148.9229,31.255,30.451,18.6199
2026-05-02 22:00:00,121,2,SEG-N,149.1301,148.9472,29.694,29.149,18.6199
2026-05-02 22:00:00,121,2,SEG-O,148.9586,149.005,28.452,27.541,18.6199
2026-05-02 22:00:00,121,2,SEG-P,149.0816,148.9285,26.912,26.109,18.6199
2026-05-02 22:00:00,121,2,SEG-Q,148.9107,148.8697,25.566,24.628,18.6199
2026-05-02 22:00:00,121,2,SEG-R,148.818,148.9951,24.285,23.291,18.6199
2026-05-02 22:00:00,121,2,SEG-S,148.9346,148.9971,22.59,21.969,18.6199
2026-05-02 22:00:00,121,2,SEG-T,148.8802,149.0141,21.272,20.532,18.6199
2026-05-03 06:00:00,122,0,SEG-A,214.7235,214.719,47.995,47.294,26.8299
2026-05-03 06:00:00,122,0,SEG-B,214.4819,214.202,46.664,45.394,26.7789
2026-05-03 06:00:00,122,0,SEG-C,214.24,214.2169,45.363,44.295,26.7789
2026-05-03 06:00:00,122,0,SEG-D,214.3042,213.8948,43.831,42.586,26.7285
2026-05-03 06:00:00,122,0,SEG-E,213.5537,214.0151,42.406,41.516,26.7285
2026-05-03 06:00:00,122,0,SEG-F,213.8968,213.9518,41.033,40.033,26.7285
2026-05-03 06:00:00,122,0,SEG-G,213.7922,213.7761,39.644,38.955,26.7285
2026-05-03 06:00:00,122,0,SEG-H,213.8686,213.722,38.345,37.534,26.7285
2026-05-03 06:00:00,122,0,SEG-I,213.789,213.9086,36.855,35.875,26.7285
2026-05-03 06:00:00,122,0,SEG-J,213.8578,213.703,35.321,34.638,26.7285
2026-05-03 06:00:00,122,0,SEG-K,213.7794,213.67,33.804,33.094,26.7285
2026-05-03 06:00:00,122,0,SEG-L,213.8479,213.8769,32.696,31.645,26.7285
2026-05-03 06:00:00,122,0,SEG-M,213.7953,213.8411,31.52,30.358,26.7285
2026-05-03 06:00:00,122,0,SEG-N,213.9357,213.7239,29.76,28.646,26.7285
2026-05-03 06:00:00,122,0,SEG-O,213.8391,213.9013,28.505,27.593,26.7285
2026-05-03 06:00:00,122,0,SEG-P,213.9712,213.7646,26.948,26.126,26.7285
2026-05-03 06:00:00,122,0,SEG-Q,213.9292,213.8142,25.711,24.827,26.7285
2026-05-03 06:00:00,122,0,SEG-R,213.7215,213.7791,24.268,23.305,26.7285
2026-05-03 06:00:00,122,0,SEG-S,213.7617,213.8272,23.053,22.051,26.7285
2026-05-03 06:00:00,122,0,SEG-T,213.947,213.7235,21.615,20.63,26.7285
2026-05-03 14:00:00,122,1,SEG-A,278.3007,278.3315,48.05,47.274,34.7707
2026-05-03 14:00:00,122,1,SEG-B,278.2195,277.7231,46.687,45.243,34.7077
2026-05-03 14:00:00,122,1,SEG-C,277.6213,277.7877,45.336,44.179,34.7077
2026-05-03 14:00:00,122,1,SEG-D,277.5489,277.3548,43.653,42.531,34.6455
2026-05-03 14:00:00,122,1,SEG-E,277.2016,277.1774,42.229,41.744,34.6455
2026-05-03 14:00:00,122,1,SEG-F,277.3292,277.2577,40.936,39.931,34.6455
2026-05-03 14:00:00,122,1,SEG-G,277.3122,277.2826,39.576,38.791,34.6455
2026-05-03 14:00:00,122,1,SEG-H,277.0953,277.2047,38.144,37.313,34.6455
2026-05-03 14:00:00,122,1,SEG-I,277.2563,277.0965,36.896,35.983,34.6455
2026-05-03 14:00:00,122,1,SEG-J,277.2426,277.2878,35.347,34.513,34.6455
2026-05-03 14:00:00,122,1,SEG-K,277.1884,277.2261,33.951,33.246,34.6455
2026-05-03 14:00:00,122,1,SEG-L,277.2068,277.0043,32.583,31.799,34.6455
2026-05-03 14:00:00,122,1,SEG-M,277.1714,277.0288,31.077,30.136,34.6455
2026-05-03 14:00:00,122,1,SEG-N,277.2019,277.031,29.913,28.94,34.6455
2026-05-03 14:00:00,122,1,SEG-O,277.2335,277.1119,28.48,27.756,34.6455
2026-05-03 14:00:00,122,1,SEG-P,277.1513,277.3677,27.144,26.1,34.6455
2026-05-03 14:00:00,122,1,SEG-Q,277.2318,276.9934,25.565,24.9,34.6455
2026-05-03 14:00:00,122,1,SEG-R,277.3636,277.0271,24.246,23.205,34.6455
2026-05-03 14:00:00,122,1,SEG-S,277.2851,277.3437,22.698,22.016,34.6455
2026-05-03 14:00:00,122,1,SEG-T,276.9763,277.4683,21.381,20.654,34.6455
2026-05-03 22:00:00,122,2,SEG-A,175.7603,176.0137,47.977,47.112,21.9935
2026-05-03 22:00:00,122,2,SEG-B,176.0931,175.6161,46.547,45.51,21.9575
2026-05-03 22:00:00,122,2,SEG-C,175.5397,175.7343,45.121,44.46,21.9575
2026-05-03 22:00:00,122,2,SEG-D,175.5755,175.3595,43.676,42.843,21.922
2026-05-03 22:00:00,122,2,SEG-E,175.3955,175.3744,42.345,41.513,21.922
2026-05-03 22:00:00,122,2,SEG-F,175.3654,175.419,41.039,39.93,21.922
2026-05-03 22:00:00,122,2,SEG-G,175.4343,175.2612,39.588,38.765,21.922
2026-05-03 22:00:00,122,2,SEG-H,175.3316,175.5242,38.342,37.301,21.922
2026-05-03 22:00:00,122,2,SEG-I,175.3602,175.4082,37.002,36.194,21.922
2026-05-03 22:00:00,122,2,SEG-J,175.405,175.3504,35.522,34.409,21.922
2026-05-03 22:00:00,122,2,SEG-K,175.3038,175.3161,34.059,33.336,21.922
2026-05-03 22:00:00,122,2,SEG-L,175.3972,175.2707,32.578,31.631,21.922
2026-05-03 22:00:00,122,2,SEG-M,175.5151,175.4155,31.01,30.193,21.922
2026-05-03 22:00:00,122,2,SEG-N,175.3484,175.2797,29.725,28.982,21.922
2026-05-03 22:00:00,122,2,SEG-O,175.2651,175.4971,28.625,27.713,21.922
2026-05-03 22:00:00,122,2,SEG-P,175.4379,175.3718,27.158,26.068,21.922
2026-05-03 22:00:00,122,2,SEG-Q,175.2745,175.3352,25.575,24.75,21.922
2026-05-03 22:00:00,122,2,SEG-R,175.4252,175.3219,24.347,23.251,21.922
2026-05-03 22:00:00,122,2,SEG-S,175.4844,175.496,22.677,21.806,21.922
2026-05-03 22:00:00,122,2,SEG-T,175.3537,175.2945,21.384,20.671,21.922
2026-05-04 06:00:00,123,0,SEG-A,273.6428,273.7725,48.11,46.853,34.206
2026-05-04 06:00:00,123,0,SEG-B,273.6718,273.4646,46.563,45.36,34.155
2026-05-04 06:00:00,123,0,SEG-C,273.2507,272.9969,45.133,44.521,34.155
2026-05-04 06:00:00,123,0,SEG-D,273.1291,272.7868,43.843,42.557,34.1033
2026-05-04 06:00:00,123,0,SEG-E,272.8614,272.8419,42.695,41.48,34.1033
2026-05-04 06:00:00,123,0,SEG-F,272.9699,272.8573,40.968,40.183,34.1033
2026-05-04 06:00:00,123,0,SEG-G,272.8086,272.8945,39.611,38.949,34.1033
2026-05-04 06:00:00,123,0,SEG-H,272.8647,272.9056,38.171,37.312,34.1033
2026-05-04 06:00:00,123,0,SEG-I,272.8589,272.8813,36.712,36.108,34.1033
2026-05-04 06:00:00,123,0,SEG-J,272.913,272.7632,35.71,34.466,34.1033
2026-05-04 06:00:00,123,0,SEG-K,272.9471,272.857,34.078,33.122,34.1033
2026-05-04 06:00:00,123,0,SEG-L,272.7539,272.9566,32.669,31.909,34.1033
2026-05-04 06:00:00,123,0,SEG-M,272.797,272.7621,31.101,30.57,34.1033
2026-05-04 06:00:00,123,0,SEG-N,272.8513,272.779,29.863,29.154,34.1033
2026-05-04 06:00:00,123,0,SEG-O,272.749,272.662,28.487,27.258,34.1033
2026-05-04 06:00:00,123,0,SEG-P,272.9066,272.7738,27.141,26.151,34.1033
2026-05-04 06:00:00,123,0,SEG-Q,272.783,272.6219,25.464,24.87,34.1033
2026-05-04 06:00:00,123,0,SEG-R,272.8454,272.9419,24.336,23.18,34.1033
2026-05-04 06:00:00,123,0,SEG-S,272.7535,272.9294,22.891,21.938,34.1033
2026-05-04 06:00:00,123,0,SEG-T,273.012,272.8602,21.604,20.633,34.1033
2026-05-04 14:00:00,123,1,SEG-A,352.3718,352.1143,47.81,47.228,44.0367
2026-05-04 14:00:00,123,1,SEG-B,352.1198,351.7347,46.703,45.519,43.9737
2026-05-04 14:00:00,123,1,SEG-C,351.8208,351.7655,45.229,44.511,43.9737
2026-05-04 14:00:00,123,1,SEG-D,351.8779,350.993,43.617,42.688,43.9099
2026-05-04 14:00:00,123,1,SEG-E,351.2822,351.1772,42.338,41.395,43.9099
2026-05-04 14:00:00,123,1,SEG-F,351.3524,351.3499,40.964,40.132,43.9099
2026-05-04 14:00:00,123,1,SEG-G,351.2986,351.2879,39.364,38.927,43.9099
2026-05-04 14:00:00,123,1,SEG-H,351.5243,351.4264,38.369,37.399,43.9099
2026-05-04 14:00:00,123,1,SEG-I,351.3942,351.3642,36.689,35.787,43.9099
2026-05-04 14:00:00,123,1,SEG-J,350.9631,351.5171,35.324,34.642,43.9099
2026-05-04 14:00:00,123,1,SEG-K,351.3723,351.411,34.007,33.183,43.9099
2026-05-04 14:00:00,123,1,SEG-L,351.5007,351.313,32.642,31.633,43.9099
2026-05-04 14:00:00,123,1,SEG-M,351.1274,351.1456,31.261,30.377,43.9099
2026-05-04 14:00:00,123,1,SEG-N,351.4451,351.2854,29.897,28.983,43.9099
2026-05-04 14:00:00,123,1,SEG-O,351.0324,351.2497,28.441,27.676,43.9099
2026-05-04 14:00:00,123,1,SEG-P,351.4148,351.0258,26.899,26.109,43.9099
2026-05-04 14:00:00,123,1,SEG-Q,351.4643,351.4366,25.533,24.387,43.9099
2026-05-04 14:00:00,123,1,SEG-R,351.1892,351.2868,24.095,23.258,43.9099
2026-05-04 14:00:00,123,1,SEG-S,351.2947,351.5609,22.838,22.062,43.9099
2026-05-04 14:00:00,123,1,SEG-T,351.1852,351.4645,21.383,20.481,43.9099
2026-05-04 22:00:00,123,2,SEG-A,98.0608,98.0002,47.971,47.263,12.2529
2026-05-04 22:00:00,123,2,SEG-B,97.9401,97.7239,46.648,45.637,12.2169
2026-05-04 22:00:00,123,2,SEG-C,97.6814,97.742,45.22,44.308,12.2169
2026-05-04 22:00:00,123,2,SEG-D,97.6389,97.4619,43.588,42.46,12.1804
2026-05-04 22:00:00,123,2,SEG-E,97.4497,97.3646,42.35,41.424,12.1804
2026-05-04 22:00:00,123,2,SEG-F,97.4529,97.3638,41.038,40.217,12.1804
2026-05-04 22:00:00,123,2,SEG-G,97.4527,97.4344,39.616,38.534,12.1804
2026-05-04 22:00:00,123,2,SEG-H,97.4825,97.4755,38.233,37.483,12.1804
2026-05-04 22:00:00,123,2,SEG-I,97.4144,97.4607,36.862,35.863,12.1804
2026-05-04 22:00:00,123,2,SEG-J,97.4848,97.4118,35.403,34.634,12.1804
2026-05-04 22:00:00,123,2,SEG-K,97.4064,97.4829,34.087,33.215,12.1804
2026-05-04 22:00:00,123,2,SEG-L,97.4457,97.4407,32.459,31.662,12.1804
2026-05-04 22:00:00,123,2,SEG-M,97.4199,97.5193,31.305,30.65,12.1804
2026-05-04 22:00:00,123,2,SEG-N,97.4281,97.3727,29.957,29.053,12.1804
2026-05-04 22:00:00,123,2,SEG-O,97.4815,97.4234,28.279,27.609,12.1804
2026-05-04 22:00:00,123,2,SEG-P,97.4013,97.4866,27.01,26.107,12.1804
2026-05-04 22:00:00,123,2,SEG-Q,97.4139,97.5037,25.695,24.926,12.1804
2026-05-04 22:00:00,123,2,SEG-R,97.4822,97.4456,24.217,23.319,12.1804
2026-05-04 22:00:00,123,2,SEG-S,97.461,97.3844,22.753,22.124,12.1804
2026-05-04 22:00:00,123,2,SEG-T,97.4562,97.5019,21.522,20.648,12.1804
2026-05-05 06:00:00,124,0,SEG-A,171.9112,171.9462,47.775,47.192,21.4795
2026-05-05 06:00:00,124,0,SEG-B,171.9187,171.4746,46.651,45.517,21.4285
2026-05-05 06:00:00,124,0,SEG-C,171.3763,171.5233,45.14,44.286,21.4285
2026-05-05 06:00:00,124,0,SEG-D,171.4891,170.9686,43.828,42.683,21.3755
2026-05-05 06:00:00,124,0,SEG-E,171.1215,171.0107,42.44,41.453,21.3755
2026-05-05 06:00:00,124,0,SEG-F,171.0274,171.0234,41.046,40.101,21.3755
2026-05-05 06:00:00,124,0,SEG-G,171.0171,171.0544,39.632,38.801,21.3755
2026-05-05 06:00:00,124,0,SEG-H,170.9541,171.0272,38.146,37.434,21.3755
2026-05-05 06:00:00,124,0,SEG-I,170.9242,171.1408,36.775,35.83,21.3755
2026-05-05 06:00:00,124,0,SEG-J,171.078,171.0254,35.441,34.355,21.3755
2026-05-05 06:00:00,124,0,SEG-K,171.0536,170.8558,34.023,33.295,21.3755
2026-05-05 06:00:00,124,0,SEG-L,170.9549,170.9538,32.521,31.641,21.3755
2026-05-05 06:00:00,124,0,SEG-M,170.9732,170.9975,31.038,30.612,21.3755
2026-05-05 06:00:00,124,0,SEG-N,171.0471,171.0652,29.946,28.934,21.3755
2026-05-05 06:00:00,124,0,SEG-O,171.0895,171.0449,28.62,27.67,21.3755
2026-05-05 06:00:00,124,0,SEG-P,170.9918,171.0624,26.792,25.979,21.3755
2026-05-05 06:00:00,124,0,SEG-Q,171.0411,170.9594,25.68,24.853,21.3755
2026-05-05 06:00:00,124,0,SEG-R,170.8803,171.0701,24.203,23.437,21.3755
2026-05-05 06:00:00,124,0,SEG-S,170.8984,171.0928,22.934,21.946,21.3755
2026-05-05 06:00:00,124,0,SEG-T,171.0899,171.0111,21.62,20.59,21.3755
2026-05-05 14:00:00,124,1,SEG-A,275.0876,275.1036,48.087,47.225,34.4066
2026-05-05 14:00:00,124,1,SEG-B,275.1622,274.6695,46.609,45.492,34.3436
2026-05-05 14:00:00,124,1,SEG-C,274.7171,274.3518,45.136,44.481,34.3436
2026-05-05 14:00:00,124,1,SEG-D,274.5793,274.1951,43.715,42.668,34.2781
2026-05-05 14:00:00,124,1,SEG-E,274.2447,274.257,42.427,41.68,34.2781
2026-05-05 14:00:00,124,1,SEG-F,274.5718,274.2384,41.021,40.225,34.2781
2026-05-05 14:00:00,124,1,SEG-G,273.9035,274.1328,39.582,38.601,34.2781
2026-05-05 14:00:00,124,1,SEG-H,274.3057,274.1685,38.314,37.22,34.2781
2026-05-05 14:00:00,124,1,SEG-I,274.4022,274.2072,36.684,35.905,34.2781
2026-05-05 14:00:00,124,1,SEG-J,274.1738,274.3009,35.386,34.469,34.2781
2026-05-05 14:00:00,124,1,SEG-K,274.3152,274.1756,34.068,32.921,34.2781
2026-05-05 14:00:00,124,1,SEG-L,273.9512,274.1372,32.67,31.749,34.2781
2026-05-05 14:00:00,124,1,SEG-M,274.2823,274.1644,31.045,30.214,34.2781
2026-05-05 14:00:00,124,1,SEG-N,274.3129,274.0752,29.814,28.807,34.2781
2026-05-05 14:00:00,124,1,SEG-O,274.3658,274.3602,28.285,27.415,34.2781
2026-05-05 14:00:00,124,1,SEG-P,274.0871,274.1538,27.063,26.079,34.2781
2026-05-05 14:00:00,124,1,SEG-Q,274.0708,274.1695,25.615,24.697,34.2781
2026-05-05 14:00:00,124,1,SEG-R,274.0823,274.2131,24.22,23.409,34.2781
2026-05-05 14:00:00,124,1,SEG-S,274.254,274.246,22.757,21.851,34.2781
2026-05-05 14:00:00,124,1,SEG-T,274.196,273.9196,21.382,20.457,34.2781
2026-05-05 22:00:00,124,2,SEG-A,187.8213,187.7827,47.92,47.189,23.4804
2026-05-05 22:00:00,124,2,SEG-B,187.9044,187.5625,46.442,45.616,23.4444
2026-05-05 22:00:00,124,2,SEG-C,187.5712,187.6995,45.397,44.465,23.4444
2026-05-05 22:00:00,124,2,SEG-D,187.5339,187.2525,43.936,42.543,23.407
2026-05-05 22:00:00,124,2,SEG-E,187.2937,187.1335,42.375,41.668,23.407
2026-05-05 22:00:00,124,2,SEG-F,187.2197,187.2332,41.007,40.103,23.407
2026-05-05 22:00:00,124,2,SEG-G,187.3356,187.236,39.7,38.741,23.407
2026-05-05 22:00:00,124,2,SEG-H,187.2347,187.3125,38.191,37.366,23.407
2026-05-05 22:00:00,124,2,SEG-I,187.3541,187.1711,36.774,35.752,23.407
2026-05-05 22:00:00,124,2,SEG-J,187.2492,187.2309,35.44,34.544,23.407
2026-05-05 22:00:00,124,2,SEG-K,187.1894,187.2638,34.058,33.071,23.407
2026-05-05 22:00:00,124,2,SEG-L,187.1639,187.225,32.602,31.65,23.407
2026-05-05 22:00:00,124,2,SEG-M,187.3434,187.2908,31.352,30.365,23.407
2026-05-05 22:00:00,124,2,SEG-N,187.3439,187.3687,29.881,28.982,23.407
2026-05-05 22:00:00,124,2,SEG-O,187.2551,187.2879,28.374,27.314,23.407
2026-05-05 22:00:00,124,2,SEG-P,187.377,187.2988,27.079,26.166,23.407
2026-05-05 22:00:00,124,2,SEG-Q,187.1806,187.2168,25.631,24.706,23.407
2026-05-05 22:00:00,124,2,SEG-R,187.368,187.2058,24.334,23.554,23.407
2026-05-05 22:00:00,124,2,SEG-S,187.2667,187.288,22.895,21.99,23.407
2026-05-05 22:00:00,124,2,SEG-T,187.2875,187.3268,21.563,20.545,23.407
2026-05-06 06:00:00,125,0,SEG-A,215.7059,215.7596,47.892,47.044,26.9611
2026-05-06 06:00:00,125,0,SEG-B,215.4312,215.3801,46.79,45.515,26.9101
2026-05-06 06:00:00,125,0,SEG-C,215.4541,215.3531,45.093,44.369,26.9101
2026-05-06 06:00:00,125,0,SEG-D,215.0892,214.804,43.712,42.431,26.8557
2026-05-06 06:00:00,125,0,SEG-E,214.7475,214.9287,42.114,41.61,26.8557
2026-05-06 06:00:00,125,0,SEG-F,214.9167,214.8929,41.176,40.189,26.8557
2026-05-06 06:00:00,125,0,SEG-G,214.9697,214.9285,39.696,38.54,26.8557
2026-05-06 06:00:00,125,0,SEG-H,214.9926,214.8479,38.543,37.344,26.8557
2026-05-06 06:00:00,125,0,SEG-I,214.8438,214.8482,36.758,36.194,26.8557
2026-05-06 06:00:00,125,0,SEG-J,214.8165,214.9328,35.403,34.417,26.8557
2026-05-06 06:00:00,125,0,SEG-K,215.0623,214.7242,34.214,32.967,26.8557
2026-05-06 06:00:00,125,0,SEG-L,214.7502,214.9367,32.551,31.677,26.8557
2026-05-06 06:00:00,125,0,SEG-M,214.9242,214.7485,31.237,30.24,26.8557
2026-05-06 06:00:00,125,0,SEG-N,214.8396,214.825,29.674,28.963,26.8557
2026-05-06 06:00:00,125,0,SEG-O,214.8201,214.7897,28.269,27.444,26.8557
2026-05-06 06:00:00,125,0,SEG-P,214.9207,214.9202,27.221,26.141,26.8557
2026-05-06 06:00:00,125,0,SEG-Q,214.7756,214.9656,25.575,24.439,26.8557
2026-05-06 06:00:00,125,0,SEG-R,214.8823,214.8956,24.071,23.428,26.8557
2026-05-06 06:00:00,125,0,SEG-S,214.9033,214.7009,22.932,21.943,26.8557
2026-05-06 06:00:00,125,0,SEG-T,214.9812,214.9027,21.313,20.42,26.8557
2026-05-06 14:00:00,125,1,SEG-A,243.1278,243.073,47.946,47.151,30.3883
2026-05-06 14:00:00,125,1,SEG-B,243.0267,242.6284,46.594,45.395,30.3253
2026-05-06 14:00:00,125,1,SEG-C,242.6848,242.654,45.323,44.327,30.3253
2026-05-06 14:00:00,125,1,SEG-D,242.6297,242.046,43.714,42.517,30.2581
2026-05-06 14:00:00,125,1,SEG-E,241.9722,242.0433,42.548,41.545,30.2581
2026-05-06 14:00:00,125,1,SEG-F,242.1456,242.1152,40.987,40.306,30.2581
2026-05-06 14:00:00,125,1,SEG-G,241.9415,242.1435,39.664,38.847,30.2581
2026-05-06 14:00:00,125,1,SEG-H,242.1399,241.9529,38.152,37.331,30.2581
2026-05-06 14:00:00,125,1,SEG-I,242.065,242.0868,36.808,36.131,30.2581
2026-05-06 14:00:00,125,1,SEG-J,242.0551,241.9932,35.394,34.613,30.2581
2026-05-06 14:00:00,125,1,SEG-K,241.9719,242.1597,33.918,33.171,30.2581
2026-05-06 14:00:00,125,1,SEG-L,241.8623,242.0435,32.633,31.385,30.2581
2026-05-06 14:00:00,125,1,SEG-M,241.9213,242.024,31.304,30.233,30.2581
2026-05-06 14:00:00,125,1,SEG-N,242.0322,242.147,29.82,28.812,30.2581
2026-05-06 14:00:00,125,1,SEG-O,242.0782,242.0635,28.304,27.503,30.2581
2026-05-06 14:00:00,125,1,SEG-P,242.2464,241.9156,27.021,26.072,30.2581
2026-05-06 14:00:00,125,1,SEG-Q,242.2007,242.0616,25.585,24.641,30.2581
2026-05-06 14:00:00,125,1,SEG-R,242.0518,241.887,23.966,23.328,30.2581
2026-05-06 14:00:00,125,1,SEG-S,241.8239,242.1197,22.879,22.023,30.2581
2026-05-06 14:00:00,125,1,SEG-T,242.2204,242.0367,21.417,20.488,30.2581
2026-05-06 22:00:00,125,2,SEG-A,177.8741,177.8502,47.963,47.104,22.2256
2026-05-06 22:00:00,125,2,SEG-B,177.79,177.5615,46.694,45.527,22.1896
2026-05-06 22:00:00,125,2,SEG-C,177.563,177.4883,45.214,44.467,22.1896
2026-05-06 22:00:00,125,2,SEG-D,177.5462,177.2379,43.851,42.601,22.1512
2026-05-06 22:00:00,125,2,SEG-E,177.1352,177.2025,42.372,41.494,22.1512
2026-05-06 22:00:00,125,2,SEG-F,177.3218,177.2484,40.887,40.082,22.1512
2026-05-06 22:00:00,125,2,SEG-G,177.1885,177.0889,39.599,38.529,22.1512
2026-05-06 22:00:00,125,2,SEG-H,177.2046,177.2109,38.173,37.403,22.1512
2026-05-06 22:00:00,125,2,SEG-I,177.1217,177.1375,36.5,36.23,22.1512
2026-05-06 22:00:00,125,2,SEG-J,177.1681,177.2332,35.332,34.379,22.1512
2026-05-06 22:00:00,125,2,SEG-K,177.0818,177.1487,33.987,33.367,22.1512
2026-05-06 22:00:00,125,2,SEG-L,177.2149,177.2522,32.577,31.819,22.1512
2026-05-06 22:00:00,125,2,SEG-M,177.2822,177.391,31.288,30.414,22.1512
2026-05-06 22:00:00,125,2,SEG-N,177.1242,177.0662,30.003,29.022,22.1512
2026-05-06 22:00:00,125,2,SEG-O,177.267,177.2667,28.478,27.286,22.1512
2026-05-06 22:00:00,125,2,SEG-P,177.2191,177.2813,26.993,26.292,22.1512
2026-05-06 22:00:00,125,2,SEG-Q,177.1975,177.1355,25.681,24.735,22.1512
2026-05-06 22:00:00,125,2,SEG-R,177.3154,177.2752,24.273,23.562,22.1512
2026-05-06 22:00:00,125,2,SEG-S,177.3229,177.2188,22.82,21.742,22.1512
2026-05-06 22:00:00,125,2,SEG-T,177.1656,177.1342,21.522,20.574,22.1512
2026-05-07 06:00:00,126,0,SEG-A,260.2958,259.9072,47.92,47.211,32.5154
2026-05-07 06:00:00,126,0,SEG-B,260.0203,259.8672,46.765,45.478,32.4644
2026-05-07 06:00:00,126,0,SEG-C,259.8345,259.633,45.24,44.415,32.4644
2026-05-07 06:00:00,126,0,SEG-D,259.5923,259.3291,43.741,42.585,32.4086
2026-05-07 06:00:00,126,0,SEG-E,259.2917,259.2687,42.128,41.225,32.4086
2026-05-07 06:00:00,126,0,SEG-F,259.5198,259.1739,40.806,40.174,32.4086
2026-05-07 06:00:00,126,0,SEG-G,259.1623,259.2845,39.592,38.796,32.4086
2026-05-07 06:00:00,126,0,SEG-H,259.2849,259.1859,38.122,37.374,32.4086
2026-05-07 06:00:00,126,0,SEG-I,259.3325,259.1717,36.655,36.077,32.4086
2026-05-07 06:00:00,126,0,SEG-J,259.3028,259.2995,35.347,34.491,32.4086
2026-05-07 06:00:00,126,0,SEG-K,259.1475,259.527,33.952,33.205,32.4086
2026-05-07 06:00:00,126,0,SEG-L,259.0884,259.1585,32.553,31.5,32.4086
2026-05-07 06:00:00,126,0,SEG-M,259.2398,259.3507,31.085,30.343,32.4086
2026-05-07 06:00:00,126,0,SEG-N,259.3205,259.4109,29.811,28.98,32.4086
2026-05-07 06:00:00,126,0,SEG-O,259.233,259.1571,28.18,27.461,32.4086
2026-05-07 06:00:00,126,0,SEG-P,259.2518,259.4543,26.889,25.999,32.4086
2026-05-07 06:00:00,126,0,SEG-Q,259.2324,259.3885,25.743,24.611,32.4086
2026-05-07 06:00:00,126,0,SEG-R,259.2938,259.3747,24.217,23.215,32.4086
2026-05-07 06:00:00,126,0,SEG-S,259.2008,259.1943,22.842,21.962,32.4086
2026-05-07 06:00:00,126,0,SEG-T,259.1309,259.602,21.331,20.536,32.4086
2026-05-07 14:00:00,126,1,SEG-A,258.0049,258.1006,48.114,46.988,32.2615
2026-05-07 14:00:00,126,1,SEG-B,258.1478,257.5272,46.595,45.541,32.1985
2026-05-07 14:00:00,126,1,SEG-C,257.524,257.5513,45.127,44.258,32.1985
2026-05-07 14:00:00,126,1,SEG-D,257.624,257.0935,43.795,42.563,32.1296
2026-05-07 14:00:00,126,1,SEG-E,256.7607,256.9958,42.492,41.645,32.1296
2026-05-07 14:00:00,126,1,SEG-F,257.0454,257.0214,40.764,40.062,32.1296
2026-05-07 14:00:00,126,1,SEG-G,257.0344,257.0814,39.526,38.808,32.1296
2026-05-07 14:00:00,126,1,SEG-H,257.2069,256.9877,38.22,37.308,32.1296
2026-05-07 14:00:00,126,1,SEG-I,256.9656,257.0861,37.0,35.969,32.1296
2026-05-07 14:00:00,126,1,SEG-J,257.0078,257.0596,35.465,34.504,32.1296
2026-05-07 14:00:00,126,1,SEG-K,257.3654,257.1443,33.744,33.335,32.1296
2026-05-07 14:00:00,126,1,SEG-L,257.0027,257.1265,32.528,31.637,32.1296
2026-05-07 14:00:00,126,1,SEG-M,257.0006,257.155,30.848,30.362,32.1296
2026-05-07 14:00:00,126,1,SEG-N,257.2122,256.9825,29.737,28.888,32.1296
2026-05-07 14:00:00,126,1,SEG-O,257.0271,257.1346,28.379,27.554,32.1296
2026-05-07 14:00:00,126,1,SEG-P,256.9467,257.0285,26.956,25.999,32.1296
2026-05-07 14:00:00,126,1,SEG-Q,257.0221,256.9682,25.543,24.83,32.1296
2026-05-07 14:00:00,126,1,SEG-R,256.9915,256.917,24.448,23.283,32.1296
2026-05-07 14:00:00,126,1,SEG-S,256.8475,257.2806,22.747,21.83,32.1296
2026-05-07 14:00:00,126,1,SEG-T,257.1145,256.9532,21.359,20.518,32.1296
2026-05-07 22:00:00,126,2,SEG-A,148.1129,148.2185,47.893,46.966,18.52
2026-05-07 22:00:00,126,2,SEG-B,148.2764,147.8192,46.507,45.359,18.484
2026-05-07 22:00:00,126,2,SEG-C,147.9118,147.8288,45.113,44.251,18.484
2026-05-07 22:00:00,126,2,SEG-D,147.9775,147.586,43.837,42.676,18.4446
2026-05-07 22:00:00,126,2,SEG-E,147.5928,147.5017,42.539,41.248,18.4446
2026-05-07 22:00:00,126,2,SEG-F,147.531,147.5796,41.102,40.284,18.4446
2026-05-07 22:00:00,126,2,SEG-G,147.5856,147.6215,39.683,38.517,18.4446
2026-05-07 22:00:00,126,2,SEG-H,147.5932,147.5011,38.149,37.578,18.4446
2026-05-07 22:00:00,126,2,SEG-I,147.6655,147.5808,36.847,35.918,18.4446
2026-05-07 22:00:00,126,2,SEG-J,147.5585,147.46,35.482,34.361,18.4446
2026-05-07 22:00:00,126,2,SEG-K,147.5801,147.6136,33.87,33.072,18.4446
2026-05-07 22:00:00,126,2,SEG-L,147.5052,147.5834,32.537,31.748,18.4446
2026-05-07 22:00:00,126,2,SEG-M,147.6813,147.5199,31.214,30.235,18.4446
2026-05-07 22:00:00,126,2,SEG-N,147.5251,147.5086,29.797,28.802,18.4446
2026-05-07 22:00:00,126,2,SEG-O,147.6884,147.4747,28.339,27.604,18.4446
2026-05-07 22:00:00,126,2,SEG-P,147.4248,147.6198,27.027,26.193,18.4446
2026-05-07 22:00:00,126,2,SEG-Q,147.5792,147.6172,25.784,24.842,18.4446
2026-05-07 22:00:00,126,2,SEG-R,147.5463,147.6457,24.374,23.444,18.4446
2026-05-07 22:00:00,126,2,SEG-S,147.4951,147.5147,22.821,22.031,18.4446
2026-05-07 22:00:00,126,2,SEG-T,147.6002,147.4458,21.433,20.371,18.4446
2026-05-08 06:00:00,127,0,SEG-A,212.9879,212.8058,47.969,47.295,26.6053
2026-05-08 06:00:00,127,0,SEG-B,212.8991,212.2972,46.565,45.279,26.5543
2026-05-08 06:00:00,127,0,SEG-C,212.4072,212.3049,45.09,44.507,26.5543
2026-05-08 06:00:00,127,0,SEG-D,212.4256,212.0068,43.917,42.69,26.4971
2026-05-08 06:00:00,127,0,SEG-E,212.012,212.0915,42.369,41.439,26.4971
2026-05-08 06:00:00,127,0,SEG-F,211.9165,211.9339,41.052,40.351,26.4971
2026-05-08 06:00:00,127,0,SEG-G,212.0744,212.0189,39.828,38.922,26.4971
2026-05-08 06:00:00,127,0,SEG-H,211.8148,212.0484,38.238,37.526,26.4971
2026-05-08 06:00:00,127,0,SEG-I,211.8804,211.8707,36.92,35.822,26.4971
2026-05-08 06:00:00,127,0,SEG-J,211.9523,212.0477,35.517,34.484,26.4971
2026-05-08 06:00:00,127,0,SEG-K,211.9227,211.9861,34.027,33.067,26.4971
2026-05-08 06:00:00,127,0,SEG-L,211.9836,211.9987,32.625,31.835,26.4971
2026-05-08 06:00:00,127,0,SEG-M,211.9265,211.9713,31.288,30.274,26.4971
2026-05-08 06:00:00,127,0,SEG-N,212.2052,212.082,29.823,29.019,26.4971
2026-05-08 06:00:00,127,0,SEG-O,212.0389,211.9872,28.359,27.501,26.4971
2026-05-08 06:00:00,127,0,SEG-P,211.7994,211.9076,27.199,26.494,26.4971
2026-05-08 06:00:00,127,0,SEG-Q,211.9073,211.9598,25.51,24.653,26.4971
2026-05-08 06:00:00,127,0,SEG-R,211.924,211.821,24.3,23.19,26.4971
2026-05-08 06:00:00,127,0,SEG-S,211.9521,212.0037,22.863,22.139,26.4971
2026-05-08 06:00:00,127,0,SEG-T,212.1351,212.1859,21.404,20.622,26.4971
2026-05-08 14:00:00,127,1,SEG-A,291.579,291.8487,47.992,47.246,36.4619
2026-05-08 14:00:00,127,1,SEG-B,291.4757,291.203,46.444,45.425,36.3989
2026-05-08 14:00:00,127,1,SEG-C,291.2064,291.3242,45.307,44.082,36.3989
2026-05-08 14:00:00,127,1,SEG-D,290.9534,290.5353,43.744,42.704,36.3283
2026-05-08 14:00:00,127,1,SEG-E,290.6682,290.6728,42.321,41.431,36.3283
2026-05-08 14:00:00,127,1,SEG-F,290.3948,290.7224,40.853,39.965,36.3283
2026-05-08 14:00:00,127,1,SEG-G,290.3936,290.7492,39.635,38.736,36.3283
2026-05-08 14:00:00,127,1,SEG-H,290.6254,290.7173,38.362,37.424,36.3283
2026-05-08 14:00:00,127,1,SEG-I,290.5852,290.6574,36.806,35.923,36.3283
2026-05-08 14:00:00,127,1,SEG-J,290.4356,290.4571,35.55,34.541,36.3283
2026-05-08 14:00:00,127,1,SEG-K,290.7177,288.3086,33.783,32.587,36.0321
2026-05-08 14:00:00,127,1,SEG-L,288.3066,288.3358,32.512,31.651,36.0321
2026-05-08 14:00:00,127,1,SEG-M,288.1409,288.5641,31.21,30.406,36.0321
2026-05-08 14:00:00,127,1,SEG-N,288.418,288.2977,29.895,29.032,36.0321
2026-05-08 14:00:00,127,1,SEG-O,288.2837,288.1702,28.574,27.604,36.0321
2026-05-08 14:00:00,127,1,SEG-P,288.2228,288.0804,26.857,26.037,36.0321
2026-05-08 14:00:00,127,1,SEG-Q,288.3763,288.2251,25.593,24.557,36.0321
2026-05-08 14:00:00,127,1,SEG-R,288.2595,288.1867,24.055,23.325,36.0321
2026-05-08 14:00:00,127,1,SEG-S,288.1304,288.222,22.553,21.996,36.0321
2026-05-08 14:00:00,127,1,SEG-T,288.1814,288.2309,21.326,20.43,36.0321
2026-05-08 22:00:00,127,2,SEG-A,167.1285,167.0869,48.053,47.005,20.886
2026-05-08 22:00:00,127,2,SEG-B,167.0309,166.8044,46.743,45.644,20.85
2026-05-08 22:00:00,127,2,SEG-C,166.8357,166.7365,45.177,44.18,20.85
2026-05-08 22:00:00,127,2,SEG-D,166.656,166.4009,43.739,42.817,20.8096
2026-05-08 22:00:00,127,2,SEG-E,166.4907,166.5877,42.351,41.549,20.8096
2026-05-08 22:00:00,127,2,SEG-F,166.5918,166.4268,40.831,40.149,20.8096
2026-05-08 22:00:00,127,2,SEG-G,166.3131,166.6017,39.684,38.684,20.8096
2026-05-08 22:00:00,127,2,SEG-H,166.4949,166.4389,38.345,37.285,20.8096
2026-05-08 22:00:00,127,2,SEG-I,166.467,166.431,36.802,35.908,20.8096
2026-05-08 22:00:00,127,2,SEG-J,166.4361,166.4813,35.448,34.344,20.8096
2026-05-08 22:00:00,127,2,SEG-K,166.4263,166.5749,33.935,32.996,20.8096
2026-05-08 22:00:00,127,2,SEG-L,166.3558,166.453,32.703,31.921,20.8096
2026-05-08 22:00:00,127,2,SEG-M,166.5825,166.3941,31.337,30.253,20.8096
2026-05-08 22:00:00,127,2,SEG-N,166.5938,166.5858,29.818,29.009,20.8096
2026-05-08 22:00:00,127,2,SEG-O,166.508,166.436,28.291,27.493,20.8096
2026-05-08 22:00:00,127,2,SEG-P,166.4005,166.5189,26.71,26.252,20.8096
2026-05-08 22:00:00,127,2,SEG-Q,166.4474,166.4316,25.603,24.753,20.8096
2026-05-08 22:00:00,127,2,SEG-R,166.4794,166.3897,24.249,23.396,20.8096
2026-05-08 22:00:00,127,2,SEG-S,166.4549,166.5532,22.858,21.865,20.8096
2026-05-08 22:00:00,127,2,SEG-T,166.5186,166.4543,21.327,20.554,20.8096
2026-05-09 06:00:00,128,0,SEG-A,182.419,182.3248,48.054,47.226,22.7947
2026-05-09 06:00:00,128,0,SEG-B,182.3338,181.9817,46.386,45.326,22.7437
2026-05-09 06:00:00,128,0,SEG-C,182.0376,181.9493,45.282,44.207,22.7437
2026-05-09 06:00:00,128,0,SEG-D,181.905,181.3527,43.804,42.63,22.6852
2026-05-09 06:00:00,128,0,SEG-E,181.3173,181.4674,42.332,41.675,22.6852
2026-05-09 06:00:00,128,0,SEG-F,181.4016,181.5474,41.169,40.12,22.6852
2026-05-09 06:00:00,128,0,SEG-G,181.5112,181.3635,39.556,38.854,22.6852
2026-05-09 06:00:00,128,0,SEG-H,181.4799,181.4169,38.009,37.24,22.6852
2026-05-09 06:00:00,128,0,SEG-I,181.5164,181.5086,36.744,35.987,22.6852
2026-05-09 06:00:00,128,0,SEG-J,181.4599,181.361,35.209,34.373,22.6852
2026-05-09 06:00:00,128,0,SEG-K,181.437,181.5391,33.964,33.257,22.6852
2026-05-09 06:00:00,128,0,SEG-L,181.5152,181.4486,32.642,31.959,22.6852
2026-05-09 06:00:00,128,0,SEG-M,181.4153,181.5155,31.369,30.454,22.6852
2026-05-09 06:00:00,128,0,SEG-N,181.3098,181.4544,29.724,28.934,22.6852
2026-05-09 06:00:00,128,0,SEG-O,181.4551,181.4453,28.345,27.363,22.6852
2026-05-09 06:00:00,128,0,SEG-P,181.3847,181.4636,26.918,26.145,22.6852
2026-05-09 06:00:00,128,0,SEG-Q,181.5808,181.5019,25.578,24.79,22.6852
2026-05-09 06:00:00,128,0,SEG-R,181.5173,181.4648,24.274,23.333,22.6852
2026-05-09 06:00:00,128,0,SEG-S,181.5081,181.6059,22.761,21.919,22.6852
2026-05-09 06:00:00,128,0,SEG-T,181.5193,181.6079,21.398,20.669,22.6852
2026-05-09 14:00:00,128,1,SEG-A,275.1585,275.1031,48.061,47.108,34.4006
2026-05-09 14:00:00,128,1,SEG-B,274.9383,274.7266,46.605,45.311,34.3376
2026-05-09 14:00:00,128,1,SEG-C,274.6307,274.6234,45.192,44.346,34.3376
2026-05-09 14:00:00,128,1,SEG-D,274.7463,274.0004,43.748,42.577,34.2653
2026-05-09 14:00:00,128,1,SEG-E,274.1656,274.3646,42.531,41.582,34.2653
2026-05-09 14:00:00,128,1,SEG-F,274.2624,274.015,41.016,40.366,34.2653
2026-05-09 14:00:00,128,1,SEG-G,274.1785,274.1394,39.435,38.596,34.2653
2026-05-09 14:00:00,128,1,SEG-H,274.245,274.0009,38.299,37.535,34.2653
2026-05-09 14:00:00,128,1,SEG-I,274.3488,274.3852,36.688,35.878,34.2653
2026-05-09 14:00:00,128,1,SEG-J,274.1841,274.2896,35.471,34.673,34.2653
2026-05-09 14:00:00,128,1,SEG-K,274.176,274.3468,33.941,33.153,34.2653
2026-05-09 14:00:00,128,1,SEG-L,274.1962,274.0038,32.491,31.786,34.2653
2026-05-09 14:00:00,128,1,SEG-M,274.0217,274.141,31.472,30.405,34.2653
2026-05-09 14:00:00,128,1,SEG-N,274.1913,274.0531,29.803,29.101,34.2653
2026-05-09 14:00:00,128,1,SEG-O,274.0298,274.0991,28.438,27.57,34.2653
2026-05-09 14:00:00,128,1,SEG-P,274.1974,273.9363,27.033,26.013,34.2653
2026-05-09 14:00:00,128,1,SEG-Q,274.0473,274.0885,25.908,24.948,34.2653
2026-05-09 14:00:00,128,1,SEG-R,273.9957,274.1122,24.106,23.601,34.2653
2026-05-09 14:00:00,128,1,SEG-S,274.2455,274.1248,22.984,22.005,34.2653
2026-05-09 14:00:00,128,1,SEG-T,274.2013,274.2535,21.262,20.805,34.2653
2026-05-09 22:00:00,128,2,SEG-A,149.236,149.1259,47.932,47.164,18.6521
2026-05-09 22:00:00,128,2,SEG-B,149.1524,149.0248,46.69,45.292,18.6161
2026-05-09 22:00:00,128,2,SEG-C,149.0119,148.9521,45.009,44.522,18.6161
2026-05-09 22:00:00,128,2,SEG-D,148.8522,148.6312,43.769,42.514,18.5748
2026-05-09 22:00:00,128,2,SEG-E,148.5187,148.5297,42.385,41.551,18.5748
2026-05-09 22:00:00,128,2,SEG-F,148.5157,148.6015,41.184,40.02,18.5748
2026-05-09 22:00:00,128,2,SEG-G,148.545,148.6475,39.343,38.622,18.5748
2026-05-09 22:00:00,128,2,SEG-H,148.573,148.6227,37.955,37.233,18.5748
2026-05-09 22:00:00,128,2,SEG-I,148.5618,148.4754,36.927,35.848,18.5748
2026-05-09 22:00:00,128,2,SEG-J,148.5685,148.6036,35.458,34.505,18.5748
2026-05-09 22:00:00,128,2,SEG-K,148.4823,148.5443,34.132,33.423,18.5748
2026-05-09 22:00:00,128,2,SEG-L,148.5735,148.5405,32.414,31.624,18.5748
2026-05-09 22:00:00,128,2,SEG-M,148.5366,148.6312,31.12,30.005,18.5748
2026-05-09 22:00:00,128,2,SEG-N,148.5819,148.5789,29.643,28.919,18.5748
2026-05-09 22:00:00,128,2,SEG-O,148.5407,148.531,28.194,27.604,18.5748
2026-05-09 22:00:00,128,2,SEG-P,148.4444,148.5024,26.771,26.228,18.5748
2026-05-09 22:00:00,128,2,SEG-Q,148.6024,148.5584,25.337,24.537,18.5748
2026-05-09 22:00:00,128,2,SEG-R,148.5514,148.6061,24.164,23.302,18.5748
2026-05-09 22:00:00,128,2,SEG-S,148.4788,148.6776,22.814,21.917,18.5748
2026-05-09 22:00:00,128,2,SEG-T,148.5829,148.5645,21.321,20.545,18.5748
2026-05-10 06:00:00,129,0,SEG-A,217.8282,218.0869,48.013,47.215,27.2381
2026-05-10 06:00:00,129,0,SEG-B,217.6328,217.5182,46.557,45.485,27.1871
2026-05-10 06:00:00,129,0,SEG-C,217.5243,217.4807,45.251,44.276,27.1871
2026-05-10 06:00:00,129,0,SEG-D,217.538,216.9961,43.938,42.681,27.1271
2026-05-10 06:00:00,129,0,SEG-E,216.932,217.0198,42.418,41.499,27.1271
2026-05-10 06:00:00,129,0,SEG-F,217.1724,217.0646,40.849,40.487,27.1271
2026-05-10 06:00:00,129,0,SEG-G,216.8479,216.9191,39.573,38.647,27.1271
2026-05-10 06:00:00,129,0,SEG-H,217.1024,216.9938,38.24,37.314,27.1271
2026-05-10 06:00:00,129,0,SEG-I,217.1203,216.9623,36.72,35.991,27.1271
2026-05-10 06:00:00,129,0,SEG-J,216.9276,217.1594,35.413,34.71,27.1271
2026-05-10 06:00:00,129,0,SEG-K,216.9775,216.9591,33.936,33.343,27.1271
2026-05-10 06:00:00,129,0,SEG-L,216.9434,216.9524,32.617,31.725,27.1271
2026-05-10 06:00:00,129,0,SEG-M,217.0281,217.1001,31.141,30.584,27.1271
2026-05-10 06:00:00,129,0,SEG-N,216.9214,216.9108,29.899,29.006,27.1271
2026-05-10 06:00:00,129,0,SEG-O,216.9966,216.9897,28.126,27.59,27.1271
2026-05-10 06:00:00,129,0,SEG-P,216.9496,217.1367,27.113,26.247,27.1271
2026-05-10 06:00:00,129,0,SEG-Q,216.9509,217.1691,25.451,24.74,27.1271
2026-05-10 06:00:00,129,0,SEG-R,217.0664,217.0387,24.223,23.361,27.1271
2026-05-10 06:00:00,129,0,SEG-S,216.9577,216.8885,22.707,21.906,27.1271
2026-05-10 06:00:00,129,0,SEG-T,216.9616,216.9636,21.458,20.54,27.1271
2026-05-10 14:00:00,129,1,SEG-A,307.1039,307.2668,48.017,47.19,38.4046
2026-05-10 14:00:00,129,1,SEG-B,307.4055,306.6991,46.627,45.44,38.3416
2026-05-10 14:00:00,129,1,SEG-C,306.6468,306.7574,45.181,44.06,38.3416
2026-05-10 14:00:00,129,1,SEG-D,306.8638,306.0304,43.727,42.434,38.2675
2026-05-10 14:00:00,129,1,SEG-E,305.8849,306.329,42.568,41.571,38.2675
2026-05-10 14:00:00,129,1,SEG-F,306.3688,306.1022,40.944,40.075,38.2675
2026-05-10 14:00:00,129,1,SEG-G,306.1063,305.9915,39.608,38.684,38.2675
2026-05-10 14:00:00,129,1,SEG-H,306.3994,306.1997,38.134,37.404,38.2675
2026-05-10 14:00:00,129,1,SEG-I,306.1266,306.1628,36.896,35.978,38.2675
2026-05-10 14:00:00,129,1,SEG-J,306.0711,305.9566,35.461,34.605,38.2675
2026-05-10 14:00:00,129,1,SEG-K,306.2984,306.3215,33.822,33.335,38.2675
2026-05-10 14:00:00,129,1,SEG-L,306.1808,306.066,32.654,31.634,38.2675
2026-05-10 14:00:00,129,1,SEG-M,306.1925,305.9338,31.217,30.506,38.2675
2026-05-10 14:00:00,129,1,SEG-N,305.9775,306.3377,30.069,28.865,38.2675
2026-05-10 14:00:00,129,1,SEG-O,306.2685,306.2979,28.519,27.517,38.2675
2026-05-10 14:00:00,129,1,SEG-P,306.113,305.9614,27.037,26.291,38.2675
2026-05-10 14:00:00,129,1,SEG-Q,306.2725,306.0661,25.706,24.867,38.2675
2026-05-10 14:00:00,129,1,SEG-R,306.0178,306.1117,24.168,23.416,38.2675
2026-05-10 14:00:00,129,1,SEG-S,306.0134,306.2164,22.815,22.067,38.2675
2026-05-10 14:00:00,129,1,SEG-T,306.0654,306.1318,21.447,20.649,38.2675
2026-05-10 22:00:00,129,2,SEG-A,161.7935,161.7229,48.042,47.168,20.2268
2026-05-10 22:00:00,129,2,SEG-B,161.7831,161.5015,46.765,45.378,20.1908
2026-05-10 22:00:00,129,2,SEG-C,161.5588,161.5483,45.306,44.224,20.1908
2026-05-10 22:00:00,129,2,SEG-D,161.5915,161.288,43.775,42.705,20.1485
2026-05-10 22:00:00,129,2,SEG-E,161.3394,161.1997,42.517,41.55,20.1485
2026-05-10 22:00:00,129,2,SEG-F,161.2367,161.0024,41.08,40.018,20.1485
2026-05-10 22:00:00,129,2,SEG-G,161.2709,161.3117,39.548,38.8,20.1485
2026-05-10 22:00:00,129,2,SEG-H,161.1427,161.1719,38.17,37.32,20.1485
2026-05-10 22:00:00,129,2,SEG-I,161.2539,161.175,36.961,35.949,20.1485
2026-05-10 22:00:00,129,2,SEG-J,161.1446,161.0927,35.457,34.552,20.1485
2026-05-10 22:00:00,129,2,SEG-K,161.1286,161.1549,33.982,33.184,20.1485
2026-05-10 22:00:00,129,2,SEG-L,161.1122,161.1157,32.524,31.798,20.1485
2026-05-10 22:00:00,129,2,SEG-M,161.2055,161.0312,31.091,30.427,20.1485
2026-05-10 22:00:00,129,2,SEG-N,161.1962,161.3554,29.952,28.733,20.1485
2026-05-10 22:00:00,129,2,SEG-O,161.2112,161.3084,28.296,27.771,20.1485
2026-05-10 22:00:00,129,2,SEG-P,161.3289,161.1244,27.149,26.095,20.1485
2026-05-10 22:00:00,129,2,SEG-Q,161.2446,161.265,25.617,24.767,20.1485
2026-05-10 22:00:00,129,2,SEG-R,161.187,161.0694,24.172,23.516,20.1485
2026-05-10 22:00:00,129,2,SEG-S,161.2132,161.1748,22.765,22.038,20.1485
2026-05-10 22:00:00,129,2,SEG-T,161.116,161.0736,21.341,20.369,20.1485
2026-05-11 06:00:00,130,0,SEG-A,231.4145,231.7148,47.916,47.321,28.9692
2026-05-11 06:00:00,130,0,SEG-B,231.9196,231.4681,46.776,45.622,28.9182
2026-05-11 06:00:00,130,0,SEG-C,231.3329,231.3619,45.416,44.374,28.9182
2026-05-11 06:00:00,130,0,SEG-D,231.3383,230.931,43.572,42.567,28.8568
2026-05-11 06:00:00,130,0,SEG-E,231.0217,230.9578,42.368,41.701,28.8568
2026-05-11 06:00:00,130,0,SEG-F,230.7557,230.7892,40.846,40.145,28.8568
2026-05-11 06:00:00,130,0,SEG-G,230.7358,230.8226,39.487,38.825,28.8568
2026-05-11 06:00:00,130,0,SEG-H,230.8147,230.678,38.204,37.358,28.8568
2026-05-11 06:00:00,130,0,SEG-I,230.797,230.9037,37.077,35.982,28.8568
2026-05-11 06:00:00,130,0,SEG-J,231.0678,230.9246,35.335,34.62,28.8568
2026-05-11 06:00:00,130,0,SEG-K,230.9765,230.8849,34.163,33.176,28.8568
2026-05-11 06:00:00,130,0,SEG-L,230.9489,230.9978,32.482,31.798,28.8568
2026-05-11 06:00:00,130,0,SEG-M,230.8267,230.6554,31.42,30.416,28.8568
2026-05-11 06:00:00,130,0,SEG-N,230.8813,230.7991,29.817,28.809,28.8568
2026-05-11 06:00:00,130,0,SEG-O,230.8077,230.796,28.441,27.337,28.8568
2026-05-11 06:00:00,130,0,SEG-P,230.7172,230.8755,26.953,26.167,28.8568
2026-05-11 06:00:00,130,0,SEG-Q,230.8648,230.8334,25.666,25.052,28.8568
2026-05-11 06:00:00,130,0,SEG-R,230.982,230.9296,24.127,23.411,28.8568
2026-05-11 06:00:00,130,0,SEG-S,230.9687,230.804,22.939,22.081,28.8568
2026-05-11 06:00:00,130,0,SEG-T,230.8329,230.8699,21.32,20.735,28.8568
2026-05-11 14:00:00,130,1,SEG-A,270.0752,269.9128,48.313,47.175,33.7453
2026-05-11 14:00:00,130,1,SEG-B,269.9515,269.4882,46.588,45.377,33.6823
2026-05-11 14:00:00,130,1,SEG-C,269.6088,269.5711,44.954,44.392,33.6823
2026-05-11 14:00:00,130,1,SEG-D,269.5977,268.945,43.721,42.5,33.6064
2026-05-11 14:00:00,130,1,SEG-E,268.5519,268.9425,42.43,41.673,33.6064
2026-05-11 14:00:00,130,1,SEG-F,268.887,268.6996,40.73,40.282,33.6064
2026-05-11 14:00:00,130,1,SEG-G,268.8253,268.915,39.723,38.588,33.6064
2026-05-11 14:00:00,130,1,SEG-H,268.6895,269.1442,38.234,37.334,33.6064
2026-05-11 14:00:00,130,1,SEG-I,268.8219,268.6897,36.824,35.983,33.6064
2026-05-11 14:00:00,130,1,SEG-J,269.0389,269.0362,35.741,34.624,33.6064
2026-05-11 14:00:00,130,1,SEG-K,268.8342,268.7502,34.055,33.19,33.6064
2026-05-11 14:00:00,130,1,SEG-L,268.6964,268.8399,32.68,31.858,33.6064
2026-05-11 14:00:00,130,1,SEG-M,268.8223,268.759,31.408,30.276,33.6064
2026-05-11 14:00:00,130,1,SEG-N,268.6354,268.9048,29.904,29.079,33.6064
2026-05-11 14:00:00,130,1,SEG-O,268.7841,268.9604,28.491,27.569,33.6064
2026-05-11 14:00:00,130,1,SEG-P,268.8553,268.8106,26.97,26.052,33.6064
2026-05-11 14:00:00,130,1,SEG-Q,268.9004,268.64,25.633,24.69,33.6064
2026-05-11 14:00:00,130,1,SEG-R,268.7344,268.8924,24.089,23.402,33.6064
2026-05-11 14:00:00,130,1,SEG-S,268.7399,268.8968,22.771,21.941,33.6064
2026-05-11 14:00:00,130,1,SEG-T,268.8372,268.9518,21.3,20.422,33.6064
2026-05-11 22:00:00,130,2,SEG-A,182.3661,182.3243,48.041,47.243,22.783
2026-05-11 22:00:00,130,2,SEG-B,182.1512,181.8593,46.695,45.702,22.747
2026-05-11 22:00:00,130,2,SEG-C,182.0679,182.0906,45.269,44.456,22.747
2026-05-11 22:00:00,130,2,SEG-D,182.0833,181.7081,43.654,42.772,22.7036
2026-05-11 22:00:00,130,2,SEG-E,181.4989,181.5792,42.411,41.527,22.7036
2026-05-11 22:00:00,130,2,SEG-F,181.4951,181.5598,41.122,40.231,22.7036
2026-05-11 22:00:00,130,2,SEG-G,181.6327,181.7323,39.629,38.833,22.7036
2026-05-11 22:00:00,130,2,SEG-H,181.5922,181.6992,38.252,37.469,22.7036
2026-05-11 22:00:00,130,2,SEG-I,181.4831,181.6875,36.623,35.964,22.7036
2026-05-11 22:00:00,130,2,SEG-J,181.7382,181.7153,35.509,34.753,22.7036
2026-05-11 22:00:00,130,2,SEG-K,181.6398,181.6548,33.94,33.216,22.7036
2026-05-11 22:00:00,130,2,SEG-L,181.7066,181.7894,32.476,31.881,22.7036
2026-05-11 22:00:00,130,2,SEG-M,181.6524,181.6142,31.529,30.401,22.7036
2026-05-11 22:00:00,130,2,SEG-N,181.656,181.6787,29.592,28.964,22.7036
2026-05-11 22:00:00,130,2,SEG-O,181.6071,181.5366,28.467,27.469,22.7036
2026-05-11 22:00:00,130,2,SEG-P,181.7166,181.5866,27.086,26.047,22.7036
2026-05-11 22:00:00,130,2,SEG-Q,181.6152,181.6206,25.457,24.888,22.7036
2026-05-11 22:00:00,130,2,SEG-R,181.6973,181.6244,24.11,23.367,22.7036
2026-05-11 22:00:00,130,2,SEG-S,181.5825,181.5942,22.677,22.004,22.7036
2026-05-11 22:00:00,130,2,SEG-T,181.754,181.6855,21.32,20.51,22.7036
2026-05-12 06:00:00,131,0,SEG-A,226.1082,226.161,47.966,47.151,28.2863
2026-05-12 06:00:00,131,0,SEG-B,226.1375,226.0249,46.646,45.231,28.2353
2026-05-12 06:00:00,131,0,SEG-C,225.9852,225.9312,45.14,44.452,28.2353
2026-05-12 06:00:00,131,0,SEG-D,225.8209,225.2344,43.956,42.425,28.1725
2026-05-12 06:00:00,131,0,SEG-E,225.3031,225.4047,42.519,41.164,28.1725
2026-05-12 06:00:00,131,0,SEG-F,225.3582,225.4813,41.06,40.127,28.1725
2026-05-12 06:00:00,131,0,SEG-G,225.5381,225.5626,39.673,38.685,28.1725
2026-05-12 06:00:00,131,0,SEG-H,225.29,225.2909,38.125,37.437,28.1725
2026-05-12 06:00:00,131,0,SEG-I,225.2479,225.1529,36.441,35.901,28.1725
2026-05-12 06:00:00,131,0,SEG-J,225.3922,225.4006,35.248,34.603,28.1725
2026-05-12 06:00:00,131,0,SEG-K,225.2983,225.4771,34.04,33.06,28.1725
2026-05-12 06:00:00,131,0,SEG-L,225.498,225.5882,32.457,31.665,28.1725
2026-05-12 06:00:00,131,0,SEG-M,225.3543,225.3224,31.054,30.337,28.1725
2026-05-12 06:00:00,131,0,SEG-N,225.3906,225.4825,29.848,29.051,28.1725
2026-05-12 06:00:00,131,0,SEG-O,225.4931,225.3689,28.49,27.544,28.1725
2026-05-12 06:00:00,131,0,SEG-P,225.3493,225.442,26.868,26.207,28.1725
2026-05-12 06:00:00,131,0,SEG-Q,225.3503,225.4719,25.625,24.769,28.1725
2026-05-12 06:00:00,131,0,SEG-R,225.418,225.3415,24.201,23.338,28.1725
2026-05-12 06:00:00,131,0,SEG-S,225.3315,225.2862,22.832,21.969,28.1725
2026-05-12 06:00:00,131,0,SEG-T,225.4507,225.4901,21.082,20.586,28.1725
2026-05-12 14:00:00,131,1,SEG-A,269.4802,269.3553,48.167,47.04,33.7077
2026-05-12 14:00:00,131,1,SEG-B,269.7224,269.1491,46.542,45.364,33.6447
2026-05-12 14:00:00,131,1,SEG-C,269.1787,269.1225,45.232,44.281,33.6447
2026-05-12 14:00:00,131,1,SEG-D,269.1238,268.5208,44.066,42.901,33.567
2026-05-12 14:00:00,131,1,SEG-E,268.546,268.5787,42.395,41.67,33.567
2026-05-12 14:00:00,131,1,SEG-F,268.5777,268.2977,41.226,40.247,33.567
2026-05-12 14:00:00,131,1,SEG-G,268.6253,268.3292,39.392,38.8,33.567
2026-05-12 14:00:00,131,1,SEG-H,268.6962,268.6288,38.201,37.423,33.567
2026-05-12 14:00:00,131,1,SEG-I,268.5975,268.6866,36.944,35.909,33.567
2026-05-12 14:00:00,131,1,SEG-J,268.4114,268.3693,35.311,34.441,33.567
2026-05-12 14:00:00,131,1,SEG-K,268.6658,265.2845,33.982,32.768,33.1577
2026-05-12 14:00:00,131,1,SEG-L,265.3741,265.3569,32.587,31.67,33.1577
2026-05-12 14:00:00,131,1,SEG-M,265.4224,265.2795,31.314,30.127,33.1577
2026-05-12 14:00:00,131,1,SEG-N,265.4743,265.3149,30.051,28.929,33.1577
2026-05-12 14:00:00,131,1,SEG-O,265.2029,265.3081,28.444,27.653,33.1577
2026-05-12 14:00:00,131,1,SEG-P,265.2916,265.178,27.039,26.189,33.1577
2026-05-12 14:00:00,131,1,SEG-Q,265.1586,265.1141,25.492,24.774,33.1577
2026-05-12 14:00:00,131,1,SEG-R,265.1963,265.2437,24.214,23.214,33.1577
2026-05-12 14:00:00,131,1,SEG-S,265.4654,265.2749,22.768,21.915,33.1577
2026-05-12 14:00:00,131,1,SEG-T,265.2592,265.4066,21.291,20.6,33.1577
2026-05-12 22:00:00,131,2,SEG-A,124.5387,124.4595,47.986,47.088,15.5656
2026-05-12 22:00:00,131,2,SEG-B,124.4769,124.2037,46.468,45.425,15.5296
2026-05-12 22:00:00,131,2,SEG-C,124.2146,124.2254,45.25,44.41,15.5296
2026-05-12 22:00:00,131,2,SEG-D,124.2151,123.8883,43.71,42.365,15.4852
2026-05-12 22:00:00,131,2,SEG-E,123.9417,123.9092,42.348,41.708,15.4852
2026-05-12 22:00:00,131,2,SEG-F,123.8654,123.8696,41.151,40.203,15.4852
2026-05-12 22:00:00,131,2,SEG-G,123.7504,123.896,39.736,38.509,15.4852
2026-05-12 22:00:00,131,2,SEG-H,123.9748,123.8395,38.178,37.404,15.4852
2026-05-12 22:00:00,131,2,SEG-I,123.9565,123.8405,36.809,35.937,15.4852
2026-05-12 22:00:00,131,2,SEG-J,123.9535,123.9027,35.274,34.476,15.4852
2026-05-12 22:00:00,131,2,SEG-K,123.9651,123.8031,33.951,33.115,15.4852
2026-05-12 22:00:00,131,2,SEG-L,123.8506,123.9304,32.356,31.828,15.4852
2026-05-12 22:00:00,131,2,SEG-M,123.889,123.8196,31.228,30.153,15.4852
2026-05-12 22:00:00,131,2,SEG-N,123.9361,123.906,29.697,29.013,15.4852
2026-05-12 22:00:00,131,2,SEG-O,123.9161,123.9784,28.352,27.496,15.4852
2026-05-12 22:00:00,131,2,SEG-P,123.9723,123.883,27.152,26.085,15.4852
2026-05-12 22:00:00,131,2,SEG-Q,123.8602,123.8698,25.812,24.815,15.4852
2026-05-12 22:00:00,131,2,SEG-R,123.7774,123.9073,24.043,23.445,15.4852
2026-05-12 22:00:00,131,2,SEG-S,123.8416,123.8906,22.618,22.022,15.4852
2026-05-12 22:00:00,131,2,SEG-T,123.8699,123.8707,21.488,20.744,15.4852
2026-05-13 06:00:00,132,0,SEG-A,213.4103,213.4067,48.069,47.204,26.6747
2026-05-13 06:00:00,132,0,SEG-B,213.389,212.9047,46.486,45.194,26.6237
2026-05-13 06:00:00,132,0,SEG-C,213.0995,212.8284,45.116,44.177,26.6237
2026-05-13 06:00:00,132,0,SEG-D,212.9179,212.5471,43.749,42.6,26.5594
2026-05-13 06:00:00,132,0,SEG-E,212.442,212.3523,42.388,41.666,26.5594
2026-05-13 06:00:00,132,0,SEG-F,212.4646,212.3838,41.164,40.094,26.5594
2026-05-13 06:00:00,132,0,SEG-G,212.5199,212.5195,39.502,38.601,26.5594
2026-05-13 06:00:00,132,0,SEG-H,212.3943,212.5585,37.944,37.417,26.5594
2026-05-13 06:00:00,132,0,SEG-I,212.3572,212.5768,36.86,35.891,26.5594
2026-05-13 06:00:00,132,0,SEG-J,212.614,212.6132,35.215,34.419,26.5594
2026-05-13 06:00:00,132,0,SEG-K,212.4508,212.3713,33.971,32.941,26.5594
2026-05-13 06:00:00,132,0,SEG-L,212.5308,212.4635,32.706,31.974,26.5594
2026-05-13 06:00:00,132,0,SEG-M,212.4392,212.5808,30.86,30.523,26.5594
2026-05-13 06:00:00,132,0,SEG-N,212.502,212.5567,29.755,28.96,26.5594
2026-05-13 06:00:00,132,0,SEG-O,212.4203,212.7278,28.33,27.549,26.5594
2026-05-13 06:00:00,132,0,SEG-P,212.2693,212.42,27.015,26.169,26.5594
2026-05-13 06:00:00,132,0,SEG-Q,212.4516,212.4466,25.468,24.672,26.5594
2026-05-13 06:00:00,132,0,SEG-R,212.414,212.4489,24.325,23.24,26.5594
2026-05-13 06:00:00,132,0,SEG-S,212.4185,212.4,22.754,21.963,26.5594
2026-05-13 06:00:00,132,0,SEG-T,212.3854,212.6305,21.261,20.451,26.5594
2026-05-13 14:00:00,132,1,SEG-A,339.1513,339.4692,47.877,47.133,42.4128
2026-05-13 14:00:00,132,1,SEG-B,339.422,338.7577,46.71,45.47,42.3498
2026-05-13 14:00:00,132,1,SEG-C,338.8443,338.8506,45.109,44.475,42.3498
2026-05-13 14:00:00,132,1,SEG-D,338.8631,338.1771,43.827,42.736,42.2703
2026-05-13 14:00:00,132,1,SEG-E,338.4026,338.1836,42.283,41.259,42.2703
2026-05-13 14:00:00,132,1,SEG-F,338.0031,338.3647,40.846,40.224,42.2703
2026-05-13 14:00:00,132,1,SEG-G,338.259,338.5624,39.54,38.704,42.2703
2026-05-13 14:00:00,132,1,SEG-H,338.3754,338.0918,38.259,37.289,42.2703
2026-05-13 14:00:00,132,1,SEG-I,338.4069,338.0599,37.023,35.902,42.2703
2026-05-13 14:00:00,132,1,SEG-J,338.1567,338.0113,35.46,34.597,42.2703
2026-05-13 14:00:00,132,1,SEG-K,338.2076,338.0603,33.867,33.239,42.2703
2026-05-13 14:00:00,132,1,SEG-L,338.0145,337.9406,32.487,31.651,42.2703
2026-05-13 14:00:00,132,1,SEG-M,338.1595,338.1563,31.184,30.463,42.2703
2026-05-13 14:00:00,132,1,SEG-N,338.3888,338.167,29.663,29.26,42.2703
2026-05-13 14:00:00,132,1,SEG-O,338.0103,338.1028,28.569,27.387,42.2703
2026-05-13 14:00:00,132,1,SEG-P,338.2349,338.2053,27.259,26.017,42.2703
2026-05-13 14:00:00,132,1,SEG-Q,338.3225,338.2906,25.499,24.757,42.2703
2026-05-13 14:00:00,132,1,SEG-R,338.3894,337.7474,24.298,23.362,42.2703
2026-05-13 14:00:00,132,1,SEG-S,338.4531,338.1865,23.042,21.891,42.2703
2026-05-13 14:00:00,132,1,SEG-T,338.1901,338.0037,21.432,20.538,42.2703
2026-05-13 22:00:00,132,2,SEG-A,184.5337,184.5442,47.847,47.183,23.0625
2026-05-13 22:00:00,132,2,SEG-B,184.5685,184.459,46.7,45.399,23.0265
2026-05-13 22:00:00,132,2,SEG-C,184.2766,184.1766,45.027,44.271,23.0265
2026-05-13 22:00:00,132,2,SEG-D,184.1569,183.8187,43.976,42.508,22.981
2026-05-13 22:00:00,132,2,SEG-E,183.8815,183.8273,42.53,41.525,22.981
2026-05-13 22:00:00,132,2,SEG-F,183.8649,183.7348,40.887,40.016,22.981
2026-05-13 22:00:00,132,2,SEG-G,183.8424,183.8802,39.634,38.985,22.981
2026-05-13 22:00:00,132,2,SEG-H,183.7451,183.946,38.305,37.517,22.981
2026-05-13 22:00:00,132,2,SEG-I,183.8918,183.8827,36.484,35.936,22.981
2026-05-13 22:00:00,132,2,SEG-J,183.6906,183.8485,35.317,34.774,22.981
2026-05-13 22:00:00,132,2,SEG-K,183.8436,183.9641,34.097,33.143,22.981
2026-05-13 22:00:00,132,2,SEG-L,183.7976,183.9509,32.571,31.72,22.981
2026-05-13 22:00:00,132,2,SEG-M,183.7485,183.7505,31.224,30.349,22.981
2026-05-13 22:00:00,132,2,SEG-N,183.662,183.8266,29.759,29.054,22.981
2026-05-13 22:00:00,132,2,SEG-O,183.8847,183.8973,28.531,27.27,22.981
2026-05-13 22:00:00,132,2,SEG-P,183.8557,183.7701,27.168,26.113,22.981
2026-05-13 22:00:00,132,2,SEG-Q,183.835,183.8418,25.723,24.61,22.981
2026-05-13 22:00:00,132,2,SEG-R,183.723,183.7393,24.21,23.417,22.981
2026-05-13 22:00:00,132,2,SEG-S,183.8302,183.9053,22.912,22.161,22.981
2026-05-13 22:00:00,132,2,SEG-T,183.8789,183.8043,21.371,20.588,22.981
2026-05-14 06:00:00,133,0,SEG-A,218.6715,218.4188,48.188,47.323,27.3041
2026-05-14 06:00:00,133,0,SEG-B,218.4739,218.0169,46.657,45.388,27.2531
2026-05-14 06:00:00,133,0,SEG-C,217.8497,218.1324,45.182,44.469,27.2531
2026-05-14 06:00:00,133,0,SEG-D,218.3108,217.4112,43.695,42.441,27.1873
2026-05-14 06:00:00,133,0,SEG-E,217.4423,217.4041,42.411,41.496,27.1873
2026-05-14 06:00:00,133,0,SEG-F,217.3833,217.4382,40.954,40.08,27.1873
2026-05-14 06:00:00,133,0,SEG-G,217.3702,217.4496,39.59,38.671,27.1873
2026-05-14 06:00:00,133,0,SEG-H,217.5177,217.3801,38.279,37.246,27.1873
2026-05-14 06:00:00,133,0,SEG-I,217.6649,217.514,36.883,35.847,27.1873
2026-05-14 06:00:00,133,0,SEG-J,217.6039,217.591,35.427,34.531,27.1873
2026-05-14 06:00:00,133,0,SEG-K,217.4086,217.311,33.955,33.011,27.1873
2026-05-14 06:00:00,133,0,SEG-L,217.6151,217.5156,32.724,31.629,27.1873
2026-05-14 06:00:00,133,0,SEG-M,217.5523,217.5904,31.214,30.653,27.1873
2026-05-14 06:00:00,133,0,SEG-N,217.4531,217.4556,29.645,29.145,27.1873
2026-05-14 06:00:00,133,0,SEG-O,217.5881,217.2787,28.474,27.452,27.1873
2026-05-14 06:00:00,133,0,SEG-P,217.4845,217.361,26.801,26.211,27.1873
2026-05-14 06:00:00,133,0,SEG-Q,217.435,217.5117,25.595,24.587,27.1873
2026-05-14 06:00:00,133,0,SEG-R,217.4966,217.6037,23.993,23.303,27.1873
2026-05-14 06:00:00,133,0,SEG-S,217.5043,217.5356,22.992,21.892,27.1873
2026-05-14 06:00:00,133,0,SEG-T,217.5558,217.6935,21.462,20.722,27.1873
2026-05-14 14:00:00,133,1,SEG-A,253.8863,253.8916,47.943,47.261,31.7435
2026-05-14 14:00:00,133,1,SEG-B,254.0033,253.3981,46.533,45.319,31.6805
2026-05-14 14:00:00,133,1,SEG-C,253.518,253.3624,45.075,44.392,31.6805
2026-05-14 14:00:00,133,1,SEG-D,253.3099,252.6269,43.717,42.57,31.5991
2026-05-14 14:00:00,133,1,SEG-E,252.8092,252.543,42.377,41.476,31.5991
2026-05-14 14:00:00,133,1,SEG-F,252.8955,252.9659,41.058,40.086,31.5991
2026-05-14 14:00:00,133,1,SEG-G,252.8579,252.9735,39.59,38.793,31.5991
2026-05-14 14:00:00,133,1,SEG-H,252.8023,252.7748,37.955,37.246,31.5991
2026-05-14 14:00:00,133,1,SEG-I,252.7216,252.7904,37.039,35.933,31.5991
2026-05-14 14:00:00,133,1,SEG-J,252.778,252.7711,35.295,34.572,31.5991
2026-05-14 14:00:00,133,1,SEG-K,252.7882,252.9495,33.877,33.271,31.5991
2026-05-14 14:00:00,133,1,SEG-L,253.0408,252.7842,32.358,31.643,31.5991
2026-05-14 14:00:00,133,1,SEG-M,252.9047,252.8908,31.152,30.556,31.5991
2026-05-14 14:00:00,133,1,SEG-N,252.6867,252.9487,29.854,28.948,31.5991
2026-05-14 14:00:00,133,1,SEG-O,252.7413,252.8458,28.348,27.595,31.5991
2026-05-14 14:00:00,133,1,SEG-P,252.9265,252.6796,26.983,26.005,31.5991
2026-05-14 14:00:00,133,1,SEG-Q,252.9023,252.7447,25.518,24.71,31.5991
2026-05-14 14:00:00,133,1,SEG-R,252.8897,252.8358,24.324,23.328,31.5991
2026-05-14 14:00:00,133,1,SEG-S,252.7681,252.6724,22.86,22.099,31.5991
2026-05-14 14:00:00,133,1,SEG-T,252.8719,252.908,21.478,20.538,31.5991
2026-05-14 22:00:00,133,2,SEG-A,193.1834,193.3333,48.117,47.187,24.1549
2026-05-14 22:00:00,133,2,SEG-B,193.2439,193.0178,46.607,45.254,24.1189
2026-05-14 22:00:00,133,2,SEG-C,192.8185,193.0068,45.322,44.332,24.1189
2026-05-14 22:00:00,133,2,SEG-D,193.0982,192.6341,43.849,42.806,24.0724
2026-05-14 22:00:00,133,2,SEG-E,192.6354,192.7033,42.419,41.668,24.0724
2026-05-14 22:00:00,133,2,SEG-F,192.6472,192.6191,40.813,40.182,24.0724
2026-05-14 22:00:00,133,2,SEG-G,192.5971,192.6021,39.679,38.758,24.0724
2026-05-14 22:00:00,133,2,SEG-H,192.6776,192.652,38.129,37.305,24.0724
2026-05-14 22:00:00,133,2,SEG-I,192.489,192.5326,36.744,36.115,24.0724
2026-05-14 22:00:00,133,2,SEG-J,192.5606,192.604,35.387,34.603,24.0724
2026-05-14 22:00:00,133,2,SEG-K,192.5601,188.4412,34.09,32.997,23.5707
2026-05-14 22:00:00,133,2,SEG-L,188.6089,188.7215,32.661,31.618,23.5707
2026-05-14 22:00:00,133,2,SEG-M,188.5638,188.5152,31.186,30.347,23.5707
2026-05-14 22:00:00,133,2,SEG-N,188.4207,188.5545,29.813,29.053,23.5707
2026-05-14 22:00:00,133,2,SEG-O,188.4832,188.5438,28.298,27.711,23.5707
2026-05-14 22:00:00,133,2,SEG-P,188.6717,188.5698,26.951,26.049,23.5707
2026-05-14 22:00:00,133,2,SEG-Q,188.5699,188.6229,25.585,24.555,23.5707
2026-05-14 22:00:00,133,2,SEG-R,188.5673,188.7276,24.331,23.516,23.5707
2026-05-14 22:00:00,133,2,SEG-S,188.5352,188.5493,23.034,21.816,23.5707
2026-05-14 22:00:00,133,2,SEG-T,188.6182,188.5928,21.489,20.538,23.5707
2026-05-15 06:00:00,134,0,SEG-A,261.8293,261.5001,47.768,47.194,32.7143
2026-05-15 06:00:00,134,0,SEG-B,261.6063,261.135,46.578,45.248,32.6633
2026-05-15 06:00:00,134,0,SEG-C,261.1983,261.1966,45.176,44.407,32.6633
2026-05-15 06:00:00,134,0,SEG-D,261.364,260.6184,43.839,42.405,32.5959
2026-05-15 06:00:00,134,0,SEG-E,260.7083,260.7974,42.501,41.574,32.5959
2026-05-15 06:00:00,134,0,SEG-F,260.754,260.7286,40.859,40.126,32.5959
2026-05-15 06:00:00,134,0,SEG-G,260.7292,260.647,39.709,38.507,32.5959
2026-05-15 06:00:00,134,0,SEG-H,260.9161,260.6239,38.393,37.343,32.5959
2026-05-15 06:00:00,134,0,SEG-I,260.9119,260.8595,36.904,36.165,32.5959
2026-05-15 06:00:00,134,0,SEG-J,260.7048,261.066,35.584,34.477,32.5959
2026-05-15 06:00:00,134,0,SEG-K,260.748,260.6121,34.168,33.017,32.5959
2026-05-15 06:00:00,134,0,SEG-L,260.732,260.6815,32.525,31.761,32.5959
2026-05-15 06:00:00,134,0,SEG-M,260.7748,260.7698,31.189,30.23,32.5959
2026-05-15 06:00:00,134,0,SEG-N,260.7837,260.6725,29.835,28.895,32.5959
2026-05-15 06:00:00,134,0,SEG-O,260.6755,260.6639,28.309,27.5,32.5959
2026-05-15 06:00:00,134,0,SEG-P,260.7222,260.4987,27.074,26.128,32.5959
2026-05-15 06:00:00,134,0,SEG-Q,261.0775,260.7049,25.496,24.882,32.5959
2026-05-15 06:00:00,134,0,SEG-R,260.7059,260.9763,24.179,23.515,32.5959
2026-05-15 06:00:00,134,0,SEG-S,260.5892,260.693,22.894,21.826,32.5959
2026-05-15 06:00:00,134,0,SEG-T,260.6948,260.63,21.549,20.652,32.5959
2026-05-15 14:00:00,134,1,SEG-A,338.1529,338.0451,48.03,47.052,42.2697
2026-05-15 14:00:00,134,1,SEG-B,338.258,337.5862,46.619,45.32,42.2067
2026-05-15 14:00:00,134,1,SEG-C,337.3968,337.6197,45.387,44.178,42.2067
2026-05-15 14:00:00,134,1,SEG-D,337.9459,337.0134,43.918,42.771,42.1236
2026-05-15 14:00:00,134,1,SEG-E,337.1192,337.0899,42.319,41.361,42.1236
2026-05-15 14:00:00,134,1,SEG-F,337.1168,336.8654,41.006,40.088,42.1236
2026-05-15 14:00:00,134,1,SEG-G,336.8891,337.0224,39.606,38.66,42.1236
2026-05-15 14:00:00,134,1,SEG-H,337.0532,337.0019,38.287,37.563,42.1236
2026-05-15 14:00:00,134,1,SEG-I,336.9641,337.0772,36.935,35.909,42.1236
2026-05-15 14:00:00,134,1,SEG-J,337.0746,336.8606,35.361,34.632,42.1236
2026-05-15 14:00:00,134,1,SEG-K,336.9083,337.209,34.015,33.099,42.1236
2026-05-15 14:00:00,134,1,SEG-L,337.1629,336.8799,32.614,31.915,42.1236
2026-05-15 14:00:00,134,1,SEG-M,337.0558,337.0644,31.167,30.176,42.1236
2026-05-15 14:00:00,134,1,SEG-N,336.8558,336.9799,29.98,28.804,42.1236
2026-05-15 14:00:00,134,1,SEG-O,336.8765,337.137,28.341,27.387,42.1236
2026-05-15 14:00:00,134,1,SEG-P,337.0233,336.9562,27.056,25.9,42.1236
2026-05-15 14:00:00,134,1,SEG-Q,337.1673,337.2893,25.382,24.59,42.1236
2026-05-15 14:00:00,134,1,SEG-R,337.2836,336.7966,24.305,23.23,42.1236
2026-05-15 14:00:00,134,1,SEG-S,336.8749,337.2749,22.763,22.029,42.1236
2026-05-15 14:00:00,134,1,SEG-T,336.9524,336.9127,21.341,20.671,42.1236
2026-05-15 22:00:00,134,2,SEG-A,195.738,195.7718,48.171,47.34,24.4645
2026-05-15 22:00:00,134,2,SEG-B,195.6207,195.4626,46.464,45.402,24.4285
2026-05-15 22:00:00,134,2,SEG-C,195.2815,195.4244,45.144,44.451,24.4285
2026-05-15 22:00:00,134,2,SEG-D,195.4832,195.0816,43.843,42.779,24.381
2026-05-15 22:00:00,134,2,SEG-E,195.07,194.9549,42.291,41.645,24.381
2026-05-15 22:00:00,134,2,SEG-F,195.1124,195.015,41.09,40.245,24.381
2026-05-15 22:00:00,134,2,SEG-G,195.0361,195.0171,39.411,38.796,24.381
2026-05-15 22:00:00,134,2,SEG-H,195.0122,194.9876,38.044,37.583,24.381
2026-05-15 22:00:00,134,2,SEG-I,194.9616,194.9944,36.777,35.912,24.381
2026-05-15 22:00:00,134,2,SEG-J,194.9952,194.9325,35.425,34.859,24.381
2026-05-15 22:00:00,134,2,SEG-K,195.0197,195.1127,33.834,33.127,24.381
2026-05-15 22:00:00,134,2,SEG-L,195.0595,195.0572,32.451,31.993,24.381
2026-05-15 22:00:00,134,2,SEG-M,195.0737,195.1881,31.174,30.508,24.381
2026-05-15 22:00:00,134,2,SEG-N,195.0872,195.0894,29.745,28.989,24.381
2026-05-15 22:00:00,134,2,SEG-O,194.958,195.0633,28.424,27.623,24.381
2026-05-15 22:00:00,134,2,SEG-P,194.8105,194.8926,27.034,26.15,24.381
2026-05-15 22:00:00,134,2,SEG-Q,195.1008,194.9847,25.667,24.703,24.381
2026-05-15 22:00:00,134,2,SEG-R,195.1628,194.9824,24.296,23.329,24.381
2026-05-15 22:00:00,134,2,SEG-S,195.0423,194.9719,22.964,21.888,24.381
2026-05-15 22:00:00,134,2,SEG-T,195.188,194.8672,21.482,20.582,24.381
2026-05-16 06:00:00,135,0,SEG-A,272.9973,272.7739,48.318,47.202,34.1119
2026-05-16 06:00:00,135,0,SEG-B,272.8716,272.3266,46.692,45.445,34.0609
2026-05-16 06:00:00,135,0,SEG-C,272.6181,272.5503,45.249,44.153,34.0609
2026-05-16 06:00:00,135,0,SEG-D,272.5666,271.7338,43.869,42.465,33.992
2026-05-16 06:00:00,135,0,SEG-E,272.1556,272.0103,42.655,41.594,33.992
2026-05-16 06:00:00,135,0,SEG-F,271.8564,271.8727,40.912,40.139,33.992
2026-05-16 06:00:00,135,0,SEG-G,271.7235,271.8769,39.817,38.732,33.992
2026-05-16 06:00:00,135,0,SEG-H,271.9267,271.93,38.329,37.277,33.992
2026-05-16 06:00:00,135,0,SEG-I,271.9135,272.0214,36.612,36.033,33.992
2026-05-16 06:00:00,135,0,SEG-J,271.722,271.8,35.537,34.508,33.992
2026-05-16 06:00:00,135,0,SEG-K,272.0364,272.0453,34.214,32.88,33.992
2026-05-16 06:00:00,135,0,SEG-L,271.8589,271.9525,32.69,31.728,33.992
2026-05-16 06:00:00,135,0,SEG-M,272.0284,271.8553,31.288,30.459,33.992
2026-05-16 06:00:00,135,0,SEG-N,271.964,271.9243,29.637,28.792,33.992
2026-05-16 06:00:00,135,0,SEG-O,271.9895,272.0847,28.181,27.556,33.992
2026-05-16 06:00:00,135,0,SEG-P,271.8851,272.0068,27.206,26.143,33.992
2026-05-16 06:00:00,135,0,SEG-Q,271.8645,271.9835,25.496,24.498,33.992
2026-05-16 06:00:00,135,0,SEG-R,271.9256,271.9378,24.09,23.405,33.992
2026-05-16 06:00:00,135,0,SEG-S,272.1794,271.8813,22.669,21.803,33.992
2026-05-16 06:00:00,135,0,SEG-T,271.7439,272.1275,21.35,20.374,33.992
2026-05-16 14:00:00,135,1,SEG-A,333.9725,333.893,48.144,47.171,41.7402
2026-05-16 14:00:00,135,1,SEG-B,333.7958,333.6282,46.399,45.267,41.6772
2026-05-16 14:00:00,135,1,SEG-C,333.3483,333.4303,45.148,44.254,41.6772
2026-05-16 14:00:00,135,1,SEG-D,333.495,332.7961,43.944,42.6,41.5921
2026-05-16 14:00:00,135,1,SEG-E,332.4104,333.0832,42.358,41.698,41.5921
2026-05-16 14:00:00,135,1,SEG-F,332.5219,332.7923,41.071,40.166,41.5921
2026-05-16 14:00:00,135,1,SEG-G,332.5091,332.8899,39.624,38.538,41.5921
2026-05-16 14:00:00,135,1,SEG-H,332.5199,332.55,38.146,37.248,41.5921
2026-05-16 14:00:00,135,1,SEG-I,332.8885,332.6394,36.745,35.97,41.5921
2026-05-16 14:00:00,135,1,SEG-J,333.0213,332.7522,35.434,34.51,41.5921
2026-05-16 14:00:00,135,1,SEG-K,332.8572,332.4508,34.037,33.194,41.5921
2026-05-16 14:00:00,135,1,SEG-L,332.5631,332.6293,32.237,31.931,41.5921
2026-05-16 14:00:00,135,1,SEG-M,332.8171,332.7854,31.276,30.547,41.5921
2026-05-16 14:00:00,135,1,SEG-N,332.4026,332.8231,29.776,29.008,41.5921
2026-05-16 14:00:00,135,1,SEG-O,332.434,332.8502,28.309,27.593,41.5921
2026-05-16 14:00:00,135,1,SEG-P,332.5345,332.9981,26.76,26.195,41.5921
2026-05-16 14:00:00,135,1,SEG-Q,332.7962,332.6874,25.694,24.584,41.5921
2026-05-16 14:00:00,135,1,SEG-R,332.5566,332.872,24.072,23.245,41.5921
2026-05-16 14:00:00,135,1,SEG-S,332.7834,332.9057,22.753,22.006,41.5921
2026-05-16 14:00:00,135,1,SEG-T,332.9141,332.7182,21.276,20.527,41.5921
2026-05-16 22:00:00,135,2,SEG-A,155.511,155.6415,47.753,47.039,19.4596
2026-05-16 22:00:00,135,2,SEG-B,155.5553,155.3568,46.354,45.55,19.4236
2026-05-16 22:00:00,135,2,SEG-C,155.3674,155.4781,44.97,44.362,19.4236
2026-05-16 22:00:00,135,2,SEG-D,155.4095,155.0734,43.75,42.601,19.375
2026-05-16 22:00:00,135,2,SEG-E,155.0057,155.0731,42.207,41.639,19.375
2026-05-16 22:00:00,135,2,SEG-F,155.0204,154.8882,40.908,40.049,19.375
2026-05-16 22:00:00,135,2,SEG-G,155.0346,155.0249,39.564,38.732,19.375
2026-05-16 22:00:00,135,2,SEG-H,154.9723,155.0409,38.3,37.35,19.375
2026-05-16 22:00:00,135,2,SEG-I,154.9435,155.0942,36.968,35.928,19.375
2026-05-16 22:00:00,135,2,SEG-J,155.02,154.929,35.311,34.46,19.375
2026-05-16 22:00:00,135,2,SEG-K,154.9903,155.0266,33.856,33.031,19.375
2026-05-16 22:00:00,135,2,SEG-L,154.9282,154.9683,32.662,31.808,19.375
2026-05-16 22:00:00,135,2,SEG-M,154.9397,155.073,31.297,30.43,19.375
2026-05-16 22:00:00,135,2,SEG-N,154.9891,154.9097,29.842,29.038,19.375
2026-05-16 22:00:00,135,2,SEG-O,154.9106,154.9454,28.483,27.63,19.375
2026-05-16 22:00:00,135,2,SEG-P,155.0348,154.9515,26.954,26.488,19.375
2026-05-16 22:00:00,135,2,SEG-Q,155.0574,154.793,25.682,24.776,19.375
2026-05-16 22:00:00,135,2,SEG-R,154.9804,155.1829,24.099,23.306,19.375
2026-05-16 22:00:00,135,2,SEG-S,154.8746,155.0845,22.943,21.78,19.375
2026-05-16 22:00:00,135,2,SEG-T,154.9707,154.9622,21.4,20.409,19.375
2026-05-17 06:00:00,136,0,SEG-A,173.0098,172.8471,48.074,47.231,21.6166
2026-05-17 06:00:00,136,0,SEG-B,172.9422,172.514,46.638,45.559,21.5656
2026-05-17 06:00:00,136,0,SEG-C,172.5944,172.5741,45.32,44.526,21.5656
2026-05-17 06:00:00,136,0,SEG-D,172.7647,172.0175,43.804,42.512,21.4952
2026-05-17 06:00:00,136,0,SEG-E,172.0064,171.961,42.468,41.434,21.4952
2026-05-17 06:00:00,136,0,SEG-F,171.9122,171.7933,41.108,40.097,21.4952
2026-05-17 06:00:00,136,0,SEG-G,172.1853,172.1562,39.611,38.912,21.4952
2026-05-17 06:00:00,136,0,SEG-H,171.9047,171.993,38.31,37.295,21.4952
2026-05-17 06:00:00,136,0,SEG-I,172.0182,171.8269,36.757,35.965,21.4952
2026-05-17 06:00:00,136,0,SEG-J,171.933,171.9309,35.364,34.351,21.4952
2026-05-17 06:00:00,136,0,SEG-K,172.0596,172.089,34.094,33.154,21.4952
2026-05-17 06:00:00,136,0,SEG-L,172.0219,171.9861,32.707,31.877,21.4952
2026-05-17 06:00:00,136,0,SEG-M,171.9285,171.8849,31.224,30.431,21.4952
2026-05-17 06:00:00,136,0,SEG-N,171.9937,171.9884,29.931,28.961,21.4952
2026-05-17 06:00:00,136,0,SEG-O,171.9382,171.9916,28.34,27.725,21.4952
2026-05-17 06:00:00,136,0,SEG-P,171.9033,171.9569,26.867,26.037,21.4952
2026-05-17 06:00:00,136,0,SEG-Q,172.0415,171.9789,25.475,24.8,21.4952
2026-05-17 06:00:00,136,0,SEG-R,171.8913,171.9816,24.282,23.413,21.4952
2026-05-17 06:00:00,136,0,SEG-S,171.9606,171.9777,22.829,21.921,21.4952
2026-05-17 06:00:00,136,0,SEG-T,172.0257,172.0012,21.521,20.354,21.4952
2026-05-17 14:00:00,136,1,SEG-A,274.654,274.8805,47.784,47.001,34.34
2026-05-17 14:00:00,136,1,SEG-B,274.5634,274.1332,46.566,45.437,34.277
2026-05-17 14:00:00,136,1,SEG-C,274.1777,274.0448,45.167,44.237,34.277
2026-05-17 14:00:00,136,1,SEG-D,274.2548,273.5541,43.868,42.549,34.1901
2026-05-17 14:00:00,136,1,SEG-E,273.4926,273.4767,42.399,41.606,34.1901
2026-05-17 14:00:00,136,1,SEG-F,273.5038,273.6814,41.103,39.995,34.1901
2026-05-17 14:00:00,136,1,SEG-G,273.5397,273.4562,39.637,38.864,34.1901
2026-05-17 14:00:00,136,1,SEG-H,273.4614,273.4208,38.26,37.521,34.1901
2026-05-17 14:00:00,136,1,SEG-I,273.3123,273.4604,36.834,36.051,34.1901
2026-05-17 14:00:00,136,1,SEG-J,273.4544,273.461,35.386,34.73,34.1901
2026-05-17 14:00:00,136,1,SEG-K,273.5647,273.5446,34.045,33.388,34.1901
2026-05-17 14:00:00,136,1,SEG-L,273.3642,273.4901,32.543,31.741,34.1901
2026-05-17 14:00:00,136,1,SEG-M,273.8146,273.4608,31.17,30.495,34.1901
2026-05-17 14:00:00,136,1,SEG-N,273.4721,273.6732,29.92,28.898,34.1901
2026-05-17 14:00:00,136,1,SEG-O,273.3751,273.5623,28.653,27.463,34.1901
2026-05-17 14:00:00,136,1,SEG-P,273.5147,273.5633,27.073,26.238,34.1901
2026-05-17 14:00:00,136,1,SEG-Q,273.6265,273.6562,25.432,24.776,34.1901
2026-05-17 14:00:00,136,1,SEG-R,273.5928,273.4596,24.44,23.369,34.1901
2026-05-17 14:00:00,136,1,SEG-S,273.479,273.4821,22.997,22.014,34.1901
2026-05-17 14:00:00,136,1,SEG-T,273.4525,273.6309,21.278,20.342,34.1901
2026-05-17 22:00:00,136,2,SEG-A,180.0912,180.0274,48.102,47.128,22.5138
2026-05-17 22:00:00,136,2,SEG-B,180.1678,179.8008,46.536,45.484,22.4778
2026-05-17 22:00:00,136,2,SEG-C,179.6992,179.7452,45.382,44.183,22.4778
2026-05-17 22:00:00,136,2,SEG-D,179.8756,179.4402,43.902,42.575,22.4281
2026-05-17 22:00:00,136,2,SEG-E,179.5091,179.455,42.377,41.728,22.4281
2026-05-17 22:00:00,136,2,SEG-F,179.5112,179.3563,41.12,40.068,22.4281
2026-05-17 22:00:00,136,2,SEG-G,179.4257,179.4254,39.619,38.858,22.4281
2026-05-17 22:00:00,136,2,SEG-H,179.3565,179.3379,38.227,37.328,22.4281
2026-05-17 22:00:00,136,2,SEG-I,179.4643,179.4334,36.876,35.873,22.4281
2026-05-17 22:00:00,136,2,SEG-J,179.474,179.3562,35.363,34.586,22.4281
2026-05-17 22:00:00,136,2,SEG-K,179.3706,179.4898,33.888,33.21,22.4281
2026-05-17 22:00:00,136,2,SEG-L,179.5081,179.4105,32.677,31.65,22.4281
2026-05-17 22:00:00,136,2,SEG-M,179.413,179.3896,31.36,30.57,22.4281
2026-05-17 22:00:00,136,2,SEG-N,179.6053,179.4295,29.648,29.095,22.4281
2026-05-17 22:00:00,136,2,SEG-O,179.1775,179.5595,28.504,27.504,22.4281
2026-05-17 22:00:00,136,2,SEG-P,179.3891,179.416,26.935,26.019,22.4281
2026-05-17 22:00:00,136,2,SEG-Q,179.47,179.2857,25.457,24.737,22.4281
2026-05-17 22:00:00,136,2,SEG-R,179.4378,179.418,23.951,23.473,22.4281
2026-05-17 22:00:00,136,2,SEG-S,179.3476,179.4173,22.858,22.078,22.4281
2026-05-17 22:00:00,136,2,SEG-T,179.4385,179.3452,21.359,20.512,22.4281
2026-05-18 06:00:00,137,0,SEG-A,266.4126,266.6718,47.932,46.987,33.3194
2026-05-18 06:00:00,137,0,SEG-B,266.6532,266.4618,46.731,45.593,33.2684
2026-05-18 06:00:00,137,0,SEG-C,266.0749,266.3716,45.201,44.422,33.2684
2026-05-18 06:00:00,137,0,SEG-D,266.1336,265.402,43.794,42.586,33.1964
2026-05-18 06:00:00,137,0,SEG-E,265.5754,265.748,42.457,41.653,33.1964
2026-05-18 06:00:00,137,0,SEG-F,265.6177,265.5386,41.01,40.206,33.1964
2026-05-18 06:00:00,137,0,SEG-G,265.5764,265.453,39.785,38.774,33.1964
2026-05-18 06:00:00,137,0,SEG-H,265.5061,265.3567,38.204,37.257,33.1964
2026-05-18 06:00:00,137,0,SEG-I,265.629,265.588,36.938,36.132,33.1964
2026-05-18 06:00:00,137,0,SEG-J,265.5202,265.9162,35.195,34.953,33.1964
2026-05-18 06:00:00,137,0,SEG-K,265.5063,265.6826,33.975,33.047,33.1964
2026-05-18 06:00:00,137,0,SEG-L,265.4747,265.7196,32.722,31.784,33.1964
2026-05-18 06:00:00,137,0,SEG-M,265.7145,265.5879,31.25,30.418,33.1964
2026-05-18 06:00:00,137,0,SEG-N,265.6451,265.5693,29.864,29.098,33.1964
2026-05-18 06:00:00,137,0,SEG-O,265.4576,265.4201,28.338,27.512,33.1964
2026-05-18 06:00:00,137,0,SEG-P,265.7162,265.5068,26.99,26.003,33.1964
2026-05-18 06:00:00,137,0,SEG-Q,265.7689,265.7437,25.592,24.673,33.1964
2026-05-18 06:00:00,137,0,SEG-R,265.6275,265.7288,24.145,23.281,33.1964
2026-05-18 06:00:00,137,0,SEG-S,265.6906,265.6734,22.721,21.703,33.1964
2026-05-18 06:00:00,137,0,SEG-T,265.7033,265.7373,21.625,20.695,33.1964
2026-05-18 14:00:00,137,1,SEG-A,295.4819,295.2486,48.174,47.112,36.9089
2026-05-18 14:00:00,137,1,SEG-B,295.3603,294.7699,46.496,45.459,36.8459
2026-05-18 14:00:00,137,1,SEG-C,294.8161,294.5837,45.266,44.424,36.8459
2026-05-18 14:00:00,137,1,SEG-D,294.9451,293.769,43.693,42.657,36.7571
2026-05-18 14:00:00,137,1,SEG-E,294.187,294.2745,42.474,41.317,36.7571
2026-05-18 14:00:00,137,1,SEG-F,294.1394,294.1616,41.123,40.19,36.7571
2026-05-18 14:00:00,137,1,SEG-G,294.1433,294.0153,39.665,38.691,36.7571
2026-05-18 14:00:00,137,1,SEG-H,293.9374,293.7816,38.106,37.423,36.7571
2026-05-18 14:00:00,137,1,SEG-I,294.2369,293.7448,37.151,35.802,36.7571
2026-05-18 14:00:00,137,1,SEG-J,293.8917,293.8752,35.374,34.599,36.7571
2026-05-18 14:00:00,137,1,SEG-K,294.1033,293.8313,34.272,32.949,36.7571
2026-05-18 14:00:00,137,1,SEG-L,294.0316,294.063,32.578,31.714,36.7571
2026-05-18 14:00:00,137,1,SEG-M,294.1361,294.2118,31.224,30.24,36.7571
2026-05-18 14:00:00,137,1,SEG-N,293.9479,294.0399,29.908,29.126,36.7571
2026-05-18 14:00:00,137,1,SEG-O,294.0468,294.0625,28.354,27.48,36.7571
2026-05-18 14:00:00,137,1,SEG-P,293.9743,294.1914,27.043,25.926,36.7571
2026-05-18 14:00:00,137,1,SEG-Q,294.0475,294.0998,25.626,24.719,36.7571
2026-05-18 14:00:00,137,1,SEG-R,294.1075,294.1514,24.37,23.256,36.7571
2026-05-18 14:00:00,137,1,SEG-S,294.0746,294.2754,22.769,21.795,36.7571
2026-05-18 14:00:00,137,1,SEG-T,294.027,294.1662,21.422,20.497,36.7571
2026-05-18 22:00:00,137,2,SEG-A,168.7662,168.8518,47.975,47.04,21.0902
2026-05-18 22:00:00,137,2,SEG-B,168.6575,168.4712,46.674,45.562,21.0542
2026-05-18 22:00:00,137,2,SEG-C,168.3991,168.3289,45.23,44.174,21.0542
2026-05-18 22:00:00,137,2,SEG-D,168.3557,167.9738,43.834,42.633,21.0034
2026-05-18 22:00:00,137,2,SEG-E,167.9652,168.1028,42.325,41.578,21.0034
2026-05-18 22:00:00,137,2,SEG-F,167.9962,168.0389,41.062,40.196,21.0034
2026-05-18 22:00:00,137,2,SEG-G,168.0304,168.0627,39.742,38.892,21.0034
2026-05-18 22:00:00,137,2,SEG-H,168.0322,167.8369,38.269,37.069,21.0034
2026-05-18 22:00:00,137,2,SEG-I,167.9219,167.9804,36.721,35.89,21.0034
2026-05-18 22:00:00,137,2,SEG-J,168.0228,168.0379,35.764,34.41,21.0034
2026-05-18 22:00:00,137,2,SEG-K,167.9364,167.8299,33.902,33.237,21.0034
2026-05-18 22:00:00,137,2,SEG-L,167.9906,167.7827,32.458,31.952,21.0034
2026-05-18 22:00:00,137,2,SEG-M,168.1178,168.0676,31.36,30.374,21.0034
2026-05-18 22:00:00,137,2,SEG-N,167.9721,168.0144,29.907,29.079,21.0034
2026-05-18 22:00:00,137,2,SEG-O,168.0962,167.9474,28.438,27.587,21.0034
2026-05-18 22:00:00,137,2,SEG-P,168.0909,168.0551,27.034,26.128,21.0034
2026-05-18 22:00:00,137,2,SEG-Q,168.0215,167.9737,25.671,24.8,21.0034
2026-05-18 22:00:00,137,2,SEG-R,167.8725,167.884,24.307,23.387,21.0034
2026-05-18 22:00:00,137,2,SEG-S,168.0238,168.2143,22.775,21.716,21.0034
2026-05-18 22:00:00,137,2,SEG-T,168.0595,168.0147,21.592,20.652,21.0034
2026-05-19 06:00:00,138,0,SEG-A,198.4659,198.4966,47.979,47.358,24.8131
2026-05-19 06:00:00,138,0,SEG-B,198.4773,198.0705,46.372,45.267,24.7621
2026-05-19 06:00:00,138,0,SEG-C,198.0726,198.0939,44.95,44.305,24.7621
2026-05-19 06:00:00,138,0,SEG-D,197.9693,197.4847,43.952,42.713,24.6886
2026-05-19 06:00:00,138,0,SEG-E,197.4774,197.4989,42.509,41.752,24.6886
2026-05-19 06:00:00,138,0,SEG-F,197.4023,197.442,40.884,40.054,24.6886
2026-05-19 06:00:00,138,0,SEG-G,197.5252,197.5149,39.682,38.947,24.6886
2026-05-19 06:00:00,138,0,SEG-H,197.4662,197.3537,38.13,37.516,24.6886
2026-05-19 06:00:00,138,0,SEG-I,197.5892,197.6055,36.821,35.825,24.6886
2026-05-19 06:00:00,138,0,SEG-J,197.465,197.5833,35.33,34.395,24.6886
2026-05-19 06:00:00,138,0,SEG-K,197.6552,197.5912,33.893,33.296,24.6886
2026-05-19 06:00:00,138,0,SEG-L,197.5327,197.4379,32.585,31.54,24.6886
2026-05-19 06:00:00,138,0,SEG-M,197.5186,197.5736,31.223,30.416,24.6886
2026-05-19 06:00:00,138,0,SEG-N,197.276,197.5146,29.979,28.915,24.6886
2026-05-19 06:00:00,138,0,SEG-O,197.5323,197.4023,28.529,27.524,24.6886
2026-05-19 06:00:00,138,0,SEG-P,197.5679,197.4107,26.997,26.364,24.6886
2026-05-19 06:00:00,138,0,SEG-Q,197.5887,197.4986,25.4,24.735,24.6886
2026-05-19 06:00:00,138,0,SEG-R,197.6423,197.4879,24.42,23.317,24.6886
2026-05-19 06:00:00,138,0,SEG-S,197.4827,197.5261,23.027,22.032,24.6886
2026-05-19 06:00:00,138,0,SEG-T,197.5768,197.4405,21.327,20.491,24.6886
2026-05-19 14:00:00,138,1,SEG-A,216.9167,217.0641,47.998,47.255,27.1335
2026-05-19 14:00:00,138,1,SEG-B,216.9643,216.5409,46.691,45.418,27.0705
2026-05-19 14:00:00,138,1,SEG-C,216.6453,216.5062,45.332,44.418,27.0705
2026-05-19 14:00:00,138,1,SEG-D,216.5972,215.5821,43.785,42.714,26.9797
2026-05-19 14:00:00,138,1,SEG-E,215.8148,216.01,42.309,41.734,26.9797
2026-05-19 14:00:00,138,1,SEG-F,215.7932,215.9835,40.846,40.221,26.9797
2026-05-19 14:00:00,138,1,SEG-G,215.872,215.8657,39.403,38.598,26.9797
2026-05-19 14:00:00,138,1,SEG-H,215.7101,215.7816,38.186,37.329,26.9797
2026-05-19 14:00:00,138,1,SEG-I,215.907,215.753,36.81,35.862,26.9797
2026-05-19 14:00:00,138,1,SEG-J,215.7527,215.8411,35.39,34.725,26.9797
2026-05-19 14:00:00,138,1,SEG-K,215.7671,215.6882,34.051,33.163,26.9797
2026-05-19 14:00:00,138,1,SEG-L,215.861,215.8423,32.662,31.726,26.9797
2026-05-19 14:00:00,138,1,SEG-M,215.8711,216.0146,31.139,30.224,26.9797
2026-05-19 14:00:00,138,1,SEG-N,215.831,215.7946,29.888,29.093,26.9797
2026-05-19 14:00:00,138,1,SEG-O,215.8482,216.0193,28.324,27.538,26.9797
2026-05-19 14:00:00,138,1,SEG-P,215.6717,215.8373,26.954,26.085,26.9797
2026-05-19 14:00:00,138,1,SEG-Q,215.9423,215.7689,25.548,24.777,26.9797
2026-05-19 14:00:00,138,1,SEG-R,215.8908,215.8147,24.218,23.415,26.9797
2026-05-19 14:00:00,138,1,SEG-S,215.7685,215.9223,22.879,21.813,26.9797
2026-05-19 14:00:00,138,1,SEG-T,216.0235,215.8904,21.394,20.582,26.9797
2026-05-19 22:00:00,138,2,SEG-A,127.4436,127.4678,48.007,47.4,15.9261
2026-05-19 22:00:00,138,2,SEG-B,127.4514,127.0635,46.523,45.404,15.8901
2026-05-19 22:00:00,138,2,SEG-C,127.1492,127.0788,45.086,44.406,15.8901
2026-05-19 22:00:00,138,2,SEG-D,127.1394,126.7759,43.713,42.613,15.8382
2026-05-19 22:00:00,138,2,SEG-E,126.6267,126.7124,42.34,41.518,15.8382
2026-05-19 22:00:00,138,2,SEG-F,126.6392,126.6956,41.205,40.239,15.8382
2026-05-19 22:00:00,138,2,SEG-G,126.7048,126.6807,39.423,38.74,15.8382
2026-05-19 22:00:00,138,2,SEG-H,126.6765,126.7474,38.201,37.461,15.8382
2026-05-19 22:00:00,138,2,SEG-I,126.7258,126.7493,36.847,35.909,15.8382
2026-05-19 22:00:00,138,2,SEG-J,126.7502,126.6814,35.283,34.503,15.8382
2026-05-19 22:00:00,138,2,SEG-K,126.6708,126.6397,34.126,33.023,15.8382
2026-05-19 22:00:00,138,2,SEG-L,126.6481,126.6869,32.458,31.827,15.8382
2026-05-19 22:00:00,138,2,SEG-M,126.7583,126.8491,31.206,30.474,15.8382
2026-05-19 22:00:00,138,2,SEG-N,126.7401,126.6643,29.684,29.003,15.8382
2026-05-19 22:00:00,138,2,SEG-O,126.7833,126.6842,28.476,27.675,15.8382
2026-05-19 22:00:00,138,2,SEG-P,126.7366,126.712,27.03,26.128,15.8382
2026-05-19 22:00:00,138,2,SEG-Q,126.6535,126.7694,25.678,24.747,15.8382
2026-05-19 22:00:00,138,2,SEG-R,126.6708,126.6236,24.177,23.33,15.8382
2026-05-19 22:00:00,138,2,SEG-S,126.6939,126.7973,22.824,21.988,15.8382
2026-05-19 22:00:00,138,2,SEG-T,126.7188,126.6474,21.372,20.397,15.8382
2026-05-20 06:00:00,139,0,SEG-A,257.7349,257.9426,47.892,47.283,32.243
2026-05-20 06:00:00,139,0,SEG-B,258.0499,257.5303,46.735,45.307,32.192
2026-05-20 06:00:00,139,0,SEG-C,257.5244,257.7789,45.083,44.12,32.192
2026-05-20 06:00:00,139,0,SEG-D,257.5281,256.7895,43.774,42.916,32.1169
2026-05-20 06:00:00,139,0,SEG-E,256.9734,257.0501,42.356,41.611,32.1169
2026-05-20 06:00:00,139,0,SEG-F,256.8554,256.8583,40.876,40.096,32.1169
2026-05-20 06:00:00,139,0,SEG-G,256.8333,256.9888,39.458,38.722,32.1169
2026-05-20 06:00:00,139,0,SEG-H,256.8539,256.9476,38.159,37.141,32.1169
2026-05-20 06:00:00,139,0,SEG-I,257.1198,256.8942,36.842,35.884,32.1169
2026-05-20 06:00:00,139,0,SEG-J,256.8668,257.0451,35.509,34.756,32.1169
2026-05-20 06:00:00,139,0,SEG-K,256.9749,256.8135,34.042,33.096,32.1169
2026-05-20 06:00:00,139,0,SEG-L,257.1292,256.7968,32.455,31.643,32.1169
2026-05-20 06:00:00,139,0,SEG-M,257.2299,256.9409,31.006,30.329,32.1169
2026-05-20 06:00:00,139,0,SEG-N,256.8383,257.0435,29.784,29.045,32.1169
2026-05-20 06:00:00,139,0,SEG-O,257.1202,256.8067,28.46,27.384,32.1169
2026-05-20 06:00:00,139,0,SEG-P,256.7495,256.7264,26.993,26.233,32.1169
2026-05-20 06:00:00,139,0,SEG-Q,257.0611,256.9777,25.455,24.637,32.1169
2026-05-20 06:00:00,139,0,SEG-R,257.0867,256.9287,24.303,23.429,32.1169
2026-05-20 06:00:00,139,0,SEG-S,256.8616,256.9389,22.919,22.005,32.1169
2026-05-20 06:00:00,139,0,SEG-T,257.0378,256.9705,21.157,20.598,32.1169
2026-05-20 14:00:00,139,1,SEG-A,298.543,298.6333,48.093,47.15,37.309
2026-05-20 14:00:00,139,1,SEG-B,298.4971,298.0366,46.45,45.357,37.246
2026-05-20 14:00:00,139,1,SEG-C,297.8753,298.1037,45.368,44.235,37.246
2026-05-20 14:00:00,139,1,SEG-D,297.904,297.2583,43.668,42.549,37.1533
2026-05-20 14:00:00,139,1,SEG-E,297.185,297.2433,42.29,41.514,37.1533
2026-05-20 14:00:00,139,1,SEG-F,297.191,297.0707,40.92,40.083,37.1533
2026-05-20 14:00:00,139,1,SEG-G,297.1678,297.2404,39.545,38.7,37.1533
2026-05-20 14:00:00,139,1,SEG-H,297.4013,297.3237,38.184,37.345,37.1533
2026-05-20 14:00:00,139,1,SEG-I,297.2923,296.921,36.828,35.949,37.1533
2026-05-20 14:00:00,139,1,SEG-J,297.1095,297.3424,35.725,34.607,37.1533
2026-05-20 14:00:00,139,1,SEG-K,297.2556,293.5956,34.08,32.746,36.6992
2026-05-20 14:00:00,139,1,SEG-L,293.4366,293.6891,32.657,31.867,36.6992
2026-05-20 14:00:00,139,1,SEG-M,293.4869,293.7146,31.21,30.577,36.6992
2026-05-20 14:00:00,139,1,SEG-N,293.476,293.5541,29.71,28.994,36.6992
2026-05-20 14:00:00,139,1,SEG-O,293.3073,293.5724,28.518,27.669,36.6992
2026-05-20 14:00:00,139,1,SEG-P,293.5496,293.7155,27.137,26.132,36.6992
2026-05-20 14:00:00,139,1,SEG-Q,293.419,293.5483,25.713,24.588,36.6992
2026-05-20 14:00:00,139,1,SEG-R,293.6161,293.7792,24.308,23.395,36.6992
2026-05-20 14:00:00,139,1,SEG-S,293.4912,293.7603,22.78,21.922,36.6992
2026-05-20 14:00:00,139,1,SEG-T,293.6044,293.6137,21.334,20.437,36.6992
2026-05-20 22:00:00,139,2,SEG-A,139.6189,139.5584,48.144,47.142,17.4516
2026-05-20 22:00:00,139,2,SEG-B,139.5348,139.2595,46.697,45.468,17.4156
2026-05-20 22:00:00,139,2,SEG-C,139.3085,139.3071,44.879,44.131,17.4156
2026-05-20 22:00:00,139,2,SEG-D,139.1981,138.8999,43.629,42.56,17.3626
2026-05-20 22:00:00,139,2,SEG-E,138.9887,138.8987,42.375,41.611,17.3626
2026-05-20 22:00:00,139,2,SEG-F,138.8636,138.852,40.919,40.209,17.3626
2026-05-20 22:00:00,139,2,SEG-G,138.9313,138.7904,39.468,38.765,17.3626
2026-05-20 22:00:00,139,2,SEG-H,138.9758,138.8817,38.357,37.548,17.3626
2026-05-20 22:00:00,139,2,SEG-I,138.8831,138.8602,36.637,35.998,17.3626
2026-05-20 22:00:00,139,2,SEG-J,139.047,138.885,35.407,34.624,17.3626
2026-05-20 22:00:00,139,2,SEG-K,138.8945,138.9001,33.948,33.31,17.3626
2026-05-20 22:00:00,139,2,SEG-L,138.8443,138.7844,32.384,31.599,17.3626
2026-05-20 22:00:00,139,2,SEG-M,138.914,138.9523,31.372,30.204,17.3626
2026-05-20 22:00:00,139,2,SEG-N,138.8905,138.9301,29.852,28.879,17.3626
2026-05-20 22:00:00,139,2,SEG-O,138.8405,139.039,28.399,27.472,17.3626
2026-05-20 22:00:00,139,2,SEG-P,138.97,138.9361,26.949,26.254,17.3626
2026-05-20 22:00:00,139,2,SEG-Q,138.8759,138.9502,25.787,24.65,17.3626
2026-05-20 22:00:00,139,2,SEG-R,138.8272,138.8323,24.158,23.225,17.3626
2026-05-20 22:00:00,139,2,SEG-S,138.8684,138.7767,22.895,22.159,17.3626
2026-05-20 22:00:00,139,2,SEG-T,138.8729,138.8824,21.331,20.453,17.3626
2026-05-21 06:00:00,140,0,SEG-A,191.3049,191.459,47.851,47.204,23.9167
2026-05-21 06:00:00,140,0,SEG-B,191.2565,190.9668,46.676,45.283,23.8657
2026-05-21 06:00:00,140,0,SEG-C,191.0565,190.9043,45.038,44.417,23.8657
2026-05-21 06:00:00,140,0,SEG-D,190.8914,190.2792,44.013,42.809,23.789
2026-05-21 06:00:00,140,0,SEG-E,190.1718,190.2581,42.351,41.615,23.789
2026-05-21 06:00:00,140,0,SEG-F,190.3247,190.4066,40.965,40.154,23.789
2026-05-21 06:00:00,140,0,SEG-G,190.2869,190.3305,39.632,38.94,23.789
2026-05-21 06:00:00,140,0,SEG-H,190.3183,190.263,38.202,37.331,23.789
2026-05-21 06:00:00,140,0,SEG-I,190.2698,190.0949,36.597,35.957,23.789
2026-05-21 06:00:00,140,0,SEG-J,190.4244,190.3473,35.433,34.463,23.789
2026-05-21 06:00:00,140,0,SEG-K,190.3439,190.2217,34.086,33.182,23.789
2026-05-21 06:00:00,140,0,SEG-L,190.1834,190.2769,32.499,31.733,23.789
2026-05-21 06:00:00,140,0,SEG-M,190.384,190.2281,31.218,30.408,23.789
2026-05-21 06:00:00,140,0,SEG-N,190.3104,190.3074,29.65,28.905,23.789
2026-05-21 06:00:00,140,0,SEG-O,190.3708,190.2939,28.547,27.473,23.789
2026-05-21 06:00:00,140,0,SEG-P,190.3421,190.2489,27.179,26.255,23.789
2026-05-21 06:00:00,140,0,SEG-Q,190.233,190.3366,25.675,24.596,23.789
2026-05-21 06:00:00,140,0,SEG-R,190.4193,190.2965,24.014,23.482,23.789
2026-05-21 06:00:00,140,0,SEG-S,190.2975,190.2331,22.769,22.048,23.789
2026-05-21 06:00:00,140,0,SEG-T,190.3753,190.3399,21.475,20.68,23.789
2026-05-21 14:00:00,140,1,SEG-A,350.1375,350.1652,48.322,47.338,43.7658
2026-05-21 14:00:00,140,1,SEG-B,350.2298,349.5095,46.804,45.229,43.7028
2026-05-21 14:00:00,140,1,SEG-C,349.6987,349.6973,45.141,44.461,43.7028
2026-05-21 14:00:00,140,1,SEG-D,349.3615,348.7255,43.841,42.582,43.6081
2026-05-21 14:00:00,140,1,SEG-E,349.1011,348.8858,42.184,41.407,43.6081
2026-05-21 14:00:00,140,1,SEG-F,348.8874,348.6139,41.199,39.965,43.6081
2026-05-21 14:00:00,140,1,SEG-G,348.84,348.8362,39.65,38.715,43.6081
2026-05-21 14:00:00,140,1,SEG-H,348.9893,348.5846,38.154,37.255,43.6081
2026-05-21 14:00:00,140,1,SEG-I,348.9957,348.975,36.723,35.98,43.6081
2026-05-21 14:00:00,140,1,SEG-J,349.0586,349.0139,35.425,34.658,43.6081
2026-05-21 14:00:00,140,1,SEG-K,348.747,348.9867,33.955,33.071,43.6081
2026-05-21 14:00:00,140,1,SEG-L,348.78,349.0231,32.873,31.684,43.6081
2026-05-21 14:00:00,140,1,SEG-M,348.7984,349.1172,31.172,30.416,43.6081
2026-05-21 14:00:00,140,1,SEG-N,348.9285,348.8471,29.758,29.082,43.6081
2026-05-21 14:00:00,140,1,SEG-O,348.7134,349.1327,28.525,27.603,43.6081
2026-05-21 14:00:00,140,1,SEG-P,349.0953,348.8272,26.834,25.949,43.6081
2026-05-21 14:00:00,140,1,SEG-Q,348.6969,348.9312,25.623,24.719,43.6081
2026-05-21 14:00:00,140,1,SEG-R,348.6166,348.8532,24.288,23.611,43.6081
2026-05-21 14:00:00,140,1,SEG-S,348.8071,348.9413,22.898,22.139,43.6081
2026-05-21 14:00:00,140,1,SEG-T,348.769,349.0092,21.307,20.764,43.6081
2026-05-21 22:00:00,140,2,SEG-A,216.8262,216.9716,48.011,47.199,27.1037
2026-05-21 22:00:00,140,2,SEG-B,216.8092,216.5256,46.506,45.494,27.0677
2026-05-21 22:00:00,140,2,SEG-C,216.6227,216.6237,45.242,44.061,27.0677
2026-05-21 22:00:00,140,2,SEG-D,216.674,216.0459,43.768,42.64,27.0136
2026-05-21 22:00:00,140,2,SEG-E,216.0255,216.1439,42.541,41.713,27.0136
2026-05-21 22:00:00,140,2,SEG-F,216.1598,216.2984,41.27,40.159,27.0136
2026-05-21 22:00:00,140,2,SEG-G,216.0267,215.999,39.698,38.77,27.0136
2026-05-21 22:00:00,140,2,SEG-H,216.1113,216.041,38.229,37.417,27.0136
2026-05-21 22:00:00,140,2,SEG-I,215.8934,216.3356,37.057,35.9,27.0136
2026-05-21 22:00:00,140,2,SEG-J,215.9674,216.159,35.612,34.521,27.0136
2026-05-21 22:00:00,140,2,SEG-K,216.2031,216.124,34.061,33.008,27.0136
2026-05-21 22:00:00,140,2,SEG-L,216.2239,216.0209,32.541,31.488,27.0136
2026-05-21 22:00:00,140,2,SEG-M,215.8609,216.0773,31.253,30.437,27.0136
2026-05-21 22:00:00,140,2,SEG-N,216.199,216.1231,30.106,28.833,27.0136
2026-05-21 22:00:00,140,2,SEG-O,216.2033,216.0179,28.424,27.319,27.0136
2026-05-21 22:00:00,140,2,SEG-P,215.98,216.183,27.258,26.183,27.0136
2026-05-21 22:00:00,140,2,SEG-Q,215.9914,215.9714,25.526,24.749,27.0136
2026-05-21 22:00:00,140,2,SEG-R,216.1207,216.0964,24.304,23.078,27.0136
2026-05-21 22:00:00,140,2,SEG-S,216.3107,216.2351,22.808,22.247,27.0136
2026-05-21 22:00:00,140,2,SEG-T,216.0772,216.2338,21.327,20.499,27.0136
2026-05-22 06:00:00,141,0,SEG-A,260.7362,260.9724,47.999,46.946,32.6085
2026-05-22 06:00:00,141,0,SEG-B,260.9227,260.4292,46.852,45.566,32.5575
2026-05-22 06:00:00,141,0,SEG-C,260.4147,260.4888,45.27,44.188,32.5575
2026-05-22 06:00:00,141,0,SEG-D,260.4427,259.8613,43.741,42.766,32.4791
2026-05-22 06:00:00,141,0,SEG-E,259.7407,259.857,42.418,41.59,32.4791
2026-05-22 06:00:00,141,0,SEG-F,259.771,259.7865,40.976,40.15,32.4791
2026-05-22 06:00:00,141,0,SEG-G,259.9201,259.8318,39.557,39.058,32.4791
2026-05-22 06:00:00,141,0,SEG-H,259.6842,259.8939,38.251,37.36,32.4791
2026-05-22 06:00:00,141,0,SEG-I,259.8558,259.9991,36.815,35.79,32.4791
2026-05-22 06:00:00,141,0,SEG-J,259.8604,259.7418,35.435,34.431,32.4791
2026-05-22 06:00:00,141,0,SEG-K,259.7597,259.6594,34.238,33.337,32.4791
2026-05-22 06:00:00,141,0,SEG-L,259.7315,259.7777,32.496,31.781,32.4791
2026-05-22 06:00:00,141,0,SEG-M,259.9494,260.2094,31.325,30.272,32.4791
2026-05-22 06:00:00,141,0,SEG-N,259.8612,259.9884,29.813,28.758,32.4791
2026-05-22 06:00:00,141,0,SEG-O,259.6904,259.7633,28.379,27.374,32.4791
2026-05-22 06:00:00,141,0,SEG-P,259.7782,259.8493,27.174,26.284,32.4791
2026-05-22 06:00:00,141,0,SEG-Q,259.8549,259.9356,25.314,24.773,32.4791
2026-05-22 06:00:00,141,0,SEG-R,260.0412,259.9213,24.143,23.341,32.4791
2026-05-22 06:00:00,141,0,SEG-S,259.9773,259.9717,22.886,21.984,32.4791
2026-05-22 06:00:00,141,0,SEG-T,259.9109,259.7647,21.53,20.489,32.4791
2026-05-22 14:00:00,141,1,SEG-A,305.3703,305.1329,48.221,47.232,38.1359
2026-05-22 14:00:00,141,1,SEG-B,305.22,304.4479,46.64,45.3,38.0729
2026-05-22 14:00:00,141,1,SEG-C,304.7104,304.7448,45.157,44.292,38.0729
2026-05-22 14:00:00,141,1,SEG-D,304.4023,303.8285,43.803,42.513,37.9761
2026-05-22 14:00:00,141,1,SEG-E,303.7967,303.7797,42.238,41.559,37.9761
2026-05-22 14:00:00,141,1,SEG-F,303.9145,303.8073,40.942,40.086,37.9761
2026-05-22 14:00:00,141,1,SEG-G,303.8101,303.7932,39.394,38.47,37.9761
2026-05-22 14:00:00,141,1,SEG-H,303.7893,304.0173,38.085,37.458,37.9761
2026-05-22 14:00:00,141,1,SEG-I,303.657,303.8388,36.796,35.923,37.9761
2026-05-22 14:00:00,141,1,SEG-J,303.7943,303.9226,35.366,34.403,37.9761
2026-05-22 14:00:00,141,1,SEG-K,303.8537,303.7833,33.991,33.11,37.9761
2026-05-22 14:00:00,141,1,SEG-L,303.8561,303.9269,32.622,31.594,37.9761
2026-05-22 14:00:00,141,1,SEG-M,303.6799,304.0147,31.146,30.391,37.9761
2026-05-22 14:00:00,141,1,SEG-N,303.8001,303.7062,29.902,28.991,37.9761
2026-05-22 14:00:00,141,1,SEG-O,303.7072,303.7998,28.644,27.415,37.9761
2026-05-22 14:00:00,141,1,SEG-P,303.7412,303.7302,26.942,26.17,37.9761
2026-05-22 14:00:00,141,1,SEG-Q,303.9085,303.9722,25.734,24.762,37.9761
2026-05-22 14:00:00,141,1,SEG-R,303.6991,303.8271,24.014,23.379,37.9761
2026-05-22 14:00:00,141,1,SEG-S,303.8209,303.7358,22.821,21.947,37.9761
2026-05-22 14:00:00,141,1,SEG-T,303.696,303.9038,21.505,20.561,37.9761
2026-05-22 22:00:00,141,2,SEG-A,191.3933,191.3502,47.985,47.163,23.9106
2026-05-22 22:00:00,141,2,SEG-B,191.2791,190.9611,46.667,45.282,23.8746
2026-05-22 22:00:00,141,2,SEG-C,190.8816,191.152,45.426,44.306,23.8746
2026-05-22 22:00:00,141,2,SEG-D,191.0401,190.5109,43.824,42.536,23.8193
2026-05-22 22:00:00,141,2,SEG-E,190.5116,190.7301,42.338,41.404,23.8193
2026-05-22 22:00:00,141,2,SEG-F,190.5845,190.6297,41.135,40.175,23.8193
2026-05-22 22:00:00,141,2,SEG-G,190.7284,190.5457,39.467,38.597,23.8193
2026-05-22 22:00:00,141,2,SEG-H,190.5812,190.6244,38.083,37.352,23.8193
2026-05-22 22:00:00,141,2,SEG-I,190.6589,190.4439,36.76,35.816,23.8193
2026-05-22 22:00:00,141,2,SEG-J,190.6252,190.5696,35.414,34.549,23.8193
2026-05-22 22:00:00,141,2,SEG-K,190.4966,190.5596,33.938,33.203,23.8193
2026-05-22 22:00:00,141,2,SEG-L,190.4078,190.683,32.665,31.64,23.8193
2026-05-22 22:00:00,141,2,SEG-M,190.5474,190.5859,31.143,30.447,23.8193
2026-05-22 22:00:00,141,2,SEG-N,190.5189,190.5045,29.858,28.907,23.8193
2026-05-22 22:00:00,141,2,SEG-O,190.4361,190.5551,28.498,27.546,23.8193
2026-05-22 22:00:00,141,2,SEG-P,190.409,190.5302,27.053,26.067,23.8193
2026-05-22 22:00:00,141,2,SEG-Q,190.7358,190.4463,25.532,24.744,23.8193
2026-05-22 22:00:00,141,2,SEG-R,190.571,190.6243,24.32,23.199,23.8193
2026-05-22 22:00:00,141,2,SEG-S,190.4286,190.6011,22.8,22.137,23.8193
2026-05-22 22:00:00,141,2,SEG-T,190.489,190.603,21.762,20.356,23.8193
2026-05-23 06:00:00,142,0,SEG-A,268.2457,268.2673,48.054,47.259,33.5181
2026-05-23 06:00:00,142,0,SEG-B,267.8455,267.7812,46.626,45.445,33.4671
2026-05-23 06:00:00,142,0,SEG-C,267.6852,267.595,44.925,44.222,33.4671
2026-05-23 06:00:00,142,0,SEG-D,267.9041,266.9494,43.756,42.756,33.3871
2026-05-23 06:00:00,142,0,SEG-E,267.0255,267.1693,42.432,41.581,33.3871
2026-05-23 06:00:00,142,0,SEG-F,267.2013,266.8667,41.042,40.024,33.3871
2026-05-23 06:00:00,142,0,SEG-G,266.9915,267.3443,39.735,38.696,33.3871
2026-05-23 06:00:00,142,0,SEG-H,267.0178,267.3117,38.41,37.375,33.3871
2026-05-23 06:00:00,142,0,SEG-I,267.1874,266.8787,36.849,35.88,33.3871
2026-05-23 06:00:00,142,0,SEG-J,267.2106,266.9795,35.136,34.459,33.3871
2026-05-23 06:00:00,142,0,SEG-K,267.0142,267.1618,33.949,33.155,33.3871
2026-05-23 06:00:00,142,0,SEG-L,266.97,267.0298,32.58,31.856,33.3871
2026-05-23 06:00:00,142,0,SEG-M,266.8987,267.0815,31.303,30.288,33.3871
2026-05-23 06:00:00,142,0,SEG-N,267.0008,267.059,29.84,29.065,33.3871
2026-05-23 06:00:00,142,0,SEG-O,267.162,266.9082,28.345,27.517,33.3871
2026-05-23 06:00:00,142,0,SEG-P,267.1785,267.1167,27.183,26.185,33.3871
2026-05-23 06:00:00,142,0,SEG-Q,267.19,267.1063,25.383,24.69,33.3871
2026-05-23 06:00:00,142,0,SEG-R,267.0933,267.1885,24.388,23.247,33.3871
2026-05-23 06:00:00,142,0,SEG-S,267.0905,267.2589,22.602,21.903,33.3871
2026-05-23 06:00:00,142,0,SEG-T,267.1478,267.3116,21.06,20.338,33.3871
2026-05-23 14:00:00,142,1,SEG-A,264.0677,263.9104,47.875,47.171,32.973
2026-05-23 14:00:00,142,1,SEG-B,263.7723,263.2658,46.636,45.586,32.91
2026-05-23 14:00:00,142,1,SEG-C,263.388,263.2853,45.026,44.37,32.91
2026-05-23 14:00:00,142,1,SEG-D,263.0435,262.4753,43.806,42.686,32.8112
2026-05-23 14:00:00,142,1,SEG-E,262.5184,262.4766,42.373,41.537,32.8112
2026-05-23 14:00:00,142,1,SEG-F,262.5528,262.6472,41.037,40.066,32.8112
2026-05-23 14:00:00,142,1,SEG-G,262.4892,262.4399,39.742,38.85,32.8112
2026-05-23 14:00:00,142,1,SEG-H,262.4974,262.4177,37.919,37.393,32.8112
2026-05-23 14:00:00,142,1,SEG-I,262.5182,262.5597,36.949,35.791,32.8112
2026-05-23 14:00:00,142,1,SEG-J,262.5606,262.5505,35.355,34.308,32.8112
2026-05-23 14:00:00,142,1,SEG-K,262.4181,262.4348,34.252,33.277,32.8112
2026-05-23 14:00:00,142,1,SEG-L,262.4827,262.6137,32.761,31.842,32.8112
2026-05-23 14:00:00,142,1,SEG-M,262.4989,262.5536,31.128,30.429,32.8112
2026-05-23 14:00:00,142,1,SEG-N,262.4888,262.4625,29.832,29.098,32.8112
2026-05-23 14:00:00,142,1,SEG-O,262.7964,262.4093,28.532,27.256,32.8112
2026-05-23 14:00:00,142,1,SEG-P,262.4296,262.3141,26.787,26.16,32.8112
2026-05-23 14:00:00,142,1,SEG-Q,262.4635,262.5013,25.62,24.89,32.8112
2026-05-23 14:00:00,142,1,SEG-R,262.7671,262.5986,24.324,23.345,32.8112
2026-05-23 14:00:00,142,1,SEG-S,262.459,262.4354,22.881,21.913,32.8112
2026-05-23 14:00:00,142,1,SEG-T,262.5243,262.3769,21.491,20.661,32.8112
2026-05-23 22:00:00,142,2,SEG-A,155.0121,155.0036,48.074,47.128,19.3703
2026-05-23 22:00:00,142,2,SEG-B,154.9124,154.7122,46.589,45.673,19.3343
2026-05-23 22:00:00,142,2,SEG-C,154.5899,154.6777,44.996,44.198,19.3343
2026-05-23 22:00:00,142,2,SEG-D,154.679,154.1459,43.744,42.525,19.2779
2026-05-23 22:00:00,142,2,SEG-E,154.1874,154.2615,42.344,41.676,19.2779
2026-05-23 22:00:00,142,2,SEG-F,154.2864,154.2751,40.945,39.945,19.2779
2026-05-23 22:00:00,142,2,SEG-G,154.1777,154.2926,39.499,38.738,19.2779
2026-05-23 22:00:00,142,2,SEG-H,154.2017,154.268,38.061,37.332,19.2779
2026-05-23 22:00:00,142,2,SEG-I,154.1991,154.1743,36.941,35.959,19.2779
2026-05-23 22:00:00,142,2,SEG-J,154.2057,154.2271,35.164,34.545,19.2779
2026-05-23 22:00:00,142,2,SEG-K,154.184,154.2129,34.203,33.235,19.2779
2026-05-23 22:00:00,142,2,SEG-L,154.1591,154.1801,32.82,31.739,19.2779
2026-05-23 22:00:00,142,2,SEG-M,154.3009,154.1382,31.039,30.315,19.2779
2026-05-23 22:00:00,142,2,SEG-N,154.3054,154.1575,29.668,29.054,19.2779
2026-05-23 22:00:00,142,2,SEG-O,154.1688,154.2647,28.214,27.49,19.2779
2026-05-23 22:00:00,142,2,SEG-P,154.2862,154.1761,27.005,26.151,19.2779
2026-05-23 22:00:00,142,2,SEG-Q,154.1864,154.3582,25.573,24.832,19.2779
2026-05-23 22:00:00,142,2,SEG-R,154.2996,154.1715,24.295,23.25,19.2779
2026-05-23 22:00:00,142,2,SEG-S,154.152,154.1254,22.939,21.882,19.2779
2026-05-23 22:00:00,142,2,SEG-T,154.157,154.2481,21.45,20.563,19.2779
2026-05-24 06:00:00,143,0,SEG-A,226.3287,226.4433,47.845,47.233,28.2866
2026-05-24 06:00:00,143,0,SEG-B,226.2176,225.8405,46.468,45.252,28.2356
2026-05-24 06:00:00,143,0,SEG-C,225.7206,225.9094,45.095,44.143,28.2356
2026-05-24 06:00:00,143,0,SEG-D,225.7892,225.316,43.585,42.705,28.1539
2026-05-24 06:00:00,143,0,SEG-E,225.2022,225.1176,42.531,41.582,28.1539
2026-05-24 06:00:00,143,0,SEG-F,225.2431,225.2226,41.003,40.159,28.1539
2026-05-24 06:00:00,143,0,SEG-G,225.1782,225.2066,39.648,38.501,28.1539
2026-05-24 06:00:00,143,0,SEG-H,225.244,225.0916,38.069,37.361,28.1539
2026-05-24 06:00:00,143,0,SEG-I,225.273,225.205,36.665,36.154,28.1539
2026-05-24 06:00:00,143,0,SEG-J,225.0953,225.4647,35.382,34.459,28.1539
2026-05-24 06:00:00,143,0,SEG-K,225.1969,225.0653,33.667,33.04,28.1539
2026-05-24 06:00:00,143,0,SEG-L,225.2585,225.1926,32.675,31.734,28.1539
2026-05-24 06:00:00,143,0,SEG-M,225.4169,225.1994,31.175,30.389,28.1539
2026-05-24 06:00:00,143,0,SEG-N,225.1043,225.3399,29.704,28.912,28.1539
2026-05-24 06:00:00,143,0,SEG-O,225.3618,225.3917,28.424,27.554,28.1539
2026-05-24 06:00:00,143,0,SEG-P,225.1562,225.3791,27.078,26.19,28.1539
2026-05-24 06:00:00,143,0,SEG-Q,225.1554,225.0236,25.559,24.577,28.1539
2026-05-24 06:00:00,143,0,SEG-R,225.444,225.4029,24.056,23.483,28.1539
2026-05-24 06:00:00,143,0,SEG-S,225.2054,225.1308,22.766,21.737,28.1539
2026-05-24 06:00:00,143,0,SEG-T,225.231,225.3723,21.295,20.56,28.1539
2026-05-24 14:00:00,143,1,SEG-A,320.3425,320.1435,47.97,47.222,40.0189
2026-05-24 14:00:00,143,1,SEG-B,320.0381,319.5746,46.554,45.446,39.9559
2026-05-24 14:00:00,143,1,SEG-C,319.6858,319.849,45.307,44.292,39.9559
2026-05-24 14:00:00,143,1,SEG-D,319.6648,318.6858,43.88,42.453,39.8551
2026-05-24 14:00:00,143,1,SEG-E,319.0619,318.7506,42.462,41.632,39.8551
2026-05-24 14:00:00,143,1,SEG-F,318.9248,318.704,40.919,39.901,39.8551
2026-05-24 14:00:00,143,1,SEG-G,318.9451,318.5755,39.472,38.88,39.8551
2026-05-24 14:00:00,143,1,SEG-H,318.6873,318.9589,38.196,37.249,39.8551
2026-05-24 14:00:00,143,1,SEG-I,318.8588,318.8117,36.848,35.978,39.8551
2026-05-24 14:00:00,143,1,SEG-J,318.8784,318.9812,35.425,34.309,39.8551
2026-05-24 14:00:00,143,1,SEG-K,319.1132,318.8512,33.978,33.149,39.8551
2026-05-24 14:00:00,143,1,SEG-L,318.9449,318.8821,32.619,31.643,39.8551
2026-05-24 14:00:00,143,1,SEG-M,318.8653,318.7929,31.067,30.33,39.8551
2026-05-24 14:00:00,143,1,SEG-N,318.8633,318.7863,29.776,28.854,39.8551
2026-05-24 14:00:00,143,1,SEG-O,318.7735,318.8832,28.235,27.789,39.8551
2026-05-24 14:00:00,143,1,SEG-P,318.7836,318.7683,26.804,26.225,39.8551
2026-05-24 14:00:00,143,1,SEG-Q,318.7888,318.7489,25.798,24.701,39.8551
2026-05-24 14:00:00,143,1,SEG-R,318.8694,318.689,24.36,23.269,39.8551
2026-05-24 14:00:00,143,1,SEG-S,318.9637,319.0153,22.806,21.868,39.8551
2026-05-24 14:00:00,143,1,SEG-T,318.8887,318.9911,21.385,20.651,39.8551
2026-05-24 22:00:00,143,2,SEG-A,165.2242,165.2152,48.048,47.162,20.6483
2026-05-24 22:00:00,143,2,SEG-B,165.1566,164.9126,46.419,45.416,20.6123
2026-05-24 22:00:00,143,2,SEG-C,164.8439,164.9124,45.333,44.233,20.6123
2026-05-24 22:00:00,143,2,SEG-D,164.8649,164.3795,43.867,42.633,20.5547
2026-05-24 22:00:00,143,2,SEG-E,164.4997,164.4658,42.344,41.758,20.5547
2026-05-24 22:00:00,143,2,SEG-F,164.3494,164.4501,40.997,40.317,20.5547
2026-05-24 22:00:00,143,2,SEG-G,164.4021,164.4351,39.621,38.596,20.5547
2026-05-24 22:00:00,143,2,SEG-H,164.2789,164.4412,38.226,37.386,20.5547
2026-05-24 22:00:00,143,2,SEG-I,164.4926,164.4773,36.726,35.625,20.5547
2026-05-24 22:00:00,143,2,SEG-J,164.3918,164.461,35.456,34.632,20.5547
2026-05-24 22:00:00,143,2,SEG-K,164.4509,164.5108,33.867,32.984,20.5547
2026-05-24 22:00:00,143,2,SEG-L,164.4466,164.5404,32.714,31.789,20.5547
2026-05-24 22:00:00,143,2,SEG-M,164.3991,164.292,31.138,30.475,20.5547
2026-05-24 22:00:00,143,2,SEG-N,164.4547,164.4556,29.648,28.767,20.5547
2026-05-24 22:00:00,143,2,SEG-O,164.4881,164.5196,28.474,27.619,20.5547
2026-05-24 22:00:00,143,2,SEG-P,164.4779,164.4814,26.991,26.098,20.5547
2026-05-24 22:00:00,143,2,SEG-Q,164.4073,164.3775,25.46,24.726,20.5547
2026-05-24 22:00:00,143,2,SEG-R,164.3931,164.4419,24.326,23.323,20.5547
2026-05-24 22:00:00,143,2,SEG-S,164.4956,164.3674,22.746,21.876,20.5547
2026-05-24 22:00:00,143,2,SEG-T,164.3765,164.3886,21.45,20.621,20.5547
2026-05-25 06:00:00,144,0,SEG-A,246.011,246.0717,47.961,47.342,30.7664
2026-05-25 06:00:00,144,0,SEG-B,246.1031,245.8071,46.338,45.401,30.7154
2026-05-25 06:00:00,144,0,SEG-C,245.6981,245.9558,45.377,44.462,30.7154
2026-05-25 06:00:00,144,0,SEG-D,245.7567,245.217,43.748,42.532,30.6321
2026-05-25 06:00:00,144,0,SEG-E,245.1284,245.0151,42.559,41.621,30.6321
2026-05-25 06:00:00,144,0,SEG-F,245.0256,245.1009,40.983,40.359,30.6321
2026-05-25 06:00:00,144,0,SEG-G,245.178,244.9636,39.546,38.786,30.6321
2026-05-25 06:00:00,144,0,SEG-H,245.0337,245.0737,38.079,37.138,30.6321
2026-05-25 06:00:00,144,0,SEG-I,244.9773,245.1763,36.911,35.934,30.6321
2026-05-25 06:00:00,144,0,SEG-J,244.9242,245.1507,35.475,34.535,30.6321
2026-05-25 06:00:00,144,0,SEG-K,245.1674,244.9571,33.933,33.119,30.6321
2026-05-25 06:00:00,144,0,SEG-L,245.025,245.0402,32.546,31.825,30.6321
2026-05-25 06:00:00,144,0,SEG-M,244.9584,245.2343,31.342,30.435,30.6321
2026-05-25 06:00:00,144,0,SEG-N,245.0128,245.128,29.966,28.989,30.6321
2026-05-25 06:00:00,144,0,SEG-O,244.989,245.1742,28.337,27.493,30.6321
2026-05-25 06:00:00,144,0,SEG-P,244.9676,245.1364,27.081,26.162,30.6321
2026-05-25 06:00:00,144,0,SEG-Q,245.0107,245.146,25.446,24.733,30.6321
2026-05-25 06:00:00,144,0,SEG-R,245.1611,244.9858,24.075,23.327,30.6321
2026-05-25 06:00:00,144,0,SEG-S,245.0179,245.1947,22.71,22.355,30.6321
2026-05-25 06:00:00,144,0,SEG-T,244.8945,245.1774,21.695,20.426,30.6321
2026-05-25 14:00:00,144,1,SEG-A,273.0336,273.2349,47.831,47.278,34.1464
2026-05-25 14:00:00,144,1,SEG-B,273.1517,272.5443,46.552,45.313,34.0834
2026-05-25 14:00:00,144,1,SEG-C,272.6497,272.7806,45.144,44.268,34.0834
2026-05-25 14:00:00,144,1,SEG-D,272.4719,271.7028,43.776,42.814,33.9805
2026-05-25 14:00:00,144,1,SEG-E,271.899,271.8651,42.382,41.588,33.9805
2026-05-25 14:00:00,144,1,SEG-F,271.9079,271.9527,41.312,40.167,33.9805
2026-05-25 14:00:00,144,1,SEG-G,271.648,271.927,39.474,38.931,33.9805
2026-05-25 14:00:00,144,1,SEG-H,271.7341,271.5339,38.063,37.3,33.9805
2026-05-25 14:00:00,144,1,SEG-I,271.6419,271.6966,36.872,36.099,33.9805
2026-05-25 14:00:00,144,1,SEG-J,271.9414,271.9226,35.294,34.432,33.9805
2026-05-25 14:00:00,144,1,SEG-K,271.8682,271.9088,34.009,33.288,33.9805
2026-05-25 14:00:00,144,1,SEG-L,271.7617,271.7297,32.682,31.701,33.9805
2026-05-25 14:00:00,144,1,SEG-M,271.8478,272.0331,31.043,30.073,33.9805
2026-05-25 14:00:00,144,1,SEG-N,272.095,271.9008,29.629,28.786,33.9805
2026-05-25 14:00:00,144,1,SEG-O,271.9191,271.9168,28.369,27.532,33.9805
2026-05-25 14:00:00,144,1,SEG-P,271.8149,271.6728,27.016,26.215,33.9805
2026-05-25 14:00:00,144,1,SEG-Q,271.6862,272.0108,25.46,24.866,33.9805
2026-05-25 14:00:00,144,1,SEG-R,271.7348,271.8318,24.099,23.365,33.9805
2026-05-25 14:00:00,144,1,SEG-S,271.97,271.6837,22.915,22.231,33.9805
2026-05-25 14:00:00,144,1,SEG-T,271.9254,271.8564,21.449,20.548,33.9805
2026-05-25 22:00:00,144,2,SEG-A,173.2424,173.3353,48.004,47.274,21.6585
2026-05-25 22:00:00,144,2,SEG-B,173.2945,172.9915,46.799,45.537,21.6225
2026-05-25 22:00:00,144,2,SEG-C,172.9637,172.9792,45.379,44.32,21.6225
2026-05-25 22:00:00,144,2,SEG-D,173.0071,172.4024,43.934,42.376,21.5637
2026-05-25 22:00:00,144,2,SEG-E,172.6513,172.5079,42.207,41.552,21.5637
2026-05-25 22:00:00,144,2,SEG-F,172.5038,172.524,41.212,40.239,21.5637
2026-05-25 22:00:00,144,2,SEG-G,172.5274,172.5983,39.703,38.658,21.5637
2026-05-25 22:00:00,144,2,SEG-H,172.5238,172.5065,38.282,37.267,21.5637
2026-05-25 22:00:00,144,2,SEG-I,172.5745,172.5511,36.881,35.881,21.5637
2026-05-25 22:00:00,144,2,SEG-J,172.624,172.4483,35.38,34.558,21.5637
2026-05-25 22:00:00,144,2,SEG-K,172.3862,172.6662,33.833,33.259,21.5637
2026-05-25 22:00:00,144,2,SEG-L,172.4349,172.5199,32.596,31.65,21.5637
2026-05-25 22:00:00,144,2,SEG-M,172.3628,172.5428,31.501,30.525,21.5637
2026-05-25 22:00:00,144,2,SEG-N,172.4081,172.4216,29.857,29.156,21.5637
2026-05-25 22:00:00,144,2,SEG-O,172.3891,172.4852,28.515,27.646,21.5637
2026-05-25 22:00:00,144,2,SEG-P,172.444,172.3945,27.098,26.134,21.5637
2026-05-25 22:00:00,144,2,SEG-Q,172.5753,172.4961,25.515,24.696,21.5637
2026-05-25 22:00:00,144,2,SEG-R,172.6406,172.5923,24.214,23.145,21.5637
2026-05-25 22:00:00,144,2,SEG-S,172.3897,172.4127,22.902,21.918,21.5637
2026-05-25 22:00:00,144,2,SEG-T,172.6024,172.5621,21.516,20.389,21.5637
2026-05-26 06:00:00,145,0,SEG-A,257.4602,257.7729,47.813,47.001,32.2042
2026-05-26 06:00:00,145,0,SEG-B,257.7113,257.349,46.793,45.448,32.1532
2026-05-26 06:00:00,145,0,SEG-C,257.5451,257.2931,45.008,44.239,32.1532
2026-05-26 06:00:00,145,0,SEG-D,257.2512,256.6443,43.77,42.777,32.0682
2026-05-26 06:00:00,145,0,SEG-E,256.5586,256.4975,42.364,41.614,32.0682
2026-05-26 06:00:00,145,0,SEG-F,256.4634,256.5463,40.961,40.175,32.0682
2026-05-26 06:00:00,145,0,SEG-G,256.601,256.615,39.335,38.87,32.0682
2026-05-26 06:00:00,145,0,SEG-H,256.5507,256.5172,38.142,37.265,32.0682
2026-05-26 06:00:00,145,0,SEG-I,256.6236,256.3963,36.731,36.068,32.0682
2026-05-26 06:00:00,145,0,SEG-J,256.5598,256.4285,35.33,34.56,32.0682
2026-05-26 06:00:00,145,0,SEG-K,256.676,256.5756,34.07,33.286,32.0682
2026-05-26 06:00:00,145,0,SEG-L,256.7298,256.5709,32.65,31.687,32.0682
2026-05-26 06:00:00,145,0,SEG-M,256.5829,256.5572,31.108,30.433,32.0682
2026-05-26 06:00:00,145,0,SEG-N,256.4963,256.4289,29.916,28.881,32.0682
2026-05-26 06:00:00,145,0,SEG-O,256.4856,256.5248,28.295,27.582,32.0682
2026-05-26 06:00:00,145,0,SEG-P,256.8938,256.6082,26.865,26.36,32.0682
2026-05-26 06:00:00,145,0,SEG-Q,256.4497,256.4515,25.61,24.778,32.0682
2026-05-26 06:00:00,145,0,SEG-R,256.5869,256.6221,24.136,23.296,32.0682
2026-05-26 06:00:00,145,0,SEG-S,256.523,256.4669,22.801,22.057,32.0682
2026-05-26 06:00:00,145,0,SEG-T,256.6273,256.5378,21.247,20.434,32.0682
2026-05-26 14:00:00,145,1,SEG-A,306.2676,306.2136,47.879,47.01,38.2692
2026-05-26 14:00:00,145,1,SEG-B,306.2104,305.8347,46.563,45.437,38.2062
2026-05-26 14:00:00,145,1,SEG-C,305.4474,305.9025,45.17,44.304,38.2062
2026-05-26 14:00:00,145,1,SEG-D,305.9743,304.8972,43.763,42.772,38.1012
2026-05-26 14:00:00,145,1,SEG-E,304.8521,304.8751,42.318,41.382,38.1012
2026-05-26 14:00:00,145,1,SEG-F,304.8075,304.4842,40.871,40.149,38.1012
2026-05-26 14:00:00,145,1,SEG-G,304.6454,305.0096,39.773,38.751,38.1012
2026-05-26 14:00:00,145,1,SEG-H,304.7114,304.848,38.164,37.277,38.1012
2026-05-26 14:00:00,145,1,SEG-I,304.4914,304.7768,36.948,36.012,38.1012
2026-05-26 14:00:00,145,1,SEG-J,304.8417,304.5352,35.422,34.565,38.1012
2026-05-26 14:00:00,145,1,SEG-K,304.758,304.6421,33.829,33.039,38.1012
2026-05-26 14:00:00,145,1,SEG-L,304.9841,304.9829,32.643,31.656,38.1012
2026-05-26 14:00:00,145,1,SEG-M,305.1921,304.7775,31.254,30.288,38.1012
2026-05-26 14:00:00,145,1,SEG-N,304.8096,304.8443,29.595,28.907,38.1012
2026-05-26 14:00:00,145,1,SEG-O,304.9301,304.7576,28.442,27.425,38.1012
2026-05-26 14:00:00,145,1,SEG-P,304.8113,304.8046,27.138,26.156,38.1012
2026-05-26 14:00:00,145,1,SEG-Q,304.7474,304.8787,25.794,24.728,38.1012
2026-05-26 14:00:00,145,1,SEG-R,304.9741,304.9236,24.251,23.239,38.1012
2026-05-26 14:00:00,145,1,SEG-S,304.645,304.861,22.81,21.875,38.1012
2026-05-26 14:00:00,145,1,SEG-T,304.8039,304.9554,21.354,20.624,38.1012
2026-05-26 22:00:00,145,2,SEG-A,156.7355,156.7652,47.979,47.141,19.5872
2026-05-26 22:00:00,145,2,SEG-B,156.6367,156.5078,46.434,45.499,19.5512
2026-05-26 22:00:00,145,2,SEG-C,156.3958,156.3653,45.115,44.321,19.5512
2026-05-26 22:00:00,145,2,SEG-D,156.3176,155.9149,43.77,42.608,19.4912
2026-05-26 22:00:00,145,2,SEG-E,156.0077,155.9315,42.379,41.688,19.4912
2026-05-26 22:00:00,145,2,SEG-F,156.0065,156.0243,40.85,40.319,19.4912
2026-05-26 22:00:00,145,2,SEG-G,155.929,155.9478,39.512,38.45,19.4912
2026-05-26 22:00:00,145,2,SEG-H,155.7873,155.8828,38.237,37.226,19.4912
2026-05-26 22:00:00,145,2,SEG-I,156.0772,155.9412,36.851,35.889,19.4912
2026-05-26 22:00:00,145,2,SEG-J,155.9,155.8901,35.321,34.499,19.4912
2026-05-26 22:00:00,145,2,SEG-K,155.9044,155.985,33.907,33.07,19.4912
2026-05-26 22:00:00,145,2,SEG-L,155.9067,156.0066,32.394,31.839,19.4912
2026-05-26 22:00:00,145,2,SEG-M,155.9631,156.1341,31.155,30.296,19.4912
2026-05-26 22:00:00,145,2,SEG-N,155.9884,155.9852,30.057,28.838,19.4912
2026-05-26 22:00:00,145,2,SEG-O,155.8829,155.8912,28.287,27.481,19.4912
2026-05-26 22:00:00,145,2,SEG-P,155.9466,155.9625,27.065,26.165,19.4912
2026-05-26 22:00:00,145,2,SEG-Q,155.8486,155.9928,25.824,24.681,19.4912
2026-05-26 22:00:00,145,2,SEG-R,155.9818,155.9833,24.343,23.275,19.4912
2026-05-26 22:00:00,145,2,SEG-S,155.9491,155.8572,22.973,22.037,19.4912
2026-05-26 22:00:00,145,2,SEG-T,155.9116,155.9427,21.57,20.286,19.4912
2026-05-27 06:00:00,146,0,SEG-A,221.1733,221.3019,47.834,46.845,27.6416
2026-05-27 06:00:00,146,0,SEG-B,221.2346,220.5853,46.474,45.63,27.5906
2026-05-27 06:00:00,146,0,SEG-C,220.7103,220.7601,45.198,44.348,27.5906
2026-05-27 06:00:00,146,0,SEG-D,220.6609,220.0929,44.181,42.527,27.5039
2026-05-27 06:00:00,146,0,SEG-E,220.1727,219.9742,42.471,41.713,27.5039
2026-05-27 06:00:00,146,0,SEG-F,220.028,219.9153,41.129,40.287,27.5039
2026-05-27 06:00:00,146,0,SEG-G,219.8199,219.9253,39.582,38.85,27.5039
2026-05-27 06:00:00,146,0,SEG-H,220.1028,219.9835,38.036,37.247,27.5039
2026-05-27 06:00:00,146,0,SEG-I,219.9576,220.0887,36.638,35.947,27.5039
2026-05-27 06:00:00,146,0,SEG-J,220.078,220.0005,35.371,34.322,27.5039
2026-05-27 06:00:00,146,0,SEG-K,219.9799,219.8879,34.0,33.232,27.5039
2026-05-27 06:00:00,146,0,SEG-L,219.9889,219.9756,32.678,31.56,27.5039
2026-05-27 06:00:00,146,0,SEG-M,220.1202,220.1981,31.282,30.274,27.5039
2026-05-27 06:00:00,146,0,SEG-N,219.96,220.0313,29.777,28.751,27.5039
2026-05-27 06:00:00,146,0,SEG-O,220.0062,220.0511,28.54,27.487,27.5039
2026-05-27 06:00:00,146,0,SEG-P,219.7968,219.979,27.02,26.348,27.5039
2026-05-27 06:00:00,146,0,SEG-Q,219.9464,219.9499,25.593,24.69,27.5039
2026-05-27 06:00:00,146,0,SEG-R,220.0219,220.1318,24.0,23.161,27.5039
2026-05-27 06:00:00,146,0,SEG-S,220.1203,220.1229,22.829,22.062,27.5039
2026-05-27 06:00:00,146,0,SEG-T,219.8721,220.0412,21.134,20.457,27.5039
2026-05-27 14:00:00,146,1,SEG-A,319.0467,318.9724,48.039,47.325,39.8827
2026-05-27 14:00:00,146,1,SEG-B,318.9619,318.49,46.519,45.552,39.8197
2026-05-27 14:00:00,146,1,SEG-C,318.4313,318.4401,45.275,44.374,39.8197
2026-05-27 14:00:00,146,1,SEG-D,318.52,317.5599,43.855,42.703,39.7126
2026-05-27 14:00:00,146,1,SEG-E,317.5068,317.9785,42.335,41.56,39.7126
2026-05-27 14:00:00,146,1,SEG-F,317.637,317.6601,40.864,40.134,39.7126
2026-05-27 14:00:00,146,1,SEG-G,317.9389,317.4666,39.609,38.607,39.7126
2026-05-27 14:00:00,146,1,SEG-H,317.725,317.5471,38.151,37.45,39.7126
2026-05-27 14:00:00,146,1,SEG-I,317.6895,317.6964,36.863,35.874,39.7126
2026-05-27 14:00:00,146,1,SEG-J,317.8197,317.7062,35.435,34.592,39.7126
2026-05-27 14:00:00,146,1,SEG-K,317.7768,317.7277,34.202,33.028,39.7126
2026-05-27 14:00:00,146,1,SEG-L,317.5567,317.9382,32.662,31.714,39.7126
2026-05-27 14:00:00,146,1,SEG-M,317.6747,317.7581,30.978,30.426,39.7126
2026-05-27 14:00:00,146,1,SEG-N,317.7931,317.6292,29.852,28.738,39.7126
2026-05-27 14:00:00,146,1,SEG-O,317.7274,317.7165,28.446,27.573,39.7126
2026-05-27 14:00:00,146,1,SEG-P,317.7956,317.9433,27.026,26.153,39.7126
2026-05-27 14:00:00,146,1,SEG-Q,317.8347,317.2893,25.823,24.965,39.7126
2026-05-27 14:00:00,146,1,SEG-R,317.5704,317.5515,24.432,23.553,39.7126
2026-05-27 14:00:00,146,1,SEG-S,317.625,317.6593,22.765,22.14,39.7126
2026-05-27 14:00:00,146,1,SEG-T,317.7832,317.9157,21.358,20.599,39.7126
2026-05-27 22:00:00,146,2,SEG-A,164.5506,164.4317,47.978,46.936,20.5524
2026-05-27 22:00:00,146,2,SEG-B,164.4126,164.016,46.405,45.173,20.5164
2026-05-27 22:00:00,146,2,SEG-C,164.1245,164.162,45.018,44.299,20.5164
2026-05-27 22:00:00,146,2,SEG-D,164.3896,163.62,44.042,42.722,20.4552
2026-05-27 22:00:00,146,2,SEG-E,163.7226,163.6064,42.277,41.602,20.4552
2026-05-27 22:00:00,146,2,SEG-F,163.5247,163.7253,41.091,40.108,20.4552
2026-05-27 22:00:00,146,2,SEG-G,163.5187,163.6468,39.638,38.639,20.4552
2026-05-27 22:00:00,146,2,SEG-H,163.5731,163.5281,37.946,37.186,20.4552
2026-05-27 22:00:00,146,2,SEG-I,163.6961,163.7537,36.868,36.03,20.4552
2026-05-27 22:00:00,146,2,SEG-J,163.6941,163.6364,35.573,34.614,20.4552
2026-05-27 22:00:00,146,2,SEG-K,163.5353,163.5898,34.082,33.347,20.4552
2026-05-27 22:00:00,146,2,SEG-L,163.6093,163.752,32.547,31.707,20.4552
2026-05-27 22:00:00,146,2,SEG-M,163.5949,163.6426,31.12,30.652,20.4552
2026-05-27 22:00:00,146,2,SEG-N,163.6787,163.4895,30.083,28.923,20.4552
2026-05-27 22:00:00,146,2,SEG-O,163.706,163.58,28.237,27.461,20.4552
2026-05-27 22:00:00,146,2,SEG-P,163.6188,163.6815,26.918,26.226,20.4552
2026-05-27 22:00:00,146,2,SEG-Q,163.7956,163.72,25.66,24.766,20.4552
2026-05-27 22:00:00,146,2,SEG-R,163.8263,163.6833,24.256,23.237,20.4552
2026-05-27 22:00:00,146,2,SEG-S,163.5693,163.5943,22.842,21.869,20.4552
2026-05-27 22:00:00,146,2,SEG-T,163.7393,163.5031,21.305,20.381,20.4552
2026-05-28 06:00:00,147,0,SEG-A,257.0372,256.9474,48.081,46.978,32.1447
2026-05-28 06:00:00,147,0,SEG-B,257.0469,256.8455,46.522,45.424,32.0937
2026-05-28 06:00:00,147,0,SEG-C,256.7435,256.8449,45.085,44.373,32.0937
2026-05-28 06:00:00,147,0,SEG-D,256.6669,256.1222,43.72,42.71,32.0053
2026-05-28 06:00:00,147,0,SEG-E,255.8988,255.9629,42.52,41.463,32.0053
2026-05-28 06:00:00,147,0,SEG-F,255.9022,255.9635,40.931,40.215,32.0053
2026-05-28 06:00:00,147,0,SEG-G,256.0128,256.0282,39.536,38.733,32.0053
2026-05-28 06:00:00,147,0,SEG-H,255.8829,256.1093,38.272,37.419,32.0053
2026-05-28 06:00:00,147,0,SEG-I,255.8438,255.9901,37.03,36.016,32.0053
2026-05-28 06:00:00,147,0,SEG-J,256.1212,256.172,35.611,34.283,32.0053
2026-05-28 06:00:00,147,0,SEG-K,255.9101,256.1336,34.03,33.045,32.0053
2026-05-28 06:00:00,147,0,SEG-L,255.9312,256.1037,32.688,32.096,32.0053
2026-05-28 06:00:00,147,0,SEG-M,256.0994,255.7803,31.086,30.5,32.0053
2026-05-28 06:00:00,147,0,SEG-N,256.2066,256.009,29.754,29.099,32.0053
2026-05-28 06:00:00,147,0,SEG-O,255.9474,255.9724,28.623,27.481,32.0053
2026-05-28 06:00:00,147,0,SEG-P,256.0312,256.1778,26.944,26.293,32.0053
2026-05-28 06:00:00,147,0,SEG-Q,256.0727,256.2427,25.676,24.751,32.0053
2026-05-28 06:00:00,147,0,SEG-R,256.1171,255.962,23.984,23.461,32.0053
2026-05-28 06:00:00,147,0,SEG-S,256.1232,255.9352,22.765,21.84,32.0053
2026-05-28 06:00:00,147,0,SEG-T,256.1005,256.1566,21.391,20.606,32.0053
2026-05-28 14:00:00,147,1,SEG-A,303.2701,303.3752,48.035,46.985,37.9045
2026-05-28 14:00:00,147,1,SEG-B,303.0304,302.8286,46.744,45.658,37.8415
2026-05-28 14:00:00,147,1,SEG-C,302.5528,303.0496,45.352,44.426,37.8415
2026-05-28 14:00:00,147,1,SEG-D,302.7208,301.8589,43.815,42.681,37.7322
2026-05-28 14:00:00,147,1,SEG-E,301.8669,301.938,42.289,41.266,37.7322
2026-05-28 14:00:00,147,1,SEG-F,301.573,301.8308,40.93,39.984,37.7322
2026-05-28 14:00:00,147,1,SEG-G,301.9667,301.8898,39.773,38.619,37.7322
2026-05-28 14:00:00,147,1,SEG-H,301.7739,301.9285,38.215,37.301,37.7322
2026-05-28 14:00:00,147,1,SEG-I,301.9886,301.9578,36.545,35.978,37.7322
2026-05-28 14:00:00,147,1,SEG-J,301.9118,301.7056,35.386,34.655,37.7322
2026-05-28 14:00:00,147,1,SEG-K,301.7053,301.7651,34.069,33.012,37.7322
2026-05-28 14:00:00,147,1,SEG-L,301.8255,301.8845,32.547,31.856,37.7322
2026-05-28 14:00:00,147,1,SEG-M,301.8857,301.9557,31.147,30.381,37.7322
2026-05-28 14:00:00,147,1,SEG-N,301.7666,302.1587,29.931,28.841,37.7322
2026-05-28 14:00:00,147,1,SEG-O,301.9094,301.6231,28.3,27.447,37.7322
2026-05-28 14:00:00,147,1,SEG-P,301.958,301.7504,27.142,26.121,37.7322
2026-05-28 14:00:00,147,1,SEG-Q,301.5628,301.944,25.812,24.652,37.7322
2026-05-28 14:00:00,147,1,SEG-R,301.9551,301.8128,24.259,23.237,37.7322
2026-05-28 14:00:00,147,1,SEG-S,301.7113,301.8138,22.836,22.107,37.7322
2026-05-28 14:00:00,147,1,SEG-T,301.9334,301.9874,21.298,20.481,37.7322
2026-05-28 22:00:00,147,2,SEG-A,161.2285,161.502,48.067,47.034,20.1811
2026-05-28 22:00:00,147,2,SEG-B,161.4503,161.1373,46.671,45.252,20.1451
2026-05-28 22:00:00,147,2,SEG-C,161.0845,161.1527,45.257,44.227,20.1451
2026-05-28 22:00:00,147,2,SEG-D,161.2143,160.7158,43.955,42.72,20.0826
2026-05-28 22:00:00,147,2,SEG-E,160.7356,160.5868,42.438,41.475,20.0826
2026-05-28 22:00:00,147,2,SEG-F,160.6539,160.5138,41.143,40.03,20.0826
2026-05-28 22:00:00,147,2,SEG-G,160.621,160.6307,39.793,38.77,20.0826
2026-05-28 22:00:00,147,2,SEG-H,160.7533,160.727,38.222,37.186,20.0826
2026-05-28 22:00:00,147,2,SEG-I,160.579,160.6956,36.816,35.8,20.0826
2026-05-28 22:00:00,147,2,SEG-J,160.6422,160.6444,35.267,34.383,20.0826
2026-05-28 22:00:00,147,2,SEG-K,160.5929,160.533,34.041,33.049,20.0826
2026-05-28 22:00:00,147,2,SEG-L,160.6487,160.7034,32.675,31.626,20.0826
2026-05-28 22:00:00,147,2,SEG-M,160.7479,160.5367,31.157,30.374,20.0826
2026-05-28 22:00:00,147,2,SEG-N,160.6199,160.7544,29.84,28.978,20.0826
2026-05-28 22:00:00,147,2,SEG-O,160.7173,160.5498,28.431,27.798,20.0826
2026-05-28 22:00:00,147,2,SEG-P,160.6061,160.7368,27.005,26.19,20.0826
2026-05-28 22:00:00,147,2,SEG-Q,160.689,160.5309,25.533,24.853,20.0826
2026-05-28 22:00:00,147,2,SEG-R,160.6534,160.7225,24.116,23.541,20.0826
2026-05-28 22:00:00,147,2,SEG-S,160.6282,160.5688,22.594,21.91,20.0826
2026-05-28 22:00:00,147,2,SEG-T,160.7124,160.5575,21.382,20.326,20.0826
2026-05-29 06:00:00,148,0,SEG-A,263.4231,263.6043,48.169,46.959,32.9397
2026-05-29 06:00:00,148,0,SEG-B,263.7827,263.1328,46.368,45.472,32.8887
2026-05-29 06:00:00,148,0,SEG-C,262.9976,262.8343,45.172,44.466,32.8887
2026-05-29 06:00:00,148,0,SEG-D,263.1701,262.2871,43.695,42.632,32.7985
2026-05-29 06:00:00,148,0,SEG-E,262.5577,262.2998,42.315,41.418,32.7985
2026-05-29 06:00:00,148,0,SEG-F,262.3907,262.4325,41.097,40.136,32.7985
2026-05-29 06:00:00,148,0,SEG-G,262.2942,262.239,39.561,38.874,32.7985
2026-05-29 06:00:00,148,0,SEG-H,262.4746,262.2603,38.238,37.319,32.7985
2026-05-29 06:00:00,148,0,SEG-I,262.3619,262.3391,36.654,35.946,32.7985
2026-05-29 06:00:00,148,0,SEG-J,262.5375,262.4058,35.454,34.648,32.7985
2026-05-29 06:00:00,148,0,SEG-K,262.3586,262.3792,34.113,33.137,32.7985
2026-05-29 06:00:00,148,0,SEG-L,262.5654,262.4808,32.43,31.835,32.7985
2026-05-29 06:00:00,148,0,SEG-M,262.4825,262.4478,31.199,30.574,32.7985
2026-05-29 06:00:00,148,0,SEG-N,262.2799,262.408,29.793,28.764,32.7985
2026-05-29 06:00:00,148,0,SEG-O,262.53,262.3725,28.176,27.614,32.7985
2026-05-29 06:00:00,148,0,SEG-P,262.3394,262.4958,27.118,26.138,32.7985
2026-05-29 06:00:00,148,0,SEG-Q,262.3396,262.3664,25.331,24.831,32.7985
2026-05-29 06:00:00,148,0,SEG-R,262.2428,262.4066,24.104,23.172,32.7985
2026-05-29 06:00:00,148,0,SEG-S,262.2965,262.3353,22.86,22.165,32.7985
2026-05-29 06:00:00,148,0,SEG-T,262.5968,262.3563,21.392,20.567,32.7985
2026-05-29 14:00:00,148,1,SEG-A,260.7399,260.8615,48.061,47.239,32.594
2026-05-29 14:00:00,148,1,SEG-B,260.7062,260.0752,46.556,45.43,32.531
2026-05-29 14:00:00,148,1,SEG-C,260.2297,260.3647,45.176,44.321,32.531
2026-05-29 14:00:00,148,1,SEG-D,260.1326,259.2038,43.717,42.578,32.4196
2026-05-29 14:00:00,148,1,SEG-E,259.3335,259.309,42.434,41.382,32.4196
2026-05-29 14:00:00,148,1,SEG-F,259.1782,259.4613,40.939,40.21,32.4196
2026-05-29 14:00:00,148,1,SEG-G,259.1288,259.2621,39.683,38.751,32.4196
2026-05-29 14:00:00,148,1,SEG-H,259.192,259.2628,38.233,37.449,32.4196
2026-05-29 14:00:00,148,1,SEG-I,259.3385,259.3129,36.601,35.901,32.4196
2026-05-29 14:00:00,148,1,SEG-J,259.2377,259.5244,35.385,34.425,32.4196
2026-05-29 14:00:00,148,1,SEG-K,259.3925,259.2003,34.016,33.306,32.4196
2026-05-29 14:00:00,148,1,SEG-L,259.3482,259.2441,32.925,31.782,32.4196
2026-05-29 14:00:00,148,1,SEG-M,259.2616,259.5387,31.143,30.65,32.4196
2026-05-29 14:00:00,148,1,SEG-N,259.3732,259.4648,29.628,29.126,32.4196
2026-05-29 14:00:00,148,1,SEG-O,259.4212,259.3403,28.541,27.266,32.4196
2026-05-29 14:00:00,148,1,SEG-P,259.2969,259.3421,26.937,26.189,32.4196
2026-05-29 14:00:00,148,1,SEG-Q,259.3704,259.38,25.549,24.535,32.4196
2026-05-29 14:00:00,148,1,SEG-R,259.4428,259.3117,24.083,23.42,32.4196
2026-05-29 14:00:00,148,1,SEG-S,259.4593,259.4714,22.684,21.786,32.4196
2026-05-29 14:00:00,148,1,SEG-T,259.5566,259.3262,21.335,20.567,32.4196
2026-05-29 22:00:00,148,2,SEG-A,167.4416,167.3916,47.994,47.101,20.9222
2026-05-29 22:00:00,148,2,SEG-B,167.339,167.0552,46.454,45.241,20.8862
2026-05-29 22:00:00,148,2,SEG-C,167.0233,167.0891,45.337,44.183,20.8862
2026-05-29 22:00:00,148,2,SEG-D,167.0174,166.5468,43.835,42.75,20.8225
2026-05-29 22:00:00,148,2,SEG-E,166.6698,166.6915,42.692,41.644,20.8225
2026-05-29 22:00:00,148,2,SEG-F,166.5438,166.4857,41.104,39.99,20.8225
2026-05-29 22:00:00,148,2,SEG-G,166.5407,166.5484,39.582,38.879,20.8225
2026-05-29 22:00:00,148,2,SEG-H,166.5853,166.7383,38.285,37.445,20.8225
2026-05-29 22:00:00,148,2,SEG-I,166.5683,166.6647,36.739,35.838,20.8225
2026-05-29 22:00:00,148,2,SEG-J,166.4957,166.6148,35.516,34.359,20.8225
2026-05-29 22:00:00,148,2,SEG-K,166.5431,166.611,33.726,32.995,20.8225
2026-05-29 22:00:00,148,2,SEG-L,166.655,166.684,32.673,31.602,20.8225
2026-05-29 22:00:00,148,2,SEG-M,166.5693,166.6852,31.455,30.439,20.8225
2026-05-29 22:00:00,148,2,SEG-N,166.6069,166.6714,29.994,28.878,20.8225
2026-05-29 22:00:00,148,2,SEG-O,166.5074,166.5393,28.349,27.61,20.8225
2026-05-29 22:00:00,148,2,SEG-P,166.449,166.6042,27.061,26.286,20.8225
2026-05-29 22:00:00,148,2,SEG-Q,166.7441,166.648,25.687,24.753,20.8225
2026-05-29 22:00:00,148,2,SEG-R,166.6651,166.5746,24.034,23.546,20.8225
2026-05-29 22:00:00,148,2,SEG-S,166.7462,166.6221,22.817,21.948,20.8225
2026-05-29 22:00:00,148,2,SEG-T,166.6082,166.5889,21.286,20.579,20.8225
2026-05-30 06:00:00,149,0,SEG-A,259.1309,259.194,47.988,46.961,32.3858
2026-05-30 06:00:00,149,0,SEG-B,259.0068,258.7193,46.667,45.286,32.3348
2026-05-30 06:00:00,149,0,SEG-C,258.8624,258.5959,45.125,44.156,32.3348
2026-05-30 06:00:00,149,0,SEG-D,258.8893,257.8151,44.057,42.779,32.2429
2026-05-30 06:00:00,149,0,SEG-E,258.1108,257.9452,42.497,41.639,32.2429
2026-05-30 06:00:00,149,0,SEG-F,258.0675,257.8878,40.977,40.007,32.2429
2026-05-30 06:00:00,149,0,SEG-G,257.9847,257.9565,39.69,38.912,32.2429
2026-05-30 06:00:00,149,0,SEG-H,258.0225,257.8871,38.296,37.261,32.2429
2026-05-30 06:00:00,149,0,SEG-I,257.8821,258.0076,36.797,36.18,32.2429
2026-05-30 06:00:00,149,0,SEG-J,258.1009,257.799,35.445,34.508,32.2429
2026-05-30 06:00:00,149,0,SEG-K,257.9779,258.0919,33.982,33.135,32.2429
2026-05-30 06:00:00,149,0,SEG-L,257.8222,257.9192,32.741,31.7,32.2429
2026-05-30 06:00:00,149,0,SEG-M,257.6903,257.8272,31.25,30.298,32.2429
2026-05-30 06:00:00,149,0,SEG-N,257.869,257.884,29.758,29.111,32.2429
2026-05-30 06:00:00,149,0,SEG-O,257.6934,258.0877,28.49,27.592,32.2429
2026-05-30 06:00:00,149,0,SEG-P,257.8659,257.9324,27.295,26.312,32.2429
2026-05-30 06:00:00,149,0,SEG-Q,257.7552,257.9039,25.54,24.614,32.2429
2026-05-30 06:00:00,149,0,SEG-R,257.9717,257.9828,24.242,23.13,32.2429
2026-05-30 06:00:00,149,0,SEG-S,257.97,257.9789,22.956,22.162,32.2429
2026-05-30 06:00:00,149,0,SEG-T,257.933,257.9111,21.14,20.485,32.2429
2026-05-30 14:00:00,149,1,SEG-A,325.6074,325.5905,48.093,47.037,40.6876
2026-05-30 14:00:00,149,1,SEG-B,325.3559,325.1297,46.413,45.48,40.6246
2026-05-30 14:00:00,149,1,SEG-C,325.0594,324.9316,45.138,44.512,40.6246
2026-05-30 14:00:00,149,1,SEG-D,324.9645,324.1791,43.711,42.622,40.5111
2026-05-30 14:00:00,149,1,SEG-E,324.2463,324.0076,42.187,41.47,40.5111
2026-05-30 14:00:00,149,1,SEG-F,324.0159,323.9159,41.051,40.319,40.5111
2026-05-30 14:00:00,149,1,SEG-G,324.2298,324.0607,39.704,38.805,40.5111
2026-05-30 14:00:00,149,1,SEG-H,323.7688,324.1493,38.185,37.205,40.5111
2026-05-30 14:00:00,149,1,SEG-I,324.3872,323.9775,36.752,35.989,40.5111
2026-05-30 14:00:00,149,1,SEG-J,324.1675,324.2983,35.498,34.308,40.5111
2026-05-30 14:00:00,149,1,SEG-K,324.1722,324.2847,34.123,33.131,40.5111
2026-05-30 14:00:00,149,1,SEG-L,323.925,324.1801,32.741,31.806,40.5111
2026-05-30 14:00:00,149,1,SEG-M,324.0172,324.0698,31.279,30.216,40.5111
2026-05-30 14:00:00,149,1,SEG-N,323.916,323.8609,30.098,28.589,40.5111
2026-05-30 14:00:00,149,1,SEG-O,323.9076,324.0628,28.301,27.632,40.5111
2026-05-30 14:00:00,149,1,SEG-P,324.262,323.9241,27.01,26.196,40.5111
2026-05-30 14:00:00,149,1,SEG-Q,324.0496,324.0066,25.683,24.803,40.5111
2026-05-30 14:00:00,149,1,SEG-R,324.2092,324.1092,24.299,23.174,40.5111
2026-05-30 14:00:00,149,1,SEG-S,323.9686,324.1204,22.555,21.893,40.5111
2026-05-30 14:00:00,149,1,SEG-T,323.9816,323.8076,21.308,20.636,40.5111
2026-05-30 22:00:00,149,2,SEG-A,137.8168,137.7574,47.861,47.036,17.2187
2026-05-30 22:00:00,149,2,SEG-B,137.7236,137.5315,46.78,45.363,17.1827
2026-05-30 22:00:00,149,2,SEG-C,137.4841,137.4924,45.285,44.383,17.1827
2026-05-30 22:00:00,149,2,SEG-D,137.4153,136.8608,44.081,42.681,17.1178
2026-05-30 22:00:00,149,2,SEG-E,136.9516,137.0083,42.509,41.313,17.1178
2026-05-30 22:00:00,149,2,SEG-F,137.0247,137.0551,40.901,39.932,17.1178
2026-05-30 22:00:00,149,2,SEG-G,136.8879,136.8849,39.478,38.764,17.1178
2026-05-30 22:00:00,149,2,SEG-H,136.9114,136.876,38.391,37.272,17.1178
2026-05-30 22:00:00,149,2,SEG-I,136.9071,136.9941,36.743,35.925,17.1178
2026-05-30 22:00:00,149,2,SEG-J,136.9635,136.8997,35.362,34.5,17.1178
2026-05-30 22:00:00,149,2,SEG-K,136.9314,136.8702,33.908,33.477,17.1178
2026-05-30 22:00:00,149,2,SEG-L,136.9274,136.963,32.697,31.925,17.1178
2026-05-30 22:00:00,149,2,SEG-M,136.8659,137.0264,31.072,30.554,17.1178
2026-05-30 22:00:00,149,2,SEG-N,136.9056,136.8896,29.921,28.905,17.1178
2026-05-30 22:00:00,149,2,SEG-O,136.9938,136.9453,28.455,27.451,17.1178
2026-05-30 22:00:00,149,2,SEG-P,136.9253,137.0428,26.93,26.065,17.1178
2026-05-30 22:00:00,149,2,SEG-Q,136.7441,136.9693,25.491,25.01,17.1178
2026-05-30 22:00:00,149,2,SEG-R,136.9439,136.9488,24.25,23.46,17.1178
2026-05-30 22:00:00,149,2,SEG-S,136.8933,136.848,22.776,21.864,17.1178
2026-05-30 22:00:00,149,2,SEG-T,136.8965,136.9678,21.614,20.394,17.1178
2026-05-31 06:00:00,150,0,SEG-A,197.3085,197.498,47.885,47.075,24.6772
2026-05-31 06:00:00,150,0,SEG-B,197.4144,197.0195,46.657,45.729,24.6262
2026-05-31 06:00:00,150,0,SEG-C,196.9058,197.1843,45.312,44.429,24.6262
2026-05-31 06:00:00,150,0,SEG-D,196.954,196.4175,43.933,42.657,24.5325
2026-05-31 06:00:00,150,0,SEG-E,196.2246,196.2949,42.381,41.532,24.5325
2026-05-31 06:00:00,150,0,SEG-F,196.2297,196.2607,40.946,40.045,24.5325
2026-05-31 06:00:00,150,0,SEG-G,196.3302,196.2746,39.624,38.523,24.5325
2026-05-31 06:00:00,150,0,SEG-H,196.3448,196.1847,38.421,37.35,24.5325
2026-05-31 06:00:00,150,0,SEG-I,196.325,196.3389,36.807,36.052,24.5325
2026-05-31 06:00:00,150,0,SEG-J,196.0942,196.3,35.53,34.593,24.5325
2026-05-31 06:00:00,150,0,SEG-K,196.3258,196.2333,33.954,32.973,24.5325
2026-05-31 06:00:00,150,0,SEG-L,196.2573,196.4025,32.604,31.771,24.5325
2026-05-31 06:00:00,150,0,SEG-M,196.3034,196.1764,31.298,30.273,24.5325
2026-05-31 06:00:00,150,0,SEG-N,196.088,196.2934,29.545,28.845,24.5325
2026-05-31 06:00:00,150,0,SEG-O,196.3208,196.2326,28.256,27.47,24.5325
2026-05-31 06:00:00,150,0,SEG-P,196.1676,196.2215,27.177,26.227,24.5325
2026-05-31 06:00:00,150,0,SEG-Q,196.2367,196.1306,25.661,24.76,24.5325
2026-05-31 06:00:00,150,0,SEG-R,196.1726,196.3367,24.173,23.163,24.5325
2026-05-31 06:00:00,150,0,SEG-S,196.3748,196.2454,22.809,22.025,24.5325
2026-05-31 06:00:00,150,0,SEG-T,196.3727,196.1529,21.361,20.577,24.5325
2026-05-31 14:00:00,150,1,SEG-A,366.4064,366.2971,48.061,47.098,45.7986
2026-05-31 14:00:00,150,1,SEG-B,366.505,365.7762,46.547,45.504,45.7356
2026-05-31 14:00:00,150,1,SEG-C,366.0339,366.0406,44.988,44.427,45.7356
2026-05-31 14:00:00,150,1,SEG-D,366.1081,365.0517,43.941,42.478,45.6198
2026-05-31 14:00:00,150,1,SEG-E,364.9806,364.929,42.376,41.48,45.6198
2026-05-31 14:00:00,150,1,SEG-F,364.7024,365.1099,40.774,40.262,45.6198
2026-05-31 14:00:00,150,1,SEG-G,365.1975,364.9457,39.687,38.61,45.6198
2026-05-31 14:00:00,150,1,SEG-H,364.8006,365.2313,38.16,37.092,45.6198
2026-05-31 14:00:00,150,1,SEG-I,365.3972,365.1435,36.65,35.97,45.6198
2026-05-31 14:00:00,150,1,SEG-J,364.7667,365.0731,35.151,34.7,45.6198
2026-05-31 14:00:00,150,1,SEG-K,364.9203,364.8845,33.972,33.336,45.6198
2026-05-31 14:00:00,150,1,SEG-L,365.1978,365.0129,32.574,31.876,45.6198
2026-05-31 14:00:00,150,1,SEG-M,364.8129,364.9339,31.142,30.336,45.6198
2026-05-31 14:00:00,150,1,SEG-N,365.0314,365.0054,29.902,28.78,45.6198
2026-05-31 14:00:00,150,1,SEG-O,364.7272,364.898,28.286,27.676,45.6198
2026-05-31 14:00:00,150,1,SEG-P,364.9612,364.9831,26.763,26.258,45.6198
2026-05-31 14:00:00,150,1,SEG-Q,364.8141,365.0592,25.549,24.71,45.6198
2026-05-31 14:00:00,150,1,SEG-R,365.1501,365.212,24.399,23.219,45.6198
2026-05-31 14:00:00,150,1,SEG-S,364.8133,365.1408,22.81,21.912,45.6198
2026-05-31 14:00:00,150,1,SEG-T,365.0788,364.8891,21.433,20.611,45.6198
2026-05-31 22:00:00,150,2,SEG-A,178.5547,178.4555,48.093,47.273,22.3083
2026-05-31 22:00:00,150,2,SEG-B,178.3482,178.2023,46.497,45.346,22.2723
2026-05-31 22:00:00,150,2,SEG-C,178.1323,177.9588,45.2,44.337,22.2723
2026-05-31 22:00:00,150,2,SEG-D,178.0802,177.7049,43.974,42.552,22.2061
2026-05-31 22:00:00,150,2,SEG-E,177.6929,177.6516,42.379,41.558,22.2061
2026-05-31 22:00:00,150,2,SEG-F,177.7193,177.7678,41.069,40.325,22.2061
2026-05-31 22:00:00,150,2,SEG-G,177.7373,177.6518,39.575,38.798,22.2061
2026-05-31 22:00:00,150,2,SEG-H,177.7812,177.7008,38.268,37.213,22.2061
2026-05-31 22:00:00,150,2,SEG-I,177.7,177.533,36.558,36.058,22.2061
2026-05-31 22:00:00,150,2,SEG-J,177.7187,177.6782,35.574,34.82,22.2061
2026-05-31 22:00:00,150,2,SEG-K,177.6774,177.6677,33.697,33.207,22.2061
2026-05-31 22:00:00,150,2,SEG-L,177.6953,177.484,32.259,31.873,22.2061
2026-05-31 22:00:00,150,2,SEG-M,177.6049,177.6898,31.377,30.118,22.2061
2026-05-31 22:00:00,150,2,SEG-N,177.6556,177.5335,29.802,28.937,22.2061
2026-05-31 22:00:00,150,2,SEG-O,177.7082,177.6685,28.387,27.657,22.2061
2026-05-31 22:00:00,150,2,SEG-P,177.6302,177.7015,26.788,26.274,22.2061
2026-05-31 22:00:00,150,2,SEG-Q,177.4481,177.5671,25.662,24.843,22.2061
2026-05-31 22:00:00,150,2,SEG-R,177.7345,177.5517,24.192,23.317,22.2061
2026-05-31 22:00:00,150,2,SEG-S,177.7642,177.6145,22.994,21.954,22.2061
2026-05-31 22:00:00,150,2,SEG-T,177.6004,177.6011,21.405,20.676,22.2061
2026-06-01 06:00:00,151,0,SEG-A,259.783,259.9254,47.823,47.097,32.4824
2026-06-01 06:00:00,151,0,SEG-B,259.8894,259.3375,46.585,45.732,32.4314
2026-06-01 06:00:00,151,0,SEG-C,259.4805,259.5319,45.353,44.221,32.4314
2026-06-01 06:00:00,151,0,SEG-D,259.2311,258.6541,43.747,42.469,32.3359
2026-06-01 06:00:00,151,0,SEG-E,258.87,258.7521,42.42,41.394,32.3359
2026-06-01 06:00:00,151,0,SEG-F,258.5045,258.7172,41.029,40.162,32.3359
2026-06-01 06:00:00,151,0,SEG-G,258.5111,258.7586,39.505,38.889,32.3359
2026-06-01 06:00:00,151,0,SEG-H,258.7433,258.855,38.404,37.265,32.3359
2026-06-01 06:00:00,151,0,SEG-I,258.899,258.6815,36.872,36.054,32.3359
2026-06-01 06:00:00,151,0,SEG-J,258.7952,258.5744,35.479,34.676,32.3359
2026-06-01 06:00:00,151,0,SEG-K,258.6764,258.6374,34.138,33.045,32.3359
2026-06-01 06:00:00,151,0,SEG-L,258.773,258.8666,32.617,31.661,32.3359
2026-06-01 06:00:00,151,0,SEG-M,258.8742,258.803,31.115,30.574,32.3359
2026-06-01 06:00:00,151,0,SEG-N,258.6969,258.6566,29.668,28.996,32.3359
2026-06-01 06:00:00,151,0,SEG-O,258.8192,258.6622,28.339,27.595,32.3359
2026-06-01 06:00:00,151,0,SEG-P,258.6966,258.6575,27.111,26.191,32.3359
2026-06-01 06:00:00,151,0,SEG-Q,258.857,258.8327,25.588,24.653,32.3359
2026-06-01 06:00:00,151,0,SEG-R,258.6023,258.6684,24.144,23.195,32.3359
2026-06-01 06:00:00,151,0,SEG-S,258.7374,258.5957,22.988,21.894,32.3359
2026-06-01 06:00:00,151,0,SEG-T,258.6312,258.6534,21.498,20.479,32.3359
2026-06-01 14:00:00,151,1,SEG-A,259.4477,259.418,48.21,47.137,32.42
2026-06-01 14:00:00,151,1,SEG-B,259.5422,258.8001,46.587,45.384,32.357
2026-06-01 14:00:00,151,1,SEG-C,258.8312,258.8325,45.011,44.254,32.357
2026-06-01 14:00:00,151,1,SEG-D,258.7816,257.9426,43.734,42.612,32.2391
2026-06-01 14:00:00,151,1,SEG-E,257.7927,257.8962,42.51,41.412,32.2391
2026-06-01 14:00:00,151,1,SEG-F,258.0915,257.7928,41.066,40.263,32.2391
2026-06-01 14:00:00,151,1,SEG-G,257.7737,257.7455,39.663,38.651,32.2391
2026-06-01 14:00:00,151,1,SEG-H,257.9451,257.8806,38.053,37.409,32.2391
2026-06-01 14:00:00,151,1,SEG-I,258.0438,257.7955,36.63,35.827,32.2391
2026-06-01 14:00:00,151,1,SEG-J,258.1136,257.8373,35.227,34.46,32.2391
2026-06-01 14:00:00,151,1,SEG-K,257.8635,257.8991,33.765,33.171,32.2391
2026-06-01 14:00:00,151,1,SEG-L,257.7955,258.0596,32.623,31.873,32.2391
2026-06-01 14:00:00,151,1,SEG-M,258.0686,257.8625,31.146,30.495,32.2391
2026-06-01 14:00:00,151,1,SEG-N,257.7518,258.1212,29.793,28.922,32.2391
2026-06-01 14:00:00,151,1,SEG-O,257.8112,257.9923,28.319,27.731,32.2391
2026-06-01 14:00:00,151,1,SEG-P,257.9005,258.0982,27.107,26.053,32.2391
2026-06-01 14:00:00,151,1,SEG-Q,257.8679,257.833,25.745,24.804,32.2391
2026-06-01 14:00:00,151,1,SEG-R,257.9269,257.9959,24.202,23.272,32.2391
2026-06-01 14:00:00,151,1,SEG-S,257.8039,257.9025,22.833,21.746,32.2391
2026-06-01 14:00:00,151,1,SEG-T,257.943,257.9361,21.442,20.569,32.2391
2026-06-01 22:00:00,151,2,SEG-A,165.1651,165.1744,47.903,47.063,20.6445
2026-06-01 22:00:00,151,2,SEG-B,165.2288,164.8343,46.51,45.549,20.6085
2026-06-01 22:00:00,151,2,SEG-C,164.8131,164.7663,45.188,44.27,20.6085
2026-06-01 22:00:00,151,2,SEG-D,164.7791,164.4264,43.865,42.729,20.5411
2026-06-01 22:00:00,151,2,SEG-E,164.2917,164.3778,42.168,41.562,20.5411
2026-06-01 22:00:00,151,2,SEG-F,164.4312,164.2651,41.07,40.094,20.5411
2026-06-01 22:00:00,151,2,SEG-G,164.3735,164.1964,39.51,38.754,20.5411
2026-06-01 22:00:00,151,2,SEG-H,164.3848,164.4067,38.104,37.401,20.5411
2026-06-01 22:00:00,151,2,SEG-I,164.2505,164.3998,36.874,35.883,20.5411
2026-06-01 22:00:00,151,2,SEG-J,164.2734,164.3516,35.465,34.556,20.5411
2026-06-01 22:00:00,151,2,SEG-K,164.3448,164.427,33.822,33.205,20.5411
2026-06-01 22:00:00,151,2,SEG-L,164.305,164.3084,32.69,31.918,20.5411
2026-06-01 22:00:00,151,2,SEG-M,164.4268,164.2953,31.003,30.409,20.5411
2026-06-01 22:00:00,151,2,SEG-N,164.3772,164.2924,29.737,28.864,20.5411
2026-06-01 22:00:00,151,2,SEG-O,164.2739,164.1955,28.36,27.722,20.5411
2026-06-01 22:00:00,151,2,SEG-P,164.1942,164.4096,27.036,25.89,20.5411
2026-06-01 22:00:00,151,2,SEG-Q,164.4101,164.3762,25.483,24.654,20.5411
2026-06-01 22:00:00,151,2,SEG-R,164.3248,164.3117,24.108,23.369,20.5411
2026-06-01 22:00:00,151,2,SEG-S,164.3475,164.3362,22.966,21.962,20.5411
2026-06-01 22:00:00,151,2,SEG-T,164.3093,164.4833,21.341,20.45,20.5411
2026-06-02 06:00:00,152,0,SEG-A,228.4869,228.4692,48.013,47.207,28.563
2026-06-02 06:00:00,152,0,SEG-B,228.4906,227.9351,46.543,45.414,28.512
2026-06-02 06:00:00,152,0,SEG-C,228.1526,228.0445,45.284,44.414,28.512
2026-06-02 06:00:00,152,0,SEG-D,228.0382,227.4105,43.993,42.587,28.4147
2026-06-02 06:00:00,152,0,SEG-E,227.2899,227.2133,42.541,41.435,28.4147
2026-06-02 06:00:00,152,0,SEG-F,227.4503,227.4586,41.028,39.92,28.4147
2026-06-02 06:00:00,152,0,SEG-G,227.3697,227.1807,39.582,38.623,28.4147
2026-06-02 06:00:00,152,0,SEG-H,227.4646,227.2754,38.328,37.11,28.4147
2026-06-02 06:00:00,152,0,SEG-I,227.3079,227.3852,36.836,35.928,28.4147
2026-06-02 06:00:00,152,0,SEG-J,227.4158,227.2395,35.324,34.668,28.4147
2026-06-02 06:00:00,152,0,SEG-K,227.3393,227.2089,34.03,33.107,28.4147
2026-06-02 06:00:00,152,0,SEG-L,227.4583,227.3397,32.417,31.73,28.4147
2026-06-02 06:00:00,152,0,SEG-M,227.014,227.3725,31.044,30.479,28.4147
2026-06-02 06:00:00,152,0,SEG-N,227.2391,227.2935,29.924,29.031,28.4147
2026-06-02 06:00:00,152,0,SEG-O,227.2723,227.1672,28.36,27.512,28.4147
2026-06-02 06:00:00,152,0,SEG-P,227.4113,227.3614,27.014,26.356,28.4147
2026-06-02 06:00:00,152,0,SEG-Q,227.2938,227.183,25.449,24.619,28.4147
2026-06-02 06:00:00,152,0,SEG-R,227.2744,227.4693,24.028,23.328,28.4147
2026-06-02 06:00:00,152,0,SEG-S,226.9385,227.2668,22.769,21.938,28.4147
2026-06-02 06:00:00,152,0,SEG-T,227.4082,227.2825,21.412,20.672,28.4147
2026-06-02 14:00:00,152,1,SEG-A,323.1078,323.3494,48.139,47.204,40.4031
2026-06-02 14:00:00,152,1,SEG-B,323.4978,322.8737,46.498,45.564,40.3401
2026-06-02 14:00:00,152,1,SEG-C,322.7038,322.4949,45.29,44.344,40.3401
2026-06-02 14:00:00,152,1,SEG-D,322.7957,321.38,43.893,42.524,40.2199
2026-06-02 14:00:00,152,1,SEG-E,321.7954,321.9188,42.361,41.469,40.2199
2026-06-02 14:00:00,152,1,SEG-F,321.7975,321.7615,41.158,40.179,40.2199
2026-06-02 14:00:00,152,1,SEG-G,321.6743,321.5566,39.429,38.859,40.2199
2026-06-02 14:00:00,152,1,SEG-H,321.6299,321.8425,38.177,37.337,40.2199
2026-06-02 14:00:00,152,1,SEG-I,321.6411,321.7086,36.834,35.893,40.2199
2026-06-02 14:00:00,152,1,SEG-J,321.6328,321.8507,35.351,34.468,40.2199
2026-06-02 14:00:00,152,1,SEG-K,321.7058,321.7328,33.792,33.035,40.2199
2026-06-02 14:00:00,152,1,SEG-L,321.8487,321.7325,32.541,31.947,40.2199
2026-06-02 14:00:00,152,1,SEG-M,321.7595,321.9834,31.111,30.208,40.2199
2026-06-02 14:00:00,152,1,SEG-N,321.6736,321.8166,29.643,29.047,40.2199
2026-06-02 14:00:00,152,1,SEG-O,321.8325,321.9345,28.446,27.562,40.2199
2026-06-02 14:00:00,152,1,SEG-P,321.8906,321.6014,26.952,26.052,40.2199
2026-06-02 14:00:00,152,1,SEG-Q,321.8724,321.8418,25.461,24.545,40.2199
2026-06-02 14:00:00,152,1,SEG-R,321.4337,321.7334,24.303,23.418,40.2199
2026-06-02 14:00:00,152,1,SEG-S,321.7339,321.8866,22.703,21.975,40.2199
2026-06-02 14:00:00,152,1,SEG-T,321.9137,321.7382,21.37,20.537,40.2199
2026-06-02 22:00:00,152,2,SEG-A,173.4213,173.4908,48.214,47.2,21.6811
2026-06-02 22:00:00,152,2,SEG-B,173.5488,173.0622,46.675,45.328,21.6451
2026-06-02 22:00:00,152,2,SEG-C,173.1218,173.1872,45.15,44.371,21.6451
2026-06-02 22:00:00,152,2,SEG-D,173.0346,172.6358,43.983,42.668,21.5764
2026-06-02 22:00:00,152,2,SEG-E,172.563,172.7042,42.582,41.725,21.5764
2026-06-02 22:00:00,152,2,SEG-F,172.4859,172.5057,40.807,40.336,21.5764
2026-06-02 22:00:00,152,2,SEG-G,172.5079,172.4759,39.581,38.746,21.5764
2026-06-02 22:00:00,152,2,SEG-H,172.5729,172.5568,38.159,37.34,21.5764
2026-06-02 22:00:00,152,2,SEG-I,172.5374,172.5837,36.597,35.822,21.5764
2026-06-02 22:00:00,152,2,SEG-J,172.7509,172.5156,35.275,34.509,21.5764
2026-06-02 22:00:00,152,2,SEG-K,172.5237,172.591,34.009,33.056,21.5764
2026-06-02 22:00:00,152,2,SEG-L,172.6142,172.7321,32.552,31.793,21.5764
2026-06-02 22:00:00,152,2,SEG-M,172.6571,172.598,31.09,30.207,21.5764
2026-06-02 22:00:00,152,2,SEG-N,172.5897,172.6417,29.57,29.193,21.5764
2026-06-02 22:00:00,152,2,SEG-O,172.5245,172.6101,28.477,27.613,21.5764
2026-06-02 22:00:00,152,2,SEG-P,172.6121,172.7031,27.026,25.899,21.5764
2026-06-02 22:00:00,152,2,SEG-Q,172.6121,172.6907,25.607,24.775,21.5764
2026-06-02 22:00:00,152,2,SEG-R,172.5236,172.7302,24.081,23.329,21.5764
2026-06-02 22:00:00,152,2,SEG-S,172.7679,172.5811,22.75,22.005,21.5764
2026-06-02 22:00:00,152,2,SEG-T,172.6072,172.6263,21.484,20.505,21.5764
2026-06-03 06:00:00,153,0,SEG-A,208.9733,209.0826,48.209,47.271,26.1319
2026-06-03 06:00:00,153,0,SEG-B,209.2164,208.6904,46.643,45.61,26.0809
2026-06-03 06:00:00,153,0,SEG-C,208.5392,208.6669,45.257,44.308,26.0809
2026-06-03 06:00:00,153,0,SEG-D,208.7173,207.806,43.616,42.641,25.9818
2026-06-03 06:00:00,153,0,SEG-E,207.882,207.9056,42.569,41.575,25.9818
2026-06-03 06:00:00,153,0,SEG-F,207.9282,208.0142,40.746,39.997,25.9818
2026-06-03 06:00:00,153,0,SEG-G,207.8415,207.7718,39.539,38.652,25.9818
2026-06-03 06:00:00,153,0,SEG-H,208.0052,207.626,38.388,37.565,25.9818
2026-06-03 06:00:00,153,0,SEG-I,207.7451,207.8598,36.703,35.699,25.9818
2026-06-03 06:00:00,153,0,SEG-J,207.9201,207.9781,35.253,34.515,25.9818
2026-06-03 06:00:00,153,0,SEG-K,207.8815,207.6667,34.235,33.139,25.9818
2026-06-03 06:00:00,153,0,SEG-L,207.8564,207.9088,32.679,31.744,25.9818
2026-06-03 06:00:00,153,0,SEG-M,207.8303,207.7491,31.231,30.525,25.9818
2026-06-03 06:00:00,153,0,SEG-N,207.734,207.9743,29.857,29.054,25.9818
2026-06-03 06:00:00,153,0,SEG-O,208.0069,207.8422,28.487,27.489,25.9818
2026-06-03 06:00:00,153,0,SEG-P,207.9599,207.9409,26.999,25.997,25.9818
2026-06-03 06:00:00,153,0,SEG-Q,207.8386,207.7775,25.602,24.75,25.9818
2026-06-03 06:00:00,153,0,SEG-R,207.8904,207.9029,24.282,23.595,25.9818
2026-06-03 06:00:00,153,0,SEG-S,208.0004,207.8055,22.932,21.659,25.9818
2026-06-03 06:00:00,153,0,SEG-T,207.9364,207.9629,21.327,20.529,25.9818
2026-06-03 14:00:00,153,1,SEG-A,301.9884,302.1169,48.092,46.91,37.7417
2026-06-03 14:00:00,153,1,SEG-B,301.86,301.3884,46.624,45.554,37.6787
2026-06-03 14:00:00,153,1,SEG-C,301.4661,301.7301,44.971,44.236,37.6787
2026-06-03 14:00:00,153,1,SEG-D,301.4281,300.4575,43.711,42.65,37.5562
2026-06-03 14:00:00,153,1,SEG-E,300.2951,300.2153,42.452,41.612,37.5562
2026-06-03 14:00:00,153,1,SEG-F,300.2402,300.3647,40.756,40.292,37.5562
2026-06-03 14:00:00,153,1,SEG-G,300.5783,300.4466,39.606,38.692,37.5562
2026-06-03 14:00:00,153,1,SEG-H,300.603,300.5484,38.258,37.396,37.5562
2026-06-03 14:00:00,153,1,SEG-I,300.5821,300.219,36.901,35.846,37.5562
2026-06-03 14:00:00,153,1,SEG-J,300.2493,300.4985,35.457,34.598,37.5562
2026-06-03 14:00:00,153,1,SEG-K,300.5391,300.2164,34.15,33.202,37.5562
2026-06-03 14:00:00,153,1,SEG-L,300.4277,300.5269,32.556,31.672,37.5562
2026-06-03 14:00:00,153,1,SEG-M,300.48,300.4378,30.984,30.36,37.5562
2026-06-03 14:00:00,153,1,SEG-N,300.5172,300.4298,30.148,28.918,37.5562
2026-06-03 14:00:00,153,1,SEG-O,300.3783,300.5437,28.573,27.428,37.5562
2026-06-03 14:00:00,153,1,SEG-P,300.3742,300.6224,27.113,25.981,37.5562
2026-06-03 14:00:00,153,1,SEG-Q,300.4999,300.3189,25.65,24.729,37.5562
2026-06-03 14:00:00,153,1,SEG-R,300.4251,300.4691,23.916,23.363,37.5562
2026-06-03 14:00:00,153,1,SEG-S,300.5299,300.501,22.787,21.822,37.5562
2026-06-03 14:00:00,153,1,SEG-T,300.3486,300.381,21.679,20.593,37.5562
2026-06-03 22:00:00,153,2,SEG-A,167.7755,167.6778,48.087,47.053,20.9742
2026-06-03 22:00:00,153,2,SEG-B,167.756,167.5531,46.632,45.391,20.9382
2026-06-03 22:00:00,153,2,SEG-C,167.5936,167.6373,45.371,44.472,20.9382
2026-06-03 22:00:00,153,2,SEG-D,167.4209,166.7885,44.06,42.571,20.8682
2026-06-03 22:00:00,153,2,SEG-E,167.0299,166.8593,42.428,41.605,20.8682
2026-06-03 22:00:00,153,2,SEG-F,166.8371,166.807,41.072,40.159,20.8682
2026-06-03 22:00:00,153,2,SEG-G,166.9579,166.762,39.563,38.792,20.8682
2026-06-03 22:00:00,153,2,SEG-H,167.125,166.9758,38.329,37.197,20.8682
2026-06-03 22:00:00,153,2,SEG-I,166.931,166.9573,37.101,35.994,20.8682
2026-06-03 22:00:00,153,2,SEG-J,166.9354,166.8856,35.549,34.677,20.8682
2026-06-03 22:00:00,153,2,SEG-K,166.9926,167.0101,34.013,33.149,20.8682
2026-06-03 22:00:00,153,2,SEG-L,166.9349,166.8909,32.39,31.791,20.8682
2026-06-03 22:00:00,153,2,SEG-M,167.0238,166.9232,31.077,30.269,20.8682
2026-06-03 22:00:00,153,2,SEG-N,166.9052,166.9888,29.816,28.817,20.8682
2026-06-03 22:00:00,153,2,SEG-O,166.9394,167.077,28.478,27.358,20.8682
2026-06-03 22:00:00,153,2,SEG-P,166.9091,166.8932,26.987,26.234,20.8682
2026-06-03 22:00:00,153,2,SEG-Q,166.8509,167.011,25.378,24.823,20.8682
2026-06-03 22:00:00,153,2,SEG-R,166.9904,167.0242,24.17,23.34,20.8682
2026-06-03 22:00:00,153,2,SEG-S,166.838,166.8582,22.913,21.994,20.8682
2026-06-03 22:00:00,153,2,SEG-T,166.9409,167.1138,21.296,20.692,20.8682
2026-06-04 06:00:00,154,0,SEG-A,269.0978,268.9796,48.153,47.186,33.6209
2026-06-04 06:00:00,154,0,SEG-B,269.0509,268.5666,46.652,45.366,33.5699
2026-06-04 06:00:00,154,0,SEG-C,268.6474,268.5412,45.236,44.15,33.5699
2026-06-04 06:00:00,154,0,SEG-D,268.5323,267.5886,43.727,42.794,33.4689
2026-06-04 06:00:00,154,0,SEG-E,267.7442,267.7099,42.343,41.349,33.4689
2026-06-04 06:00:00,154,0,SEG-F,267.6776,267.589,40.993,40.36,33.4689
2026-06-04 06:00:00,154,0,SEG-G,267.7712,267.5653,39.488,38.892,33.4689
2026-06-04 06:00:00,154,0,SEG-H,267.6667,267.793,37.907,37.351,33.4689
2026-06-04 06:00:00,154,0,SEG-I,267.8885,267.7128,36.627,35.88,33.4689
2026-06-04 06:00:00,154,0,SEG-J,267.6232,267.9014,35.398,34.652,33.4689
2026-06-04 06:00:00,154,0,SEG-K,267.7573,267.6014,34.008,33.147,33.4689
2026-06-04 06:00:00,154,0,SEG-L,267.7288,267.8955,32.432,31.949,33.4689
2026-06-04 06:00:00,154,0,SEG-M,267.9255,267.9071,31.16,30.389,33.4689
2026-06-04 06:00:00,154,0,SEG-N,267.8287,267.6816,29.74,29.062,33.4689
2026-06-04 06:00:00,154,0,SEG-O,267.8934,267.7115,28.492,27.657,33.4689
2026-06-04 06:00:00,154,0,SEG-P,267.7378,267.5516,27.053,26.09,33.4689
2026-06-04 06:00:00,154,0,SEG-Q,267.6835,267.9644,25.606,24.737,33.4689
2026-06-04 06:00:00,154,0,SEG-R,267.8344,267.7561,24.271,23.484,33.4689
2026-06-04 06:00:00,154,0,SEG-S,267.7423,267.6327,22.934,21.89,33.4689
2026-06-04 06:00:00,154,0,SEG-T,267.687,267.7678,21.438,20.414,33.4689
2026-06-04 14:00:00,154,1,SEG-A,308.3301,308.113,47.809,47.108,38.5337
2026-06-04 14:00:00,154,1,SEG-B,308.3007,308.0084,46.557,45.544,38.4707
2026-06-04 14:00:00,154,1,SEG-C,307.7263,307.5869,45.301,44.15,38.4707
2026-06-04 14:00:00,154,1,SEG-D,307.786,306.8596,43.623,42.81,38.3459
2026-06-04 14:00:00,154,1,SEG-E,306.9233,306.9913,42.361,41.46,38.3459
2026-06-04 14:00:00,154,1,SEG-F,306.6873,306.8555,40.95,40.128,38.3459
2026-06-04 14:00:00,154,1,SEG-G,306.8594,306.7935,39.517,38.886,38.3459
2026-06-04 14:00:00,154,1,SEG-H,306.8902,306.9551,38.018,37.392,38.3459
2026-06-04 14:00:00,154,1,SEG-I,306.7398,306.6341,36.813,35.769,38.3459
2026-06-04 14:00:00,154,1,SEG-J,306.9336,306.8475,35.361,34.624,38.3459
2026-06-04 14:00:00,154,1,SEG-K,306.6947,306.8381,34.051,33.105,38.3459
2026-06-04 14:00:00,154,1,SEG-L,306.973,306.6415,32.6,31.605,38.3459
2026-06-04 14:00:00,154,1,SEG-M,306.6644,306.9093,31.144,30.295,38.3459
2026-06-04 14:00:00,154,1,SEG-N,306.811,306.7666,29.869,28.926,38.3459
2026-06-04 14:00:00,154,1,SEG-O,306.6337,306.7568,28.362,27.58,38.3459
2026-06-04 14:00:00,154,1,SEG-P,306.754,306.6464,27.04,26.245,38.3459
2026-06-04 14:00:00,154,1,SEG-Q,306.72,306.5525,25.774,24.926,38.3459
2026-06-04 14:00:00,154,1,SEG-R,306.8103,306.7024,24.308,23.249,38.3459
2026-06-04 14:00:00,154,1,SEG-S,306.7288,306.618,22.856,21.875,38.3459
2026-06-04 14:00:00,154,1,SEG-T,306.9423,306.7799,21.388,20.522,38.3459
2026-06-04 22:00:00,154,2,SEG-A,135.9703,136.1537,47.96,47.142,17.0078
2026-06-04 22:00:00,154,2,SEG-B,135.9638,135.7265,46.764,45.564,16.9718
2026-06-04 22:00:00,154,2,SEG-C,135.7507,135.8482,45.158,44.23,16.9718
2026-06-04 22:00:00,154,2,SEG-D,135.8003,135.0972,43.887,42.61,16.9005
2026-06-04 22:00:00,154,2,SEG-E,135.2006,135.1237,42.412,41.627,16.9005
2026-06-04 22:00:00,154,2,SEG-F,135.1718,135.2141,41.065,40.157,16.9005
2026-06-04 22:00:00,154,2,SEG-G,135.216,135.2653,39.634,38.71,16.9005
2026-06-04 22:00:00,154,2,SEG-H,135.2807,135.1444,38.299,37.398,16.9005
2026-06-04 22:00:00,154,2,SEG-I,135.2679,135.2252,37.034,36.057,16.9005
2026-06-04 22:00:00,154,2,SEG-J,135.2013,135.1919,35.411,34.526,16.9005
2026-06-04 22:00:00,154,2,SEG-K,135.1658,135.1615,34.028,33.115,16.9005
2026-06-04 22:00:00,154,2,SEG-L,135.1987,135.2076,32.445,31.547,16.9005
2026-06-04 22:00:00,154,2,SEG-M,135.2348,135.1986,30.886,30.3,16.9005
2026-06-04 22:00:00,154,2,SEG-N,135.145,135.1672,29.713,29.041,16.9005
2026-06-04 22:00:00,154,2,SEG-O,135.2752,135.1188,28.279,27.576,16.9005
2026-06-04 22:00:00,154,2,SEG-P,135.2471,135.1309,27.046,26.078,16.9005
2026-06-04 22:00:00,154,2,SEG-Q,135.1329,135.191,25.554,24.773,16.9005
2026-06-04 22:00:00,154,2,SEG-R,135.2584,135.1717,24.188,23.368,16.9005
2026-06-04 22:00:00,154,2,SEG-S,135.1486,135.1421,22.945,21.981,16.9005
2026-06-04 22:00:00,154,2,SEG-T,135.2552,135.1287,21.5,20.613,16.9005
2026-06-05 06:00:00,155,0,SEG-A,183.3941,183.2755,47.903,47.184,22.9134
2026-06-05 06:00:00,155,0,SEG-B,183.3005,182.9784,46.578,45.18,22.8624
2026-06-05 06:00:00,155,0,SEG-C,182.7726,182.7209,44.999,44.248,22.8624
2026-06-05 06:00:00,155,0,SEG-D,182.9526,182.0192,43.672,42.657,22.7595
2026-06-05 06:00:00,155,0,SEG-E,182.1568,182.0974,42.545,41.553,22.7595
2026-06-05 06:00:00,155,0,SEG-F,182.095,182.0287,40.943,39.983,22.7595
2026-06-05 06:00:00,155,0,SEG-G,182.2133,182.0147,39.477,38.876,22.7595
2026-06-05 06:00:00,155,0,SEG-H,181.9763,182.1132,38.212,37.249,22.7595
2026-06-05 06:00:00,155,0,SEG-I,182.0268,182.1945,36.826,36.057,22.7595
2026-06-05 06:00:00,155,0,SEG-J,182.0525,182.0344,35.378,34.587,22.7595
2026-06-05 06:00:00,155,0,SEG-K,182.1598,181.9672,33.85,33.436,22.7595
2026-06-05 06:00:00,155,0,SEG-L,182.1357,182.1137,32.685,31.905,22.7595
2026-06-05 06:00:00,155,0,SEG-M,182.1812,182.0112,31.179,30.306,22.7595
2026-06-05 06:00:00,155,0,SEG-N,182.0484,182.1329,29.782,29.088,22.7595
2026-06-05 06:00:00,155,0,SEG-O,181.9664,182.0838,28.524,27.701,22.7595
2026-06-05 06:00:00,155,0,SEG-P,181.9479,182.0515,27.005,26.25,22.7595
2026-06-05 06:00:00,155,0,SEG-Q,182.2564,182.0344,25.661,24.708,22.7595
2026-06-05 06:00:00,155,0,SEG-R,182.263,182.0919,24.212,23.044,22.7595
2026-06-05 06:00:00,155,0,SEG-S,181.9757,181.962,22.812,22.108,22.7595
2026-06-05 06:00:00,155,0,SEG-T,181.949,181.9331,21.37,20.679,22.7595
2026-06-05 14:00:00,155,1,SEG-A,272.2674,272.1473,47.979,47.117,34.0278
2026-06-05 14:00:00,155,1,SEG-B,272.1,271.726,46.52,45.4,33.9648
2026-06-05 14:00:00,155,1,SEG-C,271.6944,271.8538,45.362,44.39,33.9648
2026-06-05 14:00:00,155,1,SEG-D,271.7149,270.5932,43.852,42.61,33.8378
2026-06-05 14:00:00,155,1,SEG-E,270.7296,270.8934,42.266,41.379,33.8378
2026-06-05 14:00:00,155,1,SEG-F,270.4803,270.7553,41.145,40.125,33.8378
2026-06-05 14:00:00,155,1,SEG-G,270.6955,270.6577,39.456,38.703,33.8378
2026-06-05 14:00:00,155,1,SEG-H,270.7974,270.7993,38.145,37.189,33.8378
2026-06-05 14:00:00,155,1,SEG-I,270.8622,270.699,36.759,36.078,33.8378
2026-06-05 14:00:00,155,1,SEG-J,270.7987,270.7437,35.432,34.631,33.8378
2026-06-05 14:00:00,155,1,SEG-K,270.6582,270.8808,34.036,33.063,33.8378
2026-06-05 14:00:00,155,1,SEG-L,270.701,270.9272,32.645,31.82,33.8378
2026-06-05 14:00:00,155,1,SEG-M,270.6835,270.6218,31.133,30.21,33.8378
2026-06-05 14:00:00,155,1,SEG-N,270.7198,270.6918,29.859,28.901,33.8378
2026-06-05 14:00:00,155,1,SEG-O,270.4795,270.7615,28.409,27.313,33.8378
2026-06-05 14:00:00,155,1,SEG-P,270.4903,270.7419,26.978,26.199,33.8378
2026-06-05 14:00:00,155,1,SEG-Q,270.6513,270.6096,25.658,24.553,33.8378
2026-06-05 14:00:00,155,1,SEG-R,270.5991,270.7694,24.393,23.198,33.8378
2026-06-05 14:00:00,155,1,SEG-S,270.8088,270.6884,22.781,22.068,33.8378
2026-06-05 14:00:00,155,1,SEG-T,270.7642,270.3802,21.365,20.554,33.8378
2026-06-05 22:00:00,155,2,SEG-A,157.2175,157.0851,47.95,47.17,19.6353
2026-06-05 22:00:00,155,2,SEG-B,157.0575,156.8194,46.626,45.466,19.5993
2026-06-05 22:00:00,155,2,SEG-C,156.7079,156.7573,45.222,44.244,19.5993
2026-06-05 22:00:00,155,2,SEG-D,156.6593,156.2334,43.802,42.662,19.5267
2026-06-05 22:00:00,155,2,SEG-E,156.2911,156.1741,42.286,41.655,19.5267
2026-06-05 22:00:00,155,2,SEG-F,156.2446,156.2301,40.837,40.165,19.5267
2026-06-05 22:00:00,155,2,SEG-G,156.2528,156.3377,39.618,38.656,19.5267
2026-06-05 22:00:00,155,2,SEG-H,156.2596,156.2321,38.249,37.653,19.5267
2026-06-05 22:00:00,155,2,SEG-I,156.1371,156.194,36.777,36.043,19.5267
2026-06-05 22:00:00,155,2,SEG-J,156.2508,156.2121,35.496,34.262,19.5267
2026-06-05 22:00:00,155,2,SEG-K,156.3362,156.1528,33.866,33.304,19.5267
2026-06-05 22:00:00,155,2,SEG-L,156.1346,156.1365,32.353,31.685,19.5267
2026-06-05 22:00:00,155,2,SEG-M,156.1248,156.1693,31.182,30.356,19.5267
2026-06-05 22:00:00,155,2,SEG-N,156.2793,156.3199,29.915,29.009,19.5267
2026-06-05 22:00:00,155,2,SEG-O,156.2223,156.1857,28.475,27.578,19.5267
2026-06-05 22:00:00,155,2,SEG-P,156.2116,156.1617,26.975,26.22,19.5267
2026-06-05 22:00:00,155,2,SEG-Q,156.1909,156.2601,25.553,24.672,19.5267
2026-06-05 22:00:00,155,2,SEG-R,156.192,156.1782,24.249,23.471,19.5267
2026-06-05 22:00:00,155,2,SEG-S,156.2858,156.2137,22.773,22.168,19.5267
2026-06-05 22:00:00,155,2,SEG-T,156.2808,156.2951,21.474,20.494,19.5267
2026-06-06 06:00:00,156,0,SEG-A,189.7883,189.9064,48.208,47.4,23.7415
2026-06-06 06:00:00,156,0,SEG-B,189.9617,189.6747,46.59,45.371,23.6905
2026-06-06 06:00:00,156,0,SEG-C,189.5318,189.5068,45.099,44.301,23.6905
2026-06-06 06:00:00,156,0,SEG-D,189.5879,188.73,43.759,42.493,23.5858
2026-06-06 06:00:00,156,0,SEG-E,188.7321,188.6672,42.359,41.65,23.5858
2026-06-06 06:00:00,156,0,SEG-F,188.7422,188.7098,41.007,39.817,23.5858
2026-06-06 06:00:00,156,0,SEG-G,188.6177,188.6879,39.746,38.803,23.5858
2026-06-06 06:00:00,156,0,SEG-H,188.7129,188.6898,38.064,37.195,23.5858
2026-06-06 06:00:00,156,0,SEG-I,188.7277,188.6029,36.562,36.095,23.5858
2026-06-06 06:00:00,156,0,SEG-J,188.8522,188.6758,35.388,34.638,23.5858
2026-06-06 06:00:00,156,0,SEG-K,188.7777,188.5881,33.958,33.151,23.5858
2026-06-06 06:00:00,156,0,SEG-L,188.642,188.6393,32.602,31.638,23.5858
2026-06-06 06:00:00,156,0,SEG-M,188.6844,188.623,31.186,30.301,23.5858
2026-06-06 06:00:00,156,0,SEG-N,188.7059,188.7034,29.84,29.083,23.5858
2026-06-06 06:00:00,156,0,SEG-O,188.8021,188.6605,28.642,27.377,23.5858
2026-06-06 06:00:00,156,0,SEG-P,188.7122,188.7474,26.957,26.068,23.5858
2026-06-06 06:00:00,156,0,SEG-Q,188.5616,188.7892,25.51,24.83,23.5858
2026-06-06 06:00:00,156,0,SEG-R,188.6017,188.8225,24.181,23.252,23.5858
2026-06-06 06:00:00,156,0,SEG-S,188.6275,188.6081,22.757,21.993,23.5858
2026-06-06 06:00:00,156,0,SEG-T,188.6987,188.6364,21.364,20.556,23.5858
2026-06-06 14:00:00,156,1,SEG-A,261.5663,261.5126,47.997,47.122,32.6905
2026-06-06 14:00:00,156,1,SEG-B,261.6744,260.9306,46.427,45.494,32.6275
2026-06-06 14:00:00,156,1,SEG-C,261.064,261.0599,45.133,44.452,32.6275
2026-06-06 14:00:00,156,1,SEG-D,260.9472,259.7736,43.68,42.594,32.4982
2026-06-06 14:00:00,156,1,SEG-E,260.0398,260.0543,42.682,41.441,32.4982
2026-06-06 14:00:00,156,1,SEG-F,259.9673,260.0657,41.017,40.179,32.4982
2026-06-06 14:00:00,156,1,SEG-G,259.8693,259.938,39.499,38.876,32.4982
2026-06-06 14:00:00,156,1,SEG-H,260.0435,259.8082,38.371,37.266,32.4982
2026-06-06 14:00:00,156,1,SEG-I,259.9731,260.0877,36.858,35.9,32.4982
2026-06-06 14:00:00,156,1,SEG-J,259.9375,259.8982,35.387,34.77,32.4982
2026-06-06 14:00:00,156,1,SEG-K,260.2097,259.9927,33.837,33.182,32.4982
2026-06-06 14:00:00,156,1,SEG-L,260.077,260.1508,32.57,31.74,32.4982
2026-06-06 14:00:00,156,1,SEG-M,259.9354,259.8312,31.09,30.331,32.4982
2026-06-06 14:00:00,156,1,SEG-N,259.9355,260.0922,29.739,28.898,32.4982
2026-06-06 14:00:00,156,1,SEG-O,259.788,260.2205,28.359,27.296,32.4982
2026-06-06 14:00:00,156,1,SEG-P,260.0167,260.0594,27.085,26.174,32.4982
2026-06-06 14:00:00,156,1,SEG-Q,260.0267,259.96,25.714,24.677,32.4982
2026-06-06 14:00:00,156,1,SEG-R,260.2398,260.0254,24.265,23.277,32.4982
2026-06-06 14:00:00,156,1,SEG-S,259.8759,260.0258,22.772,21.942,32.4982
2026-06-06 14:00:00,156,1,SEG-T,259.997,259.9464,21.379,20.722,32.4982
2026-06-06 22:00:00,156,2,SEG-A,164.7302,164.8698,47.982,47.246,20.6016
2026-06-06 22:00:00,156,2,SEG-B,164.7927,164.65,46.551,45.189,20.5656
2026-06-06 22:00:00,156,2,SEG-C,164.461,164.5324,45.158,44.371,20.5656
2026-06-06 22:00:00,156,2,SEG-D,164.5826,164.0102,43.798,42.646,20.4917
2026-06-06 22:00:00,156,2,SEG-E,163.9163,164.0142,42.433,41.451,20.4917
2026-06-06 22:00:00,156,2,SEG-F,163.8789,163.8209,41.03,40.378,20.4917
2026-06-06 22:00:00,156,2,SEG-G,163.9719,163.7804,39.626,38.583,20.4917
2026-06-06 22:00:00,156,2,SEG-H,164.0086,163.8135,38.379,37.381,20.4917
2026-06-06 22:00:00,156,2,SEG-I,163.8698,163.9564,36.78,36.028,20.4917
2026-06-06 22:00:00,156,2,SEG-J,163.9224,163.8787,35.485,34.637,20.4917
2026-06-06 22:00:00,156,2,SEG-K,163.9653,163.9823,34.012,33.129,20.4917
2026-06-06 22:00:00,156,2,SEG-L,163.9442,163.8897,32.465,31.799,20.4917
2026-06-06 22:00:00,156,2,SEG-M,164.0859,163.8693,31.164,30.256,20.4917
2026-06-06 22:00:00,156,2,SEG-N,163.9975,163.9583,29.7,28.934,20.4917
2026-06-06 22:00:00,156,2,SEG-O,164.0605,164.0064,28.473,27.598,20.4917
2026-06-06 22:00:00,156,2,SEG-P,163.9002,163.9234,26.835,26.232,20.4917
2026-06-06 22:00:00,156,2,SEG-Q,163.8663,163.9591,25.683,24.638,20.4917
2026-06-06 22:00:00,156,2,SEG-R,163.8031,163.9676,24.115,23.342,20.4917
2026-06-06 22:00:00,156,2,SEG-S,163.7905,163.9214,22.78,21.893,20.4917
2026-06-06 22:00:00,156,2,SEG-T,163.9333,163.9802,21.375,20.66,20.4917
2026-06-07 06:00:00,157,0,SEG-A,266.3574,266.2836,48.216,47.082,33.3115
2026-06-07 06:00:00,157,0,SEG-B,266.1534,265.8809,46.32,45.28,33.2605
2026-06-07 06:00:00,157,0,SEG-C,266.0801,265.964,45.165,44.305,33.2605
2026-06-07 06:00:00,157,0,SEG-D,266.2787,265.1729,43.917,42.632,33.1539
2026-06-07 06:00:00,157,0,SEG-E,265.1488,265.1898,42.493,41.356,33.1539
2026-06-07 06:00:00,157,0,SEG-F,265.1703,265.3006,41.029,40.189,33.1539
2026-06-07 06:00:00,157,0,SEG-G,265.306,265.0474,39.672,38.505,33.1539
2026-06-07 06:00:00,157,0,SEG-H,265.0999,265.0148,38.162,37.31,33.1539
2026-06-07 06:00:00,157,0,SEG-I,265.3495,265.0772,36.835,36.141,33.1539
2026-06-07 06:00:00,157,0,SEG-J,265.2127,265.2841,35.411,34.598,33.1539
2026-06-07 06:00:00,157,0,SEG-K,265.0177,265.3688,33.981,33.076,33.1539
2026-06-07 06:00:00,157,0,SEG-L,265.214,265.2538,32.542,31.656,33.1539
2026-06-07 06:00:00,157,0,SEG-M,265.3249,265.0944,31.312,30.123,33.1539
2026-06-07 06:00:00,157,0,SEG-N,265.1686,265.1318,29.948,28.926,33.1539
2026-06-07 06:00:00,157,0,SEG-O,265.3067,265.1893,28.331,27.393,33.1539
2026-06-07 06:00:00,157,0,SEG-P,265.1946,265.1534,26.951,26.292,33.1539
2026-06-07 06:00:00,157,0,SEG-Q,265.3044,265.3405,25.777,24.92,33.1539
2026-06-07 06:00:00,157,0,SEG-R,265.2454,265.1955,24.194,23.239,33.1539
2026-06-07 06:00:00,157,0,SEG-S,265.2835,265.2696,22.78,21.912,33.1539
2026-06-07 06:00:00,157,0,SEG-T,265.2087,264.9612,21.067,20.627,33.1539
2026-06-07 14:00:00,157,1,SEG-A,319.6909,319.4814,47.986,47.04,39.9403
2026-06-07 14:00:00,157,1,SEG-B,319.3418,319.1366,46.745,45.27,39.8773
2026-06-07 14:00:00,157,1,SEG-C,318.9733,319.168,45.14,44.501,39.8773
2026-06-07 14:00:00,157,1,SEG-D,319.0947,318.0629,43.799,42.69,39.7456
2026-06-07 14:00:00,157,1,SEG-E,317.697,318.0762,42.146,41.442,39.7456
2026-06-07 14:00:00,157,1,SEG-F,317.8889,318.1248,40.895,40.186,39.7456
2026-06-07 14:00:00,157,1,SEG-G,317.7571,318.1108,39.455,38.686,39.7456
2026-06-07 14:00:00,157,1,SEG-H,318.2112,318.1431,38.291,37.5,39.7456
2026-06-07 14:00:00,157,1,SEG-I,318.0094,318.1211,36.879,36.024,39.7456
2026-06-07 14:00:00,157,1,SEG-J,317.928,318.2057,35.491,34.477,39.7456
2026-06-07 14:00:00,157,1,SEG-K,318.0416,318.0185,34.103,33.169,39.7456
2026-06-07 14:00:00,157,1,SEG-L,317.993,317.7839,32.628,31.786,39.7456
2026-06-07 14:00:00,157,1,SEG-M,318.0885,318.2313,31.181,30.599,39.7456
2026-06-07 14:00:00,157,1,SEG-N,317.9242,318.1197,29.841,28.877,39.7456
2026-06-07 14:00:00,157,1,SEG-O,318.2564,318.0578,28.566,27.628,39.7456
2026-06-07 14:00:00,157,1,SEG-P,317.7907,317.9868,26.979,25.951,39.7456
2026-06-07 14:00:00,157,1,SEG-Q,317.951,317.6498,25.657,24.566,39.7456
2026-06-07 14:00:00,157,1,SEG-R,318.0715,318.0404,24.208,23.283,39.7456
2026-06-07 14:00:00,157,1,SEG-S,317.8607,317.9473,22.779,22.053,39.7456
2026-06-07 14:00:00,157,1,SEG-T,317.7345,317.9686,21.479,20.471,39.7456
2026-06-07 22:00:00,157,2,SEG-A,199.2239,199.3934,47.99,47.215,24.9265
2026-06-07 22:00:00,157,2,SEG-B,199.4993,199.0501,46.721,45.523,24.8905
2026-06-07 22:00:00,157,2,SEG-C,199.0293,199.2327,45.192,44.109,24.8905
2026-06-07 22:00:00,157,2,SEG-D,199.2228,198.2934,43.736,42.583,24.8152
2026-06-07 22:00:00,157,2,SEG-E,198.3722,198.4427,42.38,41.628,24.8152
2026-06-07 22:00:00,157,2,SEG-F,198.4157,198.3641,41.049,40.056,24.8152
2026-06-07 22:00:00,157,2,SEG-G,198.5816,198.4799,39.499,38.662,24.8152
2026-06-07 22:00:00,157,2,SEG-H,198.4668,198.4402,38.364,37.494,24.8152
2026-06-07 22:00:00,157,2,SEG-I,198.4405,198.3882,36.909,35.961,24.8152
2026-06-07 22:00:00,157,2,SEG-J,198.3814,198.3934,35.573,34.596,24.8152
2026-06-07 22:00:00,157,2,SEG-K,198.3762,198.5739,34.093,33.1,24.8152
2026-06-07 22:00:00,157,2,SEG-L,198.5433,198.5889,32.432,31.67,24.8152
2026-06-07 22:00:00,157,2,SEG-M,198.5299,198.4962,31.222,30.342,24.8152
2026-06-07 22:00:00,157,2,SEG-N,198.4372,198.5733,29.699,28.854,24.8152
2026-06-07 22:00:00,157,2,SEG-O,198.4921,198.5613,28.26,27.58,24.8152
2026-06-07 22:00:00,157,2,SEG-P,198.3617,198.611,27.013,26.241,24.8152
2026-06-07 22:00:00,157,2,SEG-Q,198.6815,198.6574,25.723,24.619,24.8152
2026-06-07 22:00:00,157,2,SEG-R,198.4774,198.4847,24.263,23.179,24.8152
2026-06-07 22:00:00,157,2,SEG-S,198.7347,198.5717,22.8,21.856,24.8152
2026-06-07 22:00:00,157,2,SEG-T,198.4421,198.4915,21.34,20.418,24.8152
2026-06-08 06:00:00,158,0,SEG-A,210.7963,211.0829,48.022,47.09,26.359
2026-06-08 06:00:00,158,0,SEG-B,210.6724,210.3829,46.497,45.363,26.308
2026-06-08 06:00:00,158,0,SEG-C,210.6514,210.3772,45.152,44.27,26.308
2026-06-08 06:00:00,158,0,SEG-D,210.2832,209.7849,43.926,42.529,26.1994
2026-06-08 06:00:00,158,0,SEG-E,209.4101,209.6452,42.266,41.137,26.1994
2026-06-08 06:00:00,158,0,SEG-F,209.8704,209.6342,40.989,40.033,26.1994
2026-06-08 06:00:00,158,0,SEG-G,209.6993,209.6358,39.83,38.78,26.1994
2026-06-08 06:00:00,158,0,SEG-H,209.7141,209.4912,38.226,37.379,26.1994
2026-06-08 06:00:00,158,0,SEG-I,209.6398,209.6142,36.823,35.891,26.1994
2026-06-08 06:00:00,158,0,SEG-J,209.5359,209.5335,35.374,34.645,26.1994
2026-06-08 06:00:00,158,0,SEG-K,209.4573,209.4881,33.774,32.959,26.1994
2026-06-08 06:00:00,158,0,SEG-L,209.7057,209.5789,32.499,31.66,26.1994
2026-06-08 06:00:00,158,0,SEG-M,209.6608,209.6229,31.136,30.12,26.1994
2026-06-08 06:00:00,158,0,SEG-N,209.5488,209.6655,29.793,29.16,26.1994
2026-06-08 06:00:00,158,0,SEG-O,209.6121,209.5075,28.472,27.383,26.1994
2026-06-08 06:00:00,158,0,SEG-P,209.5893,209.6547,27.101,26.039,26.1994
2026-06-08 06:00:00,158,0,SEG-Q,209.5512,209.3851,25.625,24.804,26.1994
2026-06-08 06:00:00,158,0,SEG-R,209.6016,209.5185,24.315,23.366,26.1994
2026-06-08 06:00:00,158,0,SEG-S,209.5771,209.7274,22.882,21.911,26.1994
2026-06-08 06:00:00,158,0,SEG-T,209.4159,209.7053,21.358,20.646,26.1994
2026-06-08 14:00:00,158,1,SEG-A,221.2216,221.0619,48.023,47.034,27.6425
2026-06-08 14:00:00,158,1,SEG-B,221.2221,220.6313,46.649,45.426,27.5795
2026-06-08 14:00:00,158,1,SEG-C,220.7265,220.7106,45.116,44.315,27.5795
2026-06-08 14:00:00,158,1,SEG-D,220.6049,219.9004,43.945,42.497,27.4454
2026-06-08 14:00:00,158,1,SEG-E,219.5866,219.5449,42.194,41.611,27.4454
2026-06-08 14:00:00,158,1,SEG-F,219.4705,219.6086,40.897,40.295,27.4454
2026-06-08 14:00:00,158,1,SEG-G,219.343,219.5574,39.619,38.91,27.4454
2026-06-08 14:00:00,158,1,SEG-H,219.564,219.5674,38.419,37.422,27.4454
2026-06-08 14:00:00,158,1,SEG-I,219.7003,219.4347,36.716,36.059,27.4454
2026-06-08 14:00:00,158,1,SEG-J,219.3759,219.4936,35.463,34.586,27.4454
2026-06-08 14:00:00,158,1,SEG-K,219.5988,219.6822,33.785,32.869,27.4454
2026-06-08 14:00:00,158,1,SEG-L,219.5822,219.4278,32.502,31.951,27.4454
2026-06-08 14:00:00,158,1,SEG-M,219.353,219.6816,31.229,30.53,27.4454
2026-06-08 14:00:00,158,1,SEG-N,219.4982,219.5314,29.634,28.995,27.4454
2026-06-08 14:00:00,158,1,SEG-O,219.4816,219.5298,28.293,27.497,27.4454
2026-06-08 14:00:00,158,1,SEG-P,219.554,219.5973,26.934,26.013,27.4454
2026-06-08 14:00:00,158,1,SEG-Q,219.5786,219.4799,25.527,24.672,27.4454
2026-06-08 14:00:00,158,1,SEG-R,219.5522,219.6275,24.085,23.243,27.4454
2026-06-08 14:00:00,158,1,SEG-S,219.4392,219.5333,22.902,21.865,27.4454
2026-06-08 14:00:00,158,1,SEG-T,219.3723,219.426,21.38,20.643,27.4454
2026-06-08 22:00:00,158,2,SEG-A,166.5971,166.5217,48.07,47.101,20.8194
2026-06-08 22:00:00,158,2,SEG-B,166.4318,166.271,46.621,45.443,20.7834
2026-06-08 22:00:00,158,2,SEG-C,166.3406,166.3145,45.191,44.191,20.7834
2026-06-08 22:00:00,158,2,SEG-D,166.2474,165.5734,43.699,42.654,20.7068
2026-06-08 22:00:00,158,2,SEG-E,165.6665,165.6046,42.403,41.513,20.7068
2026-06-08 22:00:00,158,2,SEG-F,165.6976,165.7201,40.924,40.09,20.7068
2026-06-08 22:00:00,158,2,SEG-G,165.7327,165.5952,39.544,38.839,20.7068
2026-06-08 22:00:00,158,2,SEG-H,165.6654,165.5551,38.378,37.297,20.7068
2026-06-08 22:00:00,158,2,SEG-I,165.6621,165.5884,36.827,35.996,20.7068
2026-06-08 22:00:00,158,2,SEG-J,165.5752,165.8057,35.475,34.644,20.7068
2026-06-08 22:00:00,158,2,SEG-K,165.697,165.5879,33.869,33.069,20.7068
2026-06-08 22:00:00,158,2,SEG-L,165.6916,165.6926,32.514,31.8,20.7068
2026-06-08 22:00:00,158,2,SEG-M,165.6213,165.7117,31.483,30.221,20.7068
2026-06-08 22:00:00,158,2,SEG-N,165.6949,165.6572,29.795,28.889,20.7068
2026-06-08 22:00:00,158,2,SEG-O,165.6119,165.6764,28.408,27.529,20.7068
2026-06-08 22:00:00,158,2,SEG-P,165.6041,165.737,26.945,26.105,20.7068
2026-06-08 22:00:00,158,2,SEG-Q,165.7786,165.6974,25.451,24.568,20.7068
2026-06-08 22:00:00,158,2,SEG-R,165.6755,165.6709,24.222,23.348,20.7068
2026-06-08 22:00:00,158,2,SEG-S,165.5934,165.6782,22.739,21.791,20.7068
2026-06-08 22:00:00,158,2,SEG-T,165.567,165.6624,21.336,20.532,20.7068
2026-06-09 06:00:00,159,0,SEG-A,246.3625,246.2846,47.826,47.364,30.7798
2026-06-09 06:00:00,159,0,SEG-B,246.2039,245.9716,46.656,45.451,30.7288
2026-06-09 06:00:00,159,0,SEG-C,245.8588,245.9116,45.12,44.379,30.7288
2026-06-09 06:00:00,159,0,SEG-D,245.6499,244.7254,43.793,42.635,30.6183
2026-06-09 06:00:00,159,0,SEG-E,245.0742,244.9734,42.542,41.455,30.6183
2026-06-09 06:00:00,159,0,SEG-F,244.9537,245.0018,40.864,40.018,30.6183
2026-06-09 06:00:00,159,0,SEG-G,244.8403,245.0574,39.561,38.735,30.6183
2026-06-09 06:00:00,159,0,SEG-H,244.9601,244.8751,38.169,37.495,30.6183
2026-06-09 06:00:00,159,0,SEG-I,244.9084,244.9455,36.893,35.878,30.6183
2026-06-09 06:00:00,159,0,SEG-J,244.8727,244.9768,35.453,34.536,30.6183
2026-06-09 06:00:00,159,0,SEG-K,244.8931,245.0139,33.853,33.25,30.6183
2026-06-09 06:00:00,159,0,SEG-L,245.0054,245.0988,32.498,31.705,30.6183
2026-06-09 06:00:00,159,0,SEG-M,245.1309,244.9811,31.315,30.336,30.6183
2026-06-09 06:00:00,159,0,SEG-N,245.0365,244.7004,29.762,28.901,30.6183
2026-06-09 06:00:00,159,0,SEG-O,244.8875,244.8685,28.423,27.72,30.6183
2026-06-09 06:00:00,159,0,SEG-P,245.0457,244.9537,26.997,26.274,30.6183
2026-06-09 06:00:00,159,0,SEG-Q,245.1272,244.8595,25.485,24.825,30.6183
2026-06-09 06:00:00,159,0,SEG-R,245.1728,244.9026,24.154,23.506,30.6183
2026-06-09 06:00:00,159,0,SEG-S,245.0269,244.8826,22.934,21.784,30.6183
2026-06-09 06:00:00,159,0,SEG-T,244.9433,245.0858,21.504,20.457,30.6183
2026-06-09 14:00:00,159,1,SEG-A,239.0735,239.0364,47.891,47.104,29.8855
2026-06-09 14:00:00,159,1,SEG-B,239.2517,238.59,46.731,45.444,29.8225
2026-06-09 14:00:00,159,1,SEG-C,238.6129,238.5684,45.104,44.434,29.8225
2026-06-09 14:00:00,159,1,SEG-D,238.5894,237.5401,43.733,42.712,29.6861
2026-06-09 14:00:00,159,1,SEG-E,237.5843,237.2795,42.447,41.588,29.6861
2026-06-09 14:00:00,159,1,SEG-F,237.2838,237.7055,40.913,40.286,29.6861
2026-06-09 14:00:00,159,1,SEG-G,237.3735,237.4374,39.65,38.983,29.6861
2026-06-09 14:00:00,159,1,SEG-H,237.4537,237.5045,38.059,37.266,29.6861
2026-06-09 14:00:00,159,1,SEG-I,237.4969,237.3121,36.965,36.036,29.6861
2026-06-09 14:00:00,159,1,SEG-J,237.5788,237.437,35.349,34.553,29.6861
2026-06-09 14:00:00,159,1,SEG-K,237.4491,237.4586,33.993,33.226,29.6861
2026-06-09 14:00:00,159,1,SEG-L,237.53,237.4335,32.415,32.019,29.6861
2026-06-09 14:00:00,159,1,SEG-M,237.5529,237.5552,31.345,30.274,29.6861
2026-06-09 14:00:00,159,1,SEG-N,237.435,237.734,29.601,29.008,29.6861
2026-06-09 14:00:00,159,1,SEG-O,237.3585,237.3386,28.292,27.524,29.6861
2026-06-09 14:00:00,159,1,SEG-P,237.643,237.4711,27.017,26.049,29.6861
2026-06-09 14:00:00,159,1,SEG-Q,237.4631,237.5764,25.672,24.661,29.6861
2026-06-09 14:00:00,159,1,SEG-R,237.5166,237.438,24.125,23.499,29.6861
2026-06-09 14:00:00,159,1,SEG-S,237.4357,237.2582,22.822,21.804,29.6861
2026-06-09 14:00:00,159,1,SEG-T,237.5386,237.4866,21.349,20.709,29.6861
2026-06-09 22:00:00,159,2,SEG-A,176.859,177.0132,47.974,47.165,22.1207
2026-06-09 22:00:00,159,2,SEG-B,176.9836,176.6572,46.878,45.396,22.0847
2026-06-09 22:00:00,159,2,SEG-C,176.6895,176.6804,44.99,44.257,22.0847
2026-06-09 22:00:00,159,2,SEG-D,176.6312,176.0897,43.972,42.455,22.0068
2026-06-09 22:00:00,159,2,SEG-E,175.975,176.1965,42.418,41.532,22.0068
2026-06-09 22:00:00,159,2,SEG-F,175.9834,176.0961,40.994,40.115,22.0068
2026-06-09 22:00:00,159,2,SEG-G,176.0859,175.9473,39.504,38.766,22.0068
2026-06-09 22:00:00,159,2,SEG-H,175.9375,175.9475,38.302,37.266,22.0068
2026-06-09 22:00:00,159,2,SEG-I,176.094,175.9814,36.857,35.737,22.0068
2026-06-09 22:00:00,159,2,SEG-J,176.1013,176.1454,35.287,34.444,22.0068
2026-06-09 22:00:00,159,2,SEG-K,176.1002,175.9533,34.155,32.838,22.0068
2026-06-09 22:00:00,159,2,SEG-L,176.0498,175.9512,32.832,31.962,22.0068
2026-06-09 22:00:00,159,2,SEG-M,176.0774,176.0383,31.202,30.378,22.0068
2026-06-09 22:00:00,159,2,SEG-N,176.0777,176.0968,29.83,28.89,22.0068
2026-06-09 22:00:00,159,2,SEG-O,176.1441,176.1605,28.163,27.585,22.0068
2026-06-09 22:00:00,159,2,SEG-P,175.9637,176.0101,27.185,25.943,22.0068
2026-06-09 22:00:00,159,2,SEG-Q,175.9473,176.1492,25.443,24.808,22.0068
2026-06-09 22:00:00,159,2,SEG-R,176.0112,176.0032,24.214,23.184,22.0068
2026-06-09 22:00:00,159,2,SEG-S,176.0016,175.9586,22.81,21.994,22.0068
2026-06-09 22:00:00,159,2,SEG-T,176.1108,176.04,21.494,20.694,22.0068
2026-06-10 06:00:00,160,0,SEG-A,237.4205,237.5219,48.22,46.989,29.6787
2026-06-10 06:00:00,160,0,SEG-B,237.5656,236.9624,46.564,45.29,29.6277
2026-06-10 06:00:00,160,0,SEG-C,236.9943,236.8953,45.39,44.465,29.6277
2026-06-10 06:00:00,160,0,SEG-D,236.7114,236.0926,43.676,42.744,29.5153
2026-06-10 06:00:00,160,0,SEG-E,235.9872,236.2878,42.509,41.501,29.5153
2026-06-10 06:00:00,160,0,SEG-F,236.2334,236.1722,40.915,40.276,29.5153
2026-06-10 06:00:00,160,0,SEG-G,236.1373,235.9937,39.608,38.498,29.5153
2026-06-10 06:00:00,160,0,SEG-H,236.1143,236.0069,38.37,37.425,29.5153
2026-06-10 06:00:00,160,0,SEG-I,236.2853,236.0832,36.941,35.815,29.5153
2026-06-10 06:00:00,160,0,SEG-J,236.0797,236.2799,35.436,34.54,29.5153
2026-06-10 06:00:00,160,0,SEG-K,236.2822,236.0121,33.969,33.131,29.5153
2026-06-10 06:00:00,160,0,SEG-L,236.1807,235.8655,32.725,31.83,29.5153
2026-06-10 06:00:00,160,0,SEG-M,236.2182,236.2129,31.462,30.247,29.5153
2026-06-10 06:00:00,160,0,SEG-N,236.1859,236.1224,29.915,28.957,29.5153
2026-06-10 06:00:00,160,0,SEG-O,236.122,236.2135,28.287,27.452,29.5153
2026-06-10 06:00:00,160,0,SEG-P,236.1036,236.2399,27.171,26.185,29.5153
2026-06-10 06:00:00,160,0,SEG-Q,236.1617,236.0855,25.502,24.758,29.5153
2026-06-10 06:00:00,160,0,SEG-R,236.1443,236.2018,24.207,23.266,29.5153
2026-06-10 06:00:00,160,0,SEG-S,236.1888,236.0616,22.977,21.922,29.5153
2026-06-10 06:00:00,160,0,SEG-T,236.0578,236.2995,21.295,20.529,29.5153
2026-06-10 14:00:00,160,1,SEG-A,321.6249,321.7081,48.066,47.081,40.2027
2026-06-10 14:00:00,160,1,SEG-B,321.6192,320.9356,46.411,45.251,40.1397
2026-06-10 14:00:00,160,1,SEG-C,321.0218,321.4622,45.246,44.271,40.1397
2026-06-10 14:00:00,160,1,SEG-D,321.2433,320.1323,43.883,42.769,40.0008
2026-06-10 14:00:00,160,1,SEG-E,320.105,319.752,42.367,41.558,40.0008
2026-06-10 14:00:00,160,1,SEG-F,320.1324,320.1377,40.883,39.815,40.0008
2026-06-10 14:00:00,160,1,SEG-G,319.7529,320.0375,39.395,38.636,40.0008
2026-06-10 14:00:00,160,1,SEG-H,320.0308,319.8566,38.082,37.315,40.0008
2026-06-10 14:00:00,160,1,SEG-I,320.12,320.0519,36.864,35.981,40.0008
2026-06-10 14:00:00,160,1,SEG-J,319.8643,320.0426,35.537,34.678,40.0008
2026-06-10 14:00:00,160,1,SEG-K,319.9684,319.8579,34.006,33.171,40.0008
2026-06-10 14:00:00,160,1,SEG-L,320.0456,320.1541,32.651,31.58,40.0008
2026-06-10 14:00:00,160,1,SEG-M,320.0367,320.2939,31.312,30.479,40.0008
2026-06-10 14:00:00,160,1,SEG-N,320.0171,319.8621,29.806,28.978,40.0008
2026-06-10 14:00:00,160,1,SEG-O,319.97,320.144,28.486,27.396,40.0008
2026-06-10 14:00:00,160,1,SEG-P,320.145,319.8815,27.102,26.274,40.0008
2026-06-10 14:00:00,160,1,SEG-Q,319.7527,320.3762,25.671,24.737,40.0008
2026-06-10 14:00:00,160,1,SEG-R,320.1795,319.8886,24.282,23.326,40.0008
2026-06-10 14:00:00,160,1,SEG-S,319.9411,319.745,22.798,21.938,40.0008
2026-06-10 14:00:00,160,1,SEG-T,320.0743,320.0625,21.359,20.705,40.0008
2026-06-10 22:00:00,160,2,SEG-A,162.9211,162.933,48.06,47.324,20.3721
2026-06-10 22:00:00,160,2,SEG-B,162.9881,162.8034,46.562,45.299,20.3361
2026-06-10 22:00:00,160,2,SEG-C,162.701,162.6943,45.211,44.403,20.3361
2026-06-10 22:00:00,160,2,SEG-D,162.7251,161.9893,43.852,42.531,20.2567
2026-06-10 22:00:00,160,2,SEG-E,161.9776,162.0654,42.454,41.58,20.2567
2026-06-10 22:00:00,160,2,SEG-F,161.9819,162.0551,41.06,40.034,20.2567
2026-06-10 22:00:00,160,2,SEG-G,161.8925,162.0605,39.871,38.801,20.2567
2026-06-10 22:00:00,160,2,SEG-H,162.0037,162.0441,38.275,37.529,20.2567
2026-06-10 22:00:00,160,2,SEG-I,162.0092,162.2085,36.807,35.868,20.2567
2026-06-10 22:00:00,160,2,SEG-J,162.0524,161.996,35.378,34.437,20.2567
2026-06-10 22:00:00,160,2,SEG-K,162.0778,162.0172,34.072,32.944,20.2567
2026-06-10 22:00:00,160,2,SEG-L,162.0184,161.9959,32.484,31.631,20.2567
2026-06-10 22:00:00,160,2,SEG-M,162.1416,162.0289,31.288,30.067,20.2567
2026-06-10 22:00:00,160,2,SEG-N,162.034,162.0822,29.998,28.948,20.2567
2026-06-10 22:00:00,160,2,SEG-O,162.0818,162.2488,28.555,27.581,20.2567
2026-06-10 22:00:00,160,2,SEG-P,162.1248,162.1082,27.025,26.253,20.2567
2026-06-10 22:00:00,160,2,SEG-Q,162.0555,161.9148,25.647,24.943,20.2567
2026-06-10 22:00:00,160,2,SEG-R,162.1083,162.0215,24.359,23.511,20.2567
2026-06-10 22:00:00,160,2,SEG-S,162.0505,162.0785,22.668,21.877,20.2567
2026-06-10 22:00:00,160,2,SEG-T,161.9494,162.0369,21.359,20.536,20.2567
2026-06-11 06:00:00,161,0,SEG-A,215.3599,215.4544,48.091,47.265,26.9261
2026-06-11 06:00:00,161,0,SEG-B,215.2711,214.8503,46.661,45.525,26.8751
2026-06-11 06:00:00,161,0,SEG-C,214.9654,214.9044,45.186,44.384,26.8751
2026-06-11 06:00:00,161,0,SEG-D,214.9091,214.1813,43.914,42.705,26.7608
2026-06-11 06:00:00,161,0,SEG-E,214.1494,214.1281,42.342,41.602,26.7608
2026-06-11 06:00:00,161,0,SEG-F,213.9331,214.0099,41.256,40.199,26.7608
2026-06-11 06:00:00,161,0,SEG-G,214.0413,214.0506,39.637,38.527,26.7608
2026-06-11 06:00:00,161,0,SEG-H,214.2347,213.9482,38.203,37.403,26.7608
2026-06-11 06:00:00,161,0,SEG-I,213.9858,213.9158,36.855,36.154,26.7608
2026-06-11 06:00:00,161,0,SEG-J,214.2362,214.0557,35.43,34.416,26.7608
2026-06-11 06:00:00,161,0,SEG-K,213.9895,214.0922,33.912,33.132,26.7608
2026-06-11 06:00:00,161,0,SEG-L,214.1038,214.0883,32.481,31.747,26.7608
2026-06-11 06:00:00,161,0,SEG-M,214.0388,214.0022,31.203,30.166,26.7608
2026-06-11 06:00:00,161,0,SEG-N,213.9707,214.0422,29.765,28.905,26.7608
2026-06-11 06:00:00,161,0,SEG-O,214.0775,214.1999,28.331,27.801,26.7608
2026-06-11 06:00:00,161,0,SEG-P,214.004,214.161,27.089,26.122,26.7608
2026-06-11 06:00:00,161,0,SEG-Q,213.9681,214.1012,25.477,24.717,26.7608
2026-06-11 06:00:00,161,0,SEG-R,214.0561,213.9702,24.284,23.595,26.7608
2026-06-11 06:00:00,161,0,SEG-S,214.116,214.1384,22.806,21.964,26.7608
2026-06-11 06:00:00,161,0,SEG-T,214.0645,213.9003,21.395,20.665,26.7608
2026-06-11 14:00:00,161,1,SEG-A,264.8761,264.5691,47.955,46.999,33.0946
2026-06-11 14:00:00,161,1,SEG-B,264.6286,264.1254,46.789,45.431,33.0316
2026-06-11 14:00:00,161,1,SEG-C,264.1783,264.3189,45.188,44.302,33.0316
2026-06-11 14:00:00,161,1,SEG-D,264.1795,263.1254,43.817,42.633,32.8903
2026-06-11 14:00:00,161,1,SEG-E,263.2708,263.0806,42.608,41.462,32.8903
2026-06-11 14:00:00,161,1,SEG-F,263.2779,263.249,41.047,40.239,32.8903
2026-06-11 14:00:00,161,1,SEG-G,263.1686,263.0303,39.688,38.88,32.8903
2026-06-11 14:00:00,161,1,SEG-H,262.957,263.1229,38.327,37.418,32.8903
2026-06-11 14:00:00,161,1,SEG-I,262.9024,263.0881,36.76,35.842,32.8903
2026-06-11 14:00:00,161,1,SEG-J,263.0747,262.9768,35.407,34.368,32.8903
2026-06-11 14:00:00,161,1,SEG-K,262.8943,263.3287,34.222,33.355,32.8903
2026-06-11 14:00:00,161,1,SEG-L,263.2947,263.0616,32.879,31.778,32.8903
2026-06-11 14:00:00,161,1,SEG-M,262.9912,263.1473,31.018,30.527,32.8903
2026-06-11 14:00:00,161,1,SEG-N,263.387,263.2694,29.907,28.81,32.8903
2026-06-11 14:00:00,161,1,SEG-O,263.1151,263.2215,28.394,27.459,32.8903
2026-06-11 14:00:00,161,1,SEG-P,263.1466,263.0282,26.872,26.126,32.8903
2026-06-11 14:00:00,161,1,SEG-Q,263.2673,263.2758,25.708,24.667,32.8903
2026-06-11 14:00:00,161,1,SEG-R,262.9065,263.1944,23.956,23.337,32.8903
2026-06-11 14:00:00,161,1,SEG-S,263.0751,263.1221,22.768,21.811,32.8903
2026-06-11 14:00:00,161,1,SEG-T,263.0195,263.1075,21.507,20.406,32.8903
2026-06-11 22:00:00,161,2,SEG-A,157.3456,157.245,47.774,47.08,19.6667
2026-06-11 22:00:00,161,2,SEG-B,157.4076,156.99,46.27,45.197,19.6307
2026-06-11 22:00:00,161,2,SEG-C,157.1003,156.9905,45.345,44.551,19.6307
2026-06-11 22:00:00,161,2,SEG-D,156.9986,156.4731,43.733,42.445,19.5499
2026-06-11 22:00:00,161,2,SEG-E,156.3879,156.4853,42.521,41.303,19.5499
2026-06-11 22:00:00,161,2,SEG-F,156.3953,156.4147,40.824,40.221,19.5499
2026-06-11 22:00:00,161,2,SEG-G,156.4069,156.4967,39.472,38.727,19.5499
2026-06-11 22:00:00,161,2,SEG-H,156.4245,156.3351,37.931,37.312,19.5499
2026-06-11 22:00:00,161,2,SEG-I,156.4345,156.4255,36.547,36.036,19.5499
2026-06-11 22:00:00,161,2,SEG-J,156.3647,156.432,35.275,34.63,19.5499
2026-06-11 22:00:00,161,2,SEG-K,156.3687,156.4386,34.201,33.06,19.5499
2026-06-11 22:00:00,161,2,SEG-L,156.4406,156.4108,32.764,31.946,19.5499
2026-06-11 22:00:00,161,2,SEG-M,156.4112,156.4452,31.391,30.435,19.5499
2026-06-11 22:00:00,161,2,SEG-N,156.3553,156.433,29.688,29.009,19.5499
2026-06-11 22:00:00,161,2,SEG-O,156.4835,156.5219,28.443,27.457,19.5499
2026-06-11 22:00:00,161,2,SEG-P,156.3499,156.3631,27.129,26.139,19.5499
2026-06-11 22:00:00,161,2,SEG-Q,156.3858,156.4294,25.767,24.867,19.5499
2026-06-11 22:00:00,161,2,SEG-R,156.3395,156.4019,24.023,23.345,19.5499
2026-06-11 22:00:00,161,2,SEG-S,156.4019,156.3522,22.939,22.133,19.5499
2026-06-11 22:00:00,161,2,SEG-T,156.3908,156.4177,21.572,20.512,19.5499
2026-06-12 06:00:00,162,0,SEG-A,309.5501,309.7112,48.048,47.058,38.6942
2026-06-12 06:00:00,162,0,SEG-B,309.5833,309.2321,46.512,45.587,38.6432
2026-06-12 06:00:00,162,0,SEG-C,309.2523,309.1582,45.245,44.319,38.6432
2026-06-12 06:00:00,162,0,SEG-D,309.1045,308.1475,43.846,42.477,38.5268
2026-06-12 06:00:00,162,0,SEG-E,308.18,308.4109,42.386,41.692,38.5268
2026-06-12 06:00:00,162,0,SEG-F,308.3286,308.3635,40.983,40.233,38.5268
2026-06-12 06:00:00,162,0,SEG-G,308.1314,308.225,39.608,38.632,38.5268
2026-06-12 06:00:00,162,0,SEG-H,308.0954,308.383,38.26,37.403,38.5268
2026-06-12 06:00:00,162,0,SEG-I,308.3041,308.3961,36.669,35.946,38.5268
2026-06-12 06:00:00,162,0,SEG-J,308.3557,308.0957,35.277,34.698,38.5268
2026-06-12 06:00:00,162,0,SEG-K,308.1772,308.0407,34.447,33.157,38.5268
2026-06-12 06:00:00,162,0,SEG-L,308.1028,308.396,32.625,31.591,38.5268
2026-06-12 06:00:00,162,0,SEG-M,308.2094,308.2745,31.235,30.293,38.5268
2026-06-12 06:00:00,162,0,SEG-N,308.18,308.2318,29.965,29.03,38.5268
2026-06-12 06:00:00,162,0,SEG-O,308.1581,308.0316,28.246,27.715,38.5268
2026-06-12 06:00:00,162,0,SEG-P,308.006,308.2043,27.13,26.221,38.5268
2026-06-12 06:00:00,162,0,SEG-Q,308.0409,308.1485,25.476,24.767,38.5268
2026-06-12 06:00:00,162,0,SEG-R,308.3976,308.0681,24.206,23.466,38.5268
2026-06-12 06:00:00,162,0,SEG-S,308.3038,308.089,22.768,22.201,38.5268
2026-06-12 06:00:00,162,0,SEG-T,308.3287,308.073,21.497,20.333,38.5268
2026-06-12 14:00:00,162,1,SEG-A,255.4098,255.6077,48.1,47.011,31.9381
2026-06-12 14:00:00,162,1,SEG-B,255.5082,255.0186,46.577,45.385,31.8751
2026-06-12 14:00:00,162,1,SEG-C,255.0685,255.0322,45.113,44.363,31.8751
2026-06-12 14:00:00,162,1,SEG-D,255.1694,254.0234,43.971,42.625,31.7314
2026-06-12 14:00:00,162,1,SEG-E,253.7244,254.0536,42.365,41.522,31.7314
2026-06-12 14:00:00,162,1,SEG-F,253.9426,253.9018,41.069,40.014,31.7314
2026-06-12 14:00:00,162,1,SEG-G,253.9857,253.9226,39.478,38.733,31.7314
2026-06-12 14:00:00,162,1,SEG-H,253.8732,253.8165,38.255,37.259,31.7314
2026-06-12 14:00:00,162,1,SEG-I,253.73,253.8263,36.76,35.994,31.7314
2026-06-12 14:00:00,162,1,SEG-J,253.9499,253.7817,35.263,34.603,31.7314
2026-06-12 14:00:00,162,1,SEG-K,253.8045,254.0311,33.878,33.08,31.7314
2026-06-12 14:00:00,162,1,SEG-L,253.9665,253.9512,32.38,31.637,31.7314
2026-06-12 14:00:00,162,1,SEG-M,253.94,253.9584,31.299,30.416,31.7314
2026-06-12 14:00:00,162,1,SEG-N,253.7413,253.8661,29.761,28.877,31.7314
2026-06-12 14:00:00,162,1,SEG-O,253.6979,253.9001,28.452,27.657,31.7314
2026-06-12 14:00:00,162,1,SEG-P,253.875,253.8227,26.724,26.307,31.7314
2026-06-12 14:00:00,162,1,SEG-Q,254.0111,253.8142,25.683,24.514,31.7314
2026-06-12 14:00:00,162,1,SEG-R,253.9525,253.8246,24.031,23.257,31.7314
2026-06-12 14:00:00,162,1,SEG-S,254.003,253.7818,22.808,22.088,31.7314
2026-06-12 14:00:00,162,1,SEG-T,253.8429,253.8901,21.246,20.419,31.7314
2026-06-12 22:00:00,162,2,SEG-A,172.0734,172.1422,47.888,47.068,21.5096
2026-06-12 22:00:00,162,2,SEG-B,172.1328,171.869,46.579,45.486,21.4736
2026-06-12 22:00:00,162,2,SEG-C,171.7151,171.8534,45.222,44.048,21.4736
2026-06-12 22:00:00,162,2,SEG-D,171.8376,171.1746,43.61,42.511,21.3915
2026-06-12 22:00:00,162,2,SEG-E,171.1465,171.2473,42.263,41.585,21.3915
2026-06-12 22:00:00,162,2,SEG-F,171.0638,171.1104,41.187,40.309,21.3915
2026-06-12 22:00:00,162,2,SEG-G,171.105,171.0573,39.518,38.698,21.3915
2026-06-12 22:00:00,162,2,SEG-H,171.0633,171.0927,38.302,37.383,21.3915
2026-06-12 22:00:00,162,2,SEG-I,171.2762,171.2231,36.842,36.114,21.3915
2026-06-12 22:00:00,162,2,SEG-J,171.0974,171.0889,35.457,34.56,21.3915
2026-06-12 22:00:00,162,2,SEG-K,171.1063,171.1066,34.045,33.295,21.3915
2026-06-12 22:00:00,162,2,SEG-L,171.066,171.0129,32.452,31.854,21.3915
2026-06-12 22:00:00,162,2,SEG-M,171.1851,171.1016,31.323,30.124,21.3915
2026-06-12 22:00:00,162,2,SEG-N,171.0304,171.2851,29.619,28.754,21.3915
2026-06-12 22:00:00,162,2,SEG-O,171.0608,171.117,28.345,27.841,21.3915
2026-06-12 22:00:00,162,2,SEG-P,171.1932,171.134,27.046,26.136,21.3915
2026-06-12 22:00:00,162,2,SEG-Q,171.105,171.1015,25.449,24.597,21.3915
2026-06-12 22:00:00,162,2,SEG-R,171.1935,171.1717,24.15,23.199,21.3915
2026-06-12 22:00:00,162,2,SEG-S,170.9834,171.2152,22.758,21.792,21.3915
2026-06-12 22:00:00,162,2,SEG-T,171.0242,171.0789,21.382,20.57,21.3915
2026-06-13 06:00:00,163,0,SEG-A,248.9646,248.6878,47.926,47.105,31.1053
2026-06-13 06:00:00,163,0,SEG-B,248.9389,248.2682,46.546,45.359,31.0543
2026-06-13 06:00:00,163,0,SEG-C,248.5837,248.3585,45.11,44.346,31.0543
2026-06-13 06:00:00,163,0,SEG-D,248.5346,247.5598,43.734,42.568,30.936
2026-06-13 06:00:00,163,0,SEG-E,247.518,247.3982,42.273,41.641,30.936
2026-06-13 06:00:00,163,0,SEG-F,247.5684,247.444,41.048,40.122,30.936
2026-06-13 06:00:00,163,0,SEG-G,247.5096,247.5378,39.766,38.54,30.936
2026-06-13 06:00:00,163,0,SEG-H,247.6035,247.5317,38.004,37.184,30.936
2026-06-13 06:00:00,163,0,SEG-I,247.62,247.3784,36.727,35.962,30.936
2026-06-13 06:00:00,163,0,SEG-J,247.6044,247.4484,35.139,34.559,30.936
2026-06-13 06:00:00,163,0,SEG-K,247.4451,247.5652,33.946,33.226,30.936
2026-06-13 06:00:00,163,0,SEG-L,247.5943,247.5338,32.572,31.695,30.936
2026-06-13 06:00:00,163,0,SEG-M,247.5431,247.4459,31.316,30.439,30.936
2026-06-13 06:00:00,163,0,SEG-N,247.3983,247.3973,29.654,28.733,30.936
2026-06-13 06:00:00,163,0,SEG-O,247.5575,247.5382,28.407,27.472,30.936
2026-06-13 06:00:00,163,0,SEG-P,247.756,247.2857,27.104,26.216,30.936
2026-06-13 06:00:00,163,0,SEG-Q,247.4849,247.3362,25.68,24.696,30.936
2026-06-13 06:00:00,163,0,SEG-R,247.467,247.4337,24.464,23.545,30.936
2026-06-13 06:00:00,163,0,SEG-S,247.3515,247.4068,22.782,21.924,30.936
2026-06-13 06:00:00,163,0,SEG-T,247.3917,247.5266,21.579,20.737,30.936
2026-06-13 14:00:00,163,1,SEG-A,282.2793,282.2164,48.042,47.131,35.2795
2026-06-13 14:00:00,163,1,SEG-B,282.3875,281.8169,46.724,45.454,35.2165
2026-06-13 14:00:00,163,1,SEG-C,281.7701,281.8685,45.202,44.202,35.2165
2026-06-13 14:00:00,163,1,SEG-D,281.7985,280.6446,43.881,42.711,35.0703
2026-06-13 14:00:00,163,1,SEG-E,280.4953,280.5356,42.377,41.515,35.0703
2026-06-13 14:00:00,163,1,SEG-F,280.5193,280.6253,41.191,40.135,35.0703
2026-06-13 14:00:00,163,1,SEG-G,280.5715,280.6023,39.404,38.645,35.0703
2026-06-13 14:00:00,163,1,SEG-H,280.4564,280.724,38.43,37.539,35.0703
2026-06-13 14:00:00,163,1,SEG-I,280.8784,280.4757,36.924,35.769,35.0703
2026-06-13 14:00:00,163,1,SEG-J,280.5541,280.7794,35.646,34.529,35.0703
2026-06-13 14:00:00,163,1,SEG-K,280.8283,280.4881,34.307,33.068,35.0703
2026-06-13 14:00:00,163,1,SEG-L,280.6464,280.6509,32.717,31.578,35.0703
2026-06-13 14:00:00,163,1,SEG-M,280.7412,280.545,31.341,30.471,35.0703
2026-06-13 14:00:00,163,1,SEG-N,280.4534,280.8424,29.874,28.974,35.0703
2026-06-13 14:00:00,163,1,SEG-O,280.5604,280.294,28.527,27.559,35.0703
2026-06-13 14:00:00,163,1,SEG-P,280.6232,280.464,26.945,25.95,35.0703
2026-06-13 14:00:00,163,1,SEG-Q,280.6074,280.6031,25.622,24.905,35.0703
2026-06-13 14:00:00,163,1,SEG-R,280.527,280.5273,23.976,23.185,35.0703
2026-06-13 14:00:00,163,1,SEG-S,280.6247,280.3522,23.074,22.045,35.0703
2026-06-13 14:00:00,163,1,SEG-T,280.6158,280.5854,21.684,20.533,35.0703
2026-06-13 22:00:00,163,2,SEG-A,138.4439,138.3847,47.849,47.048,17.3073
2026-06-13 22:00:00,163,2,SEG-B,138.509,138.2313,46.74,45.035,17.2713
2026-06-13 22:00:00,163,2,SEG-C,138.1303,138.0823,45.282,44.473,17.2713
2026-06-13 22:00:00,163,2,SEG-D,138.1403,137.5466,43.817,42.573,17.1878
2026-06-13 22:00:00,163,2,SEG-E,137.5222,137.5501,42.381,41.596,17.1878
2026-06-13 22:00:00,163,2,SEG-F,137.4616,137.5349,40.818,40.236,17.1878
2026-06-13 22:00:00,163,2,SEG-G,137.5443,137.5597,39.586,38.749,17.1878
2026-06-13 22:00:00,163,2,SEG-H,137.5633,137.5032,38.45,37.284,17.1878
2026-06-13 22:00:00,163,2,SEG-I,137.5378,137.5181,36.906,35.832,17.1878
2026-06-13 22:00:00,163,2,SEG-J,137.4871,137.4884,35.399,34.246,17.1878
2026-06-13 22:00:00,163,2,SEG-K,137.5694,137.5,34.218,33.12,17.1878
2026-06-13 22:00:00,163,2,SEG-L,137.5047,137.461,32.558,31.696,17.1878
2026-06-13 22:00:00,163,2,SEG-M,137.5685,137.4348,31.393,30.018,17.1878
2026-06-13 22:00:00,163,2,SEG-N,137.4762,137.5052,29.628,29.001,17.1878
2026-06-13 22:00:00,163,2,SEG-O,137.4507,137.4891,28.369,27.501,17.1878
2026-06-13 22:00:00,163,2,SEG-P,137.4061,137.5712,27.18,26.448,17.1878
2026-06-13 22:00:00,163,2,SEG-Q,137.4415,137.583,25.473,24.581,17.1878
2026-06-13 22:00:00,163,2,SEG-R,137.4444,137.3725,24.217,23.405,17.1878
2026-06-13 22:00:00,163,2,SEG-S,137.3967,137.4477,22.956,22.012,17.1878
2026-06-13 22:00:00,163,2,SEG-T,137.4815,137.4818,21.452,20.504,17.1878
2026-06-14 06:00:00,164,0,SEG-A,268.7542,268.8507,47.739,47.217,33.6134
2026-06-14 06:00:00,164,0,SEG-B,268.9473,268.4985,46.591,45.515,33.5624
2026-06-14 06:00:00,164,0,SEG-C,268.6179,268.479,45.144,44.465,33.5624
2026-06-14 06:00:00,164,0,SEG-D,268.4386,267.4985,43.733,42.572,33.4421
2026-06-14 06:00:00,164,0,SEG-E,267.43,267.3778,42.36,41.55,33.4421
2026-06-14 06:00:00,164,0,SEG-F,267.6992,267.7518,41.059,40.127,33.4421
2026-06-14 06:00:00,164,0,SEG-G,267.5506,267.6108,39.34,38.72,33.4421
2026-06-14 06:00:00,164,0,SEG-H,267.5769,267.5521,38.053,37.267,33.4421
2026-06-14 06:00:00,164,0,SEG-I,267.4814,267.5219,36.801,35.993,33.4421
2026-06-14 06:00:00,164,0,SEG-J,267.5959,267.4413,35.394,34.493,33.4421
2026-06-14 06:00:00,164,0,SEG-K,267.5326,267.5954,33.853,33.425,33.4421
2026-06-14 06:00:00,164,0,SEG-L,267.5724,267.4703,32.739,31.67,33.4421
2026-06-14 06:00:00,164,0,SEG-M,267.6188,267.5213,31.208,30.272,33.4421
2026-06-14 06:00:00,164,0,SEG-N,267.3662,267.6702,29.925,28.82,33.4421
2026-06-14 06:00:00,164,0,SEG-O,267.6176,267.6574,28.53,27.569,33.4421
2026-06-14 06:00:00,164,0,SEG-P,267.6188,267.4397,26.81,26.019,33.4421
2026-06-14 06:00:00,164,0,SEG-Q,267.6176,267.6882,25.542,24.596,33.4421
2026-06-14 06:00:00,164,0,SEG-R,267.6757,267.6598,24.219,23.378,33.4421
2026-06-14 06:00:00,164,0,SEG-S,267.494,267.2725,22.795,22.004,33.4421
2026-06-14 06:00:00,164,0,SEG-T,267.681,267.5384,21.461,20.604,33.4421
2026-06-14 14:00:00,164,1,SEG-A,334.6928,334.5275,48.041,47.176,41.835
2026-06-14 14:00:00,164,1,SEG-B,334.8037,334.023,46.758,45.412,41.772
2026-06-14 14:00:00,164,1,SEG-C,334.0021,334.1845,45.323,44.327,41.772
2026-06-14 14:00:00,164,1,SEG-D,334.1397,333.0938,43.841,42.708,41.6234
2026-06-14 14:00:00,164,1,SEG-E,332.844,333.0386,42.292,41.726,41.6234
2026-06-14 14:00:00,164,1,SEG-F,333.1053,332.9005,40.984,40.255,41.6234
2026-06-14 14:00:00,164,1,SEG-G,333.3571,333.1344,39.642,38.885,41.6234
2026-06-14 14:00:00,164,1,SEG-H,332.8857,332.9342,38.298,37.142,41.6234
2026-06-14 14:00:00,164,1,SEG-I,332.9594,332.9769,36.831,35.824,41.6234
2026-06-14 14:00:00,164,1,SEG-J,333.0821,332.9111,35.572,34.431,41.6234
2026-06-14 14:00:00,164,1,SEG-K,332.9027,332.9254,34.076,33.236,41.6234
2026-06-14 14:00:00,164,1,SEG-L,333.0568,332.9594,32.731,31.77,41.6234
2026-06-14 14:00:00,164,1,SEG-M,333.2125,333.2723,31.217,30.411,41.6234
2026-06-14 14:00:00,164,1,SEG-N,332.7264,333.1853,29.772,28.766,41.6234
2026-06-14 14:00:00,164,1,SEG-O,332.9244,332.8508,28.403,27.558,41.6234
2026-06-14 14:00:00,164,1,SEG-P,333.1598,332.912,27.164,26.091,41.6234
2026-06-14 14:00:00,164,1,SEG-Q,333.2195,332.7823,25.444,24.645,41.6234
2026-06-14 14:00:00,164,1,SEG-R,333.0584,333.087,24.184,23.414,41.6234
2026-06-14 14:00:00,164,1,SEG-S,333.0765,333.0039,22.859,22.027,41.6234
2026-06-14 14:00:00,164,1,SEG-T,332.827,333.2713,21.525,20.738,41.6234
2026-06-14 22:00:00,164,2,SEG-A,137.1995,137.2228,48.137,47.082,17.1585
2026-06-14 22:00:00,164,2,SEG-B,137.2248,136.9574,46.887,45.334,17.1225
2026-06-14 22:00:00,164,2,SEG-C,136.9631,137.0202,45.137,44.271,17.1225
2026-06-14 22:00:00,164,2,SEG-D,136.9609,136.1887,43.976,42.73,17.0375
2026-06-14 22:00:00,164,2,SEG-E,136.3023,136.3699,42.341,41.666,17.0375
2026-06-14 22:00:00,164,2,SEG-F,136.3537,136.1971,40.862,40.204,17.0375
2026-06-14 22:00:00,164,2,SEG-G,136.2856,136.2862,39.595,38.895,17.0375
2026-06-14 22:00:00,164,2,SEG-H,136.3422,136.3043,38.322,37.386,17.0375
2026-06-14 22:00:00,164,2,SEG-I,136.2787,136.2675,36.791,35.871,17.0375
2026-06-14 22:00:00,164,2,SEG-J,136.3301,136.2719,35.316,34.48,17.0375
2026-06-14 22:00:00,164,2,SEG-K,136.3706,136.3148,34.018,33.078,17.0375
2026-06-14 22:00:00,164,2,SEG-L,136.2938,136.3566,32.736,31.774,17.0375
2026-06-14 22:00:00,164,2,SEG-M,136.411,136.3467,31.391,30.416,17.0375
2026-06-14 22:00:00,164,2,SEG-N,136.3539,136.285,29.533,28.725,17.0375
2026-06-14 22:00:00,164,2,SEG-O,136.2762,136.331,28.394,27.533,17.0375
2026-06-14 22:00:00,164,2,SEG-P,136.3439,136.3979,26.988,26.111,17.0375
2026-06-14 22:00:00,164,2,SEG-Q,136.2516,136.3428,25.694,24.652,17.0375
2026-06-14 22:00:00,164,2,SEG-R,136.298,136.2401,24.241,23.394,17.0375
2026-06-14 22:00:00,164,2,SEG-S,136.3367,136.1945,22.861,21.877,17.0375
2026-06-14 22:00:00,164,2,SEG-T,136.3299,136.2803,21.493,20.5,17.0375
2026-06-15 06:00:00,165,0,SEG-A,271.8715,271.7077,47.885,47.111,33.9702
2026-06-15 06:00:00,165,0,SEG-B,271.595,271.2237,46.563,45.421,33.9192
2026-06-15 06:00:00,165,0,SEG-C,271.2728,271.2279,45.149,44.31,33.9192
2026-06-15 06:00:00,165,0,SEG-D,271.0646,270.1423,43.818,42.58,33.7968
2026-06-15 06:00:00,165,0,SEG-E,270.3739,270.5261,42.596,41.378,33.7968
2026-06-15 06:00:00,165,0,SEG-F,270.549,270.1077,40.822,40.114,33.7968
2026-06-15 06:00:00,165,0,SEG-G,270.326,270.3753,39.649,38.763,33.7968
2026-06-15 06:00:00,165,0,SEG-H,270.29,270.2672,38.168,37.179,33.7968
2026-06-15 06:00:00,165,0,SEG-I,270.3764,270.2855,36.822,35.844,33.7968
2026-06-15 06:00:00,165,0,SEG-J,270.3879,270.2586,35.325,34.578,33.7968
2026-06-15 06:00:00,165,0,SEG-K,270.4731,270.2478,34.099,33.124,33.7968
2026-06-15 06:00:00,165,0,SEG-L,270.2665,270.3171,32.425,31.632,33.7968
2026-06-15 06:00:00,165,0,SEG-M,270.3503,270.4553,31.303,30.275,33.7968
2026-06-15 06:00:00,165,0,SEG-N,270.2526,270.131,29.828,29.063,33.7968
2026-06-15 06:00:00,165,0,SEG-O,270.3198,270.162,28.338,27.473,33.7968
2026-06-15 06:00:00,165,0,SEG-P,270.4448,270.5216,27.13,25.928,33.7968
2026-06-15 06:00:00,165,0,SEG-Q,270.4989,270.2805,25.469,24.716,33.7968
2026-06-15 06:00:00,165,0,SEG-R,270.6285,270.3838,24.357,23.344,33.7968
2026-06-15 06:00:00,165,0,SEG-S,270.4162,270.3407,22.763,21.936,33.7968
2026-06-15 06:00:00,165,0,SEG-T,270.4346,270.3794,21.398,20.468,33.7968
2026-06-15 14:00:00,165,1,SEG-A,294.1994,294.1466,47.866,47.11,36.7712
2026-06-15 14:00:00,165,1,SEG-B,294.0833,293.7401,46.798,45.488,36.7082
2026-06-15 14:00:00,165,1,SEG-C,293.5109,293.3833,45.213,44.305,36.7082
2026-06-15 14:00:00,165,1,SEG-D,293.3969,292.5116,43.97,42.422,36.557
2026-06-15 14:00:00,165,1,SEG-E,292.5278,292.4219,42.289,41.293,36.557
2026-06-15 14:00:00,165,1,SEG-F,292.5363,292.3919,41.056,39.783,36.557
2026-06-15 14:00:00,165,1,SEG-G,292.3617,292.2907,39.472,38.886,36.557
2026-06-15 14:00:00,165,1,SEG-H,292.5885,292.5251,38.382,37.298,36.557
2026-06-15 14:00:00,165,1,SEG-I,292.6689,292.427,36.869,35.885,36.557
2026-06-15 14:00:00,165,1,SEG-J,292.4869,292.3749,35.341,34.639,36.557
2026-06-15 14:00:00,165,1,SEG-K,292.4758,292.4932,33.797,33.179,36.557
2026-06-15 14:00:00,165,1,SEG-L,292.5164,292.4965,32.528,31.852,36.557
2026-06-15 14:00:00,165,1,SEG-M,292.5362,292.3727,31.337,30.359,36.557
2026-06-15 14:00:00,165,1,SEG-N,292.5792,292.4794,29.667,28.85,36.557
2026-06-15 14:00:00,165,1,SEG-O,292.4292,292.4766,28.565,27.392,36.557
2026-06-15 14:00:00,165,1,SEG-P,292.435,292.5993,27.115,25.985,36.557
2026-06-15 14:00:00,165,1,SEG-Q,292.3394,292.4,25.603,24.771,36.557
2026-06-15 14:00:00,165,1,SEG-R,292.4583,292.4331,24.266,23.501,36.557
2026-06-15 14:00:00,165,1,SEG-S,292.5993,292.5077,22.704,22.041,36.557
2026-06-15 14:00:00,165,1,SEG-T,292.6978,292.5257,21.247,20.547,36.557
2026-06-15 22:00:00,165,2,SEG-A,169.9634,170.188,48.112,47.0,21.2735
2026-06-15 22:00:00,165,2,SEG-B,170.2342,169.7499,46.837,45.318,21.2375
2026-06-15 22:00:00,165,2,SEG-C,169.9558,169.9016,45.122,44.244,21.2375
2026-06-15 22:00:00,165,2,SEG-D,169.8118,169.1009,43.613,42.731,21.1511
2026-06-15 22:00:00,165,2,SEG-E,169.0464,169.1303,42.448,41.51,21.1511
2026-06-15 22:00:00,165,2,SEG-F,169.1468,169.234,40.756,40.089,21.1511
2026-06-15 22:00:00,165,2,SEG-G,169.1528,169.1975,39.694,38.808,21.1511
2026-06-15 22:00:00,165,2,SEG-H,169.1819,169.1881,38.19,37.23,21.1511
2026-06-15 22:00:00,165,2,SEG-I,169.2803,169.2808,36.353,35.946,21.1511
2026-06-15 22:00:00,165,2,SEG-J,169.2552,169.2228,35.373,34.539,21.1511
2026-06-15 22:00:00,165,2,SEG-K,169.1995,169.1684,34.029,33.084,21.1511
2026-06-15 22:00:00,165,2,SEG-L,169.3085,169.2197,32.595,31.687,21.1511
2026-06-15 22:00:00,165,2,SEG-M,169.1897,169.2067,31.275,30.482,21.1511
2026-06-15 22:00:00,165,2,SEG-N,169.3656,169.2406,29.823,28.899,21.1511
2026-06-15 22:00:00,165,2,SEG-O,169.2345,169.303,28.299,27.337,21.1511
2026-06-15 22:00:00,165,2,SEG-P,169.2117,169.2207,26.963,26.248,21.1511
2026-06-15 22:00:00,165,2,SEG-Q,169.3589,169.1322,25.738,24.693,21.1511
2026-06-15 22:00:00,165,2,SEG-R,169.2424,169.3218,24.389,23.517,21.1511
2026-06-15 22:00:00,165,2,SEG-S,169.0563,169.3535,22.788,21.778,21.1511
2026-06-15 22:00:00,165,2,SEG-T,169.3234,169.1205,21.304,20.263,21.1511
2026-06-16 06:00:00,166,0,SEG-A,259.0913,258.8592,48.096,47.115,32.3834
2026-06-16 06:00:00,166,0,SEG-B,259.0035,258.747,46.671,45.2,32.3324
2026-06-16 06:00:00,166,0,SEG-C,258.7922,258.7126,44.99,44.527,32.3324
2026-06-16 06:00:00,166,0,SEG-D,258.6589,257.6493,43.933,42.504,32.2079
2026-06-16 06:00:00,166,0,SEG-E,257.5932,257.6953,42.534,41.635,32.2079
2026-06-16 06:00:00,166,0,SEG-F,257.2945,257.6085,41.142,40.124,32.2079
2026-06-16 06:00:00,166,0,SEG-G,257.7741,257.6382,39.744,38.828,32.2079
2026-06-16 06:00:00,166,0,SEG-H,257.5946,257.7154,38.148,37.247,32.2079
2026-06-16 06:00:00,166,0,SEG-I,257.6553,257.8455,36.93,35.69,32.2079
2026-06-16 06:00:00,166,0,SEG-J,257.6507,257.6383,35.666,34.528,32.2079
2026-06-16 06:00:00,166,0,SEG-K,257.7877,257.6182,33.929,33.171,32.2079
2026-06-16 06:00:00,166,0,SEG-L,257.6757,257.6149,32.721,31.639,32.2079
2026-06-16 06:00:00,166,0,SEG-M,257.6039,257.669,31.012,30.183,32.2079
2026-06-16 06:00:00,166,0,SEG-N,257.8003,257.6291,29.824,28.902,32.2079
2026-06-16 06:00:00,166,0,SEG-O,257.6332,257.7048,28.257,27.684,32.2079
2026-06-16 06:00:00,166,0,SEG-P,257.5418,257.7236,27.009,26.292,32.2079
2026-06-16 06:00:00,166,0,SEG-Q,257.7125,257.7237,25.782,24.813,32.2079
2026-06-16 06:00:00,166,0,SEG-R,257.7079,257.9118,24.132,23.379,32.2079
2026-06-16 06:00:00,166,0,SEG-S,257.6575,257.667,22.905,21.984,32.2079
2026-06-16 06:00:00,166,0,SEG-T,257.8057,257.8508,21.378,20.57,32.2079
2026-06-16 14:00:00,166,1,SEG-A,335.6668,336.2348,47.892,47.024,41.9835
2026-06-16 14:00:00,166,1,SEG-B,335.8721,335.4479,46.476,45.441,41.9205
2026-06-16 14:00:00,166,1,SEG-C,335.3706,335.2821,45.085,44.309,41.9205
2026-06-16 14:00:00,166,1,SEG-D,335.4591,333.9634,43.727,42.543,41.7668
2026-06-16 14:00:00,166,1,SEG-E,334.257,334.0793,42.734,41.479,41.7668
2026-06-16 14:00:00,166,1,SEG-F,333.6716,334.2012,41.046,40.088,41.7668
2026-06-16 14:00:00,166,1,SEG-G,334.1156,334.0058,39.423,38.786,41.7668
2026-06-16 14:00:00,166,1,SEG-H,334.3974,334.2235,38.046,37.593,41.7668
2026-06-16 14:00:00,166,1,SEG-I,334.1923,334.2513,36.414,35.839,41.7668
2026-06-16 14:00:00,166,1,SEG-J,333.9589,333.915,35.221,34.431,41.7668
2026-06-16 14:00:00,166,1,SEG-K,334.4272,333.9712,33.987,33.031,41.7668
2026-06-16 14:00:00,166,1,SEG-L,334.1787,334.0856,32.646,31.885,41.7668
2026-06-16 14:00:00,166,1,SEG-M,334.075,334.2606,31.085,30.421,41.7668
2026-06-16 14:00:00,166,1,SEG-N,333.976,333.7856,29.653,29.014,41.7668
2026-06-16 14:00:00,166,1,SEG-O,334.1799,334.2707,28.329,27.567,41.7668
2026-06-16 14:00:00,166,1,SEG-P,334.1607,334.0211,26.979,25.988,41.7668
2026-06-16 14:00:00,166,1,SEG-Q,334.3203,334.1588,25.714,24.694,41.7668
2026-06-16 14:00:00,166,1,SEG-R,334.1998,334.0284,24.292,23.281,41.7668
2026-06-16 14:00:00,166,1,SEG-S,334.2573,334.2899,22.754,21.986,41.7668
2026-06-16 14:00:00,166,1,SEG-T,334.0006,333.9899,21.523,20.683,41.7668
2026-06-16 22:00:00,166,2,SEG-A,181.2962,181.2468,47.945,47.014,22.6593
2026-06-16 22:00:00,166,2,SEG-B,181.2328,180.9676,46.556,45.268,22.6233
2026-06-16 22:00:00,166,2,SEG-C,181.0795,181.0909,45.032,44.48,22.6233
2026-06-16 22:00:00,166,2,SEG-D,180.9671,180.2284,43.545,42.739,22.5354
2026-06-16 22:00:00,166,2,SEG-E,180.3887,180.3463,42.48,41.697,22.5354
2026-06-16 22:00:00,166,2,SEG-F,180.3767,180.2594,41.033,40.3,22.5354
2026-06-16 22:00:00,166,2,SEG-G,180.1064,180.2147,39.743,38.815,22.5354
2026-06-16 22:00:00,166,2,SEG-H,180.3067,180.2776,38.487,37.456,22.5354
2026-06-16 22:00:00,166,2,SEG-I,180.2654,180.1764,36.805,35.725,22.5354
2026-06-16 22:00:00,166,2,SEG-J,180.2326,180.2962,35.212,34.576,22.5354
2026-06-16 22:00:00,166,2,SEG-K,180.21,180.2737,33.961,33.134,22.5354
2026-06-16 22:00:00,166,2,SEG-L,180.2514,180.4255,32.497,31.711,22.5354
2026-06-16 22:00:00,166,2,SEG-M,180.2996,180.1894,31.411,30.232,22.5354
2026-06-16 22:00:00,166,2,SEG-N,180.2554,180.3532,29.581,28.605,22.5354
2026-06-16 22:00:00,166,2,SEG-O,180.3539,180.3126,28.232,27.678,22.5354
2026-06-16 22:00:00,166,2,SEG-P,180.3402,180.372,27.183,26.363,22.5354
2026-06-16 22:00:00,166,2,SEG-Q,180.3692,180.337,25.611,24.978,22.5354
2026-06-16 22:00:00,166,2,SEG-R,180.3784,180.4012,24.298,23.186,22.5354
2026-06-16 22:00:00,166,2,SEG-S,180.2568,180.3716,22.712,22.005,22.5354
2026-06-16 22:00:00,166,2,SEG-T,180.2005,180.3985,21.265,20.501,22.5354
2026-06-17 06:00:00,167,0,SEG-A,246.6416,246.7315,48.082,47.02,30.8437
2026-06-17 06:00:00,167,0,SEG-B,246.7833,246.38,46.692,45.434,30.7927
2026-06-17 06:00:00,167,0,SEG-C,246.2945,246.259,45.299,44.591,30.7927
2026-06-17 06:00:00,167,0,SEG-D,246.3152,245.2619,43.783,42.766,30.6662
2026-06-17 06:00:00,167,0,SEG-E,245.4913,245.4513,42.394,41.62,30.6662
2026-06-17 06:00:00,167,0,SEG-F,245.4091,245.3771,40.95,39.957,30.6662
2026-06-17 06:00:00,167,0,SEG-G,245.3217,245.2741,39.725,38.719,30.6662
2026-06-17 06:00:00,167,0,SEG-H,245.404,245.2605,38.214,37.407,30.6662
2026-06-17 06:00:00,167,0,SEG-I,245.4014,245.2981,36.66,36.038,30.6662
2026-06-17 06:00:00,167,0,SEG-J,245.2814,245.2409,35.292,34.463,30.6662
2026-06-17 06:00:00,167,0,SEG-K,245.289,245.2715,33.892,33.21,30.6662
2026-06-17 06:00:00,167,0,SEG-L,245.1987,245.4757,32.622,31.684,30.6662
2026-06-17 06:00:00,167,0,SEG-M,245.2587,245.222,31.146,30.376,30.6662
2026-06-17 06:00:00,167,0,SEG-N,245.291,245.1856,29.902,28.915,30.6662
2026-06-17 06:00:00,167,0,SEG-O,245.2146,245.4803,28.217,27.626,30.6662
2026-06-17 06:00:00,167,0,SEG-P,245.152,245.2689,27.054,25.99,30.6662
2026-06-17 06:00:00,167,0,SEG-Q,245.3939,245.5063,25.498,24.897,30.6662
2026-06-17 06:00:00,167,0,SEG-R,245.3077,245.0822,24.247,23.414,30.6662
2026-06-17 06:00:00,167,0,SEG-S,245.07,245.3107,22.939,22.013,30.6662
2026-06-17 06:00:00,167,0,SEG-T,245.2787,245.2771,21.562,20.438,30.6662
2026-06-17 14:00:00,167,1,SEG-A,293.9808,294.035,48.018,47.328,36.76
2026-06-17 14:00:00,167,1,SEG-B,293.9538,293.6952,46.7,45.359,36.697
2026-06-17 14:00:00,167,1,SEG-C,293.7115,293.5793,45.072,44.192,36.697
2026-06-17 14:00:00,167,1,SEG-D,293.6496,292.4955,43.694,42.789,36.5407
2026-06-17 14:00:00,167,1,SEG-E,292.2807,292.2263,42.363,41.402,36.5407
2026-06-17 14:00:00,167,1,SEG-F,292.1609,292.1941,40.956,40.3,36.5407
2026-06-17 14:00:00,167,1,SEG-G,292.2917,292.535,39.487,38.801,36.5407
2026-06-17 14:00:00,167,1,SEG-H,292.4661,292.1986,38.044,37.259,36.5407
2026-06-17 14:00:00,167,1,SEG-I,292.44,292.4152,36.841,35.988,36.5407
2026-06-17 14:00:00,167,1,SEG-J,292.3118,292.3815,35.345,34.688,36.5407
2026-06-17 14:00:00,167,1,SEG-K,292.3847,292.0208,33.908,33.15,36.5407
2026-06-17 14:00:00,167,1,SEG-L,292.2258,292.1573,32.77,31.746,36.5407
2026-06-17 14:00:00,167,1,SEG-M,292.53,292.5149,31.291,30.158,36.5407
2026-06-17 14:00:00,167,1,SEG-N,292.2749,292.2906,29.861,29.318,36.5407
2026-06-17 14:00:00,167,1,SEG-O,292.2493,292.2254,28.538,27.504,36.5407
2026-06-17 14:00:00,167,1,SEG-P,292.5019,292.4583,26.991,26.32,36.5407
2026-06-17 14:00:00,167,1,SEG-Q,291.9606,292.286,25.435,24.92,36.5407
2026-06-17 14:00:00,167,1,SEG-R,292.2185,292.3558,24.187,23.246,36.5407
2026-06-17 14:00:00,167,1,SEG-S,292.4527,292.5073,22.791,22.046,36.5407
2026-06-17 14:00:00,167,1,SEG-T,292.3995,292.3838,21.279,20.46,36.5407
2026-06-17 22:00:00,167,2,SEG-A,181.6535,181.5979,48.133,47.031,22.6931
2026-06-17 22:00:00,167,2,SEG-B,181.4877,181.2618,46.339,45.429,22.6571
2026-06-17 22:00:00,167,2,SEG-C,181.2146,181.4527,45.336,44.3,22.6571
2026-06-17 22:00:00,167,2,SEG-D,181.2602,180.4608,43.818,42.752,22.5678
2026-06-17 22:00:00,167,2,SEG-E,180.6262,180.5595,42.227,41.444,22.5678
2026-06-17 22:00:00,167,2,SEG-F,180.5156,180.6262,41.088,40.105,22.5678
2026-06-17 22:00:00,167,2,SEG-G,180.5744,180.601,39.544,38.848,22.5678
2026-06-17 22:00:00,167,2,SEG-H,180.5866,180.6136,37.794,37.609,22.5678
2026-06-17 22:00:00,167,2,SEG-I,180.6242,180.5379,36.835,36.125,22.5678
2026-06-17 22:00:00,167,2,SEG-J,180.3959,180.5828,35.295,34.85,22.5678
2026-06-17 22:00:00,167,2,SEG-K,180.5583,180.5714,34.151,33.339,22.5678
2026-06-17 22:00:00,167,2,SEG-L,180.3894,180.3747,32.531,31.567,22.5678
2026-06-17 22:00:00,167,2,SEG-M,180.4479,180.6643,31.407,30.342,22.5678
2026-06-17 22:00:00,167,2,SEG-N,180.6527,180.4833,29.954,28.926,22.5678
2026-06-17 22:00:00,167,2,SEG-O,180.5913,180.616,28.381,27.404,22.5678
2026-06-17 22:00:00,167,2,SEG-P,180.543,180.4889,26.756,26.283,22.5678
2026-06-17 22:00:00,167,2,SEG-Q,180.4429,180.3574,25.486,24.786,22.5678
2026-06-17 22:00:00,167,2,SEG-R,180.3442,180.6841,24.271,23.434,22.5678
2026-06-17 22:00:00,167,2,SEG-S,180.5451,180.5683,22.818,21.978,22.5678
2026-06-17 22:00:00,167,2,SEG-T,180.4227,180.5865,21.497,20.639,22.5678
2026-06-18 06:00:00,168,0,SEG-A,217.0936,216.912,47.984,47.377,27.124
2026-06-18 06:00:00,168,0,SEG-B,217.0121,216.507,46.429,45.397,27.073
2026-06-18 06:00:00,168,0,SEG-C,216.6128,216.5125,45.49,44.28,27.073
2026-06-18 06:00:00,168,0,SEG-D,216.6583,215.4829,43.918,42.623,26.9444
2026-06-18 06:00:00,168,0,SEG-E,215.515,215.6481,42.523,41.624,26.9444
2026-06-18 06:00:00,168,0,SEG-F,215.448,215.5381,41.042,40.024,26.9444
2026-06-18 06:00:00,168,0,SEG-G,215.392,215.4596,39.494,38.686,26.9444
2026-06-18 06:00:00,168,0,SEG-H,215.5831,215.5508,38.105,37.3,26.9444
2026-06-18 06:00:00,168,0,SEG-I,215.5891,215.7193,36.949,35.873,26.9444
2026-06-18 06:00:00,168,0,SEG-J,215.5621,215.4764,35.452,34.278,26.9444
2026-06-18 06:00:00,168,0,SEG-K,215.5437,215.6079,34.182,33.306,26.9444
2026-06-18 06:00:00,168,0,SEG-L,215.3919,215.8186,32.63,31.858,26.9444
2026-06-18 06:00:00,168,0,SEG-M,215.5625,215.5832,31.293,30.387,26.9444
2026-06-18 06:00:00,168,0,SEG-N,215.6428,215.4849,30.018,28.926,26.9444
2026-06-18 06:00:00,168,0,SEG-O,215.601,215.3593,28.58,27.549,26.9444
2026-06-18 06:00:00,168,0,SEG-P,215.673,215.467,26.934,26.107,26.9444
2026-06-18 06:00:00,168,0,SEG-Q,215.5703,215.285,25.682,24.641,26.9444
2026-06-18 06:00:00,168,0,SEG-R,215.5832,215.5601,24.184,23.311,26.9444
2026-06-18 06:00:00,168,0,SEG-S,215.4541,215.5039,22.772,21.861,26.9444
2026-06-18 06:00:00,168,0,SEG-T,215.5672,215.7021,21.437,20.676,26.9444
2026-06-18 14:00:00,168,1,SEG-A,255.6825,255.4863,48.015,47.023,31.9517
2026-06-18 14:00:00,168,1,SEG-B,255.7568,255.2479,46.477,45.329,31.8887
2026-06-18 14:00:00,168,1,SEG-C,255.0558,255.1284,45.107,44.244,31.8887
2026-06-18 14:00:00,168,1,SEG-D,255.2111,253.9334,43.847,42.772,31.7298
2026-06-18 14:00:00,168,1,SEG-E,253.8754,254.0417,42.423,41.611,31.7298
2026-06-18 14:00:00,168,1,SEG-F,253.7912,253.689,41.121,40.081,31.7298
2026-06-18 14:00:00,168,1,SEG-G,253.7034,253.7346,39.571,38.83,31.7298
2026-06-18 14:00:00,168,1,SEG-H,254.0768,253.8278,37.99,37.151,31.7298
2026-06-18 14:00:00,168,1,SEG-I,253.8574,253.7428,36.614,35.953,31.7298
2026-06-18 14:00:00,168,1,SEG-J,253.7013,254.0702,35.469,34.557,31.7298
2026-06-18 14:00:00,168,1,SEG-K,253.8291,253.7379,33.774,33.15,31.7298
2026-06-18 14:00:00,168,1,SEG-L,253.6728,253.7565,32.822,31.6,31.7298
2026-06-18 14:00:00,168,1,SEG-M,253.786,253.9724,31.277,30.162,31.7298
2026-06-18 14:00:00,168,1,SEG-N,253.7471,254.1552,29.695,28.97,31.7298
2026-06-18 14:00:00,168,1,SEG-O,253.6545,253.8396,28.256,27.683,31.7298
2026-06-18 14:00:00,168,1,SEG-P,254.074,253.953,27.062,26.091,31.7298
2026-06-18 14:00:00,168,1,SEG-Q,253.9596,253.8595,25.612,24.822,31.7298
2026-06-18 14:00:00,168,1,SEG-R,253.8165,253.9329,23.956,23.31,31.7298
2026-06-18 14:00:00,168,1,SEG-S,253.8089,253.7639,22.756,21.843,31.7298
2026-06-18 14:00:00,168,1,SEG-T,253.8554,253.8126,21.166,20.433,31.7298
2026-06-18 22:00:00,168,2,SEG-A,131.9398,131.8693,48.177,47.077,16.489
2026-06-18 22:00:00,168,2,SEG-B,131.8489,131.6353,46.672,45.293,16.453
2026-06-18 22:00:00,168,2,SEG-C,131.6304,131.6666,45.387,44.146,16.453
2026-06-18 22:00:00,168,2,SEG-D,131.6194,130.8533,43.721,42.596,16.3622
2026-06-18 22:00:00,168,2,SEG-E,130.8604,130.9446,42.624,41.741,16.3622
2026-06-18 22:00:00,168,2,SEG-F,130.9091,130.8597,41.155,40.001,16.3622
2026-06-18 22:00:00,168,2,SEG-G,130.8352,130.8933,39.464,38.683,16.3622
2026-06-18 22:00:00,168,2,SEG-H,130.9274,130.7875,38.47,37.29,16.3622
2026-06-18 22:00:00,168,2,SEG-I,130.8221,130.973,36.84,35.886,16.3622
2026-06-18 22:00:00,168,2,SEG-J,130.9673,130.8703,35.388,34.512,16.3622
2026-06-18 22:00:00,168,2,SEG-K,130.9339,130.9976,33.991,32.842,16.3622
2026-06-18 22:00:00,168,2,SEG-L,130.8541,130.9428,32.63,31.643,16.3622
2026-06-18 22:00:00,168,2,SEG-M,130.8652,130.8764,31.018,30.339,16.3622
2026-06-18 22:00:00,168,2,SEG-N,131.0621,130.9336,29.824,29.103,16.3622
2026-06-18 22:00:00,168,2,SEG-O,130.9103,130.9259,28.311,27.539,16.3622
2026-06-18 22:00:00,168,2,SEG-P,130.9945,130.9598,27.024,26.317,16.3622
2026-06-18 22:00:00,168,2,SEG-Q,130.9458,130.9684,25.797,24.742,16.3622
2026-06-18 22:00:00,168,2,SEG-R,130.8975,130.8894,24.423,23.263,16.3622
2026-06-18 22:00:00,168,2,SEG-S,130.978,131.0647,23.003,22.037,16.3622
2026-06-18 22:00:00,168,2,SEG-T,130.8803,130.8496,21.425,20.45,16.3622
2026-06-19 06:00:00,169,0,SEG-A,195.653,195.6137,47.895,47.077,24.452
2026-06-19 06:00:00,169,0,SEG-B,195.7397,195.1866,46.398,45.496,24.401
2026-06-19 06:00:00,169,0,SEG-C,195.195,195.0645,45.112,44.301,24.401
2026-06-19 06:00:00,169,0,SEG-D,195.1725,194.2233,43.84,42.782,24.2703
2026-06-19 06:00:00,169,0,SEG-E,194.1646,194.1466,42.461,41.464,24.2703
2026-06-19 06:00:00,169,0,SEG-F,194.3406,194.1741,41.092,39.974,24.2703
2026-06-19 06:00:00,169,0,SEG-G,194.0274,194.099,39.705,38.551,24.2703
2026-06-19 06:00:00,169,0,SEG-H,194.3099,194.2296,38.193,37.293,24.2703
2026-06-19 06:00:00,169,0,SEG-I,193.9161,194.1619,36.95,36.124,24.2703
2026-06-19 06:00:00,169,0,SEG-J,194.3146,194.063,35.317,34.5,24.2703
2026-06-19 06:00:00,169,0,SEG-K,194.2195,194.2702,34.149,32.885,24.2703
2026-06-19 06:00:00,169,0,SEG-L,194.1142,194.2117,32.599,31.827,24.2703
2026-06-19 06:00:00,169,0,SEG-M,194.3504,194.0633,31.164,30.255,24.2703
2026-06-19 06:00:00,169,0,SEG-N,194.1133,194.2007,30.066,29.146,24.2703
2026-06-19 06:00:00,169,0,SEG-O,194.1577,194.1588,28.532,27.597,24.2703
2026-06-19 06:00:00,169,0,SEG-P,194.1197,194.3194,27.209,26.045,24.2703
2026-06-19 06:00:00,169,0,SEG-Q,194.1032,194.1577,25.485,24.787,24.2703
2026-06-19 06:00:00,169,0,SEG-R,194.1033,193.9874,24.187,23.295,24.2703
2026-06-19 06:00:00,169,0,SEG-S,194.1602,194.083,22.745,22.115,24.2703
2026-06-19 06:00:00,169,0,SEG-T,194.2345,194.1763,21.28,20.607,24.2703
2026-06-19 14:00:00,169,1,SEG-A,295.431,295.3293,47.923,47.12,36.9322
2026-06-19 14:00:00,169,1,SEG-B,295.5504,295.0427,46.69,45.494,36.8692
2026-06-19 14:00:00,169,1,SEG-C,294.9555,294.9817,45.277,44.293,36.8692
2026-06-19 14:00:00,169,1,SEG-D,295.0714,293.7135,43.527,42.606,36.7077
2026-06-19 14:00:00,169,1,SEG-E,293.6217,293.8147,42.372,41.434,36.7077
2026-06-19 14:00:00,169,1,SEG-F,293.6123,293.5163,40.97,40.256,36.7077
2026-06-19 14:00:00,169,1,SEG-G,293.6507,293.7195,39.49,38.591,36.7077
2026-06-19 14:00:00,169,1,SEG-H,293.7334,293.8941,38.091,37.271,36.7077
2026-06-19 14:00:00,169,1,SEG-I,293.819,293.5952,36.526,36.051,36.7077
2026-06-19 14:00:00,169,1,SEG-J,293.8128,293.5266,35.374,34.604,36.7077
2026-06-19 14:00:00,169,1,SEG-K,293.5965,293.5772,34.168,33.135,36.7077
2026-06-19 14:00:00,169,1,SEG-L,293.9084,293.5692,32.568,31.797,36.7077
2026-06-19 14:00:00,169,1,SEG-M,293.7069,293.6693,31.336,30.207,36.7077
2026-06-19 14:00:00,169,1,SEG-N,293.72,293.767,29.867,29.105,36.7077
2026-06-19 14:00:00,169,1,SEG-O,293.819,293.6268,28.259,27.446,36.7077
2026-06-19 14:00:00,169,1,SEG-P,293.4611,293.7686,27.05,26.123,36.7077
2026-06-19 14:00:00,169,1,SEG-Q,293.4039,293.8209,25.703,24.486,36.7077
2026-06-19 14:00:00,169,1,SEG-R,293.5862,293.6125,24.121,23.348,36.7077
2026-06-19 14:00:00,169,1,SEG-S,293.6763,293.4419,22.756,21.925,36.7077
2026-06-19 14:00:00,169,1,SEG-T,293.5901,293.7504,21.526,20.637,36.7077
2026-06-19 22:00:00,169,2,SEG-A,167.643,167.4939,47.883,47.236,20.9579
2026-06-19 22:00:00,169,2,SEG-B,167.691,167.4617,46.455,45.308,20.9219
2026-06-19 22:00:00,169,2,SEG-C,167.2587,167.4358,45.203,44.291,20.9219
2026-06-19 22:00:00,169,2,SEG-D,167.2733,166.5954,43.966,42.946,20.8296
2026-06-19 22:00:00,169,2,SEG-E,166.6059,166.6589,42.607,41.431,20.8296
2026-06-19 22:00:00,169,2,SEG-F,166.6992,166.4678,41.037,40.355,20.8296
2026-06-19 22:00:00,169,2,SEG-G,166.6401,166.7193,39.576,38.603,20.8296
2026-06-19 22:00:00,169,2,SEG-H,166.6851,166.7818,38.222,37.413,20.8296
2026-06-19 22:00:00,169,2,SEG-I,166.6296,166.6265,36.772,35.813,20.8296
2026-06-19 22:00:00,169,2,SEG-J,166.6629,166.6251,35.382,34.441,20.8296
2026-06-19 22:00:00,169,2,SEG-K,166.7349,166.5945,33.827,33.12,20.8296
2026-06-19 22:00:00,169,2,SEG-L,166.665,166.6634,32.498,31.728,20.8296
2026-06-19 22:00:00,169,2,SEG-M,166.7505,166.5623,31.242,30.442,20.8296
2026-06-19 22:00:00,169,2,SEG-N,166.6082,166.6924,29.888,28.973,20.8296
2026-06-19 22:00:00,169,2,SEG-O,166.7376,166.5691,28.579,27.547,20.8296
2026-06-19 22:00:00,169,2,SEG-P,166.6577,166.6349,26.959,26.073,20.8296
2026-06-19 22:00:00,169,2,SEG-Q,166.5245,166.7899,25.581,24.481,20.8296
2026-06-19 22:00:00,169,2,SEG-R,166.6068,166.6677,24.15,23.413,20.8296
2026-06-19 22:00:00,169,2,SEG-S,166.6986,166.5417,22.479,21.821,20.8296
2026-06-19 22:00:00,169,2,SEG-T,166.5436,166.6476,21.195,20.636,20.8296
2026-06-20 06:00:00,170,0,SEG-A,241.5536,241.4299,48.113,47.25,30.1887
2026-06-20 06:00:00,170,0,SEG-B,241.4034,240.9972,46.583,45.157,30.1377
2026-06-20 06:00:00,170,0,SEG-C,240.8552,240.9772,45.27,44.458,30.1377
2026-06-20 06:00:00,170,0,SEG-D,241.1292,239.9579,43.823,42.486,30.0049
2026-06-20 06:00:00,170,0,SEG-E,240.0758,240.0028,42.374,41.463,30.0049
2026-06-20 06:00:00,170,0,SEG-F,239.9288,239.9727,41.097,40.296,30.0049
2026-06-20 06:00:00,170,0,SEG-G,239.9112,239.8993,39.499,38.728,30.0049
2026-06-20 06:00:00,170,0,SEG-H,240.0524,240.1604,38.033,37.379,30.0049
2026-06-20 06:00:00,170,0,SEG-I,240.0643,240.129,36.819,35.885,30.0049
2026-06-20 06:00:00,170,0,SEG-J,240.0332,240.0805,35.463,34.423,30.0049
2026-06-20 06:00:00,170,0,SEG-K,240.139,239.9917,33.79,32.831,30.0049
2026-06-20 06:00:00,170,0,SEG-L,239.9865,240.1806,32.625,31.781,30.0049
2026-06-20 06:00:00,170,0,SEG-M,240.0071,239.9633,31.056,30.346,30.0049
2026-06-20 06:00:00,170,0,SEG-N,240.261,240.0365,29.833,28.816,30.0049
2026-06-20 06:00:00,170,0,SEG-O,239.9575,239.9681,28.203,27.606,30.0049
2026-06-20 06:00:00,170,0,SEG-P,240.0936,239.9342,27.084,26.148,30.0049
2026-06-20 06:00:00,170,0,SEG-Q,239.9451,240.0262,25.547,24.787,30.0049
2026-06-20 06:00:00,170,0,SEG-R,239.871,240.1407,24.294,23.268,30.0049
2026-06-20 06:00:00,170,0,SEG-S,240.133,240.0643,22.838,21.935,30.0049
2026-06-20 06:00:00,170,0,SEG-T,239.9336,240.1058,21.68,20.533,30.0049
2026-06-20 14:00:00,170,1,SEG-A,291.6722,291.8889,47.858,47.086,36.479
2026-06-20 14:00:00,170,1,SEG-B,291.9815,291.517,46.475,45.342,36.416
2026-06-20 14:00:00,170,1,SEG-C,291.4734,291.4107,45.277,44.281,36.416
2026-06-20 14:00:00,170,1,SEG-D,291.1583,290.0182,43.757,42.475,36.252
2026-06-20 14:00:00,170,1,SEG-E,289.9639,289.9679,42.403,41.484,36.252
2026-06-20 14:00:00,170,1,SEG-F,290.1531,290.2472,41.068,40.162,36.252
2026-06-20 14:00:00,170,1,SEG-G,290.3873,290.3554,39.235,38.756,36.252
2026-06-20 14:00:00,170,1,SEG-H,289.8787,289.8703,38.349,37.308,36.252
2026-06-20 14:00:00,170,1,SEG-I,290.118,289.9916,36.657,35.854,36.252
2026-06-20 14:00:00,170,1,SEG-J,290.0836,289.966,35.255,34.466,36.252
2026-06-20 14:00:00,170,1,SEG-K,289.8423,290.0457,34.13,33.103,36.252
2026-06-20 14:00:00,170,1,SEG-L,290.0731,289.9251,32.718,31.94,36.252
2026-06-20 14:00:00,170,1,SEG-M,289.9158,289.9667,31.256,30.339,36.252
2026-06-20 14:00:00,170,1,SEG-N,289.8975,290.0679,29.775,28.849,36.252
2026-06-20 14:00:00,170,1,SEG-O,289.6839,290.0758,28.444,27.615,36.252
2026-06-20 14:00:00,170,1,SEG-P,289.8782,290.168,26.808,26.108,36.252
2026-06-20 14:00:00,170,1,SEG-Q,289.7926,290.0127,25.588,24.89,36.252
2026-06-20 14:00:00,170,1,SEG-R,289.9504,289.7979,24.316,23.485,36.252
2026-06-20 14:00:00,170,1,SEG-S,289.9984,290.0616,22.879,21.796,36.252
2026-06-20 14:00:00,170,1,SEG-T,290.1882,289.7318,21.34,20.631,36.252
2026-06-20 22:00:00,170,2,SEG-A,152.4305,152.5108,48.169,47.301,19.0557
2026-06-20 22:00:00,170,2,SEG-B,152.4656,152.2195,46.562,45.583,19.0197
2026-06-20 22:00:00,170,2,SEG-C,152.0973,152.1424,45.057,44.089,19.0197
2026-06-20 22:00:00,170,2,SEG-D,152.196,151.4765,43.896,42.53,18.9259
2026-06-20 22:00:00,170,2,SEG-E,151.3442,151.3819,42.264,41.354,18.9259
2026-06-20 22:00:00,170,2,SEG-F,151.4373,151.4232,41.203,40.241,18.9259
2026-06-20 22:00:00,170,2,SEG-G,151.4758,151.4041,39.451,38.881,18.9259
2026-06-20 22:00:00,170,2,SEG-H,151.433,151.5166,38.233,37.478,18.9259
2026-06-20 22:00:00,170,2,SEG-I,151.4036,151.4133,36.883,35.995,18.9259
2026-06-20 22:00:00,170,2,SEG-J,151.4162,151.513,35.548,34.692,18.9259
2026-06-20 22:00:00,170,2,SEG-K,151.4389,151.5226,33.925,32.94,18.9259
2026-06-20 22:00:00,170,2,SEG-L,151.4563,151.3154,32.575,31.712,18.9259
2026-06-20 22:00:00,170,2,SEG-M,151.3265,151.4127,31.196,30.482,18.9259
2026-06-20 22:00:00,170,2,SEG-N,151.3531,151.5889,29.793,28.892,18.9259
2026-06-20 22:00:00,170,2,SEG-O,151.5943,151.4061,28.442,27.554,18.9259
2026-06-20 22:00:00,170,2,SEG-P,151.4179,151.3721,27.114,26.142,18.9259
2026-06-20 22:00:00,170,2,SEG-Q,151.4362,151.4,25.514,24.928,18.9259
2026-06-20 22:00:00,170,2,SEG-R,151.3888,151.4714,24.353,23.223,18.9259
2026-06-20 22:00:00,170,2,SEG-S,151.4298,151.4145,22.703,21.633,18.9259
2026-06-20 22:00:00,170,2,SEG-T,151.3611,151.318,21.445,20.712,18.9259
2026-06-21 06:00:00,171,0,SEG-A,253.3291,253.2832,48.302,47.318,31.6716
2026-06-21 06:00:00,171,0,SEG-B,253.3862,253.0099,46.468,45.382,31.6206
2026-06-21 06:00:00,171,0,SEG-C,253.0012,253.0174,45.148,44.133,31.6206
2026-06-21 06:00:00,171,0,SEG-D,252.9662,251.9067,43.538,42.515,31.4856
2026-06-21 06:00:00,171,0,SEG-E,252.0252,251.8788,42.4,41.274,31.4856
2026-06-21 06:00:00,171,0,SEG-F,251.8946,251.7927,40.987,40.152,31.4856
2026-06-21 06:00:00,171,0,SEG-G,251.9203,251.7659,39.841,38.804,31.4856
2026-06-21 06:00:00,171,0,SEG-H,251.801,251.8829,37.952,37.43,31.4856
2026-06-21 06:00:00,171,0,SEG-I,251.7087,251.7953,36.895,35.818,31.4856
2026-06-21 06:00:00,171,0,SEG-J,251.9847,251.789,35.459,34.497,31.4856
2026-06-21 06:00:00,171,0,SEG-K,251.8134,251.5233,33.855,33.105,31.4856
2026-06-21 06:00:00,171,0,SEG-L,251.7694,251.8196,32.597,31.813,31.4856
2026-06-21 06:00:00,171,0,SEG-M,252.1406,251.9365,31.099,30.435,31.4856
2026-06-21 06:00:00,171,0,SEG-N,251.8576,251.7288,29.566,28.832,31.4856
2026-06-21 06:00:00,171,0,SEG-O,251.944,251.7322,28.449,27.532,31.4856
2026-06-21 06:00:00,171,0,SEG-P,251.7705,252.0911,26.856,26.002,31.4856
2026-06-21 06:00:00,171,0,SEG-Q,251.9219,251.8057,25.652,24.712,31.4856
2026-06-21 06:00:00,171,0,SEG-R,252.0216,251.8915,24.065,23.376,31.4856
2026-06-21 06:00:00,171,0,SEG-S,251.8535,251.9833,22.814,22.216,31.4856
2026-06-21 06:00:00,171,0,SEG-T,252.1386,251.8307,21.397,20.605,31.4856
2026-06-21 14:00:00,171,1,SEG-A,241.0462,241.2609,47.872,47.136,30.142
2026-06-21 14:00:00,171,1,SEG-B,241.1319,240.6484,46.673,45.394,30.079
2026-06-21 14:00:00,171,1,SEG-C,240.6777,240.6249,45.233,44.531,30.079
2026-06-21 14:00:00,171,1,SEG-D,240.636,239.1804,43.809,42.447,29.9123
2026-06-21 14:00:00,171,1,SEG-E,239.4041,239.351,42.353,41.571,29.9123
2026-06-21 14:00:00,171,1,SEG-F,239.45,239.4469,40.861,40.219,29.9123
2026-06-21 14:00:00,171,1,SEG-G,239.2489,239.4628,39.614,38.557,29.9123
2026-06-21 14:00:00,171,1,SEG-H,239.3196,239.0865,38.086,37.537,29.9123
2026-06-21 14:00:00,171,1,SEG-I,239.3728,239.2751,36.845,35.92,29.9123
2026-06-21 14:00:00,171,1,SEG-J,239.2511,239.2868,35.49,34.548,29.9123
2026-06-21 14:00:00,171,1,SEG-K,239.2846,239.4264,33.988,33.41,29.9123
2026-06-21 14:00:00,171,1,SEG-L,239.3839,239.2817,32.714,31.817,29.9123
2026-06-21 14:00:00,171,1,SEG-M,239.308,239.5421,31.401,30.309,29.9123
2026-06-21 14:00:00,171,1,SEG-N,239.3071,239.4948,29.66,28.866,29.9123
2026-06-21 14:00:00,171,1,SEG-O,239.5934,239.4528,28.363,27.461,29.9123
2026-06-21 14:00:00,171,1,SEG-P,239.3647,239.3847,27.007,25.964,29.9123
2026-06-21 14:00:00,171,1,SEG-Q,239.1941,239.3293,25.479,25.006,29.9123
2026-06-21 14:00:00,171,1,SEG-R,239.2336,239.3775,24.41,23.356,29.9123
2026-06-21 14:00:00,171,1,SEG-S,239.405,239.3673,23.017,22.176,29.9123
2026-06-21 14:00:00,171,1,SEG-T,239.176,239.3919,21.489,20.52,29.9123
2026-06-21 22:00:00,171,2,SEG-A,139.7622,139.6922,47.854,47.349,17.4626
2026-06-21 22:00:00,171,2,SEG-B,139.6811,139.41,46.607,45.551,17.4266
2026-06-21 22:00:00,171,2,SEG-C,139.489,139.4964,45.088,44.492,17.4266
2026-06-21 22:00:00,171,2,SEG-D,139.4318,138.6839,43.622,42.508,17.3314
2026-06-21 22:00:00,171,2,SEG-E,138.6558,138.7152,42.305,41.48,17.3314
2026-06-21 22:00:00,171,2,SEG-F,138.6481,138.6521,40.936,40.069,17.3314
2026-06-21 22:00:00,171,2,SEG-G,138.6277,138.6525,39.428,38.577,17.3314
2026-06-21 22:00:00,171,2,SEG-H,138.7234,138.6433,38.098,37.495,17.3314
2026-06-21 22:00:00,171,2,SEG-I,138.7314,138.8045,36.785,36.138,17.3314
2026-06-21 22:00:00,171,2,SEG-J,138.643,138.6065,35.286,34.571,17.3314
2026-06-21 22:00:00,171,2,SEG-K,138.6976,138.5369,33.966,33.085,17.3314
2026-06-21 22:00:00,171,2,SEG-L,138.7163,138.6382,32.796,31.584,17.3314
2026-06-21 22:00:00,171,2,SEG-M,138.6126,138.5863,31.05,30.183,17.3314
2026-06-21 22:00:00,171,2,SEG-N,138.5585,138.6779,29.86,29.155,17.3314
2026-06-21 22:00:00,171,2,SEG-O,138.6763,138.6738,28.59,27.533,17.3314
2026-06-21 22:00:00,171,2,SEG-P,138.6816,138.6784,27.136,26.271,17.3314
2026-06-21 22:00:00,171,2,SEG-Q,138.6175,138.6404,25.771,24.798,17.3314
2026-06-21 22:00:00,171,2,SEG-R,138.7297,138.555,24.109,23.307,17.3314
2026-06-21 22:00:00,171,2,SEG-S,138.6995,138.6237,22.736,21.921,17.3314
2026-06-21 22:00:00,171,2,SEG-T,138.6248,138.5563,21.342,20.571,17.3314
2026-06-22 06:00:00,172,0,SEG-A,256.0319,256.2733,47.953,47.285,31.9981
2026-06-22 06:00:00,172,0,SEG-B,256.14,255.4734,46.734,45.4,31.9471
2026-06-22 06:00:00,172,0,SEG-C,255.6533,255.5362,45.237,44.341,31.9471
2026-06-22 06:00:00,172,0,SEG-D,255.5855,254.6132,43.968,42.317,31.81
2026-06-22 06:00:00,172,0,SEG-E,254.554,254.4991,42.373,41.664,31.81
2026-06-22 06:00:00,172,0,SEG-F,254.3057,254.6633,40.914,40.185,31.81
2026-06-22 06:00:00,172,0,SEG-G,254.3627,254.3824,39.663,38.757,31.81
2026-06-22 06:00:00,172,0,SEG-H,254.3183,254.475,38.424,37.425,31.81
2026-06-22 06:00:00,172,0,SEG-I,254.5107,254.3386,36.805,35.883,31.81
2026-06-22 06:00:00,172,0,SEG-J,254.5881,254.4986,35.431,34.664,31.81
2026-06-22 06:00:00,172,0,SEG-K,254.4145,254.7116,34.059,33.251,31.81
2026-06-22 06:00:00,172,0,SEG-L,254.3629,254.286,32.593,31.561,31.81
2026-06-22 06:00:00,172,0,SEG-M,254.2136,254.5749,31.442,30.365,31.81
2026-06-22 06:00:00,172,0,SEG-N,254.6487,254.598,29.652,29.014,31.81
2026-06-22 06:00:00,172,0,SEG-O,254.4722,254.6632,28.456,27.601,31.81
2026-06-22 06:00:00,172,0,SEG-P,254.5044,254.4803,26.978,26.222,31.81
2026-06-22 06:00:00,172,0,SEG-Q,254.5836,254.3029,25.671,24.723,31.81
2026-06-22 06:00:00,172,0,SEG-R,254.4375,254.4635,24.22,23.45,31.81
2026-06-22 06:00:00,172,0,SEG-S,254.4984,254.5549,22.934,21.684,31.81
2026-06-22 06:00:00,172,0,SEG-T,254.4953,254.4331,21.327,20.657,31.81
2026-06-22 14:00:00,172,1,SEG-A,279.8893,279.8397,48.15,47.097,34.9793
2026-06-22 14:00:00,172,1,SEG-B,279.838,279.2918,46.821,45.328,34.9163
2026-06-22 14:00:00,172,1,SEG-C,279.3812,278.9655,45.139,44.211,34.9163
2026-06-22 14:00:00,172,1,SEG-D,279.257,277.8705,43.626,42.637,34.747
2026-06-22 14:00:00,172,1,SEG-E,277.9656,277.7792,42.674,41.37,34.747
2026-06-22 14:00:00,172,1,SEG-F,278.1917,277.9053,41.155,40.011,34.747
2026-06-22 14:00:00,172,1,SEG-G,277.9708,277.8201,39.418,38.796,34.747
2026-06-22 14:00:00,172,1,SEG-H,278.0452,278.0109,38.033,37.386,34.747
2026-06-22 14:00:00,172,1,SEG-I,277.9938,278.0085,36.58,35.951,34.747
2026-06-22 14:00:00,172,1,SEG-J,278.1688,278.1188,35.369,34.654,34.747
2026-06-22 14:00:00,172,1,SEG-K,277.8668,278.0877,33.881,33.315,34.747
2026-06-22 14:00:00,172,1,SEG-L,277.9516,277.7571,32.452,31.738,34.747
2026-06-22 14:00:00,172,1,SEG-M,278.0483,278.0654,31.055,30.432,34.747
2026-06-22 14:00:00,172,1,SEG-N,277.8137,278.0328,29.864,28.859,34.747
2026-06-22 14:00:00,172,1,SEG-O,277.8793,277.9695,28.376,27.73,34.747
2026-06-22 14:00:00,172,1,SEG-P,278.061,278.1238,27.07,26.285,34.747
2026-06-22 14:00:00,172,1,SEG-Q,278.0034,278.1455,25.537,24.646,34.747
2026-06-22 14:00:00,172,1,SEG-R,278.003,277.8857,24.249,23.021,34.747
2026-06-22 14:00:00,172,1,SEG-S,277.7358,277.8851,22.935,21.842,34.747
2026-06-22 14:00:00,172,1,SEG-T,278.1769,278.0878,21.363,20.35,34.747
2026-06-22 22:00:00,172,2,SEG-A,225.008,224.7878,48.026,46.917,28.1125
2026-06-22 22:00:00,172,2,SEG-B,224.9733,224.742,46.474,45.26,28.0765
2026-06-22 22:00:00,172,2,SEG-C,224.595,224.657,45.16,44.376,28.0765
2026-06-22 22:00:00,172,2,SEG-D,224.6441,223.7195,43.566,42.59,27.9797
2026-06-22 22:00:00,172,2,SEG-E,223.8835,223.8911,42.552,41.587,27.9797
2026-06-22 22:00:00,172,2,SEG-F,223.8455,223.9832,41.047,40.45,27.9797
2026-06-22 22:00:00,172,2,SEG-G,223.9278,223.7377,39.827,38.862,27.9797
2026-06-22 22:00:00,172,2,SEG-H,223.6809,223.7265,38.192,37.451,27.9797
2026-06-22 22:00:00,172,2,SEG-I,224.0605,223.7752,36.827,35.94,27.9797
2026-06-22 22:00:00,172,2,SEG-J,223.8719,223.77,35.434,34.586,27.9797
2026-06-22 22:00:00,172,2,SEG-K,223.8662,223.8134,33.903,32.997,27.9797
2026-06-22 22:00:00,172,2,SEG-L,223.7706,223.622,32.805,31.636,27.9797
2026-06-22 22:00:00,172,2,SEG-M,223.8664,223.7785,31.191,30.383,27.9797
2026-06-22 22:00:00,172,2,SEG-N,223.8681,223.8084,29.867,29.1,27.9797
2026-06-22 22:00:00,172,2,SEG-O,223.8124,223.6664,28.277,27.433,27.9797
2026-06-22 22:00:00,172,2,SEG-P,223.766,223.7002,27.128,25.999,27.9797
2026-06-22 22:00:00,172,2,SEG-Q,223.791,223.8836,25.594,24.61,27.9797
2026-06-22 22:00:00,172,2,SEG-R,223.9481,223.86,24.079,23.309,27.9797
2026-06-22 22:00:00,172,2,SEG-S,223.7667,223.9488,22.904,22.091,27.9797
2026-06-22 22:00:00,172,2,SEG-T,223.7829,223.9006,21.227,20.745,27.9797
2026-06-23 06:00:00,173,0,SEG-A,220.7724,220.9523,47.814,47.028,27.6008
2026-06-23 06:00:00,173,0,SEG-B,220.8513,220.2704,46.542,45.321,27.5498
2026-06-23 06:00:00,173,0,SEG-C,220.3738,220.3553,45.187,44.307,27.5498
2026-06-23 06:00:00,173,0,SEG-D,220.3799,219.0923,43.6,42.452,27.4105
2026-06-23 06:00:00,173,0,SEG-E,219.1997,219.4996,42.464,41.618,27.4105
2026-06-23 06:00:00,173,0,SEG-F,219.1889,219.1959,40.979,40.241,27.4105
2026-06-23 06:00:00,173,0,SEG-G,219.4299,219.3556,39.603,38.726,27.4105
2026-06-23 06:00:00,173,0,SEG-H,219.0872,219.3089,38.141,37.363,27.4105
2026-06-23 06:00:00,173,0,SEG-I,219.3166,219.1604,36.903,36.008,27.4105
2026-06-23 06:00:00,173,0,SEG-J,219.3593,219.3216,35.327,34.574,27.4105
2026-06-23 06:00:00,173,0,SEG-K,219.3815,219.2379,33.971,33.165,27.4105
2026-06-23 06:00:00,173,0,SEG-L,219.4238,219.3332,32.605,31.703,27.4105
2026-06-23 06:00:00,173,0,SEG-M,219.2246,219.3824,31.268,30.423,27.4105
2026-06-23 06:00:00,173,0,SEG-N,219.2521,219.2277,29.848,29.007,27.4105
2026-06-23 06:00:00,173,0,SEG-O,219.3052,219.2842,28.503,27.507,27.4105
2026-06-23 06:00:00,173,0,SEG-P,219.3103,219.2206,26.982,26.182,27.4105
2026-06-23 06:00:00,173,0,SEG-Q,219.1497,219.3288,25.793,24.471,27.4105
2026-06-23 06:00:00,173,0,SEG-R,219.1589,219.4512,24.305,23.254,27.4105
2026-06-23 06:00:00,173,0,SEG-S,219.2267,219.2557,22.729,21.947,27.4105
2026-06-23 06:00:00,173,0,SEG-T,219.1748,219.3274,21.546,20.458,27.4105
2026-06-23 14:00:00,173,1,SEG-A,270.6965,270.3929,48.025,47.317,33.7995
2026-06-23 14:00:00,173,1,SEG-B,270.4791,269.9322,46.573,45.2,33.7365
2026-06-23 14:00:00,173,1,SEG-C,269.9288,270.0524,45.279,44.386,33.7365
2026-06-23 14:00:00,173,1,SEG-D,270.0934,268.3932,43.753,42.545,33.5644
2026-06-23 14:00:00,173,1,SEG-E,268.5834,268.6795,42.593,41.416,33.5644
2026-06-23 14:00:00,173,1,SEG-F,268.646,268.6064,41.098,40.245,33.5644
2026-06-23 14:00:00,173,1,SEG-G,268.4751,268.5421,39.928,38.713,33.5644
2026-06-23 14:00:00,173,1,SEG-H,268.668,268.4704,38.256,37.396,33.5644
2026-06-23 14:00:00,173,1,SEG-I,268.6521,268.5407,36.822,36.0,33.5644
2026-06-23 14:00:00,173,1,SEG-J,268.6495,268.7612,35.392,34.416,33.5644
2026-06-23 14:00:00,173,1,SEG-K,268.5901,268.4721,33.876,33.232,33.5644
2026-06-23 14:00:00,173,1,SEG-L,268.8421,268.633,32.75,31.562,33.5644
2026-06-23 14:00:00,173,1,SEG-M,268.3783,268.6907,31.155,30.539,33.5644
2026-06-23 14:00:00,173,1,SEG-N,268.2985,268.4072,29.871,28.775,33.5644
2026-06-23 14:00:00,173,1,SEG-O,268.5973,268.5757,28.352,27.555,33.5644
2026-06-23 14:00:00,173,1,SEG-P,268.6856,268.4501,27.045,26.019,33.5644
2026-06-23 14:00:00,173,1,SEG-Q,268.555,268.2961,25.771,24.508,33.5644
2026-06-23 14:00:00,173,1,SEG-R,268.5489,268.6796,24.123,23.295,33.5644
2026-06-23 14:00:00,173,1,SEG-S,268.4671,268.4216,22.585,22.123,33.5644
2026-06-23 14:00:00,173,1,SEG-T,268.614,268.5437,21.317,20.501,33.5644
2026-06-23 22:00:00,173,2,SEG-A,145.3887,145.5769,48.003,47.321,18.1786
2026-06-23 22:00:00,173,2,SEG-B,145.3787,145.0515,46.541,45.474,18.1426
2026-06-23 22:00:00,173,2,SEG-C,145.1666,145.0317,45.344,44.175,18.1426
2026-06-23 22:00:00,173,2,SEG-D,145.1308,144.3021,43.789,42.789,18.0443
2026-06-23 22:00:00,173,2,SEG-E,144.3518,144.3593,42.627,41.533,18.0443
2026-06-23 22:00:00,173,2,SEG-F,144.2554,144.3785,41.085,40.008,18.0443
2026-06-23 22:00:00,173,2,SEG-G,144.3846,144.3835,39.38,38.847,18.0443
2026-06-23 22:00:00,173,2,SEG-H,144.3692,144.3431,38.124,37.676,18.0443
2026-06-23 22:00:00,173,2,SEG-I,144.3651,144.3885,36.958,35.867,18.0443
2026-06-23 22:00:00,173,2,SEG-J,144.2444,144.3757,35.347,34.519,18.0443
2026-06-23 22:00:00,173,2,SEG-K,144.3756,144.3161,34.008,33.269,18.0443
2026-06-23 22:00:00,173,2,SEG-L,144.2808,144.3477,32.632,31.836,18.0443
2026-06-23 22:00:00,173,2,SEG-M,144.3497,144.3549,31.372,30.492,18.0443
2026-06-23 22:00:00,173,2,SEG-N,144.3289,144.3321,29.753,28.864,18.0443
2026-06-23 22:00:00,173,2,SEG-O,144.3303,144.4139,28.402,27.346,18.0443
2026-06-23 22:00:00,173,2,SEG-P,144.4151,144.4225,26.953,26.273,18.0443
2026-06-23 22:00:00,173,2,SEG-Q,144.361,144.4195,25.796,24.861,18.0443
2026-06-23 22:00:00,173,2,SEG-R,144.383,144.4563,24.267,23.346,18.0443
2026-06-23 22:00:00,173,2,SEG-S,144.2117,144.4073,22.95,21.818,18.0443
2026-06-23 22:00:00,173,2,SEG-T,144.3638,144.2197,21.27,20.356,18.0443
2026-06-24 06:00:00,174,0,SEG-A,234.0793,234.1648,47.894,47.182,29.2709
2026-06-24 06:00:00,174,0,SEG-B,234.1169,233.5702,46.45,45.508,29.2199
2026-06-24 06:00:00,174,0,SEG-C,233.8407,233.6602,45.277,44.159,29.2199
2026-06-24 06:00:00,174,0,SEG-D,233.8129,232.4286,43.72,42.863,29.0784
2026-06-24 06:00:00,174,0,SEG-E,232.6287,232.7641,42.201,41.323,29.0784
2026-06-24 06:00:00,174,0,SEG-F,232.4572,232.497,40.966,40.272,29.0784
2026-06-24 06:00:00,174,0,SEG-G,232.7442,232.6194,39.603,38.695,29.0784
2026-06-24 06:00:00,174,0,SEG-H,232.6693,232.587,38.291,37.312,29.0784
2026-06-24 06:00:00,174,0,SEG-I,232.5596,232.6084,36.797,35.89,29.0784
2026-06-24 06:00:00,174,0,SEG-J,232.672,232.5112,35.352,34.597,29.0784
2026-06-24 06:00:00,174,0,SEG-K,232.3727,232.7602,34.14,33.227,29.0784
2026-06-24 06:00:00,174,0,SEG-L,232.5625,232.5411,32.393,31.715,29.0784
2026-06-24 06:00:00,174,0,SEG-M,232.6913,232.6107,31.332,30.337,29.0784
2026-06-24 06:00:00,174,0,SEG-N,232.5959,232.7904,29.859,28.786,29.0784
2026-06-24 06:00:00,174,0,SEG-O,232.6433,232.7384,28.465,27.404,29.0784
2026-06-24 06:00:00,174,0,SEG-P,232.5016,232.6409,26.878,26.084,29.0784
2026-06-24 06:00:00,174,0,SEG-Q,232.6395,232.7657,25.334,24.839,29.0784
2026-06-24 06:00:00,174,0,SEG-R,232.57,232.7089,24.341,23.379,29.0784
2026-06-24 06:00:00,174,0,SEG-S,232.6397,232.5672,22.879,22.078,29.0784
2026-06-24 06:00:00,174,0,SEG-T,232.5645,232.7283,21.427,20.821,29.0784
2026-06-24 14:00:00,174,1,SEG-A,315.9215,316.2363,48.048,47.063,39.5043
2026-06-24 14:00:00,174,1,SEG-B,316.11,315.599,46.622,45.593,39.4413
2026-06-24 14:00:00,174,1,SEG-C,315.4103,315.4109,45.24,44.425,39.4413
2026-06-24 14:00:00,174,1,SEG-D,315.6134,313.9699,43.841,42.682,39.2665
2026-06-24 14:00:00,174,1,SEG-E,314.1315,314.1028,42.432,41.68,39.2665
2026-06-24 14:00:00,174,1,SEG-F,314.0554,314.1208,41.008,40.015,39.2665
2026-06-24 14:00:00,174,1,SEG-G,314.15,313.9496,39.52,38.616,39.2665
2026-06-24 14:00:00,174,1,SEG-H,314.0148,314.4383,38.095,37.373,39.2665
2026-06-24 14:00:00,174,1,SEG-I,314.0092,314.2679,36.791,35.869,39.2665
2026-06-24 14:00:00,174,1,SEG-J,314.1081,314.0908,35.208,34.494,39.2665
2026-06-24 14:00:00,174,1,SEG-K,314.2406,313.9131,34.077,33.062,39.2665
2026-06-24 14:00:00,174,1,SEG-L,313.9526,314.3501,32.657,31.735,39.2665
2026-06-24 14:00:00,174,1,SEG-M,314.1929,314.1393,31.278,30.111,39.2665
2026-06-24 14:00:00,174,1,SEG-N,314.1,314.0999,29.992,28.815,39.2665
2026-06-24 14:00:00,174,1,SEG-O,314.2018,314.2892,28.381,27.588,39.2665
2026-06-24 14:00:00,174,1,SEG-P,314.2528,314.3503,27.079,26.154,39.2665
2026-06-24 14:00:00,174,1,SEG-Q,314.3922,314.3526,25.683,24.827,39.2665
2026-06-24 14:00:00,174,1,SEG-R,313.8727,314.2381,24.287,23.26,39.2665
2026-06-24 14:00:00,174,1,SEG-S,314.3566,314.1139,22.7,21.906,39.2665
2026-06-24 14:00:00,174,1,SEG-T,314.0615,314.09,21.548,20.491,39.2665
2026-06-24 22:00:00,174,2,SEG-A,137.2151,137.3865,48.157,47.046,17.1717
2026-06-24 22:00:00,174,2,SEG-B,137.4048,137.1422,46.745,45.314,17.1357
2026-06-24 22:00:00,174,2,SEG-C,136.9639,137.0097,45.26,44.28,17.1357
2026-06-24 22:00:00,174,2,SEG-D,137.1959,136.2761,43.722,42.432,17.0359
2026-06-24 22:00:00,174,2,SEG-E,136.3506,136.2707,42.379,41.697,17.0359
2026-06-24 22:00:00,174,2,SEG-F,136.2985,136.2316,41.134,40.048,17.0359
2026-06-24 22:00:00,174,2,SEG-G,136.4006,136.1992,39.755,38.664,17.0359
2026-06-24 22:00:00,174,2,SEG-H,136.3223,136.2768,38.397,37.592,17.0359
2026-06-24 22:00:00,174,2,SEG-I,136.2918,136.391,36.687,35.702,17.0359
2026-06-24 22:00:00,174,2,SEG-J,136.349,136.3748,35.276,34.612,17.0359
2026-06-24 22:00:00,174,2,SEG-K,136.2283,136.2562,33.929,33.152,17.0359
2026-06-24 22:00:00,174,2,SEG-L,136.319,136.328,32.574,31.709,17.0359
2026-06-24 22:00:00,174,2,SEG-M,136.2767,136.274,31.218,30.529,17.0359
2026-06-24 22:00:00,174,2,SEG-N,136.3037,136.3022,30.097,29.264,17.0359
2026-06-24 22:00:00,174,2,SEG-O,136.273,136.2334,28.425,27.744,17.0359
2026-06-24 22:00:00,174,2,SEG-P,136.3507,136.3399,27.007,26.097,17.0359
2026-06-24 22:00:00,174,2,SEG-Q,136.2494,136.2621,25.559,24.678,17.0359
2026-06-24 22:00:00,174,2,SEG-R,136.3268,136.3142,24.11,23.269,17.0359
2026-06-24 22:00:00,174,2,SEG-S,136.3453,136.2299,22.911,22.086,17.0359
2026-06-24 22:00:00,174,2,SEG-T,136.3486,136.1983,21.412,20.622,17.0359
2026-06-25 06:00:00,175,0,SEG-A,211.3788,211.4498,48.053,47.102,26.4397
2026-06-25 06:00:00,175,0,SEG-B,211.4986,211.3256,46.607,45.426,26.3887
2026-06-25 06:00:00,175,0,SEG-C,211.2297,211.1271,45.174,44.175,26.3887
2026-06-25 06:00:00,175,0,SEG-D,211.1597,209.9515,43.634,42.374,26.2451
2026-06-25 06:00:00,175,0,SEG-E,210.0724,209.9955,42.552,41.58,26.2451
2026-06-25 06:00:00,175,0,SEG-F,210.0573,210.0871,40.976,40.161,26.2451
2026-06-25 06:00:00,175,0,SEG-G,210.0129,209.838,39.691,38.775,26.2451
2026-06-25 06:00:00,175,0,SEG-H,209.9942,209.9724,38.217,37.327,26.2451
2026-06-25 06:00:00,175,0,SEG-I,209.9316,209.971,36.802,35.794,26.2451
2026-06-25 06:00:00,175,0,SEG-J,210.0439,209.9903,35.506,34.515,26.2451
2026-06-25 06:00:00,175,0,SEG-K,210.0925,209.9741,33.952,33.193,26.2451
2026-06-25 06:00:00,175,0,SEG-L,209.9463,209.839,32.458,32.028,26.2451
2026-06-25 06:00:00,175,0,SEG-M,209.8798,209.8356,31.137,30.426,26.2451
2026-06-25 06:00:00,175,0,SEG-N,210.0463,210.1534,29.732,28.988,26.2451
2026-06-25 06:00:00,175,0,SEG-O,210.0909,210.0412,28.339,27.583,26.2451
2026-06-25 06:00:00,175,0,SEG-P,210.0124,209.9307,27.006,26.391,26.2451
2026-06-25 06:00:00,175,0,SEG-Q,210.0401,210.0154,25.608,24.784,26.2451
2026-06-25 06:00:00,175,0,SEG-R,210.1452,209.8615,24.231,23.493,26.2451
2026-06-25 06:00:00,175,0,SEG-S,209.8898,209.9707,22.798,21.795,26.2451
2026-06-25 06:00:00,175,0,SEG-T,209.8074,209.8946,21.653,20.39,26.2451
2026-06-25 14:00:00,175,1,SEG-A,264.5526,264.8584,48.018,47.253,33.0929
2026-06-25 14:00:00,175,1,SEG-B,264.5925,264.2684,46.78,45.522,33.0299
2026-06-25 14:00:00,175,1,SEG-C,264.1545,264.1422,45.197,44.327,33.0299
2026-06-25 14:00:00,175,1,SEG-D,264.0698,262.7236,43.735,42.534,32.8525
2026-06-25 14:00:00,175,1,SEG-E,262.9813,262.751,42.436,41.355,32.8525
2026-06-25 14:00:00,175,1,SEG-F,262.7483,262.8329,40.957,40.275,32.8525
2026-06-25 14:00:00,175,1,SEG-G,262.8397,262.7807,39.637,38.718,32.8525
2026-06-25 14:00:00,175,1,SEG-H,262.6753,262.7825,38.013,37.616,32.8525
2026-06-25 14:00:00,175,1,SEG-I,262.8069,262.6312,36.548,35.999,32.8525
2026-06-25 14:00:00,175,1,SEG-J,262.6733,262.825,35.562,34.649,32.8525
2026-06-25 14:00:00,175,1,SEG-K,263.1026,262.729,33.999,33.216,32.8525
2026-06-25 14:00:00,175,1,SEG-L,262.9506,262.8577,32.549,31.846,32.8525
2026-06-25 14:00:00,175,1,SEG-M,262.8286,262.7351,31.447,30.316,32.8525
2026-06-25 14:00:00,175,1,SEG-N,262.8686,262.8201,29.664,28.944,32.8525
2026-06-25 14:00:00,175,1,SEG-O,262.8825,262.8194,28.424,27.573,32.8525
2026-06-25 14:00:00,175,1,SEG-P,262.8201,262.7811,26.924,26.146,32.8525
2026-06-25 14:00:00,175,1,SEG-Q,262.8381,262.7249,25.667,24.694,32.8525
2026-06-25 14:00:00,175,1,SEG-R,262.9972,262.9857,24.404,23.538,32.8525
2026-06-25 14:00:00,175,1,SEG-S,262.7434,263.0384,22.829,21.932,32.8525
2026-06-25 14:00:00,175,1,SEG-T,263.0214,262.79,21.416,20.703,32.8525
2026-06-25 22:00:00,175,2,SEG-A,136.8343,136.9111,47.968,47.32,17.1129
2026-06-25 22:00:00,175,2,SEG-B,136.921,136.6145,46.602,45.482,17.0769
2026-06-25 22:00:00,175,2,SEG-C,136.5676,136.5385,45.14,44.359,17.0769
2026-06-25 22:00:00,175,2,SEG-D,136.6155,135.7744,43.66,42.539,16.9755
2026-06-25 22:00:00,175,2,SEG-E,135.7992,135.9192,42.209,41.662,16.9755
2026-06-25 22:00:00,175,2,SEG-F,135.8199,135.8266,41.078,40.066,16.9755
2026-06-25 22:00:00,175,2,SEG-G,135.8262,135.8168,39.566,38.637,16.9755
2026-06-25 22:00:00,175,2,SEG-H,135.8492,135.7812,38.317,37.483,16.9755
2026-06-25 22:00:00,175,2,SEG-I,135.7929,135.7123,36.918,35.899,16.9755
2026-06-25 22:00:00,175,2,SEG-J,135.783,135.7425,35.513,34.418,16.9755
2026-06-25 22:00:00,175,2,SEG-K,135.788,135.8542,33.906,33.046,16.9755
2026-06-25 22:00:00,175,2,SEG-L,135.8082,135.871,32.502,31.719,16.9755
2026-06-25 22:00:00,175,2,SEG-M,135.7467,135.8399,31.319,30.108,16.9755
2026-06-25 22:00:00,175,2,SEG-N,135.8381,135.8313,29.955,29.002,16.9755
2026-06-25 22:00:00,175,2,SEG-O,135.9204,135.8749,28.398,27.639,16.9755
2026-06-25 22:00:00,175,2,SEG-P,135.7095,135.8001,26.991,26.12,16.9755
2026-06-25 22:00:00,175,2,SEG-Q,135.7851,135.7032,25.534,24.929,16.9755
2026-06-25 22:00:00,175,2,SEG-R,135.7693,135.8741,24.195,23.416,16.9755
2026-06-25 22:00:00,175,2,SEG-S,135.8614,135.7548,22.912,22.004,16.9755
2026-06-25 22:00:00,175,2,SEG-T,135.6944,135.7308,21.252,20.23,16.9755
2026-06-26 06:00:00,176,0,SEG-A,183.414,183.4203,47.839,47.092,22.929
2026-06-26 06:00:00,176,0,SEG-B,183.4955,183.0884,46.485,45.385,22.878
2026-06-26 06:00:00,176,0,SEG-C,183.0654,182.9828,45.098,44.399,22.878
2026-06-26 06:00:00,176,0,SEG-D,182.966,181.8977,43.92,42.847,22.7321
2026-06-26 06:00:00,176,0,SEG-E,181.7054,181.8079,42.508,41.653,22.7321
2026-06-26 06:00:00,176,0,SEG-F,181.8403,181.809,41.19,40.286,22.7321
2026-06-26 06:00:00,176,0,SEG-G,181.765,181.6837,39.564,38.703,22.7321
2026-06-26 06:00:00,176,0,SEG-H,181.922,181.9286,38.218,37.584,22.7321
2026-06-26 06:00:00,176,0,SEG-I,181.8337,182.0391,36.863,36.042,22.7321
2026-06-26 06:00:00,176,0,SEG-J,181.9318,181.8409,35.386,34.535,22.7321
2026-06-26 06:00:00,176,0,SEG-K,182.0193,181.8561,34.14,33.047,22.7321
2026-06-26 06:00:00,176,0,SEG-L,181.9687,181.7523,32.616,31.749,22.7321
2026-06-26 06:00:00,176,0,SEG-M,181.6759,181.812,31.176,30.371,22.7321
2026-06-26 06:00:00,176,0,SEG-N,182.0328,181.9074,29.775,29.045,22.7321
2026-06-26 06:00:00,176,0,SEG-O,181.8912,181.7294,28.396,27.584,22.7321
2026-06-26 06:00:00,176,0,SEG-P,181.6675,181.8035,27.017,26.276,22.7321
2026-06-26 06:00:00,176,0,SEG-Q,181.9178,181.7237,25.511,24.84,22.7321
2026-06-26 06:00:00,176,0,SEG-R,182.0591,181.8748,24.285,23.452,22.7321
2026-06-26 06:00:00,176,0,SEG-S,181.7589,181.982,22.725,21.948,22.7321
2026-06-26 06:00:00,176,0,SEG-T,181.9693,181.8653,21.485,20.676,22.7321
2026-06-26 14:00:00,176,1,SEG-A,325.5861,325.7517,47.922,47.157,40.7022
2026-06-26 14:00:00,176,1,SEG-B,325.786,325.3435,46.673,45.359,40.6392
2026-06-26 14:00:00,176,1,SEG-C,325.2056,325.3236,45.189,44.371,40.6392
2026-06-26 14:00:00,176,1,SEG-D,325.1379,323.9286,43.695,42.521,40.459
2026-06-26 14:00:00,176,1,SEG-E,323.8537,323.6546,42.238,41.502,40.459
2026-06-26 14:00:00,176,1,SEG-F,323.5028,323.657,41.193,40.304,40.459
2026-06-26 14:00:00,176,1,SEG-G,323.4425,323.6223,39.743,38.591,40.459
2026-06-26 14:00:00,176,1,SEG-H,323.6088,323.6022,38.078,37.516,40.459
2026-06-26 14:00:00,176,1,SEG-I,323.6475,323.5389,36.794,35.952,40.459
2026-06-26 14:00:00,176,1,SEG-J,323.7241,323.4653,35.436,34.577,40.459
2026-06-26 14:00:00,176,1,SEG-K,323.6776,323.7827,34.103,33.17,40.459
2026-06-26 14:00:00,176,1,SEG-L,323.5997,323.6679,32.598,31.701,40.459
2026-06-26 14:00:00,176,1,SEG-M,323.6307,323.5344,31.242,30.381,40.459
2026-06-26 14:00:00,176,1,SEG-N,323.5702,323.673,29.777,28.947,40.459
2026-06-26 14:00:00,176,1,SEG-O,323.5643,323.515,28.477,27.79,40.459
2026-06-26 14:00:00,176,1,SEG-P,323.9067,323.8821,26.751,26.146,40.459
2026-06-26 14:00:00,176,1,SEG-Q,323.3863,323.7602,25.725,24.858,40.459
2026-06-26 14:00:00,176,1,SEG-R,323.379,323.7124,24.287,23.45,40.459
2026-06-26 14:00:00,176,1,SEG-S,323.7287,323.7472,22.648,21.787,40.459
2026-06-26 14:00:00,176,1,SEG-T,323.5999,323.9119,21.514,20.358,40.459
2026-06-26 22:00:00,176,2,SEG-A,185.6029,185.634,48.07,47.067,23.2044
2026-06-26 22:00:00,176,2,SEG-B,185.5215,185.2767,46.724,45.423,23.1684
2026-06-26 22:00:00,176,2,SEG-C,185.3717,185.3759,45.308,44.337,23.1684
2026-06-26 22:00:00,176,2,SEG-D,185.4369,184.4727,43.79,42.692,23.0655
2026-06-26 22:00:00,176,2,SEG-E,184.3697,184.6607,42.348,41.4,23.0655
2026-06-26 22:00:00,176,2,SEG-F,184.6506,184.5904,41.131,40.259,23.0655
2026-06-26 22:00:00,176,2,SEG-G,184.3906,184.4029,39.686,38.686,23.0655
2026-06-26 22:00:00,176,2,SEG-H,184.6514,184.4768,38.134,37.297,23.0655
2026-06-26 22:00:00,176,2,SEG-I,184.4208,184.6278,36.714,36.161,23.0655
2026-06-26 22:00:00,176,2,SEG-J,184.3663,184.4092,35.277,34.695,23.0655
2026-06-26 22:00:00,176,2,SEG-K,184.6004,184.4686,33.997,33.253,23.0655
2026-06-26 22:00:00,176,2,SEG-L,184.4314,184.4482,32.685,31.637,23.0655
2026-06-26 22:00:00,176,2,SEG-M,184.5334,184.5678,31.505,30.408,23.0655
2026-06-26 22:00:00,176,2,SEG-N,184.5321,184.5208,30.068,28.847,23.0655
2026-06-26 22:00:00,176,2,SEG-O,184.52,184.422,28.334,27.527,23.0655
2026-06-26 22:00:00,176,2,SEG-P,184.4645,184.3201,27.1,26.314,23.0655
2026-06-26 22:00:00,176,2,SEG-Q,184.5043,184.5637,25.766,24.674,23.0655
2026-06-26 22:00:00,176,2,SEG-R,184.5336,184.5565,24.418,23.573,23.0655
2026-06-26 22:00:00,176,2,SEG-S,184.5061,184.4379,22.842,21.836,23.0655
2026-06-26 22:00:00,176,2,SEG-T,184.5869,184.5016,21.254,20.302,23.0655
2026-06-27 06:00:00,177,0,SEG-A,245.9662,245.9257,47.831,47.209,30.7592
2026-06-27 06:00:00,177,0,SEG-B,246.0737,245.8003,46.614,45.285,30.7082
2026-06-27 06:00:00,177,0,SEG-C,245.6729,245.6549,45.128,44.518,30.7082
2026-06-27 06:00:00,177,0,SEG-D,245.7328,244.4623,43.623,42.772,30.5601
2026-06-27 06:00:00,177,0,SEG-E,244.4798,244.3743,42.229,41.528,30.5601
2026-06-27 06:00:00,177,0,SEG-F,244.3214,244.5669,40.962,40.324,30.5601
2026-06-27 06:00:00,177,0,SEG-G,244.5793,244.3907,39.663,38.542,30.5601
2026-06-27 06:00:00,177,0,SEG-H,244.3735,244.5963,38.334,37.461,30.5601
2026-06-27 06:00:00,177,0,SEG-I,244.4596,244.4954,36.764,35.939,30.5601
2026-06-27 06:00:00,177,0,SEG-J,244.424,244.5476,35.366,34.586,30.5601
2026-06-27 06:00:00,177,0,SEG-K,244.3107,244.5224,33.998,32.986,30.5601
2026-06-27 06:00:00,177,0,SEG-L,244.4265,244.3214,32.634,31.616,30.5601
2026-06-27 06:00:00,177,0,SEG-M,244.5807,244.2971,31.157,30.258,30.5601
2026-06-27 06:00:00,177,0,SEG-N,244.4952,244.3964,29.843,29.192,30.5601
2026-06-27 06:00:00,177,0,SEG-O,244.4457,244.47,28.439,27.35,30.5601
2026-06-27 06:00:00,177,0,SEG-P,244.5396,244.3663,27.029,26.227,30.5601
2026-06-27 06:00:00,177,0,SEG-Q,244.3608,244.4167,25.752,24.902,30.5601
2026-06-27 06:00:00,177,0,SEG-R,244.7159,244.483,24.276,23.279,30.5601
2026-06-27 06:00:00,177,0,SEG-S,244.381,244.4331,22.821,21.84,30.5601
2026-06-27 06:00:00,177,0,SEG-T,244.4419,244.4827,21.473,20.625,30.5601
2026-06-27 14:00:00,177,1,SEG-A,318.2921,318.3168,47.923,47.211,39.7787
2026-06-27 14:00:00,177,1,SEG-B,318.252,317.667,46.614,45.492,39.7157
2026-06-27 14:00:00,177,1,SEG-C,317.874,317.885,44.918,44.288,39.7157
2026-06-27 14:00:00,177,1,SEG-D,317.6325,316.1506,43.782,42.538,39.5328
2026-06-27 14:00:00,177,1,SEG-E,316.1951,316.57,42.301,41.624,39.5328
2026-06-27 14:00:00,177,1,SEG-F,316.2574,316.2439,40.755,40.124,39.5328
2026-06-27 14:00:00,177,1,SEG-G,316.5511,316.3056,39.646,38.871,39.5328
2026-06-27 14:00:00,177,1,SEG-H,316.1278,316.4239,38.035,37.367,39.5328
2026-06-27 14:00:00,177,1,SEG-I,316.2581,316.2142,36.717,35.92,39.5328
2026-06-27 14:00:00,177,1,SEG-J,316.1103,316.2647,35.273,34.362,39.5328
2026-06-27 14:00:00,177,1,SEG-K,316.2774,316.2529,33.81,33.076,39.5328
2026-06-27 14:00:00,177,1,SEG-L,316.2362,316.3887,32.689,31.714,39.5328
2026-06-27 14:00:00,177,1,SEG-M,315.9664,316.2705,31.309,30.347,39.5328
2026-06-27 14:00:00,177,1,SEG-N,316.3117,316.1809,29.789,28.912,39.5328
2026-06-27 14:00:00,177,1,SEG-O,316.2919,316.2423,28.371,27.439,39.5328
2026-06-27 14:00:00,177,1,SEG-P,316.3014,316.1845,26.944,26.121,39.5328
2026-06-27 14:00:00,177,1,SEG-Q,316.1012,316.168,25.627,25.011,39.5328
2026-06-27 14:00:00,177,1,SEG-R,316.4754,316.4389,24.018,23.334,39.5328
2026-06-27 14:00:00,177,1,SEG-S,316.3312,316.5155,22.904,21.865,39.5328
2026-06-27 14:00:00,177,1,SEG-T,316.355,316.4495,21.467,20.476,39.5328
2026-06-27 22:00:00,177,2,SEG-A,192.8694,192.9778,47.999,47.012,24.1187
2026-06-27 22:00:00,177,2,SEG-B,192.9959,192.8083,46.623,45.405,24.0827
2026-06-27 22:00:00,177,2,SEG-C,192.7164,192.5316,45.283,44.308,24.0827
2026-06-27 22:00:00,177,2,SEG-D,192.7552,191.7702,43.798,42.728,23.9781
2026-06-27 22:00:00,177,2,SEG-E,191.7834,191.8845,42.2,41.535,23.9781
2026-06-27 22:00:00,177,2,SEG-F,191.805,191.6849,41.102,40.061,23.9781
2026-06-27 22:00:00,177,2,SEG-G,191.9592,191.7856,39.463,38.738,23.9781
2026-06-27 22:00:00,177,2,SEG-H,191.9164,191.7663,38.169,37.453,23.9781
2026-06-27 22:00:00,177,2,SEG-I,191.8663,191.8474,36.732,36.066,23.9781
2026-06-27 22:00:00,177,2,SEG-J,191.8045,191.911,35.262,34.857,23.9781
2026-06-27 22:00:00,177,2,SEG-K,191.8173,191.8225,33.796,33.291,23.9781
2026-06-27 22:00:00,177,2,SEG-L,191.8187,191.8735,32.515,31.665,23.9781
2026-06-27 22:00:00,177,2,SEG-M,191.7766,191.7678,31.051,30.35,23.9781
2026-06-27 22:00:00,177,2,SEG-N,191.8078,191.7759,29.698,28.972,23.9781
2026-06-27 22:00:00,177,2,SEG-O,191.8654,191.9662,28.37,27.598,23.9781
2026-06-27 22:00:00,177,2,SEG-P,191.6757,191.8439,26.988,26.112,23.9781
2026-06-27 22:00:00,177,2,SEG-Q,191.8594,191.7727,25.601,24.655,23.9781
2026-06-27 22:00:00,177,2,SEG-R,191.8948,191.9501,24.297,23.368,23.9781
2026-06-27 22:00:00,177,2,SEG-S,191.8873,191.9787,22.861,21.988,23.9781
2026-06-27 22:00:00,177,2,SEG-T,191.9398,191.8717,21.299,20.474,23.9781
2026-06-28 06:00:00,178,0,SEG-A,234.8646,234.9207,48.144,47.222,29.3659
2026-06-28 06:00:00,178,0,SEG-B,234.9512,234.562,46.693,45.682,29.3149
2026-06-28 06:00:00,178,0,SEG-C,234.5381,234.6152,45.115,44.266,29.3149
2026-06-28 06:00:00,178,0,SEG-D,234.7061,233.2012,43.724,42.77,29.1645
2026-06-28 06:00:00,178,0,SEG-E,233.3939,233.5021,42.368,41.423,29.1645
2026-06-28 06:00:00,178,0,SEG-F,233.2654,233.3121,40.851,40.292,29.1645
2026-06-28 06:00:00,178,0,SEG-G,233.2947,233.3841,39.617,38.753,29.1645
2026-06-28 06:00:00,178,0,SEG-H,233.3541,233.4892,38.207,37.345,29.1645
2026-06-28 06:00:00,178,0,SEG-I,233.4164,233.4,36.793,35.731,29.1645
2026-06-28 06:00:00,178,0,SEG-J,233.2972,233.2264,35.361,34.467,29.1645
2026-06-28 06:00:00,178,0,SEG-K,233.3499,233.2015,33.999,33.051,29.1645
2026-06-28 06:00:00,178,0,SEG-L,233.4192,233.1992,32.392,31.789,29.1645
2026-06-28 06:00:00,178,0,SEG-M,233.1811,233.1939,31.083,30.484,29.1645
2026-06-28 06:00:00,178,0,SEG-N,233.5012,233.4781,29.679,29.083,29.1645
2026-06-28 06:00:00,178,0,SEG-O,233.3561,233.2936,28.099,27.557,29.1645
2026-06-28 06:00:00,178,0,SEG-P,233.2887,233.3063,27.167,26.015,29.1645
2026-06-28 06:00:00,178,0,SEG-Q,233.3294,233.303,25.639,24.705,29.1645
2026-06-28 06:00:00,178,0,SEG-R,233.3225,233.4366,24.294,23.385,29.1645
2026-06-28 06:00:00,178,0,SEG-S,233.3574,233.4506,22.686,21.946,29.1645
2026-06-28 06:00:00,178,0,SEG-T,233.4532,233.4141,21.459,20.442,29.1645
2026-06-28 14:00:00,178,1,SEG-A,277.1466,276.7978,48.123,47.055,34.6138
2026-06-28 14:00:00,178,1,SEG-B,276.9708,276.4631,46.541,45.251,34.5508
2026-06-28 14:00:00,178,1,SEG-C,276.4168,276.4009,45.213,44.328,34.5508
2026-06-28 14:00:00,178,1,SEG-D,276.5839,274.9253,43.782,42.484,34.3651
2026-06-28 14:00:00,178,1,SEG-E,274.9291,275.0993,42.343,41.671,34.3651
2026-06-28 14:00:00,178,1,SEG-F,274.8774,274.8655,41.104,39.854,34.3651
2026-06-28 14:00:00,178,1,SEG-G,274.9067,274.9236,39.524,38.796,34.3651
2026-06-28 14:00:00,178,1,SEG-H,275.1582,274.721,38.204,37.262,34.3651
2026-06-28 14:00:00,178,1,SEG-I,275.0201,274.8568,36.737,35.983,34.3651
2026-06-28 14:00:00,178,1,SEG-J,275.0436,275.0233,35.459,34.854,34.3651
2026-06-28 14:00:00,178,1,SEG-K,274.8367,274.6464,34.062,33.055,34.3651
2026-06-28 14:00:00,178,1,SEG-L,275.0657,274.8018,32.512,31.69,34.3651
2026-06-28 14:00:00,178,1,SEG-M,274.8473,274.9508,31.124,30.194,34.3651
2026-06-28 14:00:00,178,1,SEG-N,274.8805,274.7852,29.84,28.794,34.3651
2026-06-28 14:00:00,178,1,SEG-O,274.8778,274.8343,28.328,27.796,34.3651
2026-06-28 14:00:00,178,1,SEG-P,275.161,274.9583,27.126,26.013,34.3651
2026-06-28 14:00:00,178,1,SEG-Q,274.8874,274.8987,25.583,24.714,34.3651
2026-06-28 14:00:00,178,1,SEG-R,274.9885,274.9809,23.966,23.015,34.3651
2026-06-28 14:00:00,178,1,SEG-S,275.1084,274.7972,22.87,21.991,34.3651
2026-06-28 14:00:00,178,1,SEG-T,274.9778,275.0883,21.486,20.532,34.3651
2026-06-28 22:00:00,178,2,SEG-A,156.517,156.3948,48.122,46.953,19.5539
2026-06-28 22:00:00,178,2,SEG-B,156.4645,156.1823,46.629,45.342,19.5179
2026-06-28 22:00:00,178,2,SEG-C,156.0753,156.0515,45.024,44.448,19.5179
2026-06-28 22:00:00,178,2,SEG-D,156.1117,155.1843,43.801,42.662,19.4118
2026-06-28 22:00:00,178,2,SEG-E,155.3127,155.3442,42.327,41.6,19.4118
2026-06-28 22:00:00,178,2,SEG-F,155.3132,155.274,40.986,40.142,19.4118
2026-06-28 22:00:00,178,2,SEG-G,155.2544,155.1811,39.673,38.651,19.4118
2026-06-28 22:00:00,178,2,SEG-H,155.3471,155.2171,38.267,37.279,19.4118
2026-06-28 22:00:00,178,2,SEG-I,155.2529,155.2406,36.878,35.903,19.4118
2026-06-28 22:00:00,178,2,SEG-J,155.2653,155.2998,35.512,34.627,19.4118
2026-06-28 22:00:00,178,2,SEG-K,155.2965,155.1989,33.875,33.137,19.4118
2026-06-28 22:00:00,178,2,SEG-L,155.5126,155.3005,32.597,31.613,19.4118
2026-06-28 22:00:00,178,2,SEG-M,155.2495,155.2519,31.239,30.197,19.4118
2026-06-28 22:00:00,178,2,SEG-N,155.2392,155.2079,29.75,29.043,19.4118
2026-06-28 22:00:00,178,2,SEG-O,155.2942,155.5096,28.413,27.492,19.4118
2026-06-28 22:00:00,178,2,SEG-P,155.2321,155.1391,27.055,26.005,19.4118
2026-06-28 22:00:00,178,2,SEG-Q,155.2934,155.283,25.626,24.788,19.4118
2026-06-28 22:00:00,178,2,SEG-R,155.385,155.3344,23.988,23.373,19.4118
2026-06-28 22:00:00,178,2,SEG-S,155.1869,155.3219,22.747,22.108,19.4118
2026-06-28 22:00:00,178,2,SEG-T,155.3543,155.3081,21.628,20.505,19.4118
2026-06-29 06:00:00,179,0,SEG-A,251.2713,251.4173,47.836,47.24,31.4232
2026-06-29 06:00:00,179,0,SEG-B,251.176,250.796,46.513,45.431,31.3722
2026-06-29 06:00:00,179,0,SEG-C,250.9958,250.9282,45.173,44.251,31.3722
2026-06-29 06:00:00,179,0,SEG-D,250.9359,249.6693,43.925,42.693,31.2195
2026-06-29 06:00:00,179,0,SEG-E,249.8403,249.9383,42.459,41.582,31.2195
2026-06-29 06:00:00,179,0,SEG-F,249.5758,249.7572,41.126,40.162,31.2195
2026-06-29 06:00:00,179,0,SEG-G,249.5267,249.9207,39.361,38.827,31.2195
2026-06-29 06:00:00,179,0,SEG-H,249.6774,249.6964,38.029,37.475,31.2195
2026-06-29 06:00:00,179,0,SEG-I,249.7486,249.8753,36.858,36.118,31.2195
2026-06-29 06:00:00,179,0,SEG-J,249.5603,249.72,35.543,34.523,31.2195
2026-06-29 06:00:00,179,0,SEG-K,249.5839,250.0768,34.14,33.061,31.2195
2026-06-29 06:00:00,179,0,SEG-L,249.7375,249.7337,32.513,31.683,31.2195
2026-06-29 06:00:00,179,0,SEG-M,249.5612,249.717,31.141,30.383,31.2195
2026-06-29 06:00:00,179,0,SEG-N,249.7952,249.8154,29.791,28.897,31.2195
2026-06-29 06:00:00,179,0,SEG-O,249.8614,249.8564,28.296,27.549,31.2195
2026-06-29 06:00:00,179,0,SEG-P,249.7976,249.7147,27.023,26.35,31.2195
2026-06-29 06:00:00,179,0,SEG-Q,249.8107,249.8901,25.288,24.784,31.2195
2026-06-29 06:00:00,179,0,SEG-R,249.8327,249.7707,24.424,23.301,31.2195
2026-06-29 06:00:00,179,0,SEG-S,249.6016,249.8179,22.819,21.866,31.2195
2026-06-29 06:00:00,179,0,SEG-T,249.6773,249.8867,21.314,20.427,31.2195
2026-06-29 14:00:00,179,1,SEG-A,310.3204,310.3995,48.011,47.06,38.8029
2026-06-29 14:00:00,179,1,SEG-B,310.3558,309.97,46.501,45.105,38.7399
2026-06-29 14:00:00,179,1,SEG-C,309.8408,310.0355,45.374,44.322,38.7399
2026-06-29 14:00:00,179,1,SEG-D,309.8543,308.4595,43.961,42.59,38.5513
2026-06-29 14:00:00,179,1,SEG-E,308.5967,308.3894,42.41,41.594,38.5513
2026-06-29 14:00:00,179,1,SEG-F,308.4732,308.5669,40.99,40.405,38.5513
2026-06-29 14:00:00,179,1,SEG-G,308.6165,308.4811,39.642,38.738,38.5513
2026-06-29 14:00:00,179,1,SEG-H,308.5322,308.3635,38.289,37.303,38.5513
2026-06-29 14:00:00,179,1,SEG-I,308.2579,308.3993,36.736,35.878,38.5513
2026-06-29 14:00:00,179,1,SEG-J,308.2182,308.2033,35.32,34.379,38.5513
2026-06-29 14:00:00,179,1,SEG-K,308.3526,308.4475,33.804,32.96,38.5513
2026-06-29 14:00:00,179,1,SEG-L,308.4372,308.7574,32.701,31.627,38.5513
2026-06-29 14:00:00,179,1,SEG-M,308.3457,308.4264,31.078,30.132,38.5513
2026-06-29 14:00:00,179,1,SEG-N,308.0098,308.5626,29.582,29.072,38.5513
2026-06-29 14:00:00,179,1,SEG-O,308.3873,308.4831,28.392,27.688,38.5513
2026-06-29 14:00:00,179,1,SEG-P,308.2517,308.3234,27.167,26.111,38.5513
2026-06-29 14:00:00,179,1,SEG-Q,308.1619,308.5925,25.325,24.607,38.5513
2026-06-29 14:00:00,179,1,SEG-R,308.5376,308.2565,24.2,23.487,38.5513
2026-06-29 14:00:00,179,1,SEG-S,308.1691,308.485,22.762,21.884,38.5513
2026-06-29 14:00:00,179,1,SEG-T,308.8493,308.654,21.533,20.714,38.5513
2026-06-29 22:00:00,179,2,SEG-A,154.7584,154.6378,48.178,47.191,19.3372
2026-06-29 22:00:00,179,2,SEG-B,154.8033,154.4313,46.849,45.33,19.3012
2026-06-29 22:00:00,179,2,SEG-C,154.3195,154.4033,45.395,44.418,19.3012
2026-06-29 22:00:00,179,2,SEG-D,154.3955,153.6281,43.675,42.736,19.1935
2026-06-29 22:00:00,179,2,SEG-E,153.545,153.4704,42.445,41.536,19.1935
2026-06-29 22:00:00,179,2,SEG-F,153.4615,153.6082,40.693,40.045,19.1935
2026-06-29 22:00:00,179,2,SEG-G,153.5263,153.5855,39.631,38.993,19.1935
2026-06-29 22:00:00,179,2,SEG-H,153.5048,153.5888,38.295,37.555,19.1935
2026-06-29 22:00:00,179,2,SEG-I,153.5711,153.5033,36.578,36.21,19.1935
2026-06-29 22:00:00,179,2,SEG-J,153.5694,153.5081,35.333,34.644,19.1935
2026-06-29 22:00:00,179,2,SEG-K,153.5692,153.477,33.954,33.177,19.1935
2026-06-29 22:00:00,179,2,SEG-L,153.611,153.626,32.531,31.647,19.1935
2026-06-29 22:00:00,179,2,SEG-M,153.5651,153.5748,31.398,30.408,19.1935
2026-06-29 22:00:00,179,2,SEG-N,153.6001,153.6766,29.84,28.86,19.1935
2026-06-29 22:00:00,179,2,SEG-O,153.4646,153.4933,28.268,27.404,19.1935
2026-06-29 22:00:00,179,2,SEG-P,153.6681,153.4631,27.091,26.265,19.1935
2026-06-29 22:00:00,179,2,SEG-Q,153.504,153.6883,25.767,24.835,19.1935
2026-06-29 22:00:00,179,2,SEG-R,153.482,153.4966,24.171,23.579,19.1935
2026-06-29 22:00:00,179,2,SEG-S,153.5889,153.5528,22.831,22.1,19.1935
2026-06-29 22:00:00,179,2,SEG-T,153.4721,153.7206,21.301,20.556,19.1935
