timestamp,day,slot,tank_id,product,dip_level_m,observed_volume_kl,temp_c,density_obs_kgm3,density_15c,vcf,net_volume_kl15,mass_tonnes,water_dip_cm,ullage_m,vapour_space_m3
2026-01-01 06:00:00,0,0,TK-01,HSD,8.144,2558.52,18.87,830.14,832.9,0.996683,2550.034,2123.928,1.5,4.856,1533.19
2026-01-01 06:00:00,0,0,TK-02,HSD,9.7104,3050.625,18.84,829.2,831.95,0.996694,3040.54,2529.568,1.2,3.29,1042.63
2026-01-01 06:00:00,0,0,TK-03,HSD,7.8479,1997.052,19.39,828.31,831.45,0.996218,1989.5,1654.176,0.7,4.152,1064.5
2026-01-01 06:00:00,0,0,TK-04,HSD,7.5255,2364.207,19.45,829.63,832.81,0.996178,2355.172,1961.406,1.1,5.474,1729.41
2026-01-01 06:00:00,0,0,TK-05,HSD,8.5459,3248.563,19.74,828.44,831.83,0.995926,3235.327,2691.252,1.2,4.954,1894.13
2026-01-01 14:00:00,0,1,TK-01,HSD,7.9905,2510.288,26.58,824.38,832.68,0.990037,2485.278,2069.436,1.6,5.01,1597.35
2026-01-01 14:00:00,0,1,TK-02,HSD,9.5361,2995.84,26.67,823.65,832.02,0.989947,2965.723,2467.53,1.0,3.464,1119.13
2026-01-01 14:00:00,0,1,TK-03,HSD,7.6987,1959.081,26.61,823.7,832.02,0.99,1939.491,1613.698,1.2,4.301,1114.53
2026-01-01 14:00:00,0,1,TK-04,HSD,8.1828,2570.697,26.67,823.49,831.86,0.989946,2544.851,2116.951,1.2,4.817,1539.17
2026-01-01 14:00:00,0,1,TK-05,HSD,8.3901,3189.357,26.84,823.53,832.02,0.989805,3156.841,2626.541,1.2,5.11,1975.56
2026-01-01 22:00:00,0,2,TK-01,HSD,8.4571,2656.881,22.16,826.78,831.91,0.993835,2640.502,2196.665,1.5,4.543,1444.45
2026-01-01 22:00:00,0,2,TK-02,HSD,9.3894,2949.782,22.06,825.93,830.99,0.993913,2931.827,2436.324,1.2,3.611,1152.48
2026-01-01 22:00:00,0,2,TK-03,HSD,7.585,1930.15,22.09,826.76,831.84,0.993896,1918.369,1595.776,1.0,4.415,1136.34
2026-01-01 22:00:00,0,2,TK-04,HSD,8.0589,2531.791,22.16,826.46,831.59,0.993832,2516.175,2092.432,1.5,4.941,1567.79
2026-01-01 22:00:00,0,2,TK-05,HSD,8.2588,3139.442,21.34,827.29,831.83,0.994541,3122.303,2597.221,1.1,5.241,2011.06
2026-01-02 06:00:00,1,0,TK-01,HSD,8.2915,2604.838,20.86,829.14,833.33,0.994976,2591.75,2159.777,1.8,4.709,1492.24
2026-01-02 06:00:00,1,0,TK-02,HSD,9.2123,2894.133,21.02,827.53,831.84,0.994821,2879.144,2394.979,1.4,3.788,1205.56
2026-01-02 06:00:00,1,0,TK-03,HSD,7.4405,1893.372,21.16,827.74,832.15,0.9947,1883.336,1567.218,1.7,4.56,1171.05
2026-01-02 06:00:00,1,0,TK-04,HSD,7.9056,2483.63,21.05,827.09,831.42,0.994791,2470.693,2054.174,0.5,5.094,1613.35
2026-01-02 06:00:00,1,0,TK-05,HSD,8.7526,3327.15,20.79,829.46,833.6,0.995039,3310.643,2759.754,0.4,4.747,1822.41
2026-01-02 14:00:00,1,1,TK-01,HSD,8.1656,2565.314,26.94,822.92,831.48,0.989704,2538.902,2111.054,1.3,4.834,1546.65
2026-01-02 14:00:00,1,1,TK-02,HSD,9.0691,2849.15,27.45,823.41,832.33,0.989286,2818.623,2346.014,1.1,3.931,1265.99
2026-01-02 14:00:00,1,1,TK-03,HSD,7.3201,1862.735,27.56,823.1,832.1,0.989182,1842.584,1533.222,1.0,4.68,1210.58
2026-01-02 14:00:00,1,1,TK-04,HSD,8.6385,2713.865,27.87,822.05,831.28,0.988892,2683.72,2230.93,0.9,4.361,1402.19
2026-01-02 14:00:00,1,1,TK-05,HSD,8.6203,3276.869,27.99,824.16,833.46,0.988842,3240.304,2700.656,1.2,4.88,1891.89
2026-01-02 22:00:00,1,2,TK-01,HSD,8.0103,2516.495,22.45,826.77,832.11,0.99359,2500.365,2080.567,1.1,4.99,1582.72
2026-01-02 22:00:00,1,2,TK-02,HSD,8.8987,2795.597,22.48,826.48,831.83,0.993563,2777.603,2310.506,1.0,4.101,1306.04
2026-01-02 22:00:00,1,2,TK-03,HSD,8.0039,2036.738,22.74,826.71,832.25,0.993345,2023.183,1683.788,1.0,3.996,1031.14
2026-01-02 22:00:00,1,2,TK-04,HSD,8.4724,2661.695,22.89,826.18,831.83,0.993209,2643.619,2199.052,0.9,4.528,1440.31
2026-01-02 22:00:00,1,2,TK-05,HSD,8.4613,3216.418,22.88,825.97,831.62,0.993211,3194.582,2656.669,1.0,5.039,1937.94
2026-01-03 06:00:00,2,0,TK-01,HSD,8.6301,2711.241,20.73,827.96,832.06,0.995076,2697.89,2244.799,1.2,4.37,1384.05
2026-01-03 06:00:00,2,0,TK-02,HSD,8.735,2744.167,20.87,827.21,831.41,0.994948,2730.303,2269.999,1.3,4.265,1355.0
2026-01-03 06:00:00,2,0,TK-03,HSD,7.8495,1997.444,21.01,828.2,832.5,0.994835,1987.127,1654.283,1.0,4.151,1066.78
2026-01-03 06:00:00,2,0,TK-04,HSD,8.3066,2609.585,20.68,828.29,832.35,0.995118,2596.845,2161.491,1.3,4.693,1486.9
2026-01-03 06:00:00,2,0,TK-05,HSD,8.2978,3154.273,20.73,826.89,831.0,0.995055,3138.676,2608.231,1.0,5.202,1994.22
2026-01-03 14:00:00,2,1,TK-01,HSD,8.4981,2669.751,27.46,822.79,831.73,0.989257,2641.071,2196.649,1.2,4.502,1443.72
2026-01-03 14:00:00,2,1,TK-02,HSD,8.5914,2699.065,27.99,822.47,831.78,0.988801,2668.838,2219.893,0.7,4.409,1415.31
2026-01-03 14:00:00,2,1,TK-03,HSD,7.7221,1965.04,28.06,823.89,833.24,0.988778,1942.987,1618.977,1.1,4.278,1110.69
2026-01-03 14:00:00,2,1,TK-04,HSD,8.1791,2569.547,28.0,823.8,833.11,0.988829,2540.842,2116.802,1.4,4.821,1544.29
2026-01-03 14:00:00,2,1,TK-05,HSD,8.6274,3279.568,28.05,821.96,831.32,0.988738,3242.634,2695.659,1.2,4.873,1889.33
2026-01-03 22:00:00,2,2,TK-01,HSD,8.3446,2621.523,21.75,826.88,831.72,0.994187,2606.283,2167.694,0.9,4.655,1478.88
2026-01-03 22:00:00,2,2,TK-02,HSD,8.4363,2650.354,22.17,827.79,832.91,0.993846,2634.044,2193.935,0.8,4.564,1450.84
2026-01-03 22:00:00,2,2,TK-03,HSD,7.5834,1929.746,21.98,827.2,832.2,0.993995,1918.159,1596.287,1.5,4.417,1136.56
2026-01-03 22:00:00,2,2,TK-04,HSD,8.4738,2662.134,22.21,826.54,831.71,0.993789,2645.598,2200.364,0.6,4.526,1437.8
2026-01-03 22:00:00,2,2,TK-05,HSD,8.4687,3219.237,22.17,826.26,831.4,0.993823,3199.352,2659.93,1.2,5.031,1932.5
2026-01-04 06:00:00,3,0,TK-01,HSD,8.1696,2566.571,20.03,829.12,832.71,0.995678,2555.478,2127.984,0.8,4.83,1528.06
2026-01-04 06:00:00,3,0,TK-02,HSD,8.2543,2593.168,19.79,829.06,832.49,0.995887,2582.503,2149.899,0.9,4.746,1500.56
2026-01-04 06:00:00,3,0,TK-03,HSD,8.2196,2091.631,20.06,828.46,832.08,0.995651,2082.533,1732.839,1.0,3.78,970.96
2026-01-04 06:00:00,3,0,TK-04,HSD,8.3053,2609.186,20.02,827.71,831.31,0.995672,2597.895,2159.655,0.9,4.695,1487.76
2026-01-04 06:00:00,3,0,TK-05,HSD,8.2954,3153.344,19.95,827.49,831.04,0.995736,3139.898,2609.375,0.8,5.205,1992.91
2026-01-04 14:00:00,3,1,TK-01,HSD,8.0665,2534.168,27.38,822.92,831.8,0.989332,2507.134,2085.422,1.7,4.933,1579.19
2026-01-04 14:00:00,3,1,TK-02,HSD,8.154,2561.661,27.34,824.08,832.92,0.989388,2534.475,2111.004,1.5,4.846,1552.24
2026-01-04 14:00:00,3,1,TK-03,HSD,8.1052,2062.512,27.11,824.49,833.16,0.989594,2041.05,1700.526,1.3,3.895,1012.62
2026-01-04 14:00:00,3,1,TK-04,HSD,8.1804,2569.934,26.98,823.33,831.91,0.989677,2543.404,2115.896,1.1,4.82,1539.7
2026-01-04 14:00:00,3,1,TK-05,HSD,9.0135,3426.313,26.73,823.28,831.69,0.989891,3391.678,2820.809,1.0,4.487,1742.01
2026-01-04 22:00:00,3,2,TK-01,HSD,8.5152,2675.12,22.3,826.44,831.66,0.993716,2658.31,2210.814,1.3,4.485,1424.9
2026-01-04 22:00:00,3,2,TK-02,HSD,8.0302,2522.77,22.51,827.49,832.86,0.993549,2506.495,2087.57,1.5,4.97,1577.83
2026-01-04 22:00:00,3,2,TK-03,HSD,7.9915,2033.6,22.52,827.5,832.88,0.993542,2020.467,1682.799,1.4,4.008,1033.26
2026-01-04 22:00:00,3,2,TK-04,HSD,8.0731,2536.234,22.43,826.52,831.84,0.993605,2520.014,2096.248,1.1,4.927,1565.42
2026-01-04 22:00:00,3,2,TK-05,HSD,8.8852,3377.566,22.89,826.23,831.88,0.993206,3354.619,2790.644,1.1,4.615,1776.28
2026-01-05 06:00:00,4,0,TK-01,HSD,8.3295,2616.786,19.93,828.49,832.02,0.995759,2605.688,2167.974,0.8,4.671,1476.53
2026-01-05 06:00:00,4,0,TK-02,HSD,8.6804,2727.035,19.92,829.34,832.85,0.995781,2715.529,2261.628,0.7,4.32,1370.35
2026-01-05 06:00:00,4,0,TK-03,HSD,7.817,1989.193,19.64,828.43,831.75,0.996004,1981.244,1647.901,1.3,4.183,1072.49
2026-01-05 06:00:00,4,0,TK-04,HSD,7.8853,2477.245,19.07,830.54,833.44,0.996516,2468.615,2057.452,0.7,5.115,1614.33
2026-01-05 06:00:00,4,0,TK-05,HSD,8.6935,3304.688,19.59,828.98,832.27,0.996055,3291.65,2739.528,1.5,4.806,1841.44
2026-01-05 14:00:00,4,1,TK-01,HSD,8.2474,2591.006,27.49,823.28,832.23,0.989241,2563.128,2133.119,1.4,4.753,1521.35
2026-01-05 14:00:00,4,1,TK-02,HSD,8.5791,2695.191,27.1,823.96,832.63,0.989591,2667.136,2220.733,0.8,4.421,1417.0
2026-01-05 14:00:00,4,1,TK-03,HSD,7.7351,1968.346,27.73,823.66,832.77,0.989055,1946.802,1621.244,1.3,4.265,1106.54
2026-01-05 14:00:00,4,1,TK-04,HSD,8.837,2776.215,27.33,821.69,830.55,0.989337,2746.612,2281.198,2.0,4.163,1335.68
2026-01-05 14:00:00,4,1,TK-05,HSD,8.5992,3268.847,27.34,823.22,832.06,0.989372,3234.105,2690.98,1.1,4.901,1898.0
2026-01-05 22:00:00,4,2,TK-01,HSD,8.619,2707.745,21.09,825.89,830.26,0.994742,2693.507,2236.308,1.3,4.381,1390.79
2026-01-05 22:00:00,4,2,TK-02,HSD,8.4387,2651.106,21.45,827.14,831.76,0.994445,2636.38,2192.825,1.0,4.561,1447.54
2026-01-05 22:00:00,4,2,TK-03,HSD,7.6048,1935.19,21.2,827.81,832.25,0.994667,1924.869,1601.977,1.5,4.395,1128.84
2026-01-05 22:00:00,4,2,TK-04,HSD,8.6912,2730.43,21.08,828.65,833.0,0.994782,2716.183,2262.571,1.4,4.309,1367.15
2026-01-05 22:00:00,4,2,TK-05,HSD,8.4555,3214.195,21.1,827.79,832.16,0.994752,3197.327,2660.678,1.2,5.045,1935.03
2026-01-06 06:00:00,5,0,TK-01,HSD,8.4281,2647.755,19.51,828.06,831.29,0.996117,2637.475,2192.503,1.1,4.572,1445.17
2026-01-06 06:00:00,5,0,TK-02,HSD,8.2577,2594.218,19.97,828.09,831.65,0.995722,2583.12,2148.252,1.3,4.742,1500.78
2026-01-06 06:00:00,5,0,TK-03,HSD,7.4357,1892.163,19.65,829.46,832.78,0.996009,1884.611,1569.466,1.7,4.564,1167.71
2026-01-06 06:00:00,5,0,TK-04,HSD,8.5099,2673.472,19.87,828.23,831.72,0.99581,2662.271,2214.252,1.3,4.49,1422.02
2026-01-06 06:00:00,5,0,TK-05,HSD,8.7676,3332.862,19.4,828.37,831.53,0.996208,3320.226,2760.852,1.3,4.732,1812.1
2026-01-06 14:00:00,5,1,TK-01,HSD,8.2958,2606.193,27.07,823.52,832.17,0.989607,2579.107,2146.25,1.2,4.704,1503.07
2026-01-06 14:00:00,5,1,TK-02,HSD,8.1242,2552.307,26.96,822.93,831.5,0.989683,2525.975,2100.358,0.9,4.876,1557.45
2026-01-06 14:00:00,5,1,TK-03,HSD,8.5685,2180.408,27.36,824.58,833.43,0.989385,2157.262,1797.921,1.2,3.432,897.67
2026-01-06 14:00:00,5,1,TK-04,HSD,8.3796,2632.543,27.35,823.26,832.11,0.989365,2604.546,2167.266,1.3,4.62,1480.42
2026-01-06 14:00:00,5,1,TK-05,HSD,8.6334,3281.839,27.23,823.37,832.14,0.989464,3247.26,2702.184,0.9,4.867,1884.93
2026-01-06 22:00:00,5,2,TK-01,HSD,8.1679,2566.023,21.61,827.5,832.23,0.994319,2551.447,2123.395,1.1,4.832,1533.2
2026-01-06 22:00:00,5,2,TK-02,HSD,8.5325,2680.548,21.24,828.2,832.66,0.994642,2666.187,2220.022,1.4,4.468,1417.14
2026-01-06 22:00:00,5,2,TK-03,HSD,8.4165,2141.726,21.48,829.28,833.9,0.994453,2129.847,1776.083,1.4,3.584,922.84
2026-01-06 22:00:00,5,2,TK-04,HSD,8.2416,2589.163,21.8,826.96,831.83,0.994148,2574.011,2141.145,1.0,4.758,1510.82
2026-01-06 22:00:00,5,2,TK-05,HSD,8.4981,3230.402,21.99,827.51,832.51,0.993991,3210.989,2673.175,0.9,5.002,1922.84
2026-01-07 06:00:00,6,0,TK-01,HSD,8.765,2753.618,22.64,827.02,832.48,0.993435,2735.539,2277.295,1.4,4.235,1348.88
2026-01-07 06:00:00,6,0,TK-02,HSD,8.376,2631.392,22.45,826.23,831.57,0.99358,2614.498,2174.126,1.6,4.624,1470.34
2026-01-07 06:00:00,6,0,TK-03,HSD,8.2621,2102.457,22.5,827.1,832.47,0.993552,2088.902,1738.94,0.8,3.738,965.35
2026-01-07 06:00:00,6,0,TK-04,HSD,8.0763,2537.251,22.94,826.76,832.45,0.993173,2519.928,2097.708,1.1,4.924,1562.15
2026-01-07 06:00:00,6,0,TK-05,HSD,8.3244,3164.384,22.42,825.59,830.91,0.993601,3144.136,2612.495,1.5,5.176,1986.85
2026-01-07 14:00:00,6,1,TK-01,HSD,8.6108,2705.151,25.99,825.63,833.49,0.990566,2679.631,2233.449,1.1,4.389,1404.19
2026-01-07 14:00:00,6,1,TK-02,HSD,8.2322,2586.228,26.8,823.76,832.22,0.989841,2559.954,2130.435,0.8,4.768,1523.2
2026-01-07 14:00:00,6,1,TK-03,HSD,8.1153,2065.103,26.21,824.53,832.56,0.990358,2045.191,1702.743,1.0,3.885,1007.58
2026-01-07 14:00:00,6,1,TK-04,HSD,7.9362,2493.229,26.74,824.08,832.49,0.989903,2468.054,2054.621,1.2,5.064,1613.15
2026-01-07 14:00:00,6,1,TK-05,HSD,8.9769,3412.401,26.5,823.85,832.09,0.9901,3378.617,2811.315,0.8,4.523,1753.33
2026-01-07 22:00:00,6,2,TK-01,HSD,8.474,2662.186,22.61,826.08,831.53,0.993444,2644.733,2199.173,1.2,4.526,1438.8
2026-01-07 22:00:00,6,2,TK-02,HSD,8.0948,2543.064,22.63,828.05,833.5,0.993462,2526.436,2105.78,1.9,4.905,1556.27
2026-01-07 22:00:00,6,2,TK-03,HSD,7.9913,2033.53,22.78,827.39,832.96,0.993317,2019.941,1682.523,1.0,4.009,1034.0
2026-01-07 22:00:00,6,2,TK-04,HSD,8.3584,2625.866,22.75,826.36,831.91,0.993326,2608.34,2169.902,1.5,4.642,1474.21
2026-01-07 22:00:00,6,2,TK-05,HSD,8.8383,3359.741,22.82,825.9,831.5,0.993265,3337.112,2774.82,1.0,4.662,1796.96
2026-01-08 06:00:00,7,0,TK-01,HSD,8.2923,2605.101,19.39,828.9,832.04,0.996223,2595.262,2159.372,1.1,4.708,1489.44
2026-01-08 06:00:00,7,0,TK-02,HSD,8.6482,2716.909,19.46,828.75,831.94,0.996169,2706.499,2251.637,1.0,4.352,1378.14
2026-01-08 06:00:00,7,0,TK-03,HSD,7.8146,1988.585,19.1,829.55,832.48,0.996481,1981.588,1649.629,1.7,4.185,1072.66
2026-01-08 06:00:00,7,0,TK-04,HSD,8.1859,2571.686,19.07,828.71,831.62,0.996501,2562.688,2131.174,0.8,4.814,1524.17
2026-01-08 06:00:00,7,0,TK-05,HSD,8.6351,3282.482,19.35,829.61,832.72,0.996265,3270.224,2723.182,1.0,4.865,1860.79
2026-01-08 14:00:00,7,1,TK-01,HSD,8.1841,2571.099,27.12,823.41,832.1,0.989565,2544.27,2117.077,1.3,4.816,1540.06
2026-01-08 14:00:00,7,1,TK-02,HSD,8.5354,2681.487,27.08,822.99,831.65,0.989584,2653.556,2206.827,1.5,4.465,1430.93
2026-01-08 14:00:00,7,1,TK-03,HSD,7.7106,1962.109,26.7,824.44,832.82,0.98994,1942.371,1617.643,1.8,4.289,1111.31
2026-01-08 14:00:00,7,1,TK-04,HSD,8.8997,2795.914,27.04,822.87,831.51,0.989611,2766.868,2300.672,1.4,4.1,1317.99
2026-01-08 14:00:00,7,1,TK-05,HSD,8.5223,3239.604,26.81,822.69,831.16,0.989809,3206.591,2665.175,0.9,4.978,1924.61
2026-01-08 22:00:00,7,2,TK-01,HSD,8.5872,2697.763,23.05,826.24,832.01,0.99307,2679.066,2229.002,0.9,4.413,1404.4
2026-01-08 22:00:00,7,2,TK-02,HSD,8.3931,2636.768,22.65,825.89,831.37,0.993403,2619.374,2177.679,1.2,4.607,1465.6
2026-01-08 22:00:00,7,2,TK-03,HSD,7.5902,1931.468,22.8,826.69,832.27,0.993296,1918.518,1596.733,1.1,4.41,1136.69
2026-01-08 22:00:00,7,2,TK-04,HSD,8.7566,2750.959,23.26,825.34,831.26,0.992876,2731.361,2270.483,1.0,4.243,1354.14
2026-01-08 22:00:00,7,2,TK-05,HSD,8.3812,3185.955,22.63,826.51,831.97,0.993437,3165.045,2633.209,1.1,5.119,1966.53
2026-01-09 06:00:00,8,0,TK-01,HSD,8.4173,2644.365,19.04,828.23,831.13,0.996521,2635.165,2190.154,1.2,4.583,1450.95
2026-01-09 06:00:00,8,0,TK-02,HSD,8.2235,2583.49,19.37,828.45,831.58,0.996235,2573.764,2140.289,1.6,4.776,1511.09
2026-01-09 06:00:00,8,0,TK-03,HSD,7.4286,1890.348,19.23,830.99,834.01,0.996379,1883.503,1570.866,1.3,4.571,1169.99
2026-01-09 06:00:00,8,0,TK-04,HSD,8.5663,2691.191,18.85,829.2,831.95,0.996693,2682.292,2231.541,1.1,4.434,1401.56
2026-01-09 06:00:00,8,0,TK-05,HSD,8.8178,3351.931,18.97,828.5,831.34,0.996579,3340.465,2777.077,1.2,4.682,1789.97
2026-01-09 14:00:00,8,1,TK-01,HSD,8.2901,2604.397,25.75,822.2,829.93,0.990694,2580.159,2141.342,1.0,4.71,1504.88
2026-01-09 14:00:00,8,1,TK-02,HSD,8.096,2543.418,25.99,823.14,831.02,0.990513,2519.288,2093.586,0.7,4.904,1563.79
2026-01-09 14:00:00,8,1,TK-03,HSD,8.4919,2160.938,26.09,825.32,833.26,0.990474,2140.352,1783.475,1.1,3.508,911.67
2026-01-09 14:00:00,8,1,TK-04,HSD,8.4459,2653.36,26.03,823.03,830.95,0.990472,2628.079,2183.8,0.9,4.554,1456.51
2026-01-09 14:00:00,8,1,TK-05,HSD,8.6895,3303.151,25.8,823.62,831.36,0.990688,3272.39,2720.539,1.2,4.811,1858.42
2026-01-09 22:00:00,8,2,TK-01,HSD,8.169,2566.37,21.63,826.78,831.53,0.994288,2551.711,2121.82,1.6,4.831,1534.1
2026-01-09 22:00:00,8,2,TK-02,HSD,8.5181,2676.054,22.24,826.28,831.46,0.993758,2659.351,2211.157,2.0,4.482,1426.33
2026-01-09 22:00:00,8,2,TK-03,HSD,8.3725,2130.536,21.76,828.87,833.7,0.994204,2118.186,1765.929,0.6,3.628,935.94
2026-01-09 22:00:00,8,2,TK-04,HSD,8.3157,2612.452,21.91,827.87,832.81,0.994068,2596.954,2162.781,0.8,4.684,1486.28
2026-01-09 22:00:00,8,2,TK-05,HSD,8.5677,3256.872,22.22,825.89,831.07,0.993774,3236.596,2689.827,1.0,4.932,1895.51
2026-01-10 06:00:00,9,0,TK-01,HSD,8.8015,2765.078,20.63,827.31,831.34,0.995151,2751.67,2287.573,1.3,4.198,1332.52
2026-01-10 06:00:00,9,0,TK-02,HSD,8.3489,2622.89,20.03,828.44,832.04,0.995673,2611.542,2172.91,1.1,4.651,1470.71
2026-01-10 06:00:00,9,0,TK-03,HSD,8.2256,2093.166,20.69,829.88,833.94,0.995125,2082.962,1737.069,1.4,3.774,971.3
2026-01-10 06:00:00,9,0,TK-04,HSD,8.165,2565.115,20.54,828.61,832.57,0.995245,2552.917,2125.476,1.1,4.835,1529.65
2026-01-10 06:00:00,9,0,TK-05,HSD,8.4118,3197.586,20.83,826.98,831.16,0.994977,3181.525,2644.349,1.3,5.088,1949.54
2026-01-10 14:00:00,9,1,TK-01,HSD,8.6561,2719.391,27.48,821.59,830.56,0.989209,2690.047,2234.236,1.3,4.344,1394.92
2026-01-10 14:00:00,9,1,TK-02,HSD,8.2197,2582.308,27.69,823.67,832.76,0.989085,2554.121,2126.966,1.2,4.78,1529.98
2026-01-10 14:00:00,9,1,TK-03,HSD,8.0849,2057.366,27.67,823.82,832.89,0.98911,2034.961,1694.906,1.5,3.915,1018.52
2026-01-10 14:00:00,9,1,TK-04,HSD,8.0321,2523.365,27.46,823.72,832.64,0.989284,2496.326,2078.552,0.9,4.968,1587.58
2026-01-10 14:00:00,9,1,TK-05,HSD,8.8631,3369.158,27.45,824.11,833.02,0.989303,3333.117,2776.549,0.9,4.637,1799.04
2026-01-10 22:00:00,9,2,TK-01,HSD,8.5035,2671.441,21.98,825.19,830.2,0.993971,2655.336,2204.451,1.4,4.497,1427.68
2026-01-10 22:00:00,9,2,TK-02,HSD,8.0826,2539.212,22.06,825.9,830.96,0.993912,2523.754,2097.143,1.4,4.917,1561.09
2026-01-10 22:00:00,9,2,TK-03,HSD,7.9443,2021.59,21.97,828.47,833.45,0.994027,2009.514,1674.822,1.2,4.056,1043.31
2026-01-10 22:00:00,9,2,TK-04,HSD,8.4641,2659.084,22.26,827.03,832.23,0.993754,2642.477,2199.149,1.2,4.536,1441.54
2026-01-10 22:00:00,9,2,TK-05,HSD,8.7188,3314.289,22.28,826.91,832.12,0.993738,3293.534,2740.613,0.9,4.781,1839.64
2026-01-11 06:00:00,10,0,TK-01,HSD,8.3488,2622.867,20.98,826.31,830.6,0.994842,2609.337,2167.312,1.0,4.651,1474.94
2026-01-11 06:00:00,10,0,TK-02,HSD,8.5619,2689.801,20.55,827.99,831.96,0.995228,2676.964,2227.121,0.9,4.438,1406.46
2026-01-11 06:00:00,10,0,TK-03,HSD,7.8,1984.85,20.66,829.44,833.49,0.995147,1975.217,1646.316,1.0,4.2,1079.08
2026-01-11 06:00:00,10,0,TK-04,HSD,8.2972,2606.632,20.68,827.01,831.08,0.995107,2593.878,2155.721,1.1,4.703,1488.56
2026-01-11 06:00:00,10,0,TK-05,HSD,8.5502,3250.202,20.52,827.44,831.39,0.995248,3234.757,2689.346,0.8,4.95,1898.22
2026-01-11 14:00:00,10,1,TK-01,HSD,8.249,2591.484,27.34,822.34,831.2,0.989344,2563.868,2131.089,1.1,4.751,1520.86
2026-01-11 14:00:00,10,1,TK-02,HSD,8.4606,2657.975,27.71,823.01,832.12,0.989048,2628.864,2187.529,1.1,4.539,1453.58
2026-01-11 14:00:00,10,1,TK-03,HSD,7.7056,1960.849,27.6,823.72,832.74,0.989165,1939.603,1615.188,1.0,4.294,1113.83
2026-01-11 14:00:00,10,1,TK-04,HSD,8.203,2577.05,27.42,822.16,831.07,0.989278,2549.419,2118.757,1.3,4.797,1534.23
2026-01-11 14:00:00,10,1,TK-05,HSD,9.2014,3497.74,27.63,822.62,831.68,0.989112,3459.659,2877.315,1.0,4.299,1673.82
2026-01-11 22:00:00,10,2,TK-01,HSD,8.106,2546.57,21.89,826.57,831.51,0.994066,2531.46,2104.924,1.4,4.894,1553.18
2026-01-11 22:00:00,10,2,TK-02,HSD,8.3096,2610.523,21.63,827.47,832.21,0.994298,2595.637,2160.122,1.8,4.69,1486.75
2026-01-11 22:00:00,10,2,TK-03,HSD,7.5707,1926.514,21.73,828.99,833.8,0.994232,1915.402,1597.064,1.5,4.429,1138.29
2026-01-11 22:00:00,10,2,TK-04,HSD,8.4595,2657.64,22.05,827.52,832.56,0.993943,2641.543,2199.241,1.5,4.54,1442.58
2026-01-11 22:00:00,10,2,TK-05,HSD,9.0374,3435.406,21.81,826.39,831.27,0.994131,3415.244,2839.0,1.7,4.463,1717.43
2026-01-12 06:00:00,11,0,TK-01,HSD,8.5172,2675.748,19.78,828.8,832.21,0.995895,2664.765,2217.653,1.3,4.483,1417.11
2026-01-12 06:00:00,11,0,TK-02,HSD,8.1485,2559.923,19.95,829.03,832.57,0.995745,2549.03,2122.255,0.6,4.852,1535.23
2026-01-12 06:00:00,11,0,TK-03,HSD,7.4183,1887.718,20.16,829.48,833.17,0.995575,1879.364,1565.821,1.6,4.582,1174.04
2026-01-12 06:00:00,11,0,TK-04,HSD,8.2851,2602.834,19.65,827.1,830.44,0.995985,2592.384,2152.813,0.9,4.715,1491.88
2026-01-12 06:00:00,11,0,TK-05,HSD,8.8544,3365.834,19.95,828.34,831.88,0.995744,3351.508,2788.044,1.3,4.646,1781.15
2026-01-12 14:00:00,11,1,TK-01,HSD,8.3591,2626.081,25.14,823.83,831.1,0.991247,2603.095,2163.434,1.4,4.641,1480.42
2026-01-12 14:00:00,11,1,TK-02,HSD,7.9895,2509.983,25.35,825.33,832.74,0.991101,2487.646,2071.556,0.8,5.01,1595.74
2026-01-12 14:00:00,11,1,TK-03,HSD,8.4329,2145.917,25.26,825.73,833.07,0.991185,2127.002,1771.94,1.8,3.567,926.95
2026-01-12 14:00:00,11,1,TK-04,HSD,8.1266,2553.044,24.83,824.17,831.22,0.991519,2531.391,2104.132,0.9,4.873,1553.42
2026-01-12 14:00:00,11,1,TK-05,HSD,8.6849,3301.418,25.41,823.57,831.04,0.991016,3271.759,2718.947,1.1,4.815,1860.69
2026-01-12 22:00:00,11,2,TK-01,HSD,8.2546,2593.271,23.31,826.71,832.65,0.992862,2574.761,2143.871,1.5,4.745,1509.31
2026-01-12 22:00:00,11,2,TK-02,HSD,8.4737,2662.097,23.18,827.26,833.11,0.992976,2643.398,2202.253,1.5,4.526,1440.19
2026-01-12 22:00:00,11,2,TK-03,HSD,8.3296,2119.634,23.57,827.69,833.81,0.992657,2104.069,1754.399,1.2,3.67,950.55
2026-01-12 22:00:00,11,2,TK-04,HSD,8.018,2518.915,23.11,826.45,832.26,0.993025,2501.346,2081.767,1.5,4.982,1581.5
2026-01-12 22:00:00,11,2,TK-05,HSD,8.5668,3256.537,23.19,825.91,831.78,0.992947,3233.568,2689.606,1.1,4.933,1896.99
2026-01-13 06:00:00,12,0,TK-01,HSD,8.1019,2545.294,21.04,826.73,831.06,0.994794,2532.042,2104.268,1.2,4.898,1552.68
2026-01-13 06:00:00,12,0,TK-02,HSD,8.3171,2612.886,20.8,827.89,832.04,0.995011,2599.849,2163.172,1.5,4.683,1484.72
2026-01-13 06:00:00,12,0,TK-03,HSD,8.1716,2079.424,20.9,828.25,832.47,0.99493,2068.88,1722.276,1.1,3.828,985.97
2026-01-13 06:00:00,12,0,TK-04,HSD,8.6557,2719.261,20.67,827.62,831.68,0.99512,2705.992,2250.514,1.3,4.344,1377.74
2026-01-13 06:00:00,12,0,TK-05,HSD,8.4044,3194.799,20.81,828.1,832.26,0.995007,3178.847,2645.619,1.1,5.096,1951.47
2026-01-13 14:00:00,12,1,TK-01,HSD,8.8972,2795.139,25.06,824.4,831.61,0.99133,2770.905,2304.308,1.3,4.103,1311.47
2026-01-13 14:00:00,12,1,TK-02,HSD,8.1643,2564.905,25.86,824.89,832.66,0.990665,2540.961,2115.765,1.3,4.836,1542.94
2026-01-13 14:00:00,12,1,TK-03,HSD,8.0168,2040.035,25.58,824.6,832.18,0.990896,2021.463,1682.211,1.1,3.983,1032.28
2026-01-13 14:00:00,12,1,TK-04,HSD,8.5002,2670.42,25.65,824.07,831.7,0.99082,2645.905,2200.601,1.1,4.5,1438.36
2026-01-13 14:00:00,12,1,TK-05,HSD,8.2532,3137.312,25.57,824.57,832.14,0.990897,3108.752,2586.929,1.1,5.247,2022.71
2026-01-13 22:00:00,12,2,TK-01,HSD,8.7652,2753.67,20.89,827.16,831.38,0.994924,2739.694,2277.728,1.4,4.235,1346.71
2026-01-13 22:00:00,12,2,TK-02,HSD,8.0276,2521.942,21.27,827.51,831.99,0.994606,2508.339,2086.922,1.1,4.972,1575.24
2026-01-13 22:00:00,12,2,TK-03,HSD,7.8854,2006.597,20.79,827.75,831.89,0.99502,1996.603,1660.953,0.8,4.115,1057.97
2026-01-13 22:00:00,12,2,TK-04,HSD,8.3587,2625.95,20.92,826.66,830.9,0.994896,2612.548,2170.779,1.4,4.641,1471.98
2026-01-13 22:00:00,12,2,TK-05,HSD,8.5214,3239.248,21.12,827.01,831.39,0.994731,3222.18,2678.885,1.3,4.979,1911.84
2026-01-14 06:00:00,13,0,TK-01,HSD,8.5858,2697.322,19.17,829.84,832.82,0.996422,2687.671,2238.333,1.3,4.414,1397.3
2026-01-14 06:00:00,13,0,TK-02,HSD,8.7846,2759.766,18.49,829.22,831.72,0.996997,2751.479,2288.465,1.0,4.215,1332.51
2026-01-14 06:00:00,13,0,TK-03,HSD,7.7201,1964.513,18.9,829.39,832.18,0.996645,1957.923,1629.344,1.8,4.28,1094.86
2026-01-14 06:00:00,13,0,TK-04,HSD,8.1865,2571.877,18.81,828.73,831.46,0.996717,2563.432,2131.401,0.7,4.813,1520.27
2026-01-14 06:00:00,13,0,TK-05,HSD,8.3445,3172.027,18.72,828.86,831.52,0.996799,3161.874,2629.168,1.3,5.155,1971.36
2026-01-14 14:00:00,13,1,TK-01,HSD,8.4516,2655.162,27.54,822.59,831.59,0.989185,2626.447,2184.123,1.2,4.548,1457.36
2026-01-14 14:00:00,13,1,TK-02,HSD,8.6492,2717.212,27.11,822.84,831.52,0.989558,2688.84,2235.827,1.0,4.351,1394.02
2026-01-14 14:00:00,13,1,TK-03,HSD,7.6117,1936.937,27.76,822.5,831.65,0.988999,1915.629,1593.126,1.2,4.388,1138.65
2026-01-14 14:00:00,13,1,TK-04,HSD,8.0601,2532.152,27.18,821.89,830.63,0.989473,2505.496,2081.144,1.2,4.94,1577.57
2026-01-14 14:00:00,13,1,TK-05,HSD,9.0546,3441.953,27.51,823.3,832.26,0.98923,3404.885,2833.745,1.6,4.445,1725.33
2026-01-14 22:00:00,13,2,TK-01,HSD,8.298,2606.904,20.57,827.56,831.55,0.995202,2594.397,2157.381,0.8,4.702,1489.1
2026-01-14 22:00:00,13,2,TK-02,HSD,8.499,2670.028,20.63,828.36,832.39,0.995165,2657.119,2211.756,1.3,4.501,1426.52
2026-01-14 22:00:00,13,2,TK-03,HSD,7.4685,1900.511,20.33,828.9,832.7,0.995427,1891.819,1575.326,1.6,4.531,1161.79
2026-01-14 22:00:00,13,2,TK-04,HSD,8.4469,2653.674,20.44,828.28,832.17,0.995321,2641.257,2197.979,0.6,4.553,1442.23
2026-01-14 22:00:00,13,2,TK-05,HSD,8.8955,3381.456,20.72,827.93,832.03,0.995083,3364.831,2799.624,0.8,4.605,1766.5
2026-01-15 06:00:00,14,0,TK-01,HSD,8.1486,2559.958,20.52,828.81,832.75,0.995263,2547.832,2121.712,1.3,4.851,1536.04
2026-01-15 06:00:00,14,0,TK-02,HSD,8.3381,2619.48,20.5,827.53,831.47,0.995262,2607.07,2167.708,1.6,4.662,1474.59
2026-01-15 06:00:00,14,0,TK-03,HSD,8.1283,2068.392,20.57,827.89,831.87,0.995209,2058.482,1712.399,1.2,3.872,993.03
2026-01-15 06:00:00,14,0,TK-04,HSD,8.3027,2608.377,20.83,827.98,832.15,0.994986,2595.298,2159.688,1.1,4.697,1490.01
2026-01-15 06:00:00,14,0,TK-05,HSD,8.7379,3321.571,20.82,827.98,832.15,0.994991,3304.934,2750.194,1.5,4.762,1827.36
2026-01-15 14:00:00,14,1,TK-01,HSD,8.977,2820.201,26.45,823.48,831.69,0.990128,2792.359,2322.368,1.3,4.023,1289.8
2026-01-15 14:00:00,14,1,TK-02,HSD,8.1769,2568.856,26.74,822.59,831.01,0.989861,2542.811,2113.108,1.0,4.823,1541.23
2026-01-15 14:00:00,14,1,TK-03,HSD,7.965,2026.849,26.37,824.54,832.68,0.990219,2007.024,1671.21,1.1,4.035,1045.65
2026-01-15 14:00:00,14,1,TK-04,HSD,8.1289,2553.779,26.52,824.67,832.92,0.990095,2528.484,2106.034,1.3,4.871,1556.25
2026-01-15 14:00:00,14,1,TK-05,HSD,8.5518,3250.822,26.6,823.69,832.0,0.99001,3218.346,2677.666,1.2,4.948,1911.75
2026-01-15 22:00:00,14,2,TK-01,HSD,8.8401,2777.185,22.72,827.22,832.74,0.993369,2758.77,2297.339,1.4,4.16,1326.11
2026-01-15 22:00:00,14,2,TK-02,HSD,8.0324,2523.447,22.24,825.31,830.51,0.993749,2507.673,2082.636,1.3,4.968,1574.27
2026-01-15 22:00:00,14,2,TK-03,HSD,7.8385,1994.649,22.46,827.35,832.68,0.993591,1981.866,1650.269,1.6,4.162,1071.74
2026-01-15 22:00:00,14,2,TK-04,HSD,8.5051,2671.948,22.34,827.5,832.75,0.993698,2655.109,2211.043,1.0,4.495,1428.53
2026-01-15 22:00:00,14,2,TK-05,HSD,8.4124,3197.819,22.02,826.46,831.48,0.993951,3178.475,2642.854,1.5,5.088,1953.59
2026-01-16 06:00:00,15,0,TK-01,HSD,8.6514,2717.917,20.09,828.23,831.87,0.995625,2706.025,2251.06,1.1,4.349,1376.88
2026-01-16 06:00:00,15,0,TK-02,HSD,8.5813,2695.883,20.18,827.98,831.68,0.995545,2683.873,2232.136,1.3,4.419,1398.02
2026-01-16 06:00:00,15,0,TK-03,HSD,7.6871,1956.139,21.02,828.49,832.79,0.994828,1946.022,1620.636,1.3,4.313,1108.22
2026-01-16 06:00:00,15,0,TK-04,HSD,8.3389,2619.732,20.58,827.94,831.94,0.995197,2607.15,2168.986,0.7,4.661,1477.41
2026-01-16 06:00:00,15,0,TK-05,HSD,8.2456,3134.418,20.48,827.69,831.61,0.995283,3119.632,2594.316,0.8,5.254,2012.09
2026-01-16 14:00:00,15,1,TK-01,HSD,8.5201,2676.666,25.37,825.26,832.68,0.991086,2652.807,2208.943,1.3,4.48,1430.64
2026-01-16 14:00:00,15,1,TK-02,HSD,8.4542,2655.964,25.1,823.96,831.2,0.991283,2632.813,2188.401,1.1,4.546,1451.36
2026-01-16 14:00:00,15,1,TK-03,HSD,7.5563,1922.842,25.31,826.38,833.75,0.99116,1905.843,1589.004,1.3,4.444,1146.86
2026-01-16 14:00:00,15,1,TK-04,HSD,8.2064,2578.113,25.56,824.93,832.5,0.990914,2554.688,2126.771,1.4,4.794,1529.18
2026-01-16 14:00:00,15,1,TK-05,HSD,8.9964,3419.845,25.05,826.18,833.37,0.991376,3390.354,2825.414,1.3,4.504,1742.65
2026-01-16 22:00:00,15,2,TK-01,HSD,8.3747,2630.977,20.6,829.4,833.4,0.995202,2618.353,2182.128,1.3,4.625,1465.94
2026-01-16 22:00:00,15,2,TK-02,HSD,8.3122,2611.354,21.08,826.68,831.04,0.994754,2597.656,2158.748,1.1,4.688,1486.38
2026-01-16 22:00:00,15,2,TK-03,HSD,7.9361,2019.48,20.86,828.53,832.71,0.994972,2009.325,1673.195,1.4,4.064,1043.28
2026-01-16 22:00:00,15,2,TK-04,HSD,8.0655,2533.845,20.76,828.66,832.78,0.995053,2521.309,2099.699,0.5,4.935,1563.17
2026-01-16 22:00:00,15,2,TK-05,HSD,8.8449,3362.241,21.0,826.69,830.99,0.994828,3344.852,2779.538,1.1,4.655,1787.73
2026-01-17 06:00:00,16,0,TK-01,HSD,8.1928,2573.855,19.15,830.29,833.25,0.996439,2564.69,2137.037,0.8,4.807,1518.45
2026-01-17 06:00:00,16,0,TK-02,HSD,8.1313,2554.535,19.11,828.84,831.78,0.996467,2545.51,2117.303,1.1,4.869,1538.49
2026-01-17 06:00:00,16,0,TK-03,HSD,7.766,1976.2,19.55,830.46,833.71,0.996105,1968.503,1641.163,1.3,4.234,1083.61
2026-01-17 06:00:00,16,0,TK-04,HSD,8.5957,2700.42,19.05,829.87,832.76,0.996528,2691.044,2240.99,0.5,4.404,1393.27
2026-01-17 06:00:00,16,0,TK-05,HSD,8.6493,3287.881,19.4,829.0,832.15,0.996216,3275.44,2725.643,1.3,4.851,1854.81
2026-01-17 14:00:00,16,1,TK-01,HSD,8.0779,2537.74,27.72,823.63,832.75,0.989057,2509.969,2090.168,1.9,4.922,1575.65
2026-01-17 14:00:00,16,1,TK-02,HSD,8.6961,2731.967,27.28,823.02,831.83,0.989412,2703.041,2248.459,1.1,4.304,1380.5
2026-01-17 14:00:00,16,1,TK-03,HSD,7.6512,1946.997,27.45,824.97,833.88,0.989323,1926.21,1606.218,1.6,4.349,1127.52
2026-01-17 14:00:00,16,1,TK-04,HSD,8.4646,2659.246,27.46,823.54,832.47,0.989273,2630.72,2189.988,1.2,4.535,1453.25
2026-01-17 14:00:00,16,1,TK-05,HSD,8.529,3242.149,27.68,822.98,832.06,0.989077,3206.736,2668.212,1.3,4.971,1927.86
2026-01-17 22:00:00,16,2,TK-01,HSD,8.482,2664.687,22.61,826.74,832.18,0.993457,2647.252,2202.998,1.3,4.518,1437.82
2026-01-17 22:00:00,16,2,TK-02,HSD,8.5575,2688.428,22.43,827.52,832.83,0.993618,2671.269,2224.717,1.0,4.442,1412.2
2026-01-17 22:00:00,16,2,TK-03,HSD,7.5285,1915.76,22.59,828.01,833.43,0.993489,1903.288,1586.266,1.2,4.472,1150.1
2026-01-17 22:00:00,16,2,TK-04,HSD,8.3297,2616.84,22.52,828.4,833.77,0.993555,2599.974,2167.785,1.6,4.67,1484.09
2026-01-17 22:00:00,16,2,TK-05,HSD,8.3872,3188.264,22.67,826.12,831.62,0.993391,3167.194,2633.897,1.0,5.113,1965.42
2026-01-18 06:00:00,17,0,TK-01,HSD,8.3247,2615.277,21.11,827.24,831.62,0.99474,2601.519,2163.472,1.5,4.675,1482.59
2026-01-18 06:00:00,17,0,TK-02,HSD,8.4043,2640.289,21.0,827.38,831.67,0.994836,2626.655,2184.51,1.4,4.596,1457.4
2026-01-18 06:00:00,17,0,TK-03,HSD,7.3899,1880.496,21.26,828.18,832.66,0.994621,1870.381,1557.388,1.3,4.61,1182.31
2026-01-18 06:00:00,17,0,TK-04,HSD,8.1734,2567.752,21.33,827.1,831.63,0.994551,2553.76,2123.782,1.5,4.827,1528.08
2026-01-18 06:00:00,17,0,TK-05,HSD,8.9194,3390.564,20.92,827.98,832.22,0.994912,3373.314,2807.335,1.1,4.581,1760.01
2026-01-18 14:00:00,17,1,TK-01,HSD,8.1808,2570.063,26.68,824.08,832.45,0.989951,2544.237,2117.942,1.2,4.819,1538.99
2026-01-18 14:00:00,17,1,TK-02,HSD,8.2638,2596.162,26.92,823.19,831.74,0.989723,2569.482,2137.147,0.5,4.736,1514.34
2026-01-18 14:00:00,17,1,TK-03,HSD,8.2281,2093.785,26.74,824.53,832.93,0.989907,2072.652,1726.381,1.4,3.772,980.85
2026-01-18 14:00:00,17,1,TK-04,HSD,8.0434,2526.894,26.78,822.88,831.32,0.989839,2501.219,2079.322,1.2,4.957,1583.49
2026-01-18 14:00:00,17,1,TK-05,HSD,8.7635,3331.304,26.81,823.85,832.32,0.989831,3297.429,2744.505,1.3,4.736,1833.11
2026-01-18 22:00:00,17,2,TK-01,HSD,8.0544,2530.362,21.75,827.47,832.3,0.994195,2515.672,2093.799,1.2,4.946,1568.63
2026-01-18 22:00:00,17,2,TK-02,HSD,8.132,2554.756,22.18,825.6,830.75,0.993801,2538.919,2109.197,1.0,4.868,1544.27
2026-01-18 22:00:00,17,2,TK-03,HSD,8.1008,2061.415,21.54,828.42,833.09,0.994389,2049.848,1707.716,1.0,3.899,1004.99
2026-01-18 22:00:00,17,2,TK-04,HSD,8.4533,2655.697,22.43,826.17,831.49,0.993598,2638.696,2194.057,1.5,4.547,1445.64
2026-01-18 22:00:00,17,2,TK-05,HSD,8.6244,3278.417,22.03,826.78,831.82,0.993952,3258.589,2710.544,0.9,4.876,1871.52
2026-01-19 06:00:00,18,0,TK-01,HSD,8.5507,2686.267,20.37,827.52,831.37,0.995375,2673.842,2222.948,1.0,4.449,1409.81
2026-01-19 06:00:00,18,0,TK-02,HSD,7.9952,2511.754,20.37,829.52,833.35,0.995395,2500.186,2083.537,1.8,5.005,1584.48
2026-01-19 06:00:00,18,0,TK-03,HSD,7.9608,2025.786,20.33,828.65,832.47,0.995417,2016.502,1678.674,1.4,4.039,1037.42
2026-01-19 06:00:00,18,0,TK-04,HSD,8.3029,2608.442,20.22,828.57,832.31,0.995514,2596.739,2161.288,1.1,4.697,1487.42
2026-01-19 06:00:00,18,0,TK-05,HSD,8.4874,3226.338,20.54,829.11,833.06,0.99525,3211.013,2674.977,1.2,5.013,1923.14
2026-01-19 14:00:00,18,1,TK-01,HSD,8.3841,2633.93,26.46,824.52,832.73,0.990147,2607.978,2171.74,1.1,4.616,1475.19
2026-01-19 14:00:00,18,1,TK-02,HSD,8.6713,2724.155,26.81,824.15,832.6,0.989845,2696.491,2245.1,1.1,4.329,1387.37
2026-01-19 14:00:00,18,1,TK-03,HSD,7.8082,1986.949,26.93,824.61,833.15,0.989754,1966.59,1638.466,1.5,4.192,1086.71
2026-01-19 14:00:00,18,1,TK-04,HSD,8.153,2561.336,26.97,823.1,831.69,0.989678,2534.898,2108.24,1.1,4.847,1550.89
2026-01-19 14:00:00,18,1,TK-05,HSD,8.3182,3162.024,26.56,823.84,832.12,0.990045,3130.546,2605.005,1.1,5.182,2001.58
2026-01-19 22:00:00,18,2,TK-01,HSD,8.2473,2590.975,20.79,827.68,831.82,0.99502,2578.073,2144.489,1.2,4.753,1505.61
2026-01-19 22:00:00,18,2,TK-02,HSD,8.5307,2680.006,21.56,826.59,831.29,0.994351,2664.866,2215.271,1.4,4.469,1418.82
2026-01-19 22:00:00,18,2,TK-03,HSD,7.686,1955.843,21.01,828.3,832.6,0.994836,1945.743,1620.021,1.4,4.314,1109.65
2026-01-19 22:00:00,18,2,TK-04,HSD,8.0147,2517.891,21.43,827.08,831.68,0.994461,2503.945,2082.485,1.6,4.985,1580.43
2026-01-19 22:00:00,18,2,TK-05,HSD,8.594,3266.878,21.31,828.49,833.0,0.994582,3249.178,2706.578,0.9,4.906,1881.59
2026-01-20 06:00:00,19,0,TK-01,HSD,8.0778,2537.721,20.09,828.33,831.97,0.995618,2526.602,2102.064,0.9,4.922,1556.86
2026-01-20 06:00:00,19,0,TK-02,HSD,8.3542,2624.548,20.31,826.2,830.01,0.995412,2612.507,2168.406,1.8,4.646,1471.8
2026-01-20 06:00:00,19,0,TK-03,HSD,7.5217,1914.043,20.26,829.71,833.46,0.995496,1905.422,1588.096,0.5,4.478,1148.29
2026-01-20 06:00:00,19,0,TK-04,HSD,8.5043,2671.719,19.97,828.23,831.78,0.995723,2660.293,2212.787,1.0,4.496,1424.93
2026-01-20 06:00:00,19,0,TK-05,HSD,8.4113,3197.411,19.8,829.23,832.66,0.995882,3184.245,2651.378,1.1,5.089,1946.19
2026-01-20 14:00:00,19,1,TK-01,HSD,8.6337,2712.343,24.41,825.24,831.98,0.991898,2690.367,2238.344,1.3,4.366,1392.36
2026-01-20 14:00:00,19,1,TK-02,HSD,8.1674,2565.861,25.25,823.82,831.17,0.991157,2543.17,2113.813,1.1,4.833,1539.92
2026-01-20 14:00:00,19,1,TK-03,HSD,7.3569,1872.115,24.54,826.18,833.01,0.991808,1856.778,1546.711,1.6,4.643,1197.98
2026-01-20 14:00:00,19,1,TK-04,HSD,8.3137,2611.83,24.63,825.2,832.1,0.991708,2590.174,2155.281,0.9,4.686,1494.27
2026-01-20 14:00:00,19,1,TK-05,HSD,8.2246,3126.422,24.55,825.77,832.61,0.991786,3100.742,2581.713,1.2,5.275,2029.27
2026-01-20 22:00:00,19,2,TK-01,HSD,8.5189,2676.292,21.59,826.49,831.21,0.994321,2661.095,2211.918,1.3,4.481,1422.2
2026-01-20 22:00:00,19,2,TK-02,HSD,8.0579,2531.474,22.16,826.57,831.7,0.993835,2515.867,2092.437,1.1,4.942,1568.13
2026-01-20 22:00:00,19,2,TK-03,HSD,7.9491,2022.807,21.79,827.62,832.48,0.994164,2011.002,1674.121,1.4,4.051,1042.98
2026-01-20 22:00:00,19,2,TK-04,HSD,8.1974,2575.302,21.86,826.49,831.4,0.994089,2560.08,2128.458,1.5,4.803,1522.99
2026-01-20 22:00:00,19,2,TK-05,HSD,8.1254,3088.716,22.3,827.45,832.68,0.993729,3069.345,2555.768,1.4,5.375,2063.67
2026-01-21 06:00:00,20,0,TK-01,HSD,8.3536,2624.37,18.67,829.39,832.02,0.996846,2616.092,2176.632,1.2,4.646,1468.01
2026-01-21 06:00:00,20,0,TK-02,HSD,7.8985,2481.375,19.05,827.94,830.84,0.996505,2472.704,2054.433,1.4,5.102,1611.43
2026-01-21 06:00:00,20,0,TK-03,HSD,7.7889,1982.038,18.9,829.98,832.77,0.996653,1975.405,1645.049,0.9,4.211,1077.58
2026-01-21 06:00:00,20,0,TK-04,HSD,8.0392,2525.587,19.04,829.97,832.85,0.996533,2516.829,2096.153,1.1,4.961,1567.06
2026-01-21 06:00:00,20,0,TK-05,HSD,8.5548,3251.97,18.9,829.58,832.37,0.996647,3241.067,2697.768,1.2,4.945,1889.0
2026-01-21 14:00:00,20,1,TK-01,HSD,8.2148,2580.76,26.84,822.67,831.17,0.989778,2554.379,2123.121,1.6,4.785,1529.18
2026-01-21 14:00:00,20,1,TK-02,HSD,8.9096,2799.03,26.59,822.26,830.59,0.98998,2770.984,2301.539,1.4,4.09,1313.09
2026-01-21 14:00:00,20,1,TK-03,HSD,7.6598,1949.184,26.84,825.02,833.49,0.989836,1929.373,1608.107,1.1,4.34,1123.78
2026-01-21 14:00:00,20,1,TK-04,HSD,7.9051,2483.452,26.48,823.88,832.11,0.990112,2458.896,2046.069,1.0,5.095,1625.91
2026-01-21 14:00:00,20,1,TK-05,HSD,8.4226,3201.715,27.27,823.63,832.41,0.989443,3167.915,2637.016,1.5,5.077,1964.83
2026-01-21 22:00:00,20,2,TK-01,HSD,8.0865,2540.452,21.55,826.82,831.51,0.994362,2526.128,2100.489,1.1,4.913,1558.85
2026-01-21 22:00:00,20,2,TK-02,HSD,8.7667,2754.135,21.09,828.01,832.37,0.994763,2739.712,2280.451,0.8,4.233,1345.27
2026-01-21 22:00:00,20,2,TK-03,HSD,7.538,1918.191,21.68,827.17,831.96,0.994248,1907.158,1586.676,0.7,4.462,1146.2
2026-01-21 22:00:00,20,2,TK-04,HSD,8.3353,2618.603,21.49,827.68,832.33,0.994419,2603.989,2167.376,1.6,4.665,1480.74
2026-01-21 22:00:00,20,2,TK-05,HSD,8.283,3148.635,21.61,827.02,831.75,0.994308,3130.714,2603.973,1.8,5.217,2001.61
2026-01-22 06:00:00,21,0,TK-01,HSD,7.9102,2485.069,20.29,828.2,831.98,0.995454,2473.772,2058.136,1.1,5.09,1610.28
2026-01-22 06:00:00,21,0,TK-02,HSD,8.5843,2696.852,20.38,827.48,831.33,0.995367,2684.359,2231.589,1.3,4.416,1401.05
2026-01-22 06:00:00,21,0,TK-03,HSD,7.3777,1877.387,20.24,829.27,833.01,0.995508,1868.954,1556.866,0.9,4.622,1185.04
2026-01-22 06:00:00,21,0,TK-04,HSD,8.1647,2565.008,20.87,828.89,833.08,0.994967,2552.098,2126.113,1.5,4.835,1533.75
2026-01-22 06:00:00,21,0,TK-05,HSD,8.6056,3271.28,20.3,828.07,831.87,0.995437,3256.354,2708.864,1.2,4.894,1874.98
2026-01-22 14:00:00,21,1,TK-01,HSD,8.7029,2734.095,28.22,822.03,831.51,0.988597,2702.918,2247.5,1.5,4.297,1381.59
2026-01-22 14:00:00,21,1,TK-02,HSD,8.4451,2653.106,27.88,821.67,830.91,0.988874,2623.589,2179.976,1.4,4.555,1460.92
2026-01-22 14:00:00,21,1,TK-03,HSD,7.2535,1845.779,27.35,825.01,833.84,0.98941,1826.232,1522.787,1.7,4.747,1226.74
2026-01-22 14:00:00,21,1,TK-04,HSD,8.0281,2522.099,27.57,824.07,833.07,0.989194,2494.844,2078.389,1.3,4.972,1590.66
2026-01-22 14:00:00,21,1,TK-05,HSD,8.468,3218.945,27.68,822.68,831.77,0.989072,3183.767,2648.148,1.5,5.032,1947.66
2026-01-22 22:00:00,21,2,TK-01,HSD,8.5386,2682.476,21.85,826.43,831.33,0.994099,2666.647,2216.868,1.2,4.461,1416.69
2026-01-22 22:00:00,21,2,TK-02,HSD,8.2881,2603.794,21.75,825.83,830.67,0.99417,2588.615,2150.288,1.3,4.712,1494.99
2026-01-22 22:00:00,21,2,TK-03,HSD,7.9659,2027.072,22.16,828.61,833.73,0.993869,2014.643,1679.661,1.6,4.034,1039.87
2026-01-22 22:00:00,21,2,TK-04,HSD,7.8778,2474.882,22.0,828.11,833.11,0.993997,2460.025,2049.479,1.4,5.122,1623.05
2026-01-22 22:00:00,21,2,TK-05,HSD,8.3157,3161.08,21.98,827.57,832.57,0.994001,3142.118,2616.028,1.4,5.184,1989.01
2026-01-23 06:00:00,22,0,TK-01,HSD,8.3439,2621.306,21.1,827.86,832.23,0.994752,2607.549,2170.068,1.5,4.656,1475.96
2026-01-23 06:00:00,22,0,TK-02,HSD,8.0999,2544.661,20.98,827.46,831.75,0.99485,2531.556,2105.615,0.7,4.9,1552.52
2026-01-23 06:00:00,22,0,TK-03,HSD,7.7782,1979.31,20.98,829.22,833.49,0.994874,1969.163,1641.287,1.4,4.222,1084.61
2026-01-23 06:00:00,22,0,TK-04,HSD,8.2961,2606.293,20.43,827.92,831.81,0.995328,2594.116,2157.809,1.6,4.704,1490.82
2026-01-23 06:00:00,22,0,TK-05,HSD,8.1232,3087.898,20.46,827.33,831.24,0.995298,3073.38,2554.71,0.5,5.377,2058.84
2026-01-23 14:00:00,22,1,TK-01,HSD,8.201,2576.415,27.37,823.02,831.89,0.989338,2548.944,2120.43,1.0,4.799,1535.67
2026-01-23 14:00:00,22,1,TK-02,HSD,7.9543,2498.903,27.14,822.31,831.02,0.989518,2472.709,2054.878,1.4,5.046,1610.48
2026-01-23 14:00:00,22,1,TK-03,HSD,7.6391,1943.909,27.03,824.38,832.99,0.989665,1923.818,1602.525,0.9,4.361,1129.69
2026-01-23 14:00:00,22,1,TK-04,HSD,8.1574,2562.725,27.29,824.24,833.04,0.989438,2535.657,2112.307,1.3,4.843,1550.2
2026-01-23 14:00:00,22,1,TK-05,HSD,8.7507,3326.428,27.17,822.69,831.42,0.989504,3291.514,2736.634,1.4,4.749,1838.8
2026-01-23 22:00:00,22,2,TK-01,HSD,8.0522,2529.684,22.75,826.19,831.73,0.99333,2512.811,2089.992,1.1,4.948,1571.58
2026-01-23 22:00:00,22,2,TK-02,HSD,8.2956,2606.151,22.63,826.93,832.4,0.993438,2589.049,2155.115,1.7,4.704,1494.36
2026-01-23 22:00:00,22,2,TK-03,HSD,7.5011,1908.805,22.79,828.72,834.28,0.993334,1896.08,1581.869,0.5,4.499,1156.8
2026-01-23 22:00:00,22,2,TK-04,HSD,8.0036,2514.409,22.7,826.6,832.11,0.993373,2497.746,2078.409,1.7,4.996,1585.9
2026-01-23 22:00:00,22,2,TK-05,HSD,8.597,3268.0,22.41,827.05,832.35,0.993626,3247.171,2702.787,0.8,4.903,1885.2
2026-01-24 06:00:00,23,0,TK-01,HSD,7.8739,2473.655,19.8,828.4,831.84,0.995869,2463.437,2049.188,1.2,5.126,1620.21
2026-01-24 06:00:00,23,0,TK-02,HSD,8.116,2549.731,19.96,828.45,832.0,0.995734,2538.855,2112.32,1.5,4.884,1544.48
2026-01-24 06:00:00,23,0,TK-03,HSD,7.3441,1868.834,19.8,830.25,833.68,0.995887,1861.148,1551.596,0.9,4.656,1193.51
2026-01-24 06:00:00,23,0,TK-04,HSD,8.5605,2689.352,19.9,827.83,831.34,0.995778,2677.998,2226.332,1.1,4.44,1405.91
2026-01-24 06:00:00,23,0,TK-05,HSD,8.4079,3196.1,19.61,828.9,832.19,0.99604,3183.443,2649.238,1.2,5.092,1948.03
2026-01-24 14:00:00,23,1,TK-01,HSD,8.6087,2704.516,25.49,823.97,831.49,0.990956,2680.057,2228.444,0.8,4.391,1404.21
2026-01-24 14:00:00,23,1,TK-02,HSD,7.9988,2512.9,25.8,823.98,831.72,0.990694,2489.515,2070.57,0.9,5.001,1594.91
2026-01-24 14:00:00,23,1,TK-03,HSD,7.2287,1839.49,25.48,826.88,834.37,0.991028,1822.986,1521.043,1.5,4.771,1230.45
2026-01-24 14:00:00,23,1,TK-04,HSD,8.4275,2647.567,25.16,825.41,832.68,0.991266,2624.444,2185.334,1.3,4.573,1459.09
2026-01-24 14:00:00,23,1,TK-05,HSD,8.2883,3150.662,25.87,825.0,832.79,0.990655,3121.22,2599.308,1.1,5.212,2011.25
2026-01-24 22:00:00,23,2,TK-01,HSD,8.4651,2659.388,22.76,825.08,830.64,0.9933,2641.57,2194.198,0.9,4.535,1442.22
2026-01-24 22:00:00,23,2,TK-02,HSD,7.8584,2468.799,22.15,826.7,831.82,0.993847,2453.61,2040.962,1.3,5.142,1630.21
2026-01-24 22:00:00,23,2,TK-03,HSD,7.7158,1963.432,22.22,826.91,832.08,0.993786,1951.231,1623.581,0.8,4.284,1102.55
2026-01-24 22:00:00,23,2,TK-04,HSD,8.2956,2606.129,22.96,826.29,831.99,0.993151,2588.28,2153.417,1.2,4.704,1496.32
2026-01-24 22:00:00,23,2,TK-05,HSD,8.1468,3096.872,22.76,827.14,832.7,0.99333,3076.217,2561.551,1.4,5.353,2055.52
2026-01-25 06:00:00,24,0,TK-01,HSD,8.2856,2602.989,20.91,826.75,830.99,0.994902,2589.718,2152.018,1.6,4.714,1494.48
2026-01-25 06:00:00,24,0,TK-02,HSD,8.4179,2644.549,21.02,827.89,832.2,0.99482,2630.85,2189.395,1.3,4.582,1454.94
2026-01-25 06:00:00,24,0,TK-03,HSD,7.5597,1923.718,21.16,826.82,831.23,0.994694,1913.511,1590.572,1.8,4.44,1141.15
2026-01-25 06:00:00,24,0,TK-04,HSD,8.12,2550.985,21.41,827.48,832.07,0.99449,2536.928,2110.895,1.2,4.88,1547.51
2026-01-25 06:00:00,24,0,TK-05,HSD,7.9754,3031.692,20.99,827.38,831.67,0.99484,3016.048,2508.37,1.4,5.525,2116.37
2026-01-25 14:00:00,24,1,TK-01,HSD,8.1471,2559.48,25.47,822.79,830.31,0.990945,2536.304,2105.92,0.7,4.853,1549.92
2026-01-25 14:00:00,24,1,TK-02,HSD,8.2641,2596.234,25.48,822.93,830.46,0.990938,2572.707,2136.526,1.3,4.736,1511.23
2026-01-25 14:00:00,24,1,TK-03,HSD,7.4238,1889.122,26.07,823.49,831.43,0.990456,1871.092,1555.681,1.2,4.576,1182.09
2026-01-25 14:00:00,24,1,TK-04,HSD,7.9684,2503.357,25.68,823.76,831.42,0.990789,2480.298,2062.159,1.5,5.032,1601.82
2026-01-25 14:00:00,24,1,TK-05,HSD,8.5482,3249.458,25.4,823.89,831.35,0.991028,3220.303,2677.192,1.7,4.952,1912.41
2026-01-25 22:00:00,24,2,TK-01,HSD,8.0232,2520.548,21.73,825.8,830.62,0.99419,2505.905,2081.463,1.4,4.977,1578.16
2026-01-25 22:00:00,24,2,TK-02,HSD,8.1521,2561.064,22.38,825.82,831.11,0.993634,2544.761,2114.977,1.3,4.848,1539.89
2026-01-25 22:00:00,24,2,TK-03,HSD,7.3151,1861.466,22.0,827.1,832.1,0.993981,1850.262,1539.609,1.0,4.685,1202.95
2026-01-25 22:00:00,24,2,TK-04,HSD,8.4376,2650.757,21.72,827.02,831.83,0.994219,2635.433,2192.231,0.7,4.562,1448.1
2026-01-25 22:00:00,24,2,TK-05,HSD,8.4244,3202.403,21.95,826.42,831.4,0.994008,3183.213,2646.531,1.0,5.076,1948.28
2026-01-26 06:00:00,25,0,TK-01,HSD,7.8708,2472.672,21.83,827.06,831.95,0.994125,2458.143,2045.04,1.5,5.129,1625.5
2026-01-26 06:00:00,25,0,TK-02,HSD,7.9836,2508.11,21.03,827.36,831.67,0.99481,2495.094,2075.101,0.9,5.016,1587.96
2026-01-26 06:00:00,25,0,TK-03,HSD,8.1495,2073.797,21.47,827.73,832.36,0.994439,2062.265,1716.547,1.2,3.85,991.6
2026-01-26 06:00:00,25,0,TK-04,HSD,8.2838,2602.439,21.57,825.92,830.63,0.99433,2587.682,2149.405,1.1,4.716,1497.9
2026-01-26 06:00:00,25,0,TK-05,HSD,8.2629,3141.004,21.08,827.54,831.89,0.99477,3124.576,2599.294,1.4,5.237,2008.42
2026-01-26 14:00:00,25,1,TK-01,HSD,8.5687,2691.931,27.6,821.5,830.54,0.989108,2662.609,2211.41,1.1,4.431,1420.8
2026-01-26 14:00:00,25,1,TK-02,HSD,7.8722,2473.135,27.35,821.55,830.41,0.989319,2446.719,2031.791,1.2,5.128,1637.75
2026-01-26 14:00:00,25,1,TK-03,HSD,8.0317,2043.827,27.77,822.94,832.09,0.989001,2021.347,1681.942,1.4,3.968,1032.73
2026-01-26 14:00:00,25,1,TK-04,HSD,8.164,2564.794,27.95,823.16,832.44,0.988856,2536.211,2111.232,1.4,4.836,1549.48
2026-01-26 14:00:00,25,1,TK-05,HSD,8.1381,3093.57,27.7,823.01,832.11,0.989056,3059.715,2546.029,0.9,5.362,2070.72
2026-01-26 22:00:00,25,2,TK-01,HSD,8.4528,2655.52,23.43,825.35,831.39,0.992736,2636.231,2191.732,1.4,4.547,1446.59
2026-01-26 22:00:00,25,2,TK-02,HSD,8.3859,2634.503,23.91,825.1,831.49,0.992321,2614.271,2173.737,1.2,4.614,1470.79
2026-01-26 22:00:00,25,2,TK-03,HSD,7.9278,2017.373,23.51,825.15,831.25,0.992661,2002.568,1664.628,1.0,4.072,1052.3
2026-01-26 22:00:00,25,2,TK-04,HSD,8.0466,2527.902,23.56,825.08,831.22,0.992617,2509.239,2085.732,1.7,4.953,1574.03
2026-01-26 22:00:00,25,2,TK-05,HSD,8.0337,3053.873,23.14,825.73,831.57,0.992984,3032.447,2521.679,1.1,5.466,2100.37
2026-01-27 06:00:00,26,0,TK-01,HSD,8.3001,2607.549,20.7,828.2,832.27,0.995099,2594.77,2159.562,1.4,4.7,1488.66
2026-01-27 06:00:00,26,0,TK-02,HSD,8.2317,2586.074,20.73,827.68,831.78,0.99507,2573.325,2140.432,1.0,4.768,1512.47
2026-01-27 06:00:00,26,0,TK-03,HSD,7.7779,1979.223,20.41,828.18,832.05,0.99535,1970.019,1639.146,1.3,4.222,1084.23
2026-01-27 06:00:00,26,0,TK-04,HSD,7.9015,2482.344,20.46,828.17,832.07,0.995307,2470.695,2055.801,1.0,5.098,1614.06
2026-01-27 06:00:00,26,0,TK-05,HSD,8.4439,3209.821,20.5,826.41,830.36,0.995248,3194.566,2652.641,1.0,5.056,1934.59
2026-01-27 14:00:00,26,1,TK-01,HSD,8.1729,2567.584,26.48,823.5,831.73,0.990103,2542.173,2114.401,1.0,4.827,1541.34
2026-01-27 14:00:00,26,1,TK-02,HSD,8.0996,2544.58,26.49,823.14,831.38,0.990086,2519.354,2094.552,0.9,4.9,1564.68
2026-01-27 14:00:00,26,1,TK-03,HSD,7.6542,1947.766,26.1,823.0,830.97,0.990418,1929.102,1603.017,1.2,4.346,1124.21
2026-01-27 14:00:00,26,1,TK-04,HSD,8.6239,2709.285,26.2,824.34,832.37,0.99036,2683.169,2233.379,1.3,4.376,1400.44
2026-01-27 14:00:00,26,1,TK-05,HSD,8.3206,3162.943,26.26,823.21,831.28,0.990287,3132.22,2603.754,1.4,5.179,1999.5
2026-01-27 22:00:00,26,2,TK-01,HSD,8.0317,2523.237,22.77,825.47,831.04,0.993301,2506.335,2082.857,0.9,4.968,1578.81
2026-01-27 22:00:00,26,2,TK-02,HSD,7.9518,2498.145,22.57,825.11,830.54,0.993463,2481.814,2061.248,1.4,5.048,1601.8
2026-01-27 22:00:00,26,2,TK-03,HSD,7.5158,1912.546,22.79,826.26,831.85,0.993291,1899.714,1580.268,1.6,4.484,1152.64
2026-01-27 22:00:00,26,2,TK-04,HSD,8.4729,2661.848,23.03,825.45,831.21,0.993074,2643.412,2197.218,1.1,4.527,1439.99
2026-01-27 22:00:00,26,2,TK-05,HSD,8.6853,3301.565,22.97,824.21,829.94,0.993106,3278.804,2721.199,1.8,4.815,1849.96
2026-01-28 06:00:00,27,0,TK-01,HSD,7.865,2470.862,20.67,827.71,831.77,0.995122,2458.81,2045.158,1.7,5.135,1625.89
2026-01-28 06:00:00,27,0,TK-02,HSD,8.7133,2737.367,20.33,827.03,830.85,0.995401,2724.779,2263.888,1.7,4.287,1359.78
2026-01-28 06:00:00,27,0,TK-03,HSD,7.3601,1872.914,20.32,827.92,831.72,0.995424,1864.344,1550.617,1.1,4.64,1188.36
2026-01-28 06:00:00,27,0,TK-04,HSD,8.293,2605.33,20.41,826.94,830.82,0.995335,2593.176,2154.45,1.1,4.707,1489.67
2026-01-28 06:00:00,27,0,TK-05,HSD,8.5117,3235.584,20.0,828.1,831.68,0.995693,3221.649,2679.389,1.1,4.988,1911.63
2026-01-28 14:00:00,27,1,TK-01,HSD,8.6146,2706.358,26.46,823.52,831.73,0.990125,2679.634,2228.728,0.9,4.385,1404.57
2026-01-28 14:00:00,27,1,TK-02,HSD,8.5831,2696.474,26.28,823.02,831.11,0.990267,2670.228,2219.246,1.4,4.417,1413.37
2026-01-28 14:00:00,27,1,TK-03,HSD,7.2609,1847.668,26.5,824.12,832.36,0.990099,1829.374,1522.705,0.9,4.739,1225.05
2026-01-28 14:00:00,27,1,TK-04,HSD,8.1778,2569.134,26.65,824.04,832.39,0.989976,2543.381,2117.08,1.6,4.822,1540.71
2026-01-28 14:00:00,27,1,TK-05,HSD,8.3881,3188.606,26.57,821.55,829.86,0.98998,3156.656,2619.589,1.8,5.112,1974.98
2026-01-28 22:00:00,27,2,TK-01,HSD,8.4716,2661.433,21.45,827.38,832.0,0.994449,2646.659,2202.012,1.3,4.528,1437.94
2026-01-28 22:00:00,27,2,TK-02,HSD,8.4453,2653.176,21.82,827.78,832.66,0.994145,2637.642,2196.246,1.6,4.555,1446.63
2026-01-28 22:00:00,27,2,TK-03,HSD,7.8807,2005.4,21.5,827.51,832.16,0.994413,1994.195,1659.493,1.2,4.119,1060.37
2026-01-28 22:00:00,27,2,TK-04,HSD,8.0381,2525.23,21.47,827.31,831.94,0.994434,2511.176,2089.149,1.0,4.962,1572.38
2026-01-28 22:00:00,27,2,TK-05,HSD,8.2468,3134.895,21.74,825.55,830.39,0.994177,3116.64,2588.02,1.4,5.253,2014.29
2026-01-29 06:00:00,28,0,TK-01,HSD,8.319,2613.492,21.5,826.6,831.26,0.994397,2598.849,2160.325,0.7,4.681,1485.14
2026-01-29 06:00:00,28,0,TK-02,HSD,8.2866,2603.323,21.12,827.87,832.25,0.994738,2589.624,2155.217,1.0,4.713,1493.68
2026-01-29 06:00:00,28,0,TK-03,HSD,7.7482,1971.669,22.4,825.49,830.79,0.993611,1959.072,1627.585,1.1,4.252,1095.92
2026-01-29 06:00:00,28,0,TK-04,HSD,7.8968,2480.84,21.55,827.77,832.46,0.994373,2466.879,2053.566,0.8,5.103,1617.19
2026-01-29 06:00:00,28,0,TK-05,HSD,8.6822,3300.406,21.31,827.5,832.02,0.994573,3282.495,2731.093,1.7,4.818,1849.33
2026-01-29 14:00:00,28,1,TK-01,HSD,8.1638,2564.749,27.73,822.95,832.08,0.989029,2536.611,2110.669,1.2,4.836,1547.58
2026-01-29 14:00:00,28,1,TK-02,HSD,8.1331,2555.1,27.85,821.35,830.58,0.98889,2526.712,2098.641,1.4,4.867,1555.91
2026-01-29 14:00:00,28,1,TK-03,HSD,7.5931,1932.206,28.01,822.92,832.25,0.988799,1910.563,1590.058,0.8,4.407,1142.96
2026-01-29 14:00:00,28,1,TK-04,HSD,8.7261,2741.394,27.86,822.34,831.56,0.988911,2710.994,2254.367,1.3,4.274,1371.66
2026-01-29 14:00:00,28,1,TK-05,HSD,8.5265,3241.195,27.82,822.62,831.82,0.988949,3205.375,2666.283,1.2,4.974,1928.19
2026-01-29 22:00:00,28,2,TK-01,HSD,7.9997,2513.178,20.18,827.35,831.05,0.995539,2501.966,2079.271,1.4,5.0,1583.13
2026-01-29 22:00:00,28,2,TK-02,HSD,8.5548,2687.562,20.51,828.41,832.35,0.995264,2674.834,2226.394,1.1,4.445,1408.67
2026-01-29 22:00:00,28,2,TK-03,HSD,7.4347,1891.898,20.27,826.65,830.43,0.995448,1883.287,1563.947,1.6,4.565,1169.74
2026-01-29 22:00:00,28,2,TK-04,HSD,8.5539,2687.282,20.73,827.41,831.51,0.995069,2674.029,2223.485,1.2,4.446,1409.68
2026-01-29 22:00:00,28,2,TK-05,HSD,8.347,3172.977,20.39,827.57,831.43,0.995354,3158.236,2625.848,1.0,5.153,1973.1
2026-01-30 06:00:00,29,0,TK-01,HSD,8.5448,2684.419,20.5,829.02,832.95,0.995279,2671.745,2225.44,1.3,4.455,1412.03
2026-01-30 06:00:00,29,0,TK-02,HSD,8.3912,2636.166,20.35,828.71,832.53,0.995402,2624.045,2184.608,0.7,4.609,1459.84
2026-01-30 06:00:00,29,0,TK-03,HSD,7.295,1856.363,20.42,827.63,831.51,0.995334,1847.701,1536.373,0.9,4.705,1205.77
2026-01-30 06:00:00,29,0,TK-04,HSD,8.3877,2635.069,20.15,828.11,831.79,0.99557,2623.396,2182.119,0.7,4.612,1460.83
2026-01-30 06:00:00,29,0,TK-05,HSD,8.1938,3114.743,20.45,827.11,831.01,0.995301,3100.107,2576.229,0.8,5.306,2033.51
2026-01-30 14:00:00,29,1,TK-01,HSD,8.3885,2635.32,27.11,823.34,832.02,0.98957,2607.832,2169.77,1.8,4.612,1477.28
2026-01-30 14:00:00,29,1,TK-02,HSD,8.2386,2588.239,27.18,822.34,831.08,0.989482,2561.016,2128.421,0.8,4.761,1523.93
2026-01-30 14:00:00,29,1,TK-03,HSD,8.1095,2063.611,27.27,823.31,832.11,0.989429,2041.796,1698.994,1.6,3.891,1011.83
2026-01-30 14:00:00,29,1,TK-04,HSD,8.2355,2587.25,27.63,823.56,832.61,0.98913,2559.126,2130.765,0.8,4.765,1524.89
2026-01-30 14:00:00,29,1,TK-05,HSD,8.0453,3058.293,27.68,822.12,831.22,0.989057,3024.827,2514.282,1.0,5.455,2109.18
2026-01-30 22:00:00,29,2,TK-01,HSD,8.2475,2591.017,22.44,826.46,831.79,0.993595,2574.42,2141.374,0.9,4.753,1510.55
2026-01-30 22:00:00,29,2,TK-02,HSD,8.0976,2543.94,22.45,825.94,831.28,0.993574,2527.594,2101.135,1.1,4.902,1556.6
2026-01-30 22:00:00,29,2,TK-03,HSD,7.9748,2029.331,22.65,827.22,832.69,0.993428,2015.994,1678.702,1.0,4.025,1037.88
2026-01-30 22:00:00,29,2,TK-04,HSD,8.092,2542.164,22.45,826.57,831.91,0.993586,2525.859,2101.289,1.2,4.908,1557.55
2026-01-30 22:00:00,29,2,TK-05,HSD,8.3422,3171.135,22.09,826.49,831.57,0.993893,3151.769,2620.904,1.4,5.158,1979.13
2026-01-31 06:00:00,30,0,TK-01,HSD,8.0857,2540.186,21.52,826.98,831.65,0.99439,2525.936,2100.685,1.6,4.914,1557.51
2026-01-31 06:00:00,30,0,TK-02,HSD,7.9322,2491.987,21.04,827.28,831.6,0.994803,2479.036,2061.562,1.2,5.068,1602.72
2026-01-31 06:00:00,30,0,TK-03,HSD,7.8207,1990.122,21.41,827.76,832.35,0.994489,1979.155,1647.351,1.4,4.179,1074.67
2026-01-31 06:00:00,30,0,TK-04,HSD,7.9341,2492.582,21.05,826.99,831.33,0.994786,2479.586,2061.349,0.9,5.066,1603.66
2026-01-31 06:00:00,30,0,TK-05,HSD,8.8877,3378.506,21.36,828.55,833.1,0.994546,3360.081,2799.277,1.3,4.612,1771.95
2026-01-31 14:00:00,30,1,TK-01,HSD,7.9318,2491.862,27.43,822.61,831.52,0.989281,2465.152,2049.829,0.8,5.068,1619.3
2026-01-31 14:00:00,30,1,TK-02,HSD,7.7937,2448.475,27.74,822.38,831.51,0.989011,2421.569,2013.567,1.8,5.206,1663.4
2026-01-31 14:00:00,30,1,TK-03,HSD,7.6668,1950.95,27.7,822.98,832.08,0.989063,1929.612,1605.597,1.2,4.333,1123.06
2026-01-31 14:00:00,30,1,TK-04,HSD,8.8695,2786.447,27.73,822.31,831.44,0.989019,2755.849,2291.33,0.5,4.13,1327.97
2026-01-31 14:00:00,30,1,TK-05,HSD,8.7213,3315.252,28.06,821.38,830.75,0.988716,3277.843,2723.067,1.2,4.779,1854.12
2026-01-31 22:00:00,30,2,TK-01,HSD,7.7949,2448.827,21.05,828.31,832.64,0.994807,2436.11,2028.398,0.8,5.205,1648.19
2026-01-31 22:00:00,30,2,TK-02,HSD,8.1391,2556.965,20.86,827.64,831.84,0.994957,2544.071,2116.252,0.6,4.861,1540.76
2026-01-31 22:00:00,30,2,TK-03,HSD,7.5393,1918.529,21.22,827.98,832.43,0.994652,1908.27,1588.505,1.2,4.461,1145.69
2026-01-31 22:00:00,30,2,TK-04,HSD,8.7109,2736.601,20.84,826.75,830.93,0.994965,2722.823,2262.478,1.5,4.289,1360.27
2026-01-31 22:00:00,30,2,TK-05,HSD,8.5599,3253.885,20.61,828.59,832.6,0.995181,3238.205,2696.139,1.1,4.94,1892.53
2026-02-01 06:00:00,31,0,TK-01,HSD,8.3223,2614.54,20.12,827.37,831.04,0.995584,2602.995,2163.199,1.2,4.678,1481.45
2026-02-01 06:00:00,31,0,TK-02,HSD,7.9792,2506.747,20.38,828.72,832.57,0.995382,2495.171,2077.403,1.7,5.021,1589.62
2026-02-01 06:00:00,31,0,TK-03,HSD,7.3875,1879.896,20.05,829.17,832.77,0.995668,1871.752,1558.745,1.3,4.612,1182.35
2026-02-01 06:00:00,31,0,TK-04,HSD,8.5406,2683.112,19.92,827.82,831.35,0.995758,2671.73,2221.138,0.7,4.459,1412.6
2026-02-01 06:00:00,31,0,TK-05,HSD,8.3976,3192.202,20.19,829.92,833.63,0.995557,3178.02,2649.284,1.5,5.102,1954.76
2026-02-01 14:00:00,31,1,TK-01,HSD,8.18,2569.825,27.77,822.9,832.05,0.989002,2541.562,2114.706,1.1,4.82,1543.33
2026-02-01 14:00:00,31,1,TK-02,HSD,8.8046,2766.047,28.13,823.37,832.77,0.988704,2734.802,2277.468,0.9,4.195,1349.77
2026-02-01 14:00:00,31,1,TK-03,HSD,7.2612,1847.757,27.54,822.52,831.51,0.989181,1827.766,1519.813,1.7,4.739,1226.84
2026-02-01 14:00:00,31,1,TK-04,HSD,8.3957,2637.594,27.59,822.58,831.61,0.989143,2608.957,2169.635,0.9,4.604,1476.12
2026-02-01 14:00:00,31,1,TK-05,HSD,8.2448,3134.121,27.39,823.25,832.13,0.989325,3100.665,2580.162,1.6,5.255,2030.3
2026-02-01 22:00:00,31,2,TK-01,HSD,8.0244,2520.948,21.27,827.63,832.12,0.994606,2507.349,2086.422,1.8,4.976,1575.83
2026-02-01 22:00:00,31,2,TK-02,HSD,8.6409,2714.606,21.21,826.93,831.38,0.994653,2700.09,2244.793,1.8,4.359,1384.74
2026-02-01 22:00:00,31,2,TK-03,HSD,7.8132,1988.228,21.55,828.06,832.75,0.994376,1977.046,1646.377,1.1,4.187,1075.63
2026-02-01 22:00:00,31,2,TK-04,HSD,8.242,2589.306,21.47,826.59,831.23,0.994421,2574.86,2140.3,1.0,4.758,1509.48
2026-02-01 22:00:00,31,2,TK-05,HSD,8.0955,3077.366,21.05,827.71,832.04,0.994794,3061.346,2547.169,1.0,5.404,2069.98
2026-02-02 06:00:00,32,0,TK-01,HSD,7.9049,2483.401,20.41,827.75,831.63,0.995341,2471.832,2055.639,1.6,5.095,1611.89
2026-02-02 06:00:00,32,0,TK-02,HSD,8.5061,2672.283,20.45,828.44,832.34,0.995314,2659.759,2213.818,1.1,4.494,1423.55
2026-02-02 06:00:00,32,0,TK-03,HSD,7.7013,1959.751,20.95,827.19,831.45,0.994876,1949.709,1621.083,0.9,4.299,1104.07
2026-02-02 06:00:00,32,0,TK-04,HSD,8.1184,2550.464,20.46,827.29,831.2,0.995293,2538.459,2109.969,1.4,4.882,1546.5
2026-02-02 06:00:00,32,0,TK-05,HSD,8.5938,3266.793,20.57,827.9,831.89,0.995209,3251.144,2704.59,0.7,4.906,1880.34
2026-02-02 14:00:00,32,1,TK-01,HSD,8.907,2798.217,26.93,823.04,831.6,0.989717,2769.442,2303.055,1.4,4.093,1314.73
2026-02-02 14:00:00,32,1,TK-02,HSD,8.3502,2623.279,26.7,824.21,832.59,0.989937,2596.881,2162.135,1.1,4.65,1488.55
2026-02-02 14:00:00,32,1,TK-03,HSD,7.5551,1922.531,27.3,823.06,831.88,0.989401,1902.154,1582.355,0.6,4.445,1151.7
2026-02-02 14:00:00,32,1,TK-04,HSD,7.9562,2499.514,26.53,823.7,831.96,0.990068,2474.688,2058.839,1.4,5.044,1608.49
2026-02-02 14:00:00,32,1,TK-05,HSD,8.4335,3205.845,26.94,823.62,832.17,0.98972,3172.889,2640.383,1.8,5.067,1959.77
2026-02-02 22:00:00,32,2,TK-01,HSD,8.7561,2750.82,22.84,826.79,832.4,0.993262,2732.285,2274.347,1.3,4.244,1351.78
2026-02-02 22:00:00,32,2,TK-02,HSD,8.2052,2577.743,22.57,827.27,832.69,0.993492,2560.968,2132.488,1.5,4.795,1523.28
2026-02-02 22:00:00,32,2,TK-03,HSD,7.4241,1889.195,22.12,826.37,831.47,0.993865,1877.605,1561.172,1.6,4.576,1177.14
2026-02-02 22:00:00,32,2,TK-04,HSD,8.1992,2575.849,22.78,826.18,831.75,0.9933,2558.59,2128.113,0.7,4.801,1527.24
2026-02-02 22:00:00,32,2,TK-05,HSD,8.2854,3149.567,22.57,825.9,831.32,0.993477,3129.023,2601.234,1.2,5.215,2002.21
2026-02-03 06:00:00,33,0,TK-01,HSD,8.5901,2698.665,21.11,827.86,832.23,0.994746,2684.486,2234.109,1.3,4.41,1400.05
2026-02-03 06:00:00,33,0,TK-02,HSD,8.05,2528.973,20.5,828.19,832.12,0.995271,2517.013,2094.463,1.1,4.95,1568.52
2026-02-03 06:00:00,33,0,TK-03,HSD,8.3595,2127.227,21.2,826.73,831.17,0.994656,2115.86,1758.636,1.2,3.641,938.08
2026-02-03 06:00:00,33,0,TK-04,HSD,8.0387,2525.44,21.4,825.25,829.84,0.994469,2511.472,2084.118,1.5,4.961,1572.41
2026-02-03 06:00:00,33,0,TK-05,HSD,8.1247,3088.483,20.63,829.04,833.07,0.99517,3073.565,2560.485,1.1,5.375,2057.5
2026-02-03 14:00:00,33,1,TK-01,HSD,8.3905,2635.956,26.36,824.05,832.18,0.990223,2610.185,2172.153,0.9,4.609,1471.61
2026-02-03 14:00:00,33,1,TK-02,HSD,7.8682,2471.863,26.22,824.7,832.73,0.990351,2448.012,2038.538,1.8,5.132,1635.59
2026-02-03 14:00:00,33,1,TK-03,HSD,8.1732,2079.837,26.53,823.31,831.57,0.99006,2059.164,1712.342,1.3,3.827,994.49
2026-02-03 14:00:00,33,1,TK-04,HSD,7.8591,2469.017,26.57,822.85,831.15,0.99001,2444.351,2031.629,1.2,5.141,1639.38
2026-02-03 14:00:00,33,1,TK-05,HSD,8.8782,3374.893,26.77,823.41,831.84,0.989857,3340.66,2778.91,1.1,4.622,1792.15
2026-02-03 22:00:00,33,2,TK-01,HSD,8.2792,2600.993,23.95,826.28,832.68,0.99231,2580.992,2149.138,1.3,4.721,1503.6
2026-02-03 22:00:00,33,2,TK-02,HSD,7.7625,2438.667,24.58,825.68,832.53,0.991765,2418.585,2013.55,1.6,5.237,1665.57
2026-02-03 22:00:00,33,2,TK-03,HSD,8.0556,2049.903,24.2,824.9,831.49,0.992072,2033.65,1690.966,1.4,3.944,1019.7
2026-02-03 22:00:00,33,2,TK-04,HSD,8.3386,2619.656,24.35,824.46,831.16,0.991937,2598.534,2159.799,0.9,4.661,1485.41
2026-02-03 22:00:00,33,2,TK-05,HSD,8.7527,3327.206,24.22,826.18,832.78,0.992078,3300.849,2748.868,1.9,4.747,1833.03
2026-02-04 06:00:00,34,0,TK-01,HSD,8.0905,2541.694,19.14,828.98,831.93,0.996444,2532.655,2107.003,1.1,4.91,1550.14
2026-02-04 06:00:00,34,0,TK-02,HSD,8.4259,2647.079,19.17,829.73,832.71,0.996425,2637.615,2196.358,0.9,4.574,1445.98
2026-02-04 06:00:00,34,0,TK-03,HSD,7.8793,2005.043,19.11,829.76,832.7,0.996474,1997.972,1663.709,0.6,4.121,1056.38
2026-02-04 06:00:00,34,0,TK-04,HSD,8.1554,2562.084,19.38,828.18,831.32,0.996226,2552.414,2121.863,1.0,4.845,1532.27
2026-02-04 06:00:00,34,0,TK-05,HSD,8.5532,3251.342,19.96,828.56,832.11,0.995739,3237.488,2693.948,0.9,4.947,1892.52
2026-02-04 14:00:00,34,1,TK-01,HSD,8.967,2817.07,27.49,823.09,832.05,0.989239,2786.757,2318.708,1.3,4.033,1296.12
2026-02-04 14:00:00,34,1,TK-02,HSD,8.3194,2613.618,27.82,821.29,830.49,0.988917,2584.65,2146.532,1.5,4.681,1500.61
2026-02-04 14:00:00,34,1,TK-03,HSD,7.7764,1978.854,28.24,821.76,831.25,0.988574,1956.244,1626.136,1.2,4.224,1097.74
2026-02-04 14:00:00,34,1,TK-04,HSD,8.0425,2526.634,27.86,822.11,831.34,0.988901,2498.591,2077.173,0.9,4.957,1585.12
2026-02-04 14:00:00,34,1,TK-05,HSD,8.4404,3208.49,27.88,823.96,833.18,0.988932,3172.979,2643.673,1.0,5.06,1959.61
2026-02-04 22:00:00,34,2,TK-01,HSD,8.8188,2770.516,22.82,825.17,830.77,0.993253,2751.823,2286.141,1.3,4.181,1331.91
2026-02-04 22:00:00,34,2,TK-02,HSD,8.1719,2567.267,22.63,826.84,832.3,0.993435,2550.413,2122.716,1.2,4.828,1533.77
2026-02-04 22:00:00,34,2,TK-03,HSD,7.6368,1943.32,22.69,826.14,831.65,0.993372,1930.44,1605.449,1.2,4.363,1122.85
2026-02-04 22:00:00,34,2,TK-04,HSD,8.4259,2647.06,22.46,826.76,832.1,0.993578,2630.061,2188.474,1.1,4.574,1453.55
2026-02-04 22:00:00,34,2,TK-05,HSD,8.2871,3150.185,22.05,827.75,832.8,0.993942,3131.1,2607.572,1.1,5.213,2000.32
2026-02-05 06:00:00,35,0,TK-01,HSD,8.6469,2716.491,21.04,827.38,831.71,0.994797,2702.357,2247.581,1.2,4.353,1381.83
2026-02-05 06:00:00,35,0,TK-02,HSD,8.0149,2517.966,21.0,827.91,832.21,0.994839,2504.97,2084.658,1.1,4.985,1580.03
2026-02-05 06:00:00,35,0,TK-03,HSD,7.4927,1906.669,21.19,827.12,831.55,0.994667,1896.5,1577.04,1.4,4.507,1157.87
2026-02-05 06:00:00,35,0,TK-04,HSD,8.262,2595.571,20.75,826.65,830.77,0.995042,2582.701,2145.629,0.9,4.738,1501.27
2026-02-05 06:00:00,35,0,TK-05,HSD,8.7612,3330.402,21.72,827.74,832.55,0.994225,3311.169,2756.697,1.3,4.739,1822.64
2026-02-05 14:00:00,35,1,TK-01,HSD,8.4987,2669.959,28.05,821.83,831.2,0.988731,2639.87,2194.256,1.5,4.501,1445.1
2026-02-05 14:00:00,35,1,TK-02,HSD,8.8663,2785.43,28.03,821.65,831.0,0.988747,2754.085,2288.657,1.6,4.134,1329.83
2026-02-05 14:00:00,35,1,TK-03,HSD,7.3639,1873.874,28.03,821.9,831.25,0.988751,1852.795,1540.128,1.5,4.636,1202.26
2026-02-05 14:00:00,35,1,TK-04,HSD,8.121,2551.293,27.94,822.31,831.6,0.988838,2522.816,2097.966,1.3,4.879,1561.74
2026-02-05 14:00:00,35,1,TK-05,HSD,8.5951,3267.274,27.55,822.13,831.14,0.989165,3231.871,2686.138,1.2,4.905,1900.12
2026-02-05 22:00:00,35,2,TK-01,HSD,8.3676,2628.765,24.11,824.75,831.28,0.992144,2608.114,2168.064,0.9,4.632,1477.61
2026-02-05 22:00:00,35,2,TK-02,HSD,8.7224,2740.233,23.73,825.36,831.61,0.992479,2719.623,2261.675,1.4,4.278,1363.76
2026-02-05 22:00:00,35,2,TK-03,HSD,7.8807,2005.398,24.68,824.88,831.81,0.991662,1988.677,1654.205,0.9,4.119,1066.11
2026-02-05 22:00:00,35,2,TK-04,HSD,7.9965,2512.16,24.36,825.17,831.87,0.991936,2491.903,2072.949,1.0,5.004,1592.82
2026-02-05 22:00:00,35,2,TK-05,HSD,8.4627,3216.967,24.19,825.54,832.12,0.99209,3191.52,2655.727,1.1,5.037,1939.93
2026-02-06 06:00:00,36,0,TK-01,HSD,8.1742,2568.008,21.77,827.72,832.56,0.994183,2553.07,2125.58,0.7,4.826,1530.36
2026-02-06 06:00:00,36,0,TK-02,HSD,8.535,2681.342,22.0,826.44,831.46,0.993971,2665.176,2215.979,1.4,4.465,1418.81
2026-02-06 06:00:00,36,0,TK-03,HSD,7.7008,1959.603,22.09,826.57,831.65,0.993898,1947.645,1619.758,0.5,4.299,1106.33
2026-02-06 06:00:00,36,0,TK-04,HSD,8.4904,2667.326,22.28,827.28,832.49,0.993739,2650.625,2206.617,0.9,4.51,1432.59
2026-02-06 06:00:00,36,0,TK-05,HSD,8.2791,3147.159,22.29,826.77,831.99,0.993723,3127.403,2601.967,1.3,5.221,2004.53
2026-02-06 14:00:00,36,1,TK-01,HSD,8.0254,2521.249,27.08,823.88,832.54,0.989606,2495.044,2077.219,1.4,4.975,1588.34
2026-02-06 14:00:00,36,1,TK-02,HSD,8.379,2632.339,27.48,823.63,832.57,0.989262,2604.072,2168.067,1.7,4.621,1479.33
2026-02-06 14:00:00,36,1,TK-03,HSD,7.5634,1924.642,27.54,823.39,832.37,0.989209,1903.873,1584.733,1.8,4.437,1150.55
2026-02-06 14:00:00,36,1,TK-04,HSD,8.3401,2620.116,27.29,823.81,832.61,0.98943,2592.421,2158.472,0.9,4.66,1492.79
2026-02-06 14:00:00,36,1,TK-05,HSD,8.7614,3330.495,27.33,824.3,833.13,0.989405,3295.209,2745.324,1.1,4.739,1834.08
2026-02-06 22:00:00,36,2,TK-01,HSD,8.4971,2669.434,23.08,825.85,831.63,0.993043,2650.864,2204.539,1.1,4.503,1432.4
2026-02-06 22:00:00,36,2,TK-02,HSD,8.2321,2586.185,22.91,825.05,830.72,0.993174,2568.532,2133.743,1.3,4.768,1515.64
2026-02-06 22:00:00,36,2,TK-03,HSD,7.4288,1890.398,22.89,826.9,832.55,0.993217,1877.576,1563.179,1.0,4.571,1177.08
2026-02-06 22:00:00,36,2,TK-04,HSD,8.1917,2573.484,23.35,826.46,832.44,0.992818,2555.001,2126.875,0.7,4.808,1528.92
2026-02-06 22:00:00,36,2,TK-05,HSD,8.6144,3274.601,23.11,826.11,831.92,0.993016,3251.731,2705.184,1.6,4.886,1880.05
2026-02-07 06:00:00,37,0,TK-01,HSD,8.3859,2634.509,22.59,826.45,831.88,0.993468,2617.299,2177.289,1.2,4.614,1468.07
2026-02-07 06:00:00,37,0,TK-02,HSD,8.1226,2551.802,22.64,825.66,831.13,0.993413,2534.993,2106.921,1.0,4.877,1550.19
2026-02-07 06:00:00,37,0,TK-03,HSD,8.3717,2130.339,22.86,826.71,832.33,0.993243,2115.944,1761.17,1.4,3.628,937.46
2026-02-07 06:00:00,37,0,TK-04,HSD,8.0765,2537.293,22.96,827.48,833.18,0.993165,2519.95,2099.56,1.1,4.924,1563.29
2026-02-07 06:00:00,37,0,TK-05,HSD,8.501,3231.521,22.77,827.23,832.79,0.993326,3209.955,2673.227,1.3,4.999,1923.79
2026-02-07 14:00:00,37,1,TK-01,HSD,8.2309,2585.827,27.62,822.58,831.63,0.989117,2557.684,2127.049,1.0,4.769,1527.34
2026-02-07 14:00:00,37,1,TK-02,HSD,7.9686,2503.412,27.09,822.56,831.24,0.989561,2477.28,2059.209,1.9,5.031,1607.6
2026-02-07 14:00:00,37,1,TK-03,HSD,8.2131,2089.991,27.02,823.54,832.16,0.989648,2068.355,1721.198,1.0,3.787,985.41
2026-02-07 14:00:00,37,1,TK-04,HSD,8.8751,2788.2,27.27,824.03,832.82,0.98945,2758.786,2297.574,0.9,4.125,1327.61
2026-02-07 14:00:00,37,1,TK-05,HSD,8.3355,3168.581,27.04,823.19,831.83,0.989619,3135.69,2608.35,1.3,5.165,1996.48
2026-02-07 22:00:00,37,2,TK-01,HSD,8.0785,2537.945,22.33,826.57,831.82,0.993687,2521.922,2097.782,0.7,4.921,1562.98
2026-02-07 22:00:00,37,2,TK-02,HSD,8.4161,2643.989,22.24,826.06,831.24,0.993761,2627.493,2184.088,1.1,4.584,1459.65
2026-02-07 22:00:00,37,2,TK-03,HSD,8.0769,2055.321,23.03,826.05,831.81,0.993083,2041.105,1697.804,1.1,3.923,1014.24
2026-02-07 22:00:00,37,2,TK-04,HSD,8.7127,2737.163,23.04,827.61,833.36,0.9931,2718.278,2265.304,1.9,4.287,1366.04
2026-02-07 22:00:00,37,2,TK-05,HSD,8.1776,3108.575,22.2,825.97,831.12,0.993796,3089.289,2567.576,0.9,5.322,2040.19
2026-02-08 06:00:00,38,0,TK-01,HSD,7.9512,2497.93,20.46,827.29,831.2,0.995295,2486.177,2066.521,1.2,5.049,1597.98
2026-02-08 06:00:00,38,0,TK-02,HSD,8.2751,2599.708,19.77,829.11,832.52,0.995905,2589.063,2155.44,1.9,4.725,1496.08
2026-02-08 06:00:00,38,0,TK-03,HSD,7.9357,2019.399,19.92,829.58,833.1,0.995783,2010.883,1675.261,1.4,4.064,1042.55
2026-02-08 06:00:00,38,0,TK-04,HSD,8.5658,2691.032,19.64,829.31,832.62,0.99602,2680.322,2231.688,1.0,4.434,1403.77
2026-02-08 06:00:00,38,0,TK-05,HSD,8.6662,3294.324,19.48,829.92,833.13,0.996155,3281.659,2734.034,0.6,4.834,1848.94
2026-02-08 14:00:00,38,1,TK-01,HSD,8.7009,2733.47,28.68,822.38,832.19,0.988214,2701.255,2247.953,1.4,4.299,1381.22
2026-02-08 14:00:00,38,1,TK-02,HSD,8.1383,2556.724,28.25,820.98,830.5,0.988538,2527.419,2099.015,1.4,4.862,1556.78
2026-02-08 14:00:00,38,1,TK-03,HSD,7.8132,1988.214,28.23,824.85,834.31,0.988663,1965.674,1639.973,1.2,4.187,1089.72
2026-02-08 14:00:00,38,1,TK-04,HSD,8.429,2648.062,27.98,823.85,833.14,0.988847,2618.528,2181.6,1.1,4.571,1466.64
2026-02-08 14:00:00,38,1,TK-05,HSD,8.5356,3244.669,28.84,823.11,833.02,0.988101,3206.062,2670.724,0.9,4.964,1925.94
2026-02-08 22:00:00,38,2,TK-01,HSD,8.5458,2684.756,21.94,826.72,831.69,0.994023,2668.71,2219.538,1.1,4.454,1415.6
2026-02-08 22:00:00,38,2,TK-02,HSD,8.6803,2727.009,22.09,826.57,831.65,0.993898,2710.369,2254.069,1.0,4.32,1373.75
2026-02-08 22:00:00,38,2,TK-03,HSD,7.6644,1950.361,22.24,827.46,832.64,0.993778,1938.225,1613.84,1.1,4.336,1114.7
2026-02-08 22:00:00,38,2,TK-04,HSD,8.2783,2600.706,22.22,828.12,833.29,0.993804,2584.594,2153.705,1.1,4.722,1499.93
2026-02-08 22:00:00,38,2,TK-05,HSD,8.3772,3184.447,22.57,826.76,832.18,0.993491,3163.721,2632.77,0.7,5.123,1966.71
2026-02-09 06:00:00,39,0,TK-01,HSD,8.3692,2629.263,21.33,827.05,831.58,0.994545,2614.922,2174.526,1.6,4.631,1467.19
2026-02-09 06:00:00,39,0,TK-02,HSD,8.5107,2673.705,21.57,826.36,831.07,0.994331,2658.548,2209.43,0.7,4.489,1426.16
2026-02-09 06:00:00,39,0,TK-03,HSD,7.508,1910.556,21.02,828.81,833.11,0.994838,1900.693,1583.495,1.5,4.492,1152.19
2026-02-09 06:00:00,39,0,TK-04,HSD,8.1131,2548.792,21.16,828.19,832.59,0.994711,2535.31,2110.872,1.0,4.887,1549.89
2026-02-09 06:00:00,39,0,TK-05,HSD,8.7495,3325.981,20.6,827.79,831.8,0.995184,3309.962,2753.213,1.3,4.75,1820.71
2026-02-09 14:00:00,39,1,TK-01,HSD,8.2109,2579.517,25.22,823.82,831.15,0.991179,2556.763,2125.056,1.3,4.789,1527.59
2026-02-09 14:00:00,39,1,TK-02,HSD,8.3402,2620.15,25.53,824.61,832.15,0.990932,2596.391,2160.59,1.0,4.66,1487.5
2026-02-09 14:00:00,39,1,TK-03,HSD,7.3663,1874.493,25.51,825.25,832.77,0.990969,1857.564,1546.919,1.2,4.634,1196.08
2026-02-09 14:00:00,39,1,TK-04,HSD,8.898,2795.377,25.62,825.52,833.12,0.99088,2769.882,2307.648,1.6,4.102,1314.02
2026-02-09 14:00:00,39,1,TK-05,HSD,8.5902,3265.411,25.74,824.16,831.86,0.990746,3235.193,2691.218,1.3,4.91,1897.13
2026-02-09 22:00:00,39,2,TK-01,HSD,8.0824,2539.146,22.01,826.87,831.89,0.99397,2523.836,2099.546,1.4,4.918,1561.14
2026-02-09 22:00:00,39,2,TK-02,HSD,8.2098,2579.174,22.29,826.24,831.46,0.99372,2562.977,2131.015,1.1,4.79,1521.58
2026-02-09 22:00:00,39,2,TK-03,HSD,7.8293,1992.318,22.51,827.37,832.74,0.993552,1979.472,1648.382,0.9,4.171,1075.03
2026-02-09 22:00:00,39,2,TK-04,HSD,8.7525,2749.692,21.9,828.75,833.68,0.994091,2733.444,2278.815,1.2,4.247,1350.38
2026-02-09 22:00:00,39,2,TK-05,HSD,8.4512,3212.579,22.5,826.68,832.05,0.993543,3191.836,2655.766,1.3,5.049,1939.58
2026-02-10 06:00:00,40,0,TK-01,HSD,8.7022,2733.87,19.88,827.51,831.01,0.995795,2722.373,2262.318,1.3,4.298,1359.78
2026-02-10 06:00:00,40,0,TK-02,HSD,8.056,2530.852,20.32,827.8,831.61,0.995419,2519.259,2095.03,1.1,4.944,1565.49
2026-02-10 06:00:00,40,0,TK-03,HSD,7.6748,1952.993,20.06,828.68,832.3,0.99565,1944.498,1618.405,1.4,4.325,1108.94
2026-02-10 06:00:00,40,0,TK-04,HSD,8.5895,2698.463,20.06,830.22,833.83,0.995667,2686.771,2240.314,1.6,4.411,1397.22
2026-02-10 06:00:00,40,0,TK-05,HSD,8.2888,3150.842,19.76,828.83,832.24,0.995907,3137.947,2611.523,0.9,5.211,1994.28
2026-02-10 14:00:00,40,1,TK-01,HSD,8.5922,2699.317,27.33,824.29,833.12,0.989409,2670.728,2225.024,1.5,4.408,1412.12
2026-02-10 14:00:00,40,1,TK-02,HSD,7.9467,2496.517,27.54,824.02,833.0,0.989224,2469.615,2057.183,1.0,5.053,1613.88
2026-02-10 14:00:00,40,1,TK-03,HSD,7.5711,1926.61,27.38,822.74,831.62,0.989321,1906.036,1585.1,0.7,4.429,1146.3
2026-02-10 14:00:00,40,1,TK-04,HSD,8.4769,2663.088,27.3,825.26,834.05,0.989458,2635.014,2197.735,1.0,4.523,1448.84
2026-02-10 14:00:00,40,1,TK-05,HSD,8.9088,3386.525,27.53,824.37,833.34,0.989236,3350.072,2791.741,1.7,4.591,1781.03
2026-02-10 22:00:00,40,2,TK-01,HSD,8.4554,2656.356,23.35,825.46,831.44,0.992806,2637.246,2192.718,1.0,4.545,1447.15
2026-02-10 22:00:00,40,2,TK-02,HSD,8.351,2623.557,23.72,825.26,831.51,0.992484,2603.839,2165.111,1.2,4.649,1482.01
2026-02-10 22:00:00,40,2,TK-03,HSD,7.4495,1895.663,23.35,827.11,833.09,0.992829,1882.068,1567.925,1.0,4.551,1171.31
2026-02-10 22:00:00,40,2,TK-04,HSD,8.3339,2618.186,23.26,827.45,833.35,0.992911,2599.625,2166.408,1.5,4.666,1483.4
2026-02-10 22:00:00,40,2,TK-05,HSD,8.7604,3330.108,23.26,826.82,832.73,0.992903,3306.474,2753.408,1.0,4.74,1824.97
2026-02-11 06:00:00,41,0,TK-01,HSD,8.2788,2600.848,21.11,826.67,831.05,0.994728,2587.137,2150.051,1.2,4.721,1495.44
2026-02-11 06:00:00,41,0,TK-02,HSD,8.1739,2567.913,20.99,826.27,830.57,0.99483,2554.637,2121.802,1.1,4.826,1529.65
2026-02-11 06:00:00,41,0,TK-03,HSD,8.2829,2107.754,20.61,829.01,833.01,0.995188,2097.612,1747.34,1.2,3.717,956.46
2026-02-11 06:00:00,41,0,TK-04,HSD,8.1657,2565.321,20.9,830.07,834.28,0.994954,2552.377,2129.396,1.3,4.834,1531.02
2026-02-11 06:00:00,41,0,TK-05,HSD,8.5883,3264.697,21.25,828.91,833.38,0.994637,3247.189,2706.156,1.2,4.912,1885.51
2026-02-11 14:00:00,41,1,TK-01,HSD,8.1327,2554.957,27.54,822.36,831.35,0.98918,2527.311,2101.092,1.0,4.867,1555.67
2026-02-11 14:00:00,41,1,TK-02,HSD,8.0254,2521.24,27.59,822.98,832.0,0.989155,2493.898,2074.924,1.0,4.975,1589.1
2026-02-11 14:00:00,41,1,TK-03,HSD,8.1407,2071.551,27.5,824.23,833.18,0.989262,2049.306,1707.439,1.1,3.859,1005.27
2026-02-11 14:00:00,41,1,TK-04,HSD,8.7762,2757.115,27.74,825.14,834.24,0.989084,2727.019,2274.993,0.9,4.224,1357.3
2026-02-11 14:00:00,41,1,TK-05,HSD,8.4366,3207.045,27.45,824.11,833.03,0.989296,3172.717,2642.957,1.1,5.063,1961.05
2026-02-11 22:00:00,41,2,TK-01,HSD,7.98,2507.006,22.07,827.12,832.18,0.99392,2491.763,2073.586,1.1,5.02,1591.78
2026-02-11 22:00:00,41,2,TK-02,HSD,8.4088,2641.704,21.68,826.36,831.14,0.994239,2626.486,2182.99,0.9,4.591,1457.06
2026-02-11 22:00:00,41,2,TK-03,HSD,7.9867,2032.378,21.84,827.48,832.37,0.994122,2020.432,1681.757,1.6,4.013,1034.52
2026-02-11 22:00:00,41,2,TK-04,HSD,8.6055,2703.51,21.92,828.88,833.82,0.994072,2687.484,2240.879,1.5,4.394,1396.24
2026-02-11 22:00:00,41,2,TK-05,HSD,8.2683,3143.051,21.68,828.42,833.19,0.994273,3125.049,2603.751,1.4,5.232,2006.33
2026-02-12 06:00:00,42,0,TK-01,HSD,8.7006,2733.381,21.09,827.31,831.68,0.994753,2719.04,2261.359,1.2,4.299,1365.02
2026-02-12 06:00:00,42,0,TK-02,HSD,8.2604,2595.094,20.78,827.89,832.03,0.995029,2582.194,2148.454,1.5,4.74,1503.31
2026-02-12 06:00:00,42,0,TK-03,HSD,7.8338,1993.457,20.7,829.03,833.1,0.995111,1983.71,1652.63,1.5,4.166,1070.06
2026-02-12 06:00:00,42,0,TK-04,HSD,8.4482,2654.09,20.97,829.04,833.31,0.99488,2640.502,2200.349,1.2,4.552,1443.56
2026-02-12 06:00:00,42,0,TK-05,HSD,8.1206,3086.891,20.87,829.03,833.23,0.994963,3071.341,2559.132,0.7,5.379,2061.35
2026-02-12 14:00:00,42,1,TK-01,HSD,8.5435,2684.033,27.61,822.38,831.43,0.989119,2654.828,2207.304,0.9,4.456,1429.9
2026-02-12 14:00:00,42,1,TK-02,HSD,8.1076,2547.084,27.21,822.21,830.98,0.989456,2520.229,2094.248,1.0,4.892,1564.89
2026-02-12 14:00:00,42,1,TK-03,HSD,7.6893,1956.685,27.41,824.42,833.3,0.989338,1935.823,1613.126,0.7,4.311,1117.39
2026-02-12 14:00:00,42,1,TK-04,HSD,8.2936,2605.499,27.54,824.22,833.2,0.989224,2577.423,2147.512,1.5,4.706,1506.56
2026-02-12 14:00:00,42,1,TK-05,HSD,8.6916,3303.95,27.3,824.79,833.6,0.989441,3269.062,2725.077,1.4,4.808,1861.88
2026-02-12 22:00:00,42,2,TK-01,HSD,8.3814,2633.092,21.65,826.5,831.26,0.994272,2618.009,2176.241,1.0,4.619,1465.75
2026-02-12 22:00:00,42,2,TK-02,HSD,8.5651,2690.799,21.63,826.22,830.98,0.994282,2675.414,2223.205,1.5,4.435,1408.5
2026-02-12 22:00:00,42,2,TK-03,HSD,7.5493,1921.052,21.68,828.48,833.25,0.994269,1910.042,1591.549,0.7,4.451,1143.55
2026-02-12 22:00:00,42,2,TK-04,HSD,8.1413,2557.653,22.03,829.04,834.07,0.993978,2542.25,2120.403,1.1,4.859,1541.38
2026-02-12 22:00:00,42,2,TK-05,HSD,8.5426,3247.332,22.29,827.2,832.42,0.993733,3226.981,2686.189,1.3,4.957,1906.05
2026-02-13 06:00:00,43,0,TK-01,HSD,8.248,2591.176,22.22,826.7,831.87,0.993782,2575.065,2142.126,1.0,4.752,1509.31
2026-02-13 06:00:00,43,0,TK-02,HSD,8.4289,2648.015,22.28,826.04,831.26,0.993723,2631.393,2187.377,1.1,4.571,1453.01
2026-02-13 06:00:00,43,0,TK-03,HSD,7.4257,1889.62,22.15,827.38,832.5,0.993852,1878.003,1563.43,1.0,4.574,1175.32
2026-02-13 06:00:00,43,0,TK-04,HSD,8.7926,2762.276,22.33,827.44,832.69,0.993701,2744.877,2285.626,0.9,4.207,1339.04
2026-02-13 06:00:00,43,0,TK-05,HSD,8.388,3188.557,21.9,828.83,833.76,0.994087,3169.702,2642.778,1.5,5.112,1959.71
2026-02-13 14:00:00,43,1,TK-01,HSD,8.088,2540.922,27.57,822.62,831.63,0.98916,2513.378,2090.201,2.2,4.912,1570.45
2026-02-13 14:00:00,43,1,TK-02,HSD,8.262,2595.599,27.84,822.04,831.26,0.988918,2566.835,2133.696,1.2,4.738,1515.49
2026-02-13 14:00:00,43,1,TK-03,HSD,8.4799,2157.864,27.31,824.27,833.09,0.989423,2135.04,1778.672,0.9,3.52,918.27
2026-02-13 14:00:00,43,1,TK-04,HSD,8.6159,2706.772,27.81,823.96,833.14,0.988988,2676.966,2230.28,1.9,4.384,1404.23
2026-02-13 14:00:00,43,1,TK-05,HSD,8.2383,3131.647,27.57,822.63,831.65,0.989156,3097.688,2576.188,1.1,5.262,2035.04
2026-02-13 22:00:00,43,2,TK-01,HSD,7.9591,2500.436,23.44,825.19,831.24,0.992721,2482.236,2063.324,1.4,5.041,1601.32
2026-02-13 22:00:00,43,2,TK-02,HSD,8.1375,2556.48,23.24,826.25,832.15,0.992911,2538.357,2112.302,1.7,4.862,1547.04
2026-02-13 22:00:00,43,2,TK-03,HSD,8.3487,2124.491,23.28,827.94,833.85,0.992907,2109.423,1758.948,1.1,3.651,944.5
2026-02-13 22:00:00,43,2,TK-04,HSD,8.487,2666.272,23.25,826.68,832.58,0.992909,2647.366,2204.15,1.1,4.513,1437.14
2026-02-13 22:00:00,43,2,TK-05,HSD,8.4724,3220.633,22.97,827.3,833.0,0.993154,3198.584,2664.426,1.0,5.028,1933.21
2026-02-14 06:00:00,44,0,TK-01,HSD,8.4477,2653.913,20.93,826.96,831.21,0.994888,2640.347,2194.684,0.8,4.552,1444.36
2026-02-14 06:00:00,44,0,TK-02,HSD,7.9462,2496.37,20.56,829.42,833.39,0.995235,2484.473,2070.53,1.0,5.054,1598.15
2026-02-14 06:00:00,44,0,TK-03,HSD,8.1672,2078.287,21.13,830.07,834.44,0.99476,2067.396,1725.119,1.1,3.833,986.99
2026-02-14 06:00:00,44,0,TK-04,HSD,8.2993,2607.314,20.74,828.93,833.03,0.995077,2594.478,2161.29,1.6,4.701,1490.47
2026-02-14 06:00:00,44,0,TK-05,HSD,8.2791,3147.169,20.82,828.38,832.54,0.995002,3131.44,2607.045,1.2,5.221,1997.66
2026-02-14 14:00:00,44,1,TK-01,HSD,8.3287,2616.538,28.17,820.72,830.18,0.988603,2586.716,2147.449,1.4,4.671,1497.39
2026-02-14 14:00:00,44,1,TK-02,HSD,8.755,2750.471,28.05,822.28,831.65,0.988742,2719.506,2261.666,2.0,4.245,1364.49
2026-02-14 14:00:00,44,1,TK-03,HSD,8.0456,2047.367,27.91,823.36,832.61,0.988891,2024.622,1685.729,1.6,3.954,1028.5
2026-02-14 14:00:00,44,1,TK-04,HSD,8.1786,2569.392,27.83,823.93,833.11,0.988971,2541.054,2116.989,0.8,4.821,1542.57
2026-02-14 14:00:00,44,1,TK-05,HSD,8.1685,3105.103,27.78,822.91,832.06,0.988994,3070.928,2555.209,1.2,5.332,2060.62
2026-02-14 22:00:00,44,2,TK-01,HSD,8.1804,2569.95,22.62,826.14,831.6,0.993437,2553.084,2123.149,0.8,4.82,1531.11
2026-02-14 22:00:00,44,2,TK-02,HSD,8.6056,2703.53,22.82,826.02,831.62,0.993267,2685.328,2233.18,0.3,4.394,1399.94
2026-02-14 22:00:00,44,2,TK-03,HSD,7.9056,2011.724,22.83,826.99,832.59,0.99327,1998.184,1663.669,1.4,4.094,1054.91
2026-02-14 22:00:00,44,2,TK-04,HSD,8.0388,2525.463,23.07,826.98,832.75,0.993068,2507.958,2088.512,0.9,4.961,1575.71
2026-02-14 22:00:00,44,2,TK-05,HSD,8.4398,3208.235,22.87,828.03,833.66,0.993251,3186.584,2656.514,1.1,5.06,1943.51
2026-02-15 06:00:00,45,0,TK-01,HSD,8.0328,2523.57,20.13,827.87,831.55,0.995582,2512.422,2089.193,1.1,4.967,1571.9
2026-02-15 06:00:00,45,0,TK-02,HSD,8.4433,2652.537,20.15,829.48,833.16,0.995583,2640.819,2200.227,0.9,4.557,1442.82
2026-02-15 06:00:00,45,0,TK-03,HSD,7.7688,1976.929,20.14,829.0,832.68,0.995584,1968.198,1638.878,1.1,4.231,1086.84
2026-02-15 06:00:00,45,0,TK-04,HSD,8.6373,2713.49,19.95,829.36,832.9,0.995754,2701.968,2250.47,1.0,4.363,1382.04
2026-02-15 06:00:00,45,0,TK-05,HSD,8.2871,3150.185,20.04,830.89,834.48,0.995694,3136.619,2617.449,1.6,5.213,1994.44
2026-02-15 14:00:00,45,1,TK-01,HSD,7.9157,2486.803,27.94,822.09,831.37,0.988835,2459.038,2044.381,1.3,5.084,1624.39
2026-02-15 14:00:00,45,1,TK-02,HSD,8.3242,2615.119,27.91,823.81,833.06,0.9889,2586.09,2154.361,0.9,4.676,1498.01
2026-02-15 14:00:00,45,1,TK-03,HSD,7.6548,1947.9,28.24,823.81,833.28,0.98863,1925.751,1604.693,0.9,4.345,1127.93
2026-02-15 14:00:00,45,1,TK-04,HSD,8.515,2675.078,28.23,822.68,832.16,0.988603,2644.591,2200.72,1.4,4.485,1438.5
2026-02-15 14:00:00,45,1,TK-05,HSD,8.9935,3418.737,28.18,822.31,831.77,0.988637,3379.89,2811.274,1.2,4.506,1750.57
2026-02-15 22:00:00,45,2,TK-01,HSD,8.3458,2621.904,23.46,824.82,830.89,0.992697,2602.755,2162.595,1.1,4.654,1481.35
2026-02-15 22:00:00,45,2,TK-02,HSD,8.1919,2573.575,23.76,826.49,832.76,0.992476,2554.212,2127.039,1.2,4.808,1528.49
2026-02-15 22:00:00,45,2,TK-03,HSD,7.5319,1916.644,23.65,827.13,833.32,0.992577,1902.417,1585.313,0.7,4.468,1150.63
2026-02-15 22:00:00,45,2,TK-04,HSD,8.3847,2634.135,23.29,826.61,832.54,0.99287,2615.354,2177.394,1.1,4.615,1469.68
2026-02-15 22:00:00,45,2,TK-05,HSD,8.8542,3365.787,23.5,825.25,831.34,0.992676,3341.137,2777.631,1.0,4.646,1790.42
2026-02-16 06:00:00,46,0,TK-01,HSD,8.1754,2568.373,20.66,826.52,830.58,0.995118,2555.835,2122.822,1.4,4.825,1527.26
2026-02-16 06:00:00,46,0,TK-02,HSD,8.0284,2522.209,20.8,827.98,832.14,0.99501,2509.623,2088.349,1.1,4.972,1573.57
2026-02-16 06:00:00,46,0,TK-03,HSD,8.1578,2075.916,20.51,827.56,831.51,0.995256,2066.068,1717.948,1.1,3.842,987.81
2026-02-16 06:00:00,46,0,TK-04,HSD,8.2151,2580.862,20.74,828.68,832.79,0.995069,2568.135,2138.709,1.3,4.785,1515.8
2026-02-16 06:00:00,46,0,TK-05,HSD,8.6814,3300.066,20.66,827.65,831.7,0.995128,3283.989,2731.3,1.6,4.819,1849.36
2026-02-16 14:00:00,46,1,TK-01,HSD,8.0343,2524.06,27.09,823.26,831.92,0.989583,2497.766,2077.95,1.7,4.966,1586.2
2026-02-16 14:00:00,46,1,TK-02,HSD,8.8308,2774.278,27.44,823.31,832.23,0.989284,2744.548,2284.096,1.6,4.169,1338.89
2026-02-16 14:00:00,46,1,TK-03,HSD,8.0176,2040.226,27.16,822.07,830.8,0.989496,2018.795,1677.217,1.3,3.982,1035.43
2026-02-16 14:00:00,46,1,TK-04,HSD,8.0729,2536.169,27.32,823.63,832.46,0.989401,2509.289,2088.871,1.3,4.927,1575.0
2026-02-16 14:00:00,46,1,TK-05,HSD,8.5313,3243.039,27.6,822.98,832.01,0.989142,3207.826,2668.949,1.4,4.969,1925.02
2026-02-16 22:00:00,46,2,TK-01,HSD,8.3492,2622.977,23.02,824.69,830.44,0.993073,2604.808,2163.145,1.2,4.651,1479.69
2026-02-16 22:00:00,46,2,TK-02,HSD,8.691,2730.368,22.61,826.58,832.03,0.993452,2712.489,2256.871,1.1,4.309,1370.97
2026-02-16 22:00:00,46,2,TK-03,HSD,7.8887,2007.438,22.58,826.08,831.51,0.993473,1994.336,1658.302,0.3,4.111,1059.02
2026-02-16 22:00:00,46,2,TK-04,HSD,7.9448,2495.94,22.85,827.14,832.76,0.993258,2479.112,2064.493,1.2,5.055,1604.32
2026-02-16 22:00:00,46,2,TK-05,HSD,8.3925,3190.25,22.83,825.81,831.42,0.993249,3168.713,2634.54,1.1,5.108,1962.49
2026-02-17 06:00:00,47,0,TK-01,HSD,8.2201,2582.411,20.39,826.91,830.78,0.995351,2570.406,2135.43,1.4,4.78,1512.41
2026-02-17 06:00:00,47,0,TK-02,HSD,8.5607,2689.409,20.23,827.48,831.22,0.995496,2677.294,2225.427,1.3,4.439,1405.06
2026-02-17 06:00:00,47,0,TK-03,HSD,7.7706,1977.378,20.11,828.87,832.53,0.995607,1968.691,1638.992,1.1,4.229,1084.08
2026-02-17 06:00:00,47,0,TK-04,HSD,8.5948,2700.151,20.43,828.53,832.41,0.995337,2687.561,2237.161,1.0,4.405,1395.89
2026-02-17 06:00:00,47,0,TK-05,HSD,8.2658,3142.105,19.99,828.13,831.71,0.995704,3128.607,2602.081,0.9,5.234,2002.32
2026-02-17 14:00:00,47,1,TK-01,HSD,8.0725,2536.054,28.92,821.17,831.16,0.987982,2505.576,2082.527,1.1,4.927,1577.61
2026-02-17 14:00:00,47,1,TK-02,HSD,8.4096,2641.951,28.94,823.25,833.24,0.988019,2610.298,2174.992,1.2,4.59,1472.98
2026-02-17 14:00:00,47,1,TK-03,HSD,7.6453,1945.496,29.5,821.22,831.63,0.987486,1921.151,1597.69,1.4,4.355,1134.01
2026-02-17 14:00:00,47,1,TK-04,HSD,8.4466,2653.567,29.33,821.74,832.02,0.987645,2620.781,2180.554,0.7,4.553,1464.04
2026-02-17 14:00:00,47,1,TK-05,HSD,8.8891,3379.049,29.11,822.37,832.48,0.987854,3338.008,2778.822,1.1,4.611,1793.67
2026-02-17 22:00:00,47,2,TK-01,HSD,8.5063,2672.342,23.35,825.18,831.16,0.992799,2653.099,2205.159,1.0,4.494,1431.23
2026-02-17 22:00:00,47,2,TK-02,HSD,8.261,2595.266,23.17,827.07,832.91,0.992981,2577.049,2146.461,1.3,4.739,1505.81
2026-02-17 22:00:00,47,2,TK-03,HSD,7.5006,1908.675,23.02,826.82,832.56,0.993108,1895.519,1578.125,1.3,4.499,1158.15
2026-02-17 22:00:00,47,2,TK-04,HSD,8.2964,2606.392,23.41,826.84,832.85,0.992774,2587.559,2155.056,1.3,4.704,1496.98
2026-02-17 22:00:00,47,2,TK-05,HSD,8.7321,3319.361,23.01,825.34,831.09,0.993088,3296.418,2739.604,1.2,4.768,1835.64
2026-02-18 06:00:00,48,0,TK-01,HSD,8.3175,2613.027,20.44,827.64,831.53,0.995316,2600.789,2162.633,1.5,4.682,1484.23
2026-02-18 06:00:00,48,0,TK-02,HSD,8.0801,2538.434,20.64,828.34,832.37,0.995155,2526.136,2102.688,1.3,4.92,1557.31
2026-02-18 06:00:00,48,0,TK-03,HSD,8.1492,2073.728,20.78,829.21,833.34,0.995045,2063.453,1719.55,1.8,3.851,990.36
2026-02-18 06:00:00,48,0,TK-04,HSD,8.1142,2549.139,20.73,828.2,832.3,0.995072,2536.577,2111.192,0.9,4.886,1548.66
2026-02-18 06:00:00,48,0,TK-05,HSD,8.5365,3245.005,20.42,827.7,831.58,0.99533,3229.851,2685.875,0.9,4.963,1901.49
2026-02-18 14:00:00,48,1,TK-01,HSD,8.175,2568.239,27.83,822.94,832.14,0.98895,2539.86,2113.512,0.6,4.825,1544.66
2026-02-18 14:00:00,48,1,TK-02,HSD,8.8228,2771.769,28.03,823.38,832.71,0.988792,2740.702,2282.222,1.3,4.177,1342.61
2026-02-18 14:00:00,48,1,TK-03,HSD,8.0105,2038.417,28.0,822.82,832.14,0.988803,2015.593,1677.258,0.9,3.99,1038.32
2026-02-18 14:00:00,48,1,TK-04,HSD,7.9769,2506.029,28.48,823.38,833.04,0.98841,2476.984,2063.421,1.1,5.023,1607.6
2026-02-18 14:00:00,48,1,TK-05,HSD,8.3976,3192.19,28.2,822.11,831.58,0.988613,3155.841,2624.341,0.5,5.102,1976.57
2026-02-18 22:00:00,48,2,TK-01,HSD,8.0548,2530.477,24.11,825.18,831.71,0.992149,2510.611,2088.1,1.5,4.945,1574.12
2026-02-18 22:00:00,48,2,TK-02,HSD,8.6915,2730.527,23.72,825.37,831.62,0.992488,2710.017,2253.694,1.2,4.308,1374.42
2026-02-18 22:00:00,48,2,TK-03,HSD,7.8874,2007.107,23.48,827.25,833.32,0.992723,1992.502,1660.382,1.2,4.113,1061.7
2026-02-18 22:00:00,48,2,TK-04,HSD,8.3799,2632.622,23.26,825.45,831.37,0.992883,2613.886,2173.097,1.0,4.62,1470.07
2026-02-18 22:00:00,48,2,TK-05,HSD,8.2616,3140.519,23.23,826.39,832.28,0.992925,3118.3,2595.287,1.7,5.238,2013.18
2026-02-19 06:00:00,49,0,TK-01,HSD,7.8847,2477.038,21.59,827.32,832.04,0.994334,2463.002,2049.31,1.6,5.115,1620.33
2026-02-19 06:00:00,49,0,TK-02,HSD,8.5148,2675.017,21.66,826.41,831.18,0.994258,2659.657,2210.666,1.3,4.485,1424.3
2026-02-19 06:00:00,49,0,TK-03,HSD,7.7306,1967.19,21.79,828.28,833.13,0.994174,1955.729,1629.38,1.3,4.269,1098.37
2026-02-19 06:00:00,49,0,TK-04,HSD,8.2106,2579.441,21.28,826.94,831.43,0.994593,2565.495,2133.033,1.1,4.789,1518.19
2026-02-19 06:00:00,49,0,TK-05,HSD,8.7026,3308.151,21.38,827.79,832.35,0.994516,3290.009,2738.447,1.5,4.797,1841.2
2026-02-19 14:00:00,49,1,TK-01,HSD,8.7188,2739.106,29.03,821.48,831.55,0.987896,2705.951,2250.127,1.7,4.281,1377.78
2026-02-19 14:00:00,49,1,TK-02,HSD,8.3826,2633.464,28.71,822.7,832.53,0.988195,2602.377,2166.546,1.5,4.617,1482.17
2026-02-19 14:00:00,49,1,TK-03,HSD,7.6039,1934.952,29.0,822.23,832.26,0.987945,1911.626,1590.979,1.0,4.396,1140.91
2026-02-19 14:00:00,49,1,TK-04,HSD,8.0868,2540.555,28.8,823.02,832.91,0.988128,2510.394,2090.936,1.1,4.913,1574.02
2026-02-19 14:00:00,49,1,TK-05,HSD,8.5711,3258.165,29.02,822.39,832.44,0.987927,3218.829,2679.468,1.3,4.929,1912.8
2026-02-19 22:00:00,49,2,TK-01,HSD,8.5729,2693.246,24.83,824.64,831.68,0.99153,2670.435,2220.951,1.1,4.427,1412.76
2026-02-19 22:00:00,49,2,TK-02,HSD,8.2438,2589.853,24.84,825.72,832.76,0.991546,2567.958,2138.488,1.3,4.756,1515.8
2026-02-19 22:00:00,49,2,TK-03,HSD,7.4802,1903.488,24.45,824.68,831.45,0.991856,1887.986,1569.77,1.4,4.52,1165.64
2026-02-19 22:00:00,49,2,TK-04,HSD,8.4016,2639.444,24.35,825.47,832.16,0.991957,2618.214,2178.776,1.3,4.598,1465.95
2026-02-19 22:00:00,49,2,TK-05,HSD,8.4343,3206.142,24.69,824.6,831.54,0.991651,3179.372,2643.769,0.6,5.066,1954.4
2026-02-20 06:00:00,50,0,TK-01,HSD,8.4242,2646.55,22.22,826.54,831.71,0.993785,2630.102,2187.489,1.1,4.576,1453.46
2026-02-20 06:00:00,50,0,TK-02,HSD,8.102,2545.311,22.26,827.55,832.74,0.993766,2529.444,2106.369,0.6,4.898,1554.93
2026-02-20 06:00:00,50,0,TK-03,HSD,8.388,2134.489,22.33,827.49,832.73,0.993706,2121.055,1766.265,0.6,3.612,932.77
2026-02-20 06:00:00,50,0,TK-04,HSD,8.2604,2595.075,22.35,825.71,830.97,0.993663,2578.631,2142.768,1.2,4.74,1505.84
2026-02-20 06:00:00,50,0,TK-05,HSD,8.2867,3150.045,22.48,826.44,831.8,0.993558,3129.752,2603.327,1.3,5.213,2002.82
2026-02-20 14:00:00,50,1,TK-01,HSD,8.2738,2599.295,30.09,821.95,832.77,0.98701,2565.53,2136.489,1.4,4.726,1518.13
2026-02-20 14:00:00,50,1,TK-02,HSD,7.9565,2499.6,30.17,820.62,831.51,0.986909,2466.878,2051.234,0.8,5.044,1617.11
2026-02-20 14:00:00,50,1,TK-03,HSD,8.2369,2096.025,30.54,822.23,833.35,0.986648,2068.038,1723.41,1.2,3.763,984.91
2026-02-20 14:00:00,50,1,TK-04,HSD,8.1135,2548.924,30.18,821.13,832.01,0.986914,2515.568,2092.987,1.3,4.887,1569.22
2026-02-20 14:00:00,50,1,TK-05,HSD,8.9508,3402.497,30.31,820.95,831.94,0.986794,3357.565,2793.285,1.3,4.549,1775.41
2026-02-20 22:00:00,50,2,TK-01,HSD,8.1304,2554.23,23.3,826.08,832.02,0.992858,2535.989,2109.998,0.7,4.87,1547.92
2026-02-20 22:00:00,50,2,TK-02,HSD,8.3325,2617.722,23.7,826.5,832.72,0.992524,2598.151,2163.544,0.4,4.668,1486.21
2026-02-20 22:00:00,50,2,TK-03,HSD,8.0974,2060.547,23.68,825.56,831.77,0.992528,2045.15,1701.095,1.2,3.903,1008.92
2026-02-20 22:00:00,50,2,TK-04,HSD,7.9674,2503.045,23.84,825.75,832.08,0.992392,2484.002,2066.881,1.1,5.033,1598.42
2026-02-20 22:00:00,50,2,TK-05,HSD,8.7976,3344.26,24.02,823.8,830.27,0.992201,3318.177,2754.994,1.5,4.702,1814.37
2026-02-21 06:00:00,51,0,TK-01,HSD,7.9737,2505.01,21.4,827.77,832.35,0.994501,2491.234,2073.571,0.8,5.026,1593.57
2026-02-21 06:00:00,51,0,TK-02,HSD,8.1662,2565.484,21.6,828.32,833.04,0.994338,2550.958,2125.04,0.7,4.834,1532.97
2026-02-21 06:00:00,51,0,TK-03,HSD,7.9329,2018.679,21.96,827.52,832.5,0.994022,2006.611,1670.507,1.4,4.067,1045.73
2026-02-21 06:00:00,51,0,TK-04,HSD,8.5867,2697.604,21.48,828.55,833.18,0.99444,2682.606,2235.094,1.0,4.413,1400.08
2026-02-21 06:00:00,51,0,TK-05,HSD,8.6198,3276.675,21.66,825.59,830.37,0.994246,3257.822,2705.194,1.6,4.88,1874.08
2026-02-21 14:00:00,51,1,TK-01,HSD,8.6069,2703.945,27.15,824.62,833.32,0.989564,2675.727,2229.738,1.0,4.393,1407.76
2026-02-21 14:00:00,51,1,TK-02,HSD,8.0106,2516.605,27.56,823.89,832.88,0.9892,2489.426,2073.396,0.9,4.989,1597.38
2026-02-21 14:00:00,51,1,TK-03,HSD,7.7776,1979.168,27.66,824.32,833.38,0.98913,1957.656,1631.476,1.4,4.222,1096.42
2026-02-21 14:00:00,51,1,TK-04,HSD,8.4138,2643.283,27.5,822.15,831.12,0.989206,2614.751,2173.17,1.8,4.586,1467.85
2026-02-21 14:00:00,51,1,TK-05,HSD,8.4527,3213.134,27.62,821.31,830.38,0.989084,3178.061,2638.99,1.2,5.047,1956.33
2026-02-21 22:00:00,51,2,TK-01,HSD,8.4497,2654.551,21.07,827.59,831.93,0.994779,2640.693,2196.883,1.2,4.55,1444.83
2026-02-21 22:00:00,51,2,TK-02,HSD,8.3753,2631.163,21.19,829.82,834.24,0.994706,2617.235,2183.403,1.4,4.625,1467.01
2026-02-21 22:00:00,51,2,TK-03,HSD,7.6262,1940.626,21.19,828.76,833.18,0.994692,1930.324,1608.314,1.3,4.374,1123.53
2026-02-21 22:00:00,51,2,TK-04,HSD,8.2531,2592.788,21.03,826.99,831.3,0.994807,2579.324,2144.202,1.0,4.747,1504.08
2026-02-21 22:00:00,51,2,TK-05,HSD,8.2778,3146.661,21.13,827.12,831.51,0.994721,3130.051,2602.668,1.5,5.222,2000.31
2026-02-22 06:00:00,52,0,TK-01,HSD,8.2951,2605.977,21.01,828.0,832.3,0.994833,2592.511,2157.743,1.3,4.705,1489.89
2026-02-22 06:00:00,52,0,TK-02,HSD,8.228,2584.914,21.11,829.4,833.76,0.994769,2571.391,2143.918,1.5,4.772,1511.69
2026-02-22 06:00:00,52,0,TK-03,HSD,7.4882,1905.517,20.08,830.19,833.82,0.995647,1897.222,1581.938,1.5,4.512,1156.48
2026-02-22 06:00:00,52,0,TK-04,HSD,8.1108,2548.078,20.75,827.98,832.09,0.995053,2535.474,2109.751,1.7,4.889,1548.13
2026-02-22 06:00:00,52,0,TK-05,HSD,8.729,3318.167,20.68,825.36,829.44,0.995088,3301.868,2738.686,0.9,4.771,1831.11
2026-02-22 14:00:00,52,1,TK-01,HSD,8.1697,2566.599,29.06,822.68,832.76,0.987901,2535.545,2111.489,1.3,4.83,1548.26
2026-02-22 14:00:00,52,1,TK-02,HSD,8.1036,2545.812,29.43,821.81,832.16,0.987563,2514.149,2092.163,1.8,4.896,1569.57
2026-02-22 14:00:00,52,1,TK-03,HSD,8.5923,2186.462,29.08,822.39,832.48,0.987879,2159.96,1798.131,1.0,3.408,893.74
2026-02-22 14:00:00,52,1,TK-04,HSD,7.9893,2509.924,29.86,820.51,831.18,0.987165,2477.71,2059.428,1.3,5.011,1605.19
2026-02-22 14:00:00,52,1,TK-05,HSD,8.6,3269.124,29.28,820.25,830.51,0.987646,3228.736,2681.492,1.8,4.9,1905.37
2026-02-22 22:00:00,52,2,TK-01,HSD,8.0317,2523.238,23.88,826.69,833.05,0.992371,2503.989,2085.941,1.3,4.968,1579.75
2026-02-22 22:00:00,52,2,TK-02,HSD,7.9714,2504.292,24.21,826.9,833.49,0.992097,2484.5,2070.81,1.3,5.029,1600.79
2026-02-22 22:00:00,52,2,TK-03,HSD,8.4458,2149.182,24.04,826.84,833.3,0.992244,2132.512,1777.021,1.2,3.554,920.55
2026-02-22 22:00:00,52,2,TK-04,HSD,8.2697,2597.998,24.46,824.2,830.99,0.991831,2576.775,2141.283,1.3,4.73,1506.37
2026-02-22 22:00:00,52,2,TK-05,HSD,8.4486,3211.601,24.43,824.6,831.37,0.991866,3185.476,2648.298,1.7,5.051,1945.44
2026-02-23 06:00:00,53,0,TK-01,HSD,7.8656,2471.049,22.68,827.78,833.27,0.993412,2454.771,2045.491,1.1,5.134,1629.52
2026-02-23 06:00:00,53,0,TK-02,HSD,8.6846,2728.343,22.61,828.01,833.45,0.993478,2710.548,2259.104,0.8,4.315,1373.79
2026-02-23 06:00:00,53,0,TK-03,HSD,8.268,2103.939,22.72,827.71,833.23,0.993378,2090.008,1741.448,0.8,3.732,962.95
2026-02-23 06:00:00,53,0,TK-04,HSD,8.0955,2543.268,22.43,826.1,831.42,0.993597,2526.982,2100.986,1.0,4.905,1557.6
2026-02-23 06:00:00,53,0,TK-05,HSD,8.2725,3144.641,22.74,825.6,831.15,0.993322,3123.64,2596.222,0.9,5.228,2008.76
2026-02-23 14:00:00,53,1,TK-01,HSD,8.8115,2768.218,28.21,822.02,831.5,0.988599,2736.659,2275.542,0.5,4.188,1348.17
2026-02-23 14:00:00,53,1,TK-02,HSD,8.5349,2681.307,28.15,824.09,833.5,0.988707,2651.025,2209.633,0.9,4.465,1432.63
2026-02-23 14:00:00,53,1,TK-03,HSD,8.1361,2070.376,28.57,823.18,832.9,0.988327,2046.208,1704.296,1.0,3.864,1008.34
2026-02-23 14:00:00,53,1,TK-04,HSD,7.9514,2497.998,28.13,822.68,832.09,0.988692,2469.75,2055.051,1.2,5.049,1612.45
2026-02-23 14:00:00,53,1,TK-05,HSD,8.1326,3091.481,28.19,821.43,830.9,0.988604,3056.251,2539.425,1.2,5.367,2076.56
2026-02-23 22:00:00,53,2,TK-01,HSD,8.6549,2719.004,23.54,825.19,831.31,0.992638,2698.988,2243.693,1.5,4.345,1384.67
2026-02-23 22:00:00,53,2,TK-02,HSD,8.39,2635.784,23.84,828.03,834.34,0.992431,2615.834,2182.496,1.5,4.61,1468.01
2026-02-23 22:00:00,53,2,TK-03,HSD,7.9952,2034.541,23.73,827.24,833.48,0.992509,2019.301,1683.047,1.4,4.005,1035.63
2026-02-23 22:00:00,53,2,TK-04,HSD,7.8219,2457.307,23.75,825.53,831.8,0.992467,2438.796,2028.592,0.9,5.178,1645.43
2026-02-23 22:00:00,53,2,TK-05,HSD,8.408,3196.171,23.31,824.21,830.17,0.992816,3173.21,2634.303,1.7,5.092,1959.46
2026-02-24 06:00:00,54,0,TK-01,HSD,8.4837,2665.225,21.6,826.02,830.75,0.994308,2650.054,2201.519,0.9,4.516,1435.14
2026-02-24 06:00:00,54,0,TK-02,HSD,8.2139,2580.463,21.27,829.98,834.45,0.99464,2566.631,2141.736,0.5,4.786,1516.91
2026-02-24 06:00:00,54,0,TK-03,HSD,7.8236,1990.863,21.55,827.93,832.61,0.994376,1979.667,1648.292,1.2,4.176,1073.35
2026-02-24 06:00:00,54,0,TK-04,HSD,8.2966,2606.452,21.92,827.23,832.18,0.99405,2590.944,2156.134,1.3,4.703,1492.11
2026-02-24 06:00:00,54,0,TK-05,HSD,8.2335,3129.814,21.09,826.91,831.26,0.994756,3113.401,2588.06,1.4,5.267,2018.77
2026-02-24 14:00:00,54,1,TK-01,HSD,8.3279,2616.275,27.53,823.78,832.76,0.989226,2588.087,2155.245,0.9,4.672,1495.12
2026-02-24 14:00:00,54,1,TK-02,HSD,8.0783,2537.872,27.74,824.42,833.53,0.989061,2510.11,2092.263,1.3,4.922,1575.05
2026-02-24 14:00:00,54,1,TK-03,HSD,7.6896,1956.761,27.96,823.5,832.78,0.988855,1934.952,1611.386,1.3,4.31,1118.2
2026-02-24 14:00:00,54,1,TK-04,HSD,8.1564,2562.393,27.79,822.02,831.19,0.98896,2534.105,2106.33,0.8,4.844,1550.8
2026-02-24 14:00:00,54,1,TK-05,HSD,8.7748,3335.593,27.99,822.43,831.75,0.988796,3298.221,2743.305,1.5,4.725,1833.55
2026-02-24 22:00:00,54,2,TK-01,HSD,8.1689,2566.327,23.04,826.33,832.09,0.993082,2548.574,2120.641,1.3,4.831,1535.55
2026-02-24 22:00:00,54,2,TK-02,HSD,8.4499,2654.609,23.5,827.41,833.49,0.992708,2635.253,2196.444,1.5,4.55,1448.8
2026-02-24 22:00:00,54,2,TK-03,HSD,7.5372,1917.978,23.28,826.76,832.68,0.992884,1904.329,1585.705,1.0,4.463,1148.42
2026-02-24 22:00:00,54,2,TK-04,HSD,7.9998,2513.218,23.27,825.62,831.55,0.992872,2495.305,2074.968,1.3,5.0,1590.36
2026-02-24 22:00:00,54,2,TK-05,HSD,8.5992,3268.834,23.09,825.56,831.36,0.993022,3246.025,2698.614,1.3,4.901,1885.06
2026-02-25 06:00:00,55,0,TK-01,HSD,8.0374,2525.017,21.23,827.58,832.04,0.994637,2511.476,2089.647,1.0,4.963,1571.97
2026-02-25 06:00:00,55,0,TK-02,HSD,8.3132,2611.681,21.31,830.43,834.92,0.994612,2597.61,2168.806,0.9,4.687,1486.46
2026-02-25 06:00:00,55,0,TK-03,HSD,7.4239,1889.145,20.86,828.95,833.14,0.994971,1879.644,1566.007,0.7,4.576,1175.65
2026-02-25 06:00:00,55,0,TK-04,HSD,8.6524,2718.236,21.07,827.2,831.55,0.994771,2704.024,2248.523,0.8,4.348,1381.24
2026-02-25 06:00:00,55,0,TK-05,HSD,8.4666,3218.415,21.08,828.47,832.81,0.994781,3201.616,2666.345,1.6,5.033,1931.46
2026-02-25 14:00:00,55,1,TK-01,HSD,7.9341,2492.582,28.48,821.73,831.41,0.988367,2463.587,2048.24,1.1,5.066,1623.19
2026-02-25 14:00:00,55,1,TK-02,HSD,8.1936,2574.111,28.65,823.15,832.93,0.988265,2543.904,2118.889,1.4,4.806,1539.41
2026-02-25 14:00:00,55,1,TK-03,HSD,8.2272,2093.564,28.52,822.73,832.42,0.988362,2069.2,1722.434,1.2,3.773,983.94
2026-02-25 14:00:00,55,1,TK-04,HSD,8.528,2679.154,28.64,821.34,831.13,0.98822,2647.594,2200.483,1.3,4.472,1436.34
2026-02-25 14:00:00,55,1,TK-05,HSD,8.3421,3171.092,28.47,822.88,832.53,0.98841,3134.338,2609.439,0.7,5.158,1996.7
2026-02-25 22:00:00,55,2,TK-01,HSD,8.3883,2635.259,22.9,827.12,832.77,0.993215,2617.378,2179.666,1.4,4.612,1468.47
2026-02-25 22:00:00,55,2,TK-02,HSD,8.0417,2526.388,22.4,829.01,834.3,0.993666,2510.385,2094.405,1.1,4.958,1574.16
2026-02-25 22:00:00,55,2,TK-03,HSD,8.0752,2054.894,22.05,828.81,833.84,0.993964,2042.491,1703.12,0.7,3.925,1012.2
2026-02-25 22:00:00,55,2,TK-04,HSD,8.3701,2629.537,22.48,826.02,831.38,0.993552,2612.581,2172.053,1.0,4.63,1472.49
2026-02-25 22:00:00,55,2,TK-05,HSD,8.1838,3110.927,22.53,826.76,832.15,0.99352,3090.767,2571.994,1.3,5.316,2039.51
2026-02-26 06:00:00,56,0,TK-01,HSD,8.2196,2582.266,22.29,827.21,832.42,0.993731,2566.078,2136.066,1.1,4.78,1517.44
2026-02-26 06:00:00,56,0,TK-02,HSD,7.8931,2479.7,22.13,829.37,834.46,0.993901,2464.576,2056.596,1.5,5.107,1621.15
2026-02-26 06:00:00,56,0,TK-03,HSD,7.9236,2016.307,22.6,826.85,832.29,0.993465,2003.13,1667.19,0.9,4.076,1050.42
2026-02-26 06:00:00,56,0,TK-04,HSD,8.202,2576.735,22.0,826.17,831.19,0.993962,2561.177,2128.833,1.3,4.798,1521.39
2026-02-26 06:00:00,56,0,TK-05,HSD,8.656,3290.432,21.87,827.33,832.25,0.994095,3271.004,2722.288,1.0,4.844,1859.26
2026-02-26 14:00:00,56,1,TK-01,HSD,8.094,2542.812,27.36,824.44,833.28,0.989386,2515.822,2096.39,1.4,4.906,1568.37
2026-02-26 14:00:00,56,1,TK-02,HSD,8.6866,2728.968,27.33,824.64,833.46,0.989418,2700.091,2250.407,1.2,4.313,1383.85
2026-02-26 14:00:00,56,1,TK-03,HSD,7.7974,1984.202,27.62,824.26,833.29,0.989159,1962.69,1635.49,1.3,4.203,1090.17
2026-02-26 14:00:00,56,1,TK-04,HSD,8.0866,2540.49,27.48,822.19,831.14,0.989228,2513.122,2088.769,1.2,4.913,1572.24
2026-02-26 14:00:00,56,1,TK-05,HSD,8.5276,3241.611,27.35,823.43,832.28,0.989366,3207.139,2669.231,2.0,4.972,1924.19
2026-02-26 22:00:00,56,2,TK-01,HSD,7.9632,2501.72,23.53,825.7,831.81,0.992659,2483.353,2065.669,1.1,5.037,1601.5
2026-02-26 22:00:00,56,2,TK-02,HSD,8.5453,2684.589,23.35,828.52,834.48,0.992854,2665.405,2224.23,1.0,4.455,1419.4
2026-02-26 22:00:00,56,2,TK-03,HSD,7.6754,1953.152,23.93,826.11,832.5,0.992325,1938.161,1613.515,1.2,4.325,1116.02
2026-02-26 22:00:00,56,2,TK-04,HSD,8.4694,2660.751,23.8,825.64,831.94,0.99242,2640.583,2196.819,1.3,4.531,1444.77
2026-02-26 22:00:00,56,2,TK-05,HSD,8.3923,3190.203,24.09,826.24,832.75,0.992192,3165.295,2635.889,1.3,5.108,1966.43
2026-02-27 06:00:00,57,0,TK-01,HSD,8.5811,2695.839,21.26,827.12,831.6,0.994614,2681.318,2229.786,0.4,4.419,1402.68
2026-02-27 06:00:00,57,0,TK-02,HSD,8.3742,2630.839,21.19,829.72,834.14,0.994702,2616.899,2182.873,1.4,4.626,1466.49
2026-02-27 06:00:00,57,0,TK-03,HSD,7.5282,1915.705,21.67,828.54,833.31,0.994282,1904.752,1587.242,0.9,4.472,1150.26
2026-02-27 06:00:00,57,0,TK-04,HSD,8.2972,2606.646,21.32,827.08,831.61,0.994561,2592.469,2155.912,1.3,4.703,1491.41
2026-02-27 06:00:00,57,0,TK-05,HSD,8.2233,3125.947,21.84,827.39,832.28,0.994116,3107.555,2586.362,1.1,5.277,2022.37
2026-02-27 14:00:00,57,1,TK-01,HSD,8.4634,2658.867,27.47,823.03,831.96,0.989258,2630.305,2188.322,1.4,4.537,1452.99
2026-02-27 14:00:00,57,1,TK-02,HSD,8.2667,2597.065,27.5,825.14,834.08,0.989282,2569.23,2142.943,1.4,4.733,1515.61
2026-02-27 14:00:00,57,1,TK-03,HSD,7.4146,1886.793,27.56,823.91,832.9,0.989201,1866.417,1554.544,1.4,4.585,1185.98
2026-02-27 14:00:00,57,1,TK-04,HSD,8.1892,2572.71,27.65,822.59,831.65,0.989095,2544.654,2116.274,1.2,4.811,1540.06
2026-02-27 14:00:00,57,1,TK-05,HSD,8.8883,3378.724,27.57,823.45,832.45,0.989184,3342.18,2782.201,1.0,4.612,1791.58
2026-02-27 22:00:00,57,2,TK-01,HSD,8.3261,2615.736,22.22,827.79,832.95,0.993802,2599.523,2165.276,1.1,4.674,1483.43
2026-02-27 22:00:00,57,2,TK-02,HSD,8.1356,2555.889,23.11,827.72,833.51,0.993045,2538.112,2115.553,1.6,4.864,1545.32
2026-02-27 22:00:00,57,2,TK-03,HSD,8.0249,2042.089,22.29,828.21,833.42,0.993752,2029.33,1691.279,1.1,3.975,1024.99
2026-02-27 22:00:00,57,2,TK-04,HSD,8.0567,2531.097,22.6,826.6,832.04,0.993461,2514.546,2092.203,0.7,4.943,1569.48
2026-02-27 22:00:00,57,2,TK-05,HSD,8.7428,3323.443,22.82,826.73,832.32,0.993277,3301.1,2747.579,1.4,4.757,1830.22
2026-02-28 06:00:00,58,0,TK-01,HSD,8.1822,2570.526,21.59,827.59,832.31,0.994338,2555.972,2127.351,0.8,4.818,1527.74
2026-02-28 06:00:00,58,0,TK-02,HSD,7.9896,2510.021,21.54,828.88,833.55,0.994393,2495.947,2080.494,1.3,5.01,1588.57
2026-02-28 06:00:00,58,0,TK-03,HSD,7.8775,2004.571,21.34,827.98,832.51,0.994554,1993.654,1659.743,1.0,4.123,1059.55
2026-02-28 06:00:00,58,0,TK-04,HSD,8.8331,2775.014,21.44,826.05,830.67,0.994439,2759.583,2292.309,1.3,4.167,1325.75
2026-02-28 06:00:00,58,0,TK-05,HSD,8.5813,3262.014,21.07,828.95,833.29,0.994794,3245.031,2704.048,1.3,4.919,1886.47
2026-02-28 14:00:00,58,1,TK-01,HSD,8.0457,2527.647,29.74,822.18,832.74,0.987318,2495.59,2078.174,1.7,4.954,1587.82
2026-02-28 14:00:00,58,1,TK-02,HSD,8.8133,2768.769,29.24,824.13,834.32,0.987791,2734.966,2281.831,1.1,4.187,1347.33
2026-02-28 14:00:00,58,1,TK-03,HSD,7.7504,1972.229,29.38,822.47,832.77,0.98763,1947.833,1622.091,1.5,4.25,1106.42
2026-02-28 14:00:00,58,1,TK-04,HSD,8.6844,2728.291,29.32,821.24,831.52,0.987643,2694.578,2240.592,1.1,4.316,1390.58
2026-02-28 14:00:00,58,1,TK-05,HSD,8.436,3206.816,29.3,822.96,833.2,0.987711,3167.406,2639.073,0.9,5.064,1962.74
2026-02-28 22:00:00,58,2,TK-01,HSD,8.4655,2659.522,23.74,826.36,832.62,0.992488,2639.544,2197.73,1.6,4.534,1445.47
2026-02-28 22:00:00,58,2,TK-02,HSD,8.6637,2721.786,24.03,827.04,833.49,0.992258,2700.714,2251.019,1.1,4.336,1382.81
2026-02-28 22:00:00,58,2,TK-03,HSD,7.6135,1937.392,24.24,826.59,833.2,0.992071,1922.029,1601.43,1.0,4.387,1131.66
2026-02-28 22:00:00,58,2,TK-04,HSD,8.5253,2678.296,23.73,824.88,831.13,0.992472,2658.133,2209.262,0.8,4.475,1425.49
2026-02-28 22:00:00,58,2,TK-05,HSD,8.2856,3149.645,23.94,826.03,832.43,0.992314,3125.438,2601.714,1.1,5.214,2003.83
2026-03-01 06:00:00,59,0,TK-01,HSD,8.3068,2609.668,20.03,829.15,832.74,0.995685,2598.408,2163.796,1.5,4.693,1484.81
2026-03-01 06:00:00,59,0,TK-02,HSD,8.5125,2674.275,20.38,829.1,832.95,0.995387,2661.937,2217.252,1.1,4.488,1423.07
2026-03-01 06:00:00,59,0,TK-03,HSD,7.4766,1902.556,20.44,828.51,832.4,0.995327,1893.665,1576.288,1.2,4.523,1160.31
2026-03-01 06:00:00,59,0,TK-04,HSD,8.3774,2631.837,20.5,827.63,831.56,0.995265,2619.375,2178.176,1.6,4.623,1465.12
2026-03-01 06:00:00,59,0,TK-05,HSD,8.6553,3290.146,20.42,829.61,833.48,0.995359,3274.875,2729.55,0.9,4.845,1856.16
2026-03-01 14:00:00,59,1,TK-01,HSD,8.1872,2572.094,27.53,823.01,831.99,0.9892,2544.315,2116.85,1.5,4.813,1539.67
2026-03-01 14:00:00,59,1,TK-02,HSD,8.3846,2634.092,27.65,824.23,833.28,0.989132,2605.465,2171.092,1.2,4.615,1479.24
2026-03-01 14:00:00,59,1,TK-03,HSD,8.5548,2176.927,28.02,822.29,831.63,0.98877,2152.479,1790.058,1.1,3.445,901.57
2026-03-01 14:00:00,59,1,TK-04,HSD,8.2519,2592.419,27.76,821.48,830.65,0.988968,2563.819,2129.63,1.5,4.748,1520.41
2026-03-01 14:00:00,59,1,TK-05,HSD,8.5251,3240.661,27.78,824.82,833.96,0.989042,3205.149,2672.971,0.9,4.975,1925.3
2026-03-01 22:00:00,59,2,TK-01,HSD,8.6979,2732.511,22.6,826.19,831.63,0.993456,2714.628,2257.574,1.0,4.302,1368.34
2026-03-01 22:00:00,59,2,TK-02,HSD,8.2499,2591.77,23.0,827.69,833.41,0.993138,2573.986,2145.183,0.9,4.75,1508.62
2026-03-01 22:00:00,59,2,TK-03,HSD,8.4303,2145.243,23.31,826.62,832.57,0.99286,2129.926,1773.31,0.8,3.57,925.84
2026-03-01 22:00:00,59,2,TK-04,HSD,8.1221,2551.64,23.05,824.98,830.76,0.993047,2533.898,2105.049,1.0,4.878,1549.32
2026-03-01 22:00:00,59,2,TK-05,HSD,8.4032,3194.324,23.45,826.48,832.53,0.992734,3171.115,2640.05,1.4,5.097,1961.47
2026-03-02 06:00:00,60,0,TK-01,HSD,8.5453,2684.597,22.1,826.35,831.44,0.993881,2668.17,2218.42,0.9,4.455,1416.46
2026-03-02 06:00:00,60,0,TK-02,HSD,8.1037,2545.845,21.81,828.81,833.67,0.994167,2530.995,2110.01,1.6,4.896,1554.25
2026-03-02 06:00:00,60,0,TK-03,HSD,8.2622,2102.482,21.85,829.09,833.98,0.994133,2090.147,1743.139,1.6,3.738,963.54
2026-03-02 06:00:00,60,0,TK-04,HSD,8.8239,2772.118,22.25,826.71,831.9,0.99376,2754.822,2291.742,1.0,4.176,1329.98
2026-03-02 06:00:00,60,0,TK-05,HSD,8.2384,3131.697,21.88,827.63,832.56,0.994085,3113.173,2591.896,1.4,5.262,2017.63
2026-03-02 14:00:00,60,1,TK-01,HSD,8.4062,2640.898,30.23,821.54,832.45,0.986887,2606.267,2169.594,1.1,4.594,1476.38
2026-03-02 14:00:00,60,1,TK-02,HSD,7.9831,2507.978,30.01,822.32,833.08,0.987089,2475.598,2062.364,1.1,5.017,1611.08
2026-03-02 14:00:00,60,1,TK-03,HSD,8.1348,2070.052,29.97,822.53,833.25,0.987132,2043.414,1702.673,1.5,3.865,1010.49
2026-03-02 14:00:00,60,1,TK-04,HSD,8.6823,2727.637,29.71,820.58,831.15,0.987292,2692.974,2238.253,1.5,4.318,1391.85
2026-03-02 14:00:00,60,1,TK-05,HSD,8.9705,3409.987,29.83,821.64,832.27,0.987228,3366.433,2801.767,1.1,4.529,1766.47
2026-03-02 22:00:00,60,2,TK-01,HSD,8.253,2592.752,24.31,825.07,831.74,0.991979,2571.956,2139.204,1.1,4.747,1511.79
2026-03-02 22:00:00,60,2,TK-02,HSD,8.3019,2608.114,24.88,825.95,833.02,0.991514,2585.981,2154.181,1.3,4.698,1499.31
2026-03-02 22:00:00,60,2,TK-03,HSD,7.9848,2031.889,24.79,826.42,833.42,0.991597,2014.814,1679.196,1.1,4.015,1038.24
2026-03-02 22:00:00,60,2,TK-04,HSD,8.526,2678.532,24.48,824.0,830.8,0.991812,2656.6,2207.108,1.0,4.474,1428.41
2026-03-02 22:00:00,60,2,TK-05,HSD,8.7967,3343.904,24.61,824.66,831.55,0.991719,3316.212,2757.587,0.8,4.703,1812.17
2026-03-03 06:00:00,61,0,TK-01,HSD,8.8393,2776.938,22.53,827.02,832.41,0.993527,2758.964,2296.577,1.5,4.161,1325.65
2026-03-03 06:00:00,61,0,TK-02,HSD,8.1206,2551.176,22.94,827.86,833.54,0.99319,2533.803,2112.018,1.4,4.879,1551.54
2026-03-03 06:00:00,61,0,TK-03,HSD,7.8016,1985.254,22.8,828.01,833.58,0.993312,1971.977,1643.802,1.2,4.198,1078.96
2026-03-03 06:00:00,61,0,TK-04,HSD,8.3309,2617.223,22.52,825.09,830.48,0.993503,2600.218,2159.442,1.5,4.669,1482.07
2026-03-03 06:00:00,61,0,TK-05,HSD,8.6069,3271.76,22.03,827.25,832.28,0.993954,3251.98,2706.553,1.5,4.893,1879.25
2026-03-03 14:00:00,61,1,TK-01,HSD,8.6945,2731.449,28.8,821.44,831.34,0.988086,2698.908,2243.711,1.0,4.306,1386.11
2026-03-03 14:00:00,61,1,TK-02,HSD,8.678,2726.265,29.22,823.53,833.71,0.98779,2692.978,2245.152,1.2,4.322,1391.66
2026-03-03 14:00:00,61,1,TK-03,HSD,7.6795,1954.185,29.21,823.45,833.62,0.987799,1930.342,1609.175,1.1,4.321,1122.24
2026-03-03 14:00:00,61,1,TK-04,HSD,8.2009,2576.382,29.32,821.76,832.03,0.98766,2544.589,2117.178,1.4,4.799,1539.1
2026-03-03 14:00:00,61,1,TK-05,HSD,8.4709,3220.073,29.52,822.16,832.57,0.987499,3179.82,2647.428,1.2,5.029,1950.54
2026-03-03 22:00:00,61,2,TK-01,HSD,8.541,2683.226,24.83,823.6,830.65,0.991508,2660.44,2209.907,1.4,4.459,1425.14
2026-03-03 22:00:00,61,2,TK-02,HSD,8.5213,2677.03,25.06,826.25,833.45,0.991369,2653.925,2211.901,0.9,4.479,1430.61
2026-03-03 22:00:00,61,2,TK-03,HSD,7.542,1919.196,24.83,826.28,833.31,0.991563,1903.004,1585.8,1.9,4.458,1150.19
2026-03-03 22:00:00,61,2,TK-04,HSD,8.6485,2717.008,24.85,823.75,830.81,0.991498,2693.908,2238.129,1.4,4.351,1389.61
2026-03-03 22:00:00,61,2,TK-05,HSD,8.3133,3160.147,24.8,825.67,832.68,0.991577,3133.528,2609.237,0.8,5.187,1996.56
2026-03-04 06:00:00,62,0,TK-01,HSD,8.3727,2630.358,21.27,827.67,832.16,0.994612,2616.186,2177.076,1.8,4.627,1468.34
2026-03-04 06:00:00,62,0,TK-02,HSD,8.3518,2623.795,20.93,828.6,832.84,0.994905,2610.428,2174.077,1.7,4.648,1473.72
2026-03-04 06:00:00,62,0,TK-03,HSD,7.4051,1884.365,21.9,827.09,832.03,0.994063,1873.178,1558.54,1.1,4.595,1181.11
2026-03-04 06:00:00,62,0,TK-04,HSD,8.4857,2665.868,21.26,827.02,831.51,0.994608,2651.494,2204.735,1.1,4.514,1433.38
2026-03-04 06:00:00,62,0,TK-05,HSD,8.9159,3389.23,21.33,828.26,832.79,0.994568,3370.819,2807.169,1.3,4.584,1760.66
2026-03-04 14:00:00,62,1,TK-01,HSD,8.2148,2580.759,30.98,820.06,831.53,0.986204,2545.155,2116.37,1.5,4.785,1538.47
2026-03-04 14:00:00,62,1,TK-02,HSD,8.2046,2577.552,31.06,822.4,833.9,0.986213,2542.015,2119.777,0.9,4.795,1543.7
2026-03-04 14:00:00,62,1,TK-03,HSD,8.5,2162.985,30.92,820.46,831.88,0.98627,2133.288,1774.637,1.4,3.5,920.7
2026-03-04 14:00:00,62,1,TK-04,HSD,8.3347,2618.413,31.62,819.54,831.48,0.985648,2580.834,2145.901,1.1,4.665,1504.44
2026-03-04 14:00:00,62,1,TK-05,HSD,8.7529,3327.278,30.98,821.88,833.33,0.986266,3281.58,2734.628,1.5,4.747,1851.04
2026-03-04 22:00:00,62,2,TK-01,HSD,8.0534,2530.038,23.91,824.65,831.04,0.992313,2510.59,2086.409,1.0,4.947,1572.68
2026-03-04 22:00:00,62,2,TK-02,HSD,8.4876,2666.457,23.59,827.88,834.02,0.992643,2646.841,2207.512,1.0,4.512,1436.12
2026-03-04 22:00:00,62,2,TK-03,HSD,8.34,2122.267,24.12,825.71,832.24,0.99215,2105.606,1752.372,1.3,3.66,949.37
2026-03-04 22:00:00,62,2,TK-04,HSD,8.1607,2563.768,23.68,824.87,831.09,0.992511,2544.569,2114.768,1.1,4.839,1539.11
2026-03-04 22:00:00,62,2,TK-05,HSD,8.581,3261.925,23.76,825.23,831.5,0.992454,3237.31,2691.825,1.3,4.919,1895.13
2026-03-05 06:00:00,63,0,TK-01,HSD,8.5576,2688.462,22.9,826.37,832.02,0.993203,2670.188,2221.661,1.0,4.442,1414.12
2026-03-05 06:00:00,63,0,TK-02,HSD,8.3389,2619.755,23.18,827.24,833.09,0.992978,2601.359,2167.171,1.4,4.661,1483.33
2026-03-05 06:00:00,63,0,TK-03,HSD,8.1774,2080.902,22.75,827.34,832.88,0.993347,2067.057,1721.604,1.1,3.823,986.88
2026-03-05 06:00:00,63,0,TK-04,HSD,8.0006,2513.474,22.82,826.33,831.92,0.993273,2496.566,2076.949,1.2,4.999,1584.48
2026-03-05 06:00:00,63,0,TK-05,HSD,8.4195,3200.524,22.69,827.24,832.75,0.993394,3179.38,2647.615,1.5,5.081,1952.83
2026-03-05 14:00:00,63,1,TK-01,HSD,8.4219,2645.812,29.5,820.75,831.15,0.987479,2612.683,2171.543,1.2,4.578,1473.04
2026-03-05 14:00:00,63,1,TK-02,HSD,8.1972,2575.218,29.62,824.24,834.69,0.987482,2542.982,2122.591,1.0,4.803,1540.72
2026-03-05 14:00:00,63,1,TK-03,HSD,8.0461,2047.484,29.7,821.18,831.73,0.987316,2021.514,1681.354,1.7,3.954,1032.49
2026-03-05 14:00:00,63,1,TK-04,HSD,8.7199,2739.426,30.23,821.0,831.93,0.986864,2703.442,2249.069,1.2,4.28,1379.84
2026-03-05 14:00:00,63,1,TK-05,HSD,8.2848,3149.323,30.02,823.32,834.07,0.987114,3108.741,2592.911,1.1,5.215,2022.99
2026-03-05 22:00:00,63,2,TK-01,HSD,8.2738,2599.28,23.28,825.85,831.78,0.992873,2580.754,2146.613,0.9,4.726,1503.42
2026-03-05 22:00:00,63,2,TK-02,HSD,8.06,2532.126,23.42,827.61,833.62,0.992785,2513.857,2095.609,1.2,4.94,1570.32
2026-03-05 22:00:00,63,2,TK-03,HSD,7.9096,2012.741,23.64,826.8,832.98,0.992581,1997.809,1664.13,1.4,4.09,1056.01
2026-03-05 22:00:00,63,2,TK-04,HSD,8.572,2692.979,24.09,825.51,832.02,0.992172,2671.897,2223.076,1.3,4.428,1411.3
2026-03-05 22:00:00,63,2,TK-05,HSD,8.6138,3274.405,23.79,826.58,832.87,0.992445,3249.667,2706.558,0.9,4.886,1883.2
2026-03-06 06:00:00,64,0,TK-01,HSD,8.1322,2554.814,22.31,825.67,830.91,0.993692,2538.698,2109.431,1.4,4.868,1545.5
2026-03-06 06:00:00,64,0,TK-02,HSD,8.6927,2730.89,21.85,829.76,834.64,0.994148,2714.908,2265.975,1.2,4.307,1369.32
2026-03-06 06:00:00,64,0,TK-03,HSD,7.7739,1978.206,22.1,827.95,833.03,0.993908,1966.156,1637.859,1.1,4.226,1088.58
2026-03-06 06:00:00,64,0,TK-04,HSD,8.4138,2643.268,21.82,826.84,831.72,0.994127,2627.743,2185.559,0.9,4.586,1454.89
2026-03-06 06:00:00,64,0,TK-05,HSD,8.4534,3213.433,22.17,826.28,831.42,0.993825,3193.591,2655.207,1.3,5.047,1936.18
2026-03-06 14:00:00,64,1,TK-01,HSD,9.0004,2827.547,30.46,820.35,831.45,0.986654,2789.811,2319.59,1.1,4.0,1293.8
2026-03-06 14:00:00,64,1,TK-02,HSD,8.5405,2683.09,30.46,822.99,834.06,0.986737,2647.505,2208.167,1.1,4.459,1437.32
2026-03-06 14:00:00,64,1,TK-03,HSD,7.6264,1940.692,29.92,820.59,831.3,0.987113,1915.682,1592.512,1.7,4.374,1137.8
2026-03-06 14:00:00,64,1,TK-04,HSD,8.2738,2599.297,30.34,820.16,831.18,0.98675,2564.855,2131.845,1.1,4.726,1520.74
2026-03-06 14:00:00,64,1,TK-05,HSD,8.305,3156.991,30.43,822.1,833.15,0.986737,3115.118,2595.347,1.1,5.195,2016.22
2026-03-06 22:00:00,64,2,TK-01,HSD,8.857,2782.513,24.58,822.88,829.76,0.991707,2759.438,2289.661,1.4,4.143,1325.4
2026-03-06 22:00:00,64,2,TK-02,HSD,8.391,2636.108,23.89,828.01,834.36,0.992389,2616.044,2182.721,1.9,4.609,1467.29
2026-03-06 22:00:00,64,2,TK-03,HSD,7.5009,1908.753,24.01,826.75,833.2,0.992262,1893.984,1578.066,0.9,4.499,1159.5
2026-03-06 22:00:00,64,2,TK-04,HSD,8.1259,2552.834,23.91,825.62,832.0,0.992333,2533.261,2107.675,1.1,4.874,1549.77
2026-03-06 22:00:00,64,2,TK-05,HSD,8.674,3297.254,24.69,825.32,832.26,0.991662,3269.76,2721.296,1.0,4.826,1862.37
2026-03-07 06:00:00,65,0,TK-01,HSD,8.6636,2721.749,21.1,826.97,831.34,0.994748,2707.455,2250.816,1.6,4.336,1376.81
2026-03-07 06:00:00,65,0,TK-02,HSD,8.2133,2580.295,21.35,830.2,834.73,0.994575,2566.296,2142.157,0.5,4.787,1516.06
2026-03-07 06:00:00,65,0,TK-03,HSD,8.1349,2070.067,21.8,827.07,831.94,0.994147,2057.951,1712.088,1.1,3.865,994.58
2026-03-07 06:00:00,65,0,TK-04,HSD,7.9606,2500.883,21.48,827.43,832.07,0.994429,2486.951,2069.316,0.8,5.039,1597.0
2026-03-07 06:00:00,65,0,TK-05,HSD,8.4884,3226.72,21.29,828.08,832.58,0.9946,3209.295,2671.984,1.3,5.012,1923.31
2026-03-07 14:00:00,65,1,TK-01,HSD,8.5131,2674.455,28.49,820.71,830.4,0.988333,2643.253,2194.962,1.1,4.487,1440.45
2026-03-07 14:00:00,65,1,TK-02,HSD,8.0807,2538.612,28.77,823.91,833.76,0.988186,2508.62,2091.593,0.8,4.919,1576.42
2026-03-07 14:00:00,65,1,TK-03,HSD,7.9873,2032.51,28.26,823.66,833.15,0.988602,2009.344,1674.09,1.0,4.013,1042.98
2026-03-07 14:00:00,65,1,TK-04,HSD,8.6575,2719.84,28.54,822.02,831.74,0.988323,2688.08,2235.773,1.0,4.342,1395.59
2026-03-07 14:00:00,65,1,TK-05,HSD,8.3387,3169.795,28.25,822.32,831.82,0.988576,3133.583,2606.59,1.5,5.161,1998.72
2026-03-07 22:00:00,65,2,TK-01,HSD,8.3777,2631.942,23.78,824.44,830.74,0.992418,2611.986,2169.882,1.1,4.622,1472.54
2026-03-07 22:00:00,65,2,TK-02,HSD,7.946,2496.303,24.11,827.54,834.05,0.992194,2476.817,2065.8,1.1,5.054,1606.86
2026-03-07 22:00:00,65,2,TK-03,HSD,7.8666,2001.796,23.65,825.6,831.8,0.992549,1986.88,1652.678,1.4,4.133,1067.38
2026-03-07 22:00:00,65,2,TK-04,HSD,8.5226,2677.457,23.86,825.33,831.68,0.99237,2657.027,2209.791,0.9,4.477,1428.22
2026-03-07 22:00:00,65,2,TK-05,HSD,8.6694,3295.507,24.18,824.36,830.94,0.992076,3269.393,2716.669,1.6,4.831,1859.5
2026-03-08 06:00:00,66,0,TK-01,HSD,8.2027,2576.944,22.33,824.45,829.71,0.993656,2560.596,2124.554,0.8,4.797,1523.8
2026-03-08 06:00:00,66,0,TK-02,HSD,8.5768,2694.493,22.72,827.07,832.59,0.99337,2676.629,2228.54,1.3,4.423,1407.51
2026-03-08 06:00:00,66,0,TK-03,HSD,7.7062,1960.988,22.7,827.35,832.85,0.993391,1948.027,1622.417,0.8,4.294,1106.37
2026-03-08 06:00:00,66,0,TK-04,HSD,8.3396,2619.955,22.76,826.53,832.09,0.993319,2602.451,2165.482,1.0,4.66,1480.35
2026-03-08 06:00:00,66,0,TK-05,HSD,8.4968,3229.919,22.54,825.75,831.15,0.9935,3208.924,2667.103,0.8,5.003,1923.74
2026-03-08 14:00:00,66,1,TK-01,HSD,8.8896,2792.756,29.01,822.23,832.28,0.98793,2759.048,2296.298,1.1,4.11,1324.96
2026-03-08 14:00:00,66,1,TK-02,HSD,8.4199,2645.178,28.39,823.82,833.41,0.988503,2614.767,2179.164,1.5,4.58,1468.84
2026-03-08 14:00:00,66,1,TK-03,HSD,7.5624,1924.386,28.55,822.63,832.34,0.988335,1901.938,1583.054,0.9,4.438,1150.99
2026-03-08 14:00:00,66,1,TK-04,HSD,8.1836,2570.958,27.95,822.83,832.11,0.988843,2542.273,2115.459,0.9,4.816,1540.01
2026-03-08 14:00:00,66,1,TK-05,HSD,8.3397,3170.179,28.7,821.25,831.09,0.988168,3132.67,2603.522,0.7,5.16,1997.24
2026-03-08 22:00:00,66,2,TK-01,HSD,8.7308,2742.876,25.55,823.59,831.15,0.9909,2717.916,2259.001,0.9,4.269,1365.89
2026-03-08 22:00:00,66,2,TK-02,HSD,8.2712,2598.473,25.13,825.81,833.06,0.9913,2575.867,2145.842,1.6,4.729,1507.63
2026-03-08 22:00:00,66,2,TK-03,HSD,7.4323,1891.281,25.57,824.43,832.01,0.990894,1874.058,1559.229,1.0,4.568,1179.21
2026-03-08 22:00:00,66,2,TK-04,HSD,8.0507,2529.213,25.62,823.77,831.39,0.990838,2506.04,2083.486,1.2,4.949,1577.75
2026-03-08 22:00:00,66,2,TK-05,HSD,8.6709,3296.092,25.2,824.14,831.45,0.991206,3267.107,2716.427,1.7,4.829,1864.86
2026-03-09 06:00:00,67,0,TK-01,HSD,8.5538,2687.26,22.52,826.1,831.49,0.993522,2669.851,2219.951,0.9,4.446,1414.82
2026-03-09 06:00:00,67,0,TK-02,HSD,8.1106,2548.012,22.62,826.75,832.21,0.993445,2531.311,2106.573,1.0,4.889,1554.01
2026-03-09 06:00:00,67,0,TK-03,HSD,8.213,2089.947,22.39,826.76,832.06,0.993638,2076.65,1727.889,1.1,3.787,976.96
2026-03-09 06:00:00,67,0,TK-04,HSD,7.8913,2479.135,23.06,826.05,831.82,0.993059,2461.927,2047.877,1.0,5.109,1622.86
2026-03-09 06:00:00,67,0,TK-05,HSD,8.4932,3228.536,23.02,826.64,832.38,0.993105,3206.274,2668.835,1.4,5.007,1923.67
2026-03-09 14:00:00,67,1,TK-01,HSD,8.4163,2644.048,29.02,821.04,831.1,0.98789,2612.029,2170.87,0.9,4.584,1473.2
2026-03-09 14:00:00,67,1,TK-02,HSD,7.9754,2505.561,29.12,822.02,832.14,0.987831,2475.072,2059.618,1.8,5.025,1609.35
2026-03-09 14:00:00,67,1,TK-03,HSD,8.0841,2057.143,29.28,821.9,832.14,0.987693,2031.827,1690.758,0.9,3.916,1022.38
2026-03-09 14:00:00,67,1,TK-04,HSD,8.6624,2721.386,29.28,821.11,831.36,0.987669,2687.829,2234.558,1.5,4.338,1396.25
2026-03-09 14:00:00,67,1,TK-05,HSD,8.3626,3178.901,29.52,822.11,832.52,0.987496,3139.153,2613.392,1.4,5.137,1993.84
2026-03-09 22:00:00,67,2,TK-01,HSD,8.2802,2601.31,24.85,824.94,832.0,0.991518,2579.246,2145.931,1.1,4.72,1507.21
2026-03-09 22:00:00,67,2,TK-02,HSD,8.4045,2640.339,24.83,825.64,832.67,0.991549,2618.026,2179.956,0.9,4.596,1466.95
2026-03-09 22:00:00,67,2,TK-03,HSD,7.9459,2021.977,24.71,825.32,832.28,0.991641,2005.076,1668.788,1.0,4.054,1048.84
2026-03-09 22:00:00,67,2,TK-04,HSD,8.5124,2674.243,24.87,824.62,831.69,0.991495,2651.499,2205.232,1.5,4.488,1431.26
2026-03-09 22:00:00,67,2,TK-05,HSD,8.2143,3122.54,24.75,823.44,830.43,0.991577,3096.238,2571.225,1.5,5.286,2034.72
2026-03-10 06:00:00,68,0,TK-01,HSD,8.1083,2547.307,23.22,825.23,831.12,0.992906,2529.237,2102.109,1.4,4.892,1553.12
2026-03-10 06:00:00,68,0,TK-02,HSD,8.2363,2587.503,23.5,827.61,833.69,0.992716,2568.656,2141.453,1.2,4.764,1513.58
2026-03-10 06:00:00,68,0,TK-03,HSD,7.794,1983.336,23.2,826.02,831.89,0.992943,1969.339,1638.269,1.9,4.206,1084.56
2026-03-10 06:00:00,68,0,TK-04,HSD,8.3514,2623.673,23.61,826.85,833.01,0.992609,2604.28,2169.393,1.2,4.649,1478.52
2026-03-10 06:00:00,68,0,TK-05,HSD,8.627,3279.421,23.02,826.16,831.9,0.993097,3256.785,2709.32,1.2,4.873,1875.76
2026-03-10 14:00:00,68,1,TK-01,HSD,8.9138,2800.359,27.27,822.07,830.87,0.989404,2770.686,2302.087,1.3,4.086,1312.69
2026-03-10 14:00:00,68,1,TK-02,HSD,8.0591,2531.836,27.17,824.67,833.38,0.989552,2505.385,2087.932,1.4,4.941,1577.59
2026-03-10 14:00:00,68,1,TK-03,HSD,7.6308,1941.797,27.74,822.95,832.09,0.989024,1920.484,1598.011,0.9,4.369,1133.6
2026-03-10 14:00:00,68,1,TK-04,HSD,8.1785,2569.36,27.61,822.62,831.66,0.989127,2541.423,2113.6,0.9,4.821,1543.41
2026-03-10 14:00:00,68,1,TK-05,HSD,8.4463,3210.71,27.5,821.51,830.48,0.989194,3176.014,2637.626,0.7,5.054,1956.84
2026-03-10 22:00:00,68,2,TK-01,HSD,8.7644,2753.422,24.04,823.86,830.35,0.992183,2731.899,2268.439,1.0,4.236,1351.22
2026-03-10 22:00:00,68,2,TK-02,HSD,8.5555,2687.798,24.14,826.09,832.63,0.992146,2666.689,2220.365,1.0,4.444,1416.3
2026-03-10 22:00:00,68,2,TK-03,HSD,7.5027,1909.193,24.06,826.38,832.86,0.992213,1894.327,1577.71,0.8,4.497,1160.29
2026-03-10 22:00:00,68,2,TK-04,HSD,8.0285,2522.242,23.65,826.06,832.25,0.992556,2503.467,2083.511,1.1,4.971,1578.74
2026-03-10 22:00:00,68,2,TK-05,HSD,8.2959,3153.535,23.76,825.02,831.3,0.992449,3129.723,2601.724,0.8,5.204,2000.99
2026-03-11 06:00:00,69,0,TK-01,HSD,8.6065,2703.81,23.18,824.98,830.84,0.992942,2684.728,2230.587,1.5,4.394,1397.43
2026-03-11 06:00:00,69,0,TK-02,HSD,8.3981,2638.347,22.43,828.54,833.84,0.993639,2621.564,2185.972,1.0,4.602,1461.41
2026-03-11 06:00:00,69,0,TK-03,HSD,7.3632,1873.711,22.55,826.33,831.74,0.993496,1861.525,1548.303,1.2,4.637,1192.31
2026-03-11 06:00:00,69,0,TK-04,HSD,7.9002,2481.905,22.94,826.64,832.33,0.993171,2464.958,2051.647,1.1,5.1,1621.1
2026-03-11 06:00:00,69,0,TK-05,HSD,8.705,3309.039,23.07,826.73,832.51,0.993061,3286.076,2735.681,1.0,4.795,1845.4
2026-03-11 14:00:00,69,1,TK-01,HSD,8.4847,2665.562,28.36,821.59,831.18,0.988465,2634.815,2190.001,0.8,4.515,1448.48
2026-03-11 14:00:00,69,1,TK-02,HSD,8.2785,2600.763,28.21,823.15,832.62,0.988632,2571.197,2140.83,1.7,4.722,1511.24
2026-03-11 14:00:00,69,1,TK-03,HSD,7.259,1847.188,28.29,822.3,831.83,0.988541,1826.021,1518.94,1.8,4.741,1227.68
2026-03-11 14:00:00,69,1,TK-04,HSD,8.5025,2671.128,28.36,822.16,831.75,0.988476,2640.346,2196.101,1.5,4.498,1445.66
2026-03-11 14:00:00,69,1,TK-05,HSD,8.58,3261.553,28.65,822.69,832.47,0.988251,3223.233,2683.248,1.2,4.92,1907.85
2026-03-11 22:00:00,69,2,TK-01,HSD,8.3371,2619.189,24.21,823.53,830.15,0.992032,2598.318,2156.984,1.0,4.663,1486.08
2026-03-11 22:00:00,69,2,TK-02,HSD,8.1382,2556.696,24.0,827.6,834.03,0.992287,2536.978,2115.919,1.8,4.862,1547.95
2026-03-11 22:00:00,69,2,TK-03,HSD,7.6682,1951.326,23.88,826.04,832.4,0.992364,1936.426,1611.873,1.0,4.332,1116.94
2026-03-11 22:00:00,69,2,TK-04,HSD,8.3354,2618.631,23.36,826.79,832.77,0.992817,2599.821,2165.055,1.1,4.665,1483.3
2026-03-11 22:00:00,69,2,TK-05,HSD,8.4269,3203.346,24.38,825.14,831.86,0.991923,3177.473,2643.209,1.4,5.073,1953.85
2026-03-12 06:00:00,70,0,TK-01,HSD,8.1735,2567.766,22.47,825.93,831.29,0.993562,2551.235,2120.807,0.9,4.827,1534.66
2026-03-12 06:00:00,70,0,TK-02,HSD,8.5605,2689.371,22.08,827.49,832.56,0.993918,2673.015,2225.438,1.1,4.439,1411.56
2026-03-12 06:00:00,70,0,TK-03,HSD,7.5194,1913.455,22.65,826.71,832.19,0.993419,1900.863,1581.876,0.7,4.481,1153.15
2026-03-12 06:00:00,70,0,TK-04,HSD,8.1809,2570.096,22.49,828.02,833.38,0.993578,2553.591,2128.1,1.3,4.819,1531.92
2026-03-12 06:00:00,70,0,TK-05,HSD,8.2547,3137.897,22.43,827.76,833.08,0.99362,3117.878,2597.43,0.8,5.245,2013.26
2026-03-12 14:00:00,70,1,TK-01,HSD,8.0143,2517.762,29.26,820.95,831.19,0.98768,2486.744,2066.966,0.8,4.986,1598.73
2026-03-12 14:00:00,70,1,TK-02,HSD,8.3933,2636.829,28.75,823.19,833.03,0.988178,2605.655,2170.602,0.9,4.607,1478.73
2026-03-12 14:00:00,70,1,TK-03,HSD,7.3692,1875.232,29.08,822.54,832.63,0.98788,1852.505,1542.449,1.8,4.631,1200.92
2026-03-12 14:00:00,70,1,TK-04,HSD,8.0121,2517.083,29.16,822.74,832.88,0.987824,2486.436,2070.911,1.7,4.988,1596.07
2026-03-12 14:00:00,70,1,TK-05,HSD,8.7295,3318.378,28.73,821.83,831.68,0.988158,3279.083,2727.146,0.9,4.77,1851.85
2026-03-12 22:00:00,70,2,TK-01,HSD,7.8682,2471.855,24.7,823.95,830.91,0.991628,2451.162,2036.693,1.3,5.132,1632.88
2026-03-12 22:00:00,70,2,TK-02,HSD,8.2492,2591.577,24.89,826.18,833.26,0.991508,2569.57,2141.11,0.6,4.751,1514.52
2026-03-12 22:00:00,70,2,TK-03,HSD,7.8798,2005.168,24.17,825.03,831.61,0.992096,1989.319,1654.328,1.0,4.12,1064.44
2026-03-12 22:00:00,70,2,TK-04,HSD,7.8781,2474.98,24.81,824.75,831.78,0.991548,2454.062,2041.246,1.2,5.122,1630.25
2026-03-12 22:00:00,70,2,TK-05,HSD,8.5842,3263.152,24.73,826.36,833.31,0.991648,3235.899,2696.523,1.1,4.916,1896.92
2026-03-13 06:00:00,71,0,TK-01,HSD,8.5343,2681.117,22.85,825.53,831.16,0.993233,2662.973,2213.346,0.7,4.466,1420.87
2026-03-13 06:00:00,71,0,TK-02,HSD,8.1121,2548.502,23.44,827.21,833.25,0.992757,2530.042,2108.145,1.4,4.888,1553.27
2026-03-13 06:00:00,71,0,TK-03,HSD,7.7567,1973.849,22.88,826.66,832.3,0.993227,1960.481,1631.704,1.3,4.243,1094.44
2026-03-13 06:00:00,71,0,TK-04,HSD,7.744,2432.863,22.81,827.89,833.47,0.993302,2416.568,2014.149,1.4,5.256,1667.26
2026-03-13 06:00:00,71,0,TK-05,HSD,8.4375,3207.387,22.86,827.8,833.41,0.993258,3185.764,2655.063,1.0,5.062,1945.7
2026-03-13 14:00:00,71,1,TK-01,HSD,8.3769,2631.685,29.84,821.35,832.0,0.987208,2598.021,2161.546,1.1,4.623,1485.74
2026-03-13 14:00:00,71,1,TK-02,HSD,7.9651,2502.322,30.0,822.5,833.25,0.987106,2470.057,2058.164,0.8,5.035,1614.91
2026-03-13 14:00:00,71,1,TK-03,HSD,7.6094,1936.351,29.9,822.29,832.97,0.987184,1911.535,1592.244,1.2,4.391,1142.16
2026-03-13 14:00:00,71,1,TK-04,HSD,8.53,2679.776,30.17,822.48,833.35,0.986961,2644.835,2204.064,1.6,4.47,1439.63
2026-03-13 14:00:00,71,1,TK-05,HSD,8.2843,3149.139,29.97,821.17,831.91,0.987092,3108.489,2585.992,1.4,5.216,2023.3
2026-03-13 22:00:00,71,2,TK-01,HSD,8.2376,2587.926,25.51,823.68,831.22,0.990931,2564.457,2131.63,1.3,4.762,1519.43
2026-03-13 22:00:00,71,2,TK-02,HSD,8.3398,2620.039,25.45,825.73,833.21,0.991027,2596.529,2163.441,1.3,4.66,1487.44
2026-03-13 22:00:00,71,2,TK-03,HSD,7.4742,1901.954,25.03,824.86,832.05,0.991362,1885.524,1568.844,1.1,4.526,1166.94
2026-03-13 22:00:00,71,2,TK-04,HSD,8.3864,2634.67,25.49,826.24,833.74,0.991002,2610.962,2176.866,1.2,4.614,1473.92
2026-03-13 22:00:00,71,2,TK-05,HSD,8.1382,3093.586,25.03,825.31,832.49,0.991375,3066.904,2553.176,1.2,5.362,2063.61
2026-03-14 06:00:00,72,0,TK-01,HSD,8.0685,2534.805,23.65,824.5,830.7,0.992529,2515.867,2089.941,0.7,4.931,1568.12
2026-03-14 06:00:00,72,0,TK-02,HSD,8.1693,2566.448,23.65,827.2,833.38,0.99258,2547.406,2122.963,0.7,4.831,1536.74
2026-03-14 06:00:00,72,0,TK-03,HSD,7.3287,1864.937,24.01,825.95,832.4,0.992254,1850.491,1540.347,1.4,4.671,1202.76
2026-03-14 06:00:00,72,0,TK-04,HSD,8.2075,2578.452,23.37,826.73,832.73,0.992804,2559.898,2131.692,1.6,4.793,1523.47
2026-03-14 06:00:00,72,0,TK-05,HSD,8.5601,3253.983,23.79,825.8,832.1,0.992433,3229.361,2687.141,1.3,4.94,1902.04
2026-03-14 14:00:00,72,1,TK-01,HSD,7.9408,2494.686,31.05,820.84,832.35,0.986174,2460.196,2047.738,0.9,5.059,1624.01
2026-03-14 14:00:00,72,1,TK-02,HSD,8.0407,2526.071,30.32,822.08,833.05,0.986828,2492.799,2076.634,1.1,4.959,1593.33
2026-03-14 14:00:00,72,1,TK-03,HSD,8.1968,2085.837,30.49,820.93,832.04,0.986645,2057.981,1712.323,1.8,3.803,996.63
2026-03-14 14:00:00,72,1,TK-04,HSD,8.0735,2536.36,30.45,821.31,832.39,0.986689,2502.598,2083.128,1.4,4.927,1580.35
2026-03-14 14:00:00,72,1,TK-05,HSD,8.4174,3199.741,30.49,820.93,832.04,0.986646,3157.01,2626.752,1.1,5.083,1973.79
2026-03-14 22:00:00,72,2,TK-01,HSD,8.4334,2649.428,23.87,825.64,832.0,0.99236,2629.187,2187.474,1.1,4.567,1456.07
2026-03-14 22:00:00,72,2,TK-02,HSD,7.8938,2479.9,23.74,827.96,834.21,0.992517,2461.344,2053.269,1.4,5.106,1621.86
2026-03-14 22:00:00,72,2,TK-03,HSD,8.0526,2049.125,23.79,825.69,831.98,0.992431,2033.616,1691.934,1.5,3.947,1020.2
2026-03-14 22:00:00,72,2,TK-04,HSD,7.9386,2493.978,23.65,826.65,832.83,0.992573,2475.455,2061.645,1.3,5.061,1609.03
2026-03-14 22:00:00,72,2,TK-05,HSD,8.2764,3146.119,23.77,825.45,831.73,0.992445,3122.352,2596.956,0.9,5.224,2009.96
2026-03-15 06:00:00,73,0,TK-01,HSD,8.2734,2599.176,23.58,827.06,833.19,0.992636,2580.036,2149.663,1.0,4.727,1503.66
2026-03-15 06:00:00,73,0,TK-02,HSD,8.5747,2693.813,23.39,826.93,832.93,0.992794,2674.401,2227.586,1.1,4.425,1410.75
2026-03-15 06:00:00,73,0,TK-03,HSD,7.8912,2008.061,22.49,826.51,831.88,0.99355,1995.109,1659.686,1.2,4.109,1057.03
2026-03-15 06:00:00,73,0,TK-04,HSD,7.7935,2448.407,23.2,826.01,831.89,0.992939,2431.12,2022.414,1.0,5.206,1653.86
2026-03-15 06:00:00,73,0,TK-05,HSD,8.1175,3085.744,22.95,826.39,832.08,0.993158,3064.633,2550.013,0.8,5.382,2066.51
2026-03-15 14:00:00,73,1,TK-01,HSD,8.1178,2550.278,28.93,822.01,831.99,0.987996,2519.665,2096.345,1.3,4.882,1564.49
2026-03-15 14:00:00,73,1,TK-02,HSD,8.4088,2641.716,28.74,823.07,832.91,0.988181,2610.494,2174.316,1.0,4.591,1473.76
2026-03-15 14:00:00,73,1,TK-03,HSD,7.7517,1972.57,28.94,822.04,832.03,0.987982,1948.864,1621.523,1.3,4.248,1104.09
2026-03-15 14:00:00,73,1,TK-04,HSD,8.6423,2715.049,28.69,823.68,833.48,0.988245,2683.133,2236.328,0.7,4.358,1400.04
2026-03-15 14:00:00,73,1,TK-05,HSD,7.9703,3029.784,28.91,822.53,832.5,0.988025,2993.503,2492.086,1.6,5.53,2138.76
2026-03-15 22:00:00,73,2,TK-01,HSD,7.9779,2506.339,24.17,824.7,831.28,0.992093,2486.522,2066.988,1.6,5.022,1596.3
2026-03-15 22:00:00,73,2,TK-02,HSD,8.269,2597.794,24.58,825.6,832.45,0.991763,2576.395,2144.731,0.6,4.731,1506.73
2026-03-15 22:00:00,73,2,TK-03,HSD,7.6261,1940.599,24.64,824.95,831.86,0.991696,1924.484,1600.892,1.0,4.374,1128.71
2026-03-15 22:00:00,73,2,TK-04,HSD,8.4992,2670.092,24.27,827.86,834.48,0.992069,2648.915,2210.455,1.1,4.501,1433.94
2026-03-15 22:00:00,73,2,TK-05,HSD,8.2648,3141.717,24.23,825.06,831.68,0.992049,3116.737,2592.118,0.7,5.235,2014.47
2026-03-16 06:00:00,74,0,TK-01,HSD,8.4661,2659.69,21.34,827.24,831.78,0.994541,2645.17,2200.192,0.7,4.534,1437.67
2026-03-16 06:00:00,74,0,TK-02,HSD,8.0909,2541.816,21.57,828.01,832.71,0.994355,2527.469,2104.658,1.3,4.909,1558.03
2026-03-16 06:00:00,74,0,TK-03,HSD,7.4547,1896.983,21.46,826.79,831.42,0.994433,1886.423,1568.402,0.3,4.545,1167.03
2026-03-16 06:00:00,74,0,TK-04,HSD,8.3125,2611.44,21.3,829.03,833.52,0.994602,2597.344,2164.951,0.6,4.688,1486.69
2026-03-16 06:00:00,74,0,TK-05,HSD,8.0831,3072.64,21.64,826.0,830.76,0.994272,3055.039,2538.008,1.2,5.417,2076.53
2026-03-16 14:00:00,74,1,TK-01,HSD,8.371,2629.842,29.54,821.7,832.13,0.987466,2596.881,2160.939,1.5,4.629,1488.68
2026-03-16 14:00:00,74,1,TK-02,HSD,7.9848,2508.494,29.81,821.27,831.89,0.987233,2476.468,2060.161,1.2,5.015,1606.73
2026-03-16 14:00:00,74,1,TK-03,HSD,7.3642,1873.966,29.37,821.79,832.09,0.987616,1850.758,1540.002,1.0,4.636,1203.39
2026-03-16 14:00:00,74,1,TK-04,HSD,8.2127,2580.099,29.76,822.88,833.45,0.987317,2547.374,2123.118,1.4,4.787,1536.76
2026-03-16 14:00:00,74,1,TK-05,HSD,8.8393,3360.118,29.97,819.97,830.72,0.987051,3316.607,2755.188,1.4,4.661,1814.51
2026-03-16 22:00:00,74,2,TK-01,HSD,8.2258,2584.203,25.43,825.61,833.07,0.991039,2561.047,2133.532,1.1,4.774,1523.13
2026-03-16 22:00:00,74,2,TK-02,HSD,7.8459,2464.878,24.73,825.52,832.48,0.991634,2444.257,2034.805,1.1,5.154,1639.6
2026-03-16 22:00:00,74,2,TK-03,HSD,7.8969,2009.525,25.07,823.89,831.11,0.991307,1992.057,1655.621,1.2,4.103,1060.72
2026-03-16 22:00:00,74,2,TK-04,HSD,8.0615,2532.602,24.36,826.63,833.33,0.991964,2512.25,2093.53,0.8,4.938,1570.57
2026-03-16 22:00:00,74,2,TK-05,HSD,8.6855,3301.64,24.77,824.39,831.39,0.99158,3273.839,2721.835,1.5,4.815,1858.53
2026-03-17 06:00:00,75,0,TK-01,HSD,8.0456,2527.585,21.81,827.39,832.26,0.994148,2512.794,2091.303,0.6,4.954,1569.6
2026-03-17 06:00:00,75,0,TK-02,HSD,8.1869,2571.981,22.06,827.18,832.23,0.993927,2556.36,2127.487,1.5,4.813,1527.21
2026-03-17 06:00:00,75,0,TK-03,HSD,7.7365,1968.687,21.51,826.41,831.07,0.994387,1957.638,1626.936,1.0,4.264,1096.89
2026-03-17 06:00:00,75,0,TK-04,HSD,7.9061,2483.76,22.04,827.89,832.93,0.993957,2468.75,2056.286,1.0,5.094,1616.18
2026-03-17 06:00:00,75,0,TK-05,HSD,8.5033,3232.394,22.21,825.69,830.85,0.993783,3212.297,2668.945,0.9,4.997,1917.93
2026-03-17 14:00:00,75,1,TK-01,HSD,7.9229,2489.043,29.06,823.23,833.3,0.987916,2458.966,2049.062,0.8,5.077,1624.12
2026-03-17 14:00:00,75,1,TK-02,HSD,8.0616,2532.612,29.47,821.45,831.83,0.987521,2501.007,2080.405,1.6,4.938,1582.65
2026-03-17 14:00:00,75,1,TK-03,HSD,7.6209,1939.285,30.08,819.44,830.28,0.986942,1913.962,1589.133,1.2,4.379,1139.32
2026-03-17 14:00:00,75,1,TK-04,HSD,8.777,2757.379,29.84,822.51,833.14,0.987241,2722.197,2267.976,0.8,4.223,1362.53
2026-03-17 14:00:00,75,1,TK-05,HSD,8.3822,3186.344,29.68,821.02,831.55,0.987335,3145.989,2616.054,1.6,5.118,1987.62
2026-03-17 22:00:00,75,2,TK-01,HSD,8.3771,2631.737,24.64,826.61,833.5,0.991734,2609.983,2175.416,1.0,4.623,1473.93
2026-03-17 22:00:00,75,2,TK-02,HSD,7.9479,2496.902,24.69,825.85,832.79,0.991674,2476.114,2062.078,1.1,5.052,1607.9
2026-03-17 22:00:00,75,2,TK-03,HSD,7.5063,1910.115,24.6,824.13,831.02,0.991711,1894.282,1574.177,1.3,4.494,1158.63
2026-03-17 22:00:00,75,2,TK-04,HSD,8.6481,2716.867,24.83,826.05,833.08,0.991559,2693.935,2244.259,1.6,4.352,1390.0
2026-03-17 22:00:00,75,2,TK-05,HSD,8.2592,3139.6,25.04,823.78,830.98,0.991332,3112.385,2586.34,1.4,5.241,2019.35
2026-03-18 06:00:00,76,0,TK-01,HSD,8.2039,2577.325,22.8,827.91,833.49,0.993307,2560.075,2133.801,1.0,4.796,1522.84
2026-03-18 06:00:00,76,0,TK-02,HSD,8.4795,2663.906,22.99,827.01,832.73,0.993135,2645.619,2203.08,1.1,4.521,1437.72
2026-03-18 06:00:00,76,0,TK-03,HSD,7.3562,1871.915,22.8,825.23,830.82,0.993272,1859.321,1544.766,1.6,4.644,1194.15
2026-03-18 06:00:00,76,0,TK-04,HSD,8.4699,2660.886,22.7,827.0,832.51,0.99338,2643.271,2200.558,0.9,4.53,1440.48
2026-03-18 06:00:00,76,0,TK-05,HSD,8.0901,3075.319,22.77,826.03,831.6,0.993304,3054.726,2540.305,1.0,5.41,2077.67
2026-03-18 14:00:00,76,1,TK-01,HSD,8.0441,2527.127,29.33,822.75,833.02,0.987677,2495.984,2079.196,1.3,4.956,1587.69
2026-03-18 14:00:00,76,1,TK-02,HSD,8.3162,2612.596,29.36,822.24,832.53,0.987641,2580.307,2148.194,1.1,4.684,1504.72
2026-03-18 14:00:00,76,1,TK-03,HSD,7.2141,1835.766,29.65,821.62,832.13,0.987374,1812.587,1508.307,1.5,4.786,1241.22
2026-03-18 14:00:00,76,1,TK-04,HSD,8.3073,2609.8,29.45,821.54,831.91,0.987541,2577.285,2144.067,0.9,4.693,1507.42
2026-03-18 14:00:00,76,1,TK-05,HSD,8.7608,3330.252,29.32,821.1,831.39,0.987634,3289.071,2734.485,1.4,4.739,1842.88
2026-03-18 22:00:00,76,2,TK-01,HSD,7.9276,2490.525,26.12,824.99,832.96,0.990441,2466.718,2054.668,1.2,5.072,1618.63
2026-03-18 22:00:00,76,2,TK-02,HSD,8.1876,2572.202,25.96,824.55,832.4,0.990572,2547.95,2120.913,1.5,4.812,1536.69
2026-03-18 22:00:00,76,2,TK-03,HSD,7.6948,1958.082,25.5,824.38,831.91,0.990952,1940.366,1614.209,1.3,4.305,1113.06
2026-03-18 22:00:00,76,2,TK-04,HSD,8.178,2569.203,26.07,825.33,833.25,0.990491,2544.773,2120.429,0.9,4.822,1539.35
2026-03-18 22:00:00,76,2,TK-05,HSD,8.6203,3276.841,25.77,824.79,832.5,0.990734,3246.477,2702.702,0.7,4.88,1883.64
2026-03-19 06:00:00,77,0,TK-01,HSD,8.5664,2691.219,23.44,827.17,833.21,0.992753,2671.717,2226.103,1.6,4.434,1411.46
2026-03-19 06:00:00,77,0,TK-02,HSD,7.9904,2510.269,22.83,827.39,832.99,0.993274,2493.386,2076.964,1.0,5.01,1589.6
2026-03-19 06:00:00,77,0,TK-03,HSD,7.5186,1913.26,23.39,825.1,831.12,0.99276,1899.409,1578.632,1.1,4.481,1153.38
2026-03-19 06:00:00,77,0,TK-04,HSD,7.9912,2510.514,23.7,826.87,833.1,0.992528,2491.755,2075.871,0.3,5.009,1592.21
2026-03-19 06:00:00,77,0,TK-05,HSD,8.4251,3202.67,22.82,826.74,832.34,0.993275,3181.131,2647.782,1.5,5.075,1951.12
2026-03-19 14:00:00,77,1,TK-01,HSD,8.4365,2650.392,29.79,823.1,833.69,0.987302,2616.737,2181.548,1.3,4.564,1466.12
2026-03-19 14:00:00,77,1,TK-02,HSD,7.879,2475.25,29.73,822.76,833.31,0.987345,2443.925,2036.548,1.1,5.121,1640.61
2026-03-19 14:00:00,77,1,TK-03,HSD,7.4113,1885.951,29.88,821.36,832.04,0.98717,1861.754,1549.053,1.4,4.589,1192.24
2026-03-19 14:00:00,77,1,TK-04,HSD,8.9052,2797.656,30.02,821.45,832.22,0.987057,2761.445,2298.136,1.6,4.095,1322.51
2026-03-19 14:00:00,77,1,TK-05,HSD,8.304,3156.604,29.5,821.81,832.2,0.987506,3117.166,2594.114,1.4,5.196,2016.16
2026-03-19 22:00:00,77,2,TK-01,HSD,8.2997,2607.423,25.37,825.85,833.27,0.991096,2584.206,2153.334,1.3,4.7,1499.81
2026-03-19 22:00:00,77,2,TK-02,HSD,8.4011,2639.285,25.04,826.17,833.35,0.991379,2616.532,2180.487,1.2,4.599,1466.9
2026-03-19 22:00:00,77,2,TK-03,HSD,7.2839,1853.517,25.18,823.75,831.06,0.991212,1837.227,1526.838,1.7,4.716,1216.19
2026-03-19 22:00:00,77,2,TK-04,HSD,8.7555,2750.631,25.45,826.16,833.63,0.991039,2725.983,2272.466,1.4,4.244,1358.05
2026-03-19 22:00:00,77,2,TK-05,HSD,8.1633,3103.154,25.09,824.88,832.11,0.991311,3076.189,2559.724,0.7,5.337,2056.26
2026-03-20 06:00:00,78,0,TK-01,HSD,8.1134,2548.887,23.11,827.42,833.22,0.993038,2531.141,2109.007,1.3,4.887,1552.77
2026-03-20 06:00:00,78,0,TK-02,HSD,8.2152,2580.895,23.31,826.6,832.54,0.992861,2562.471,2133.361,1.3,4.785,1520.54
2026-03-20 06:00:00,78,0,TK-03,HSD,7.8695,2002.552,22.92,825.67,831.34,0.993173,1988.88,1653.445,1.0,4.13,1064.65
2026-03-20 06:00:00,78,0,TK-04,HSD,8.555,2687.645,23.0,827.85,833.57,0.993142,2669.213,2224.978,0.9,4.445,1413.92
2026-03-20 06:00:00,78,0,TK-05,HSD,7.9791,3033.117,22.99,825.31,831.03,0.993108,3012.214,2503.249,1.3,5.521,2119.28
2026-03-20 14:00:00,78,1,TK-01,HSD,7.9854,2508.679,30.25,822.48,833.4,0.986893,2475.797,2063.331,1.5,5.015,1608.02
2026-03-20 14:00:00,78,1,TK-02,HSD,8.0856,2540.156,30.7,821.18,832.44,0.986476,2505.802,2085.921,1.2,4.914,1576.49
2026-03-20 14:00:00,78,1,TK-03,HSD,7.747,1971.371,30.74,820.9,832.19,0.986434,1944.626,1618.308,0.9,4.253,1108.06
2026-03-20 14:00:00,78,1,TK-04,HSD,8.4273,2647.508,30.53,821.26,832.4,0.986626,2612.1,2174.3,1.1,4.573,1472.2
2026-03-20 14:00:00,78,1,TK-05,HSD,8.6627,3292.989,30.41,820.54,831.6,0.986703,3249.201,2702.042,1.0,4.837,1882.5
2026-03-20 22:00:00,78,2,TK-01,HSD,8.4226,2646.029,26.23,825.46,833.49,0.99036,2620.522,2184.181,1.9,4.577,1465.01
2026-03-20 22:00:00,78,2,TK-02,HSD,7.9638,2501.914,26.12,825.97,833.92,0.990466,2478.061,2066.497,1.1,5.036,1606.08
2026-03-20 22:00:00,78,2,TK-03,HSD,7.6343,1942.687,26.19,822.44,830.47,0.990322,1923.887,1597.74,0.9,4.366,1131.02
2026-03-20 22:00:00,78,2,TK-04,HSD,8.2958,2606.188,26.19,825.99,833.99,0.99041,2581.193,2152.687,1.2,4.704,1503.02
2026-03-20 22:00:00,78,2,TK-05,HSD,8.5343,3244.175,26.38,824.03,832.19,0.990201,3212.385,2673.312,0.8,4.966,1920.84
2026-03-21 06:00:00,79,0,TK-01,HSD,8.2559,2593.683,23.56,827.89,834.01,0.992665,2574.657,2147.292,1.2,4.744,1509.16
2026-03-21 06:00:00,79,0,TK-02,HSD,8.4357,2650.141,23.48,827.4,833.46,0.992728,2630.87,2192.717,0.6,4.564,1454.45
2026-03-21 06:00:00,79,0,TK-03,HSD,7.4785,1903.046,23.63,825.5,831.68,0.992568,1888.903,1570.959,1.6,4.522,1163.43
2026-03-21 06:00:00,79,0,TK-04,HSD,8.1388,2556.894,23.79,827.14,833.42,0.992463,2537.623,2114.915,1.1,4.861,1546.53
2026-03-21 06:00:00,79,0,TK-05,HSD,8.3657,3180.084,23.27,826.59,832.51,0.992887,3157.464,2628.632,0.9,5.134,1974.96
2026-03-21 14:00:00,79,1,TK-01,HSD,8.1229,2551.898,30.24,821.78,832.71,0.98688,2518.417,2097.1,1.0,4.877,1564.18
2026-03-21 14:00:00,79,1,TK-02,HSD,8.2994,2607.333,30.09,822.26,833.08,0.987022,2573.495,2143.918,1.6,4.701,1510.63
2026-03-21 14:00:00,79,1,TK-03,HSD,8.2715,2104.845,30.14,821.28,832.14,0.986949,2077.375,1728.665,1.5,3.728,975.97
2026-03-21 14:00:00,79,1,TK-04,HSD,8.0044,2514.65,29.83,822.35,832.98,0.987247,2482.58,2067.934,1.5,4.996,1600.75
2026-03-21 14:00:00,79,1,TK-05,HSD,8.2355,3130.566,29.97,820.14,830.89,0.98706,3090.056,2567.506,1.0,5.265,2042.41
2026-03-21 22:00:00,79,2,TK-01,HSD,7.9916,2510.64,25.39,825.67,833.11,0.991073,2488.228,2072.96,1.1,5.008,1596.56
2026-03-21 22:00:00,79,2,TK-02,HSD,8.1553,2562.052,25.77,825.29,833.0,0.990743,2538.336,2114.445,1.5,4.845,1543.7
2026-03-21 22:00:00,79,2,TK-03,HSD,8.1331,2069.63,25.57,824.53,832.11,0.990896,2050.789,1706.475,1.2,3.867,1002.67
2026-03-21 22:00:00,79,2,TK-04,HSD,7.8795,2475.407,25.63,826.38,833.98,0.990893,2452.864,2045.639,1.1,5.121,1632.66
2026-03-21 22:00:00,79,2,TK-05,HSD,8.5619,3254.662,25.97,824.71,832.56,0.990568,3223.965,2684.147,1.1,4.938,1905.91
2026-03-22 06:00:00,80,0,TK-01,HSD,7.8313,2460.26,24.44,826.05,832.81,0.991892,2440.313,2032.305,1.3,5.169,1642.87
2026-03-22 06:00:00,80,0,TK-02,HSD,8.0017,2513.797,24.32,825.94,832.61,0.991986,2493.652,2076.24,1.7,4.998,1591.0
2026-03-22 06:00:00,80,0,TK-03,HSD,7.9737,2029.048,24.44,825.87,832.63,0.991881,2012.575,1675.731,0.6,4.026,1040.85
2026-03-22 06:00:00,80,0,TK-04,HSD,8.5218,2677.2,24.21,827.9,834.48,0.992115,2656.089,2216.457,1.7,4.478,1426.89
2026-03-22 06:00:00,80,0,TK-05,HSD,8.3935,3190.658,24.33,825.2,831.88,0.991967,3165.026,2632.933,1.8,5.106,1965.97
2026-03-22 14:00:00,80,1,TK-01,HSD,8.5957,2700.405,31.04,821.61,833.1,0.986208,2663.16,2218.675,1.1,4.404,1420.16
2026-03-22 14:00:00,80,1,TK-02,HSD,7.8644,2470.676,31.61,821.69,833.59,0.985725,2435.409,2030.126,0.8,5.136,1648.16
2026-03-22 14:00:00,80,1,TK-03,HSD,7.8376,1994.42,31.22,822.1,833.71,0.986072,1966.642,1639.608,1.6,4.162,1087.0
2026-03-22 14:00:00,80,1,TK-04,HSD,8.3816,2633.142,31.23,821.79,833.42,0.986053,2596.417,2163.9,1.5,4.618,1487.81
2026-03-22 14:00:00,80,1,TK-05,HSD,8.2468,3134.869,31.32,820.72,832.42,0.985942,3090.8,2572.847,0.5,5.253,2038.56
2026-03-22 22:00:00,80,2,TK-01,HSD,8.4306,2648.543,23.24,827.81,833.7,0.992938,2629.838,2192.496,0.9,4.569,1454.94
2026-03-22 22:00:00,80,2,TK-02,HSD,8.253,2592.768,23.21,826.87,832.75,0.992949,2574.486,2143.891,1.4,4.747,1509.47
2026-03-22 22:00:00,80,2,TK-03,HSD,7.6764,1953.395,23.2,826.35,832.22,0.992949,1939.622,1614.192,1.4,4.324,1112.68
2026-03-22 22:00:00,80,2,TK-04,HSD,8.2181,2581.791,23.59,828.87,835.0,0.99266,2562.841,2139.97,1.5,4.782,1521.71
2026-03-22 22:00:00,80,2,TK-05,HSD,8.0903,3075.382,23.17,826.64,832.49,0.992974,3053.774,2542.24,1.3,5.41,2078.95
2026-03-23 06:00:00,81,0,TK-01,HSD,8.3031,2608.481,22.67,827.24,832.73,0.993409,2591.288,2157.851,0.9,4.697,1492.2
2026-03-23 06:00:00,81,0,TK-02,HSD,8.134,2555.384,22.52,827.34,832.72,0.993536,2538.866,2114.174,1.1,4.866,1545.95
2026-03-23 06:00:00,81,0,TK-03,HSD,7.5702,1926.377,22.59,826.56,831.99,0.993466,1913.789,1592.262,0.7,4.43,1140.19
2026-03-23 06:00:00,81,0,TK-04,HSD,8.0955,2543.277,22.8,827.89,833.46,0.993314,2526.271,2105.552,1.5,4.904,1558.02
2026-03-23 06:00:00,81,0,TK-05,HSD,8.6066,3271.636,22.96,825.62,831.33,0.993139,3249.19,2701.142,1.2,4.893,1884.8
2026-03-23 14:00:00,81,1,TK-01,HSD,8.1533,2561.449,29.82,822.66,833.27,0.987265,2528.83,2107.197,1.5,4.847,1555.01
2026-03-23 14:00:00,81,1,TK-02,HSD,7.989,2509.807,29.92,821.92,832.61,0.98716,2477.582,2062.86,1.7,5.011,1607.46
2026-03-23 14:00:00,81,1,TK-03,HSD,7.4357,1892.166,30.23,821.16,832.09,0.986869,1867.32,1553.777,1.0,4.564,1186.56
2026-03-23 14:00:00,81,1,TK-04,HSD,8.8665,2785.494,29.21,823.23,833.4,0.987792,2751.49,2293.092,1.6,4.133,1333.42
2026-03-23 14:00:00,81,1,TK-05,HSD,8.4405,3208.502,29.86,821.25,831.91,0.987186,3167.387,2634.981,1.4,5.06,1963.49
2026-03-23 22:00:00,81,2,TK-01,HSD,8.014,2517.66,26.25,824.87,832.92,0.990329,2493.313,2076.735,1.3,4.986,1590.49
2026-03-23 22:00:00,81,2,TK-02,HSD,8.3893,2635.588,26.36,824.49,832.63,0.990234,2609.848,2173.026,1.2,4.611,1475.65
2026-03-23 22:00:00,81,2,TK-03,HSD,7.3085,1859.781,26.37,823.61,831.75,0.990205,1841.564,1531.729,1.0,4.692,1212.75
2026-03-23 22:00:00,81,2,TK-04,HSD,8.7262,2741.428,26.36,825.02,833.15,0.990238,2714.667,2261.731,1.2,4.274,1372.01
2026-03-23 22:00:00,81,2,TK-05,HSD,8.3009,3155.428,26.31,823.14,831.26,0.990237,3124.621,2597.371,0.9,5.199,2007.94
2026-03-24 06:00:00,82,0,TK-01,HSD,7.8423,2463.733,23.81,826.12,832.42,0.992426,2445.073,2035.332,0.7,5.158,1638.32
2026-03-24 06:00:00,82,0,TK-02,HSD,8.2084,2578.756,23.91,826.76,833.13,0.992347,2559.021,2132.01,1.4,4.792,1525.68
2026-03-24 06:00:00,82,0,TK-03,HSD,8.3445,2123.428,23.74,826.14,832.4,0.992484,2107.469,1754.251,1.1,3.655,945.44
2026-03-24 06:00:00,82,0,TK-04,HSD,8.5287,2679.364,23.96,827.12,833.53,0.992313,2658.768,2216.154,1.0,4.471,1424.03
2026-03-24 06:00:00,82,0,TK-05,HSD,8.1203,3086.777,23.65,825.18,831.38,0.99254,3063.751,2547.137,1.5,5.38,2067.86
2026-03-24 14:00:00,82,1,TK-01,HSD,8.518,2676.02,29.14,821.96,832.1,0.987815,2643.414,2199.581,2.0,4.482,1440.34
2026-03-24 14:00:00,82,1,TK-02,HSD,8.0646,2533.575,29.41,821.87,832.2,0.987584,2502.12,2082.273,1.2,4.935,1582.66
2026-03-24 14:00:00,82,1,TK-03,HSD,8.2068,2088.379,29.09,822.31,832.41,0.987868,2063.042,1717.298,1.4,3.793,992.4
2026-03-24 14:00:00,82,1,TK-04,HSD,8.3851,2634.256,29.38,823.29,833.59,0.987652,2601.729,2168.767,1.1,4.615,1483.28
2026-03-24 14:00:00,82,1,TK-05,HSD,7.9879,3036.456,29.73,821.41,831.98,0.987301,2997.895,2494.176,1.6,5.512,2136.1
2026-03-24 22:00:00,82,2,TK-01,HSD,8.3886,2635.366,25.28,824.64,832.01,0.991148,2612.038,2173.231,1.0,4.611,1472.08
2026-03-24 22:00:00,82,2,TK-02,HSD,7.9341,2492.571,25.1,824.85,832.09,0.991302,2470.892,2056.004,1.6,5.066,1612.7
2026-03-24 22:00:00,82,2,TK-03,HSD,8.0697,2053.492,25.02,825.45,832.62,0.991383,2035.797,1695.046,0.9,3.93,1017.14
2026-03-24 22:00:00,82,2,TK-04,HSD,8.2443,2590.019,24.92,826.57,833.66,0.991495,2567.991,2140.841,1.0,4.756,1514.5
2026-03-24 22:00:00,82,2,TK-05,HSD,8.3286,3165.971,25.19,823.69,831.0,0.991202,3138.117,2607.779,1.2,5.171,1992.23
2026-03-25 06:00:00,83,0,TK-01,HSD,8.2395,2588.517,24.53,825.78,832.6,0.991807,2567.309,2137.539,1.1,4.76,1515.54
2026-03-25 06:00:00,83,0,TK-02,HSD,8.5933,2699.676,24.28,825.56,832.21,0.992015,2678.12,2228.755,1.5,4.407,1405.21
2026-03-25 06:00:00,83,0,TK-03,HSD,7.9364,2019.578,24.24,825.29,831.91,0.992047,2003.516,1666.739,1.4,4.064,1051.03
2026-03-25 06:00:00,83,0,TK-04,HSD,8.1115,2548.309,24.13,826.86,833.38,0.992167,2528.348,2107.087,1.3,4.888,1557.25
2026-03-25 06:00:00,83,0,TK-05,HSD,8.1882,3112.599,24.23,824.43,831.05,0.992033,3087.802,2566.129,1.3,5.312,2044.47
2026-03-25 14:00:00,83,1,TK-01,HSD,8.0937,2542.715,30.7,821.62,832.87,0.98649,2508.363,2089.135,1.5,4.906,1575.64
2026-03-25 14:00:00,83,1,TK-02,HSD,8.4433,2652.526,30.83,821.11,832.46,0.986367,2616.363,2178.006,1.1,4.557,1467.89
2026-03-25 14:00:00,83,1,TK-03,HSD,7.7887,1981.989,30.76,821.73,833.03,0.986444,1955.12,1628.669,1.4,4.211,1097.89
2026-03-25 14:00:00,83,1,TK-04,HSD,7.9626,2501.535,30.66,822.13,833.35,0.98654,2467.863,2056.583,1.4,5.037,1616.38
2026-03-25 14:00:00,83,1,TK-05,HSD,8.7899,3341.338,30.85,819.98,831.35,0.986314,3295.607,2739.816,0.8,4.71,1836.8
2026-03-25 22:00:00,83,2,TK-01,HSD,7.9514,2498.0,25.26,823.95,831.3,0.991147,2475.887,2058.216,0.9,5.049,1607.88
2026-03-25 22:00:00,83,2,TK-02,HSD,8.2882,2603.828,24.78,825.31,832.32,0.991588,2581.925,2148.977,1.0,4.712,1501.51
2026-03-25 22:00:00,83,2,TK-03,HSD,7.652,1947.202,24.74,825.33,832.3,0.991622,1930.888,1607.084,0.3,4.348,1123.02
2026-03-25 22:00:00,83,2,TK-04,HSD,8.3495,2623.078,25.1,825.53,832.76,0.991317,2600.302,2165.44,1.3,4.65,1483.47
2026-03-25 22:00:00,83,2,TK-05,HSD,8.6307,3280.815,25.14,824.6,831.87,0.991265,3252.158,2705.376,1.0,4.869,1879.14
2026-03-26 06:00:00,84,0,TK-01,HSD,8.5961,2700.53,24.34,825.44,832.13,0.991961,2678.819,2229.135,1.1,4.404,1404.49
2026-03-26 06:00:00,84,0,TK-02,HSD,8.1392,2557.0,24.16,825.14,831.7,0.992105,2536.813,2109.876,1.2,4.861,1547.86
2026-03-26 06:00:00,84,0,TK-03,HSD,7.5132,1911.87,24.49,825.17,831.97,0.991828,1896.247,1577.621,1.1,4.487,1157.67
2026-03-26 06:00:00,84,0,TK-04,HSD,8.2003,2576.199,24.72,826.71,833.66,0.991665,2554.726,2129.778,0.7,4.8,1530.14
2026-03-26 06:00:00,84,0,TK-05,HSD,8.4748,3221.553,24.68,824.36,831.3,0.99165,3194.653,2655.716,1.2,5.025,1937.52
2026-03-26 14:00:00,84,1,TK-01,HSD,8.4758,2662.747,30.21,821.26,832.17,0.98689,2627.838,2186.816,1.1,4.524,1456.62
2026-03-26 14:00:00,84,1,TK-02,HSD,8.0183,2519.021,29.6,822.88,833.34,0.987453,2487.414,2072.859,1.4,4.982,1597.2
2026-03-26 14:00:00,84,1,TK-03,HSD,8.6317,2196.501,30.46,821.43,832.51,0.986686,2167.257,1804.264,1.2,3.368,886.62
2026-03-26 14:00:00,84,1,TK-04,HSD,8.073,2536.22,30.01,822.32,833.07,0.987097,2503.495,2085.578,1.2,4.927,1579.83
2026-03-26 14:00:00,84,1,TK-05,HSD,8.3471,3173.005,30.09,820.54,831.38,0.986969,3131.658,2603.591,1.1,5.153,1999.66
2026-03-26 22:00:00,84,2,TK-01,HSD,8.3108,2610.905,25.49,823.87,831.4,0.990949,2587.274,2151.049,1.4,4.689,1495.47
2026-03-26 22:00:00,84,2,TK-02,HSD,8.4877,2666.496,25.25,825.41,832.74,0.991192,2643.01,2200.953,1.0,4.512,1441.38
2026-03-26 22:00:00,84,2,TK-03,HSD,8.4761,2156.895,26.03,824.28,832.18,0.990503,2136.412,1777.884,1.4,3.524,918.66
2026-03-26 22:00:00,84,2,TK-04,HSD,7.9251,2489.741,25.89,825.77,833.56,0.990654,2466.471,2055.96,1.4,5.075,1616.86
2026-03-26 22:00:00,84,2,TK-05,HSD,8.192,3114.038,25.48,824.01,831.52,0.99096,3085.888,2565.985,1.6,5.308,2045.98
2026-03-27 06:00:00,85,0,TK-01,HSD,8.1546,2561.853,24.62,825.29,832.18,0.991722,2540.646,2114.282,1.2,4.845,1541.56
2026-03-27 06:00:00,85,0,TK-02,HSD,8.3291,2616.654,24.57,827.49,834.33,0.991807,2595.217,2165.26,1.4,4.671,1488.42
2026-03-27 06:00:00,85,0,TK-03,HSD,8.3047,2113.3,23.91,824.31,830.7,0.992307,2097.044,1742.021,0.7,3.695,956.67
2026-03-27 06:00:00,85,0,TK-04,HSD,8.446,2653.392,23.77,827.01,833.28,0.992475,2633.424,2194.385,0.6,4.554,1449.83
2026-03-27 06:00:00,85,0,TK-05,HSD,8.0368,3055.061,24.59,824.69,831.56,0.991737,3029.817,2519.489,1.5,5.463,2100.91
2026-03-27 14:00:00,85,1,TK-01,HSD,7.9996,2513.147,28.9,821.86,831.83,0.988015,2483.027,2065.467,1.2,5.0,1600.47
2026-03-27 14:00:00,85,1,TK-02,HSD,8.1694,2566.494,29.55,821.72,832.16,0.987462,2534.315,2108.951,1.1,4.831,1548.56
2026-03-27 14:00:00,85,1,TK-03,HSD,8.1541,2074.958,29.74,821.87,832.44,0.987306,2048.617,1705.356,1.4,3.846,1005.26
2026-03-27 14:00:00,85,1,TK-04,HSD,8.2949,2605.934,29.97,822.6,833.32,0.987135,2572.409,2143.644,0.9,4.705,1510.86
2026-03-27 14:00:00,85,1,TK-05,HSD,8.6788,3299.1,29.74,820.22,830.81,0.987255,3257.052,2705.985,1.3,4.821,1873.46
2026-03-27 22:00:00,85,2,TK-01,HSD,8.3972,2638.049,27.53,824.2,833.17,0.989239,2609.66,2174.289,1.5,4.603,1473.22
2026-03-27 22:00:00,85,2,TK-02,HSD,8.0387,2525.443,27.53,823.77,832.74,0.989227,2498.236,2080.39,1.0,4.961,1584.22
2026-03-27 22:00:00,85,2,TK-03,HSD,8.02,2040.849,27.4,823.83,832.71,0.989333,2019.079,1681.31,1.1,3.98,1034.07
2026-03-27 22:00:00,85,2,TK-04,HSD,8.1629,2564.451,27.63,824.29,833.33,0.989153,2536.633,2113.847,1.2,4.837,1547.05
2026-03-27 22:00:00,85,2,TK-05,HSD,8.5405,3246.512,27.4,823.06,831.94,0.989319,3211.836,2672.063,1.2,4.96,1919.29
2026-03-28 06:00:00,86,0,TK-01,HSD,8.2446,2590.115,25.32,825.37,832.76,0.991127,2567.133,2137.815,1.1,4.755,1517.47
2026-03-28 06:00:00,86,0,TK-02,HSD,8.6157,2706.704,24.81,825.93,832.95,0.991573,2683.894,2235.548,1.4,4.384,1400.2
2026-03-28 06:00:00,86,0,TK-03,HSD,7.868,2002.173,24.87,824.13,831.2,0.991487,1985.13,1650.041,1.3,4.132,1068.29
2026-03-28 06:00:00,86,0,TK-04,HSD,8.0002,2513.322,25.0,826.68,833.83,0.991426,2491.773,2077.714,0.9,5.0,1590.05
2026-03-28 06:00:00,86,0,TK-05,HSD,8.3747,3183.481,24.89,823.16,830.26,0.991447,3156.254,2620.508,1.6,5.125,1973.74
2026-03-28 14:00:00,86,1,TK-01,HSD,8.1314,2554.564,31.7,821.06,833.03,0.985636,2517.871,2097.455,1.1,4.869,1568.54
2026-03-28 14:00:00,86,1,TK-02,HSD,8.4923,2667.934,31.62,821.63,833.53,0.985719,2629.833,2192.048,1.2,4.508,1453.61
2026-03-28 14:00:00,86,1,TK-03,HSD,7.7559,1973.635,31.67,818.96,830.93,0.985589,1945.193,1616.322,1.1,4.244,1107.8
2026-03-28 14:00:00,86,1,TK-04,HSD,9.0586,2845.837,31.25,822.35,833.99,0.986051,2806.139,2340.284,1.4,3.941,1277.72
2026-03-28 14:00:00,86,1,TK-05,HSD,8.2613,3140.39,31.45,819.48,831.29,0.985785,3095.75,2573.473,1.3,5.239,2036.58
2026-03-28 22:00:00,86,2,TK-01,HSD,7.9906,2510.324,26.06,823.23,831.16,0.990459,2486.373,2066.579,1.1,5.009,1598.27
2026-03-28 22:00:00,86,2,TK-02,HSD,8.3514,2623.677,25.88,824.3,832.1,0.990633,2599.1,2162.7,1.6,4.649,1484.7
2026-03-28 22:00:00,86,2,TK-03,HSD,7.6291,1941.369,25.49,824.54,832.06,0.990964,1923.828,1600.744,0.9,4.371,1130.8
2026-03-28 22:00:00,86,2,TK-04,HSD,8.9049,2797.572,25.44,826.31,833.77,0.991048,2772.528,2311.662,1.4,4.095,1310.88
2026-03-28 22:00:00,86,2,TK-05,HSD,8.5309,3242.865,25.65,823.72,831.36,0.990811,3213.066,2671.218,1.2,4.969,1918.1
2026-03-29 06:00:00,87,0,TK-01,HSD,8.6393,2714.117,24.85,824.59,831.65,0.99151,2691.074,2238.029,1.1,4.361,1392.84
2026-03-29 06:00:00,87,0,TK-02,HSD,8.1878,2572.287,24.35,826.6,833.29,0.991973,2551.638,2126.253,1.2,4.812,1531.22
2026-03-29 06:00:00,87,0,TK-03,HSD,7.478,1902.921,23.97,825.23,831.66,0.992274,1888.218,1570.353,1.6,4.522,1165.21
2026-03-29 06:00:00,87,0,TK-04,HSD,8.7456,2747.51,24.58,825.41,832.26,0.991761,2724.872,2267.809,1.2,4.254,1360.51
2026-03-29 06:00:00,87,0,TK-05,HSD,8.372,3182.48,24.25,824.23,830.86,0.992016,3157.072,2623.097,1.8,5.128,1975.61
2026-03-29 14:00:00,87,1,TK-01,HSD,8.5161,2675.422,32.43,819.57,832.08,0.984964,2635.195,2192.703,0.8,4.484,1449.18
2026-03-29 14:00:00,87,1,TK-02,HSD,8.0727,2536.127,32.42,820.26,832.75,0.985002,2498.09,2080.29,1.1,4.927,1584.66
2026-03-29 14:00:00,87,1,TK-03,HSD,8.437,2146.962,32.34,820.55,832.98,0.985075,2114.919,1761.689,1.2,3.563,938.35
2026-03-29 14:00:00,87,1,TK-04,HSD,8.6176,2707.304,32.46,822.03,834.52,0.985028,2666.769,2225.479,1.0,4.382,1417.53
2026-03-29 14:00:00,87,1,TK-05,HSD,8.2517,3136.725,32.58,817.61,830.25,0.984771,3088.956,2564.602,0.9,5.248,2041.69
2026-03-29 22:00:00,87,2,TK-01,HSD,8.3529,2624.127,25.76,824.01,831.72,0.990724,2599.786,2162.305,1.0,4.647,1484.53
2026-03-29 22:00:00,87,2,TK-02,HSD,7.922,2488.767,25.51,826.33,833.85,0.990989,2466.341,2056.551,1.2,5.078,1618.2
2026-03-29 22:00:00,87,2,TK-03,HSD,8.2798,2106.956,26.09,825.0,832.94,0.990468,2086.873,1738.233,1.1,3.72,966.73
2026-03-29 22:00:00,87,2,TK-04,HSD,8.4432,2652.496,25.43,825.23,832.7,0.991033,2628.711,2188.919,1.1,4.557,1453.31
2026-03-29 22:00:00,87,2,TK-05,HSD,8.6046,3270.906,25.55,821.49,829.07,0.99085,3240.977,2687.008,1.1,4.895,1893.06
2026-03-30 06:00:00,88,0,TK-01,HSD,8.1592,2563.284,22.95,826.95,832.64,0.993165,2545.766,2119.713,1.5,4.841,1537.98
2026-03-30 06:00:00,88,0,TK-02,HSD,8.4982,2669.779,22.91,828.27,833.92,0.993226,2651.693,2211.295,1.5,4.502,1432.95
2026-03-30 06:00:00,88,0,TK-03,HSD,8.0913,2058.992,23.04,825.23,830.99,0.993067,2044.716,1699.144,1.3,3.909,1009.64
2026-03-30 06:00:00,88,0,TK-04,HSD,8.2542,2593.135,22.82,829.07,834.65,0.993316,2575.803,2149.887,1.0,4.746,1507.39
2026-03-30 06:00:00,88,0,TK-05,HSD,8.4023,3193.972,22.5,825.18,830.56,0.993522,3173.283,2635.609,1.6,5.098,1959.64
2026-03-30 14:00:00,88,1,TK-01,HSD,8.0131,2517.388,30.7,820.9,832.16,0.986468,2483.324,2066.526,0.6,4.987,1600.49
2026-03-30 14:00:00,88,1,TK-02,HSD,8.3441,2621.391,30.98,822.48,833.93,0.986281,2585.427,2156.053,1.0,4.656,1498.04
2026-03-30 14:00:00,88,1,TK-03,HSD,7.9408,2020.694,30.53,821.77,832.9,0.986636,1993.689,1660.544,1.1,4.059,1059.82
2026-03-30 14:00:00,88,1,TK-04,HSD,8.1117,2548.373,30.55,822.92,834.05,0.986656,2514.369,2097.104,1.3,4.888,1570.65
2026-03-30 14:00:00,88,1,TK-05,HSD,8.9614,3406.512,30.47,820.11,831.22,0.98664,3361.002,2793.716,1.0,4.539,1770.75
2026-03-30 22:00:00,88,2,TK-01,HSD,8.3074,2609.842,26.44,823.54,831.75,0.990136,2584.097,2149.311,1.7,4.693,1500.7
2026-03-30 22:00:00,88,2,TK-02,HSD,8.2015,2576.567,26.75,825.5,833.9,0.989921,2550.599,2126.956,1.5,4.799,1533.28
2026-03-30 22:00:00,88,2,TK-03,HSD,7.805,1986.14,26.6,824.21,832.51,0.990022,1966.322,1636.988,1.3,4.195,1086.99
2026-03-30 22:00:00,88,2,TK-04,HSD,7.9669,2502.874,26.64,825.73,834.05,0.990025,2477.907,2066.708,1.4,5.033,1604.91
2026-03-30 22:00:00,88,2,TK-05,HSD,8.8045,3346.874,26.45,822.24,830.46,0.990102,3313.745,2751.937,1.4,4.696,1816.55
2026-03-31 06:00:00,89,0,TK-01,HSD,8.1396,2557.117,24.15,825.44,832.0,0.99212,2536.967,2110.75,1.4,4.86,1547.35
2026-03-31 06:00:00,89,0,TK-02,HSD,8.0345,2524.114,23.92,827.82,834.19,0.992358,2504.824,2089.508,1.1,4.965,1579.34
2026-03-31 06:00:00,89,0,TK-03,HSD,7.65,1946.683,24.23,825.68,832.29,0.992059,1931.225,1607.344,1.0,4.35,1122.51
2026-03-31 06:00:00,89,0,TK-04,HSD,8.5376,2682.161,23.77,826.75,833.03,0.992469,2661.962,2217.489,0.9,4.462,1422.92
2026-03-31 06:00:00,89,0,TK-05,HSD,8.6329,3281.634,24.38,824.31,831.04,0.991905,3255.07,2705.097,0.9,4.867,1876.41
2026-03-31 14:00:00,89,1,TK-01,HSD,8.0288,2522.327,31.07,820.97,832.49,0.986157,2487.41,2070.745,1.4,4.971,1598.55
2026-03-31 14:00:00,89,1,TK-02,HSD,8.9136,2800.302,31.17,822.87,834.44,0.986139,2761.486,2304.295,0.9,4.086,1321.2
2026-03-31 14:00:00,89,1,TK-03,HSD,7.5353,1917.495,30.87,821.23,832.61,0.986335,1891.292,1574.712,0.9,4.465,1161.49
2026-03-31 14:00:00,89,1,TK-04,HSD,8.4173,2644.369,31.02,821.99,833.47,0.986231,2607.957,2173.647,1.0,4.583,1476.64
2026-03-31 14:00:00,89,1,TK-05,HSD,8.506,3233.424,31.0,819.34,830.84,0.98616,3188.675,2649.274,1.2,4.994,1942.12
2026-03-31 22:00:00,89,2,TK-01,HSD,8.5444,2684.288,27.81,825.48,834.64,0.989032,2654.847,2215.828,1.4,4.456,1429.31
2026-03-31 22:00:00,89,2,TK-02,HSD,8.7829,2759.216,27.55,824.06,833.04,0.989217,2729.463,2273.751,0.9,4.217,1356.32
2026-03-31 22:00:00,89,2,TK-03,HSD,7.4173,1887.462,27.17,823.79,832.5,0.98953,1867.7,1554.866,1.1,4.583,1185.54
2026-03-31 22:00:00,89,2,TK-04,HSD,8.2781,2600.634,26.89,824.45,832.96,0.989782,2574.061,2144.1,1.5,4.722,1509.78
2026-03-31 22:00:00,89,2,TK-05,HSD,8.3693,3181.437,27.2,821.75,830.51,0.989453,3147.883,2614.361,1.4,5.131,1982.67
2026-04-01 06:00:00,90,0,TK-01,HSD,8.3498,2623.166,23.43,826.76,832.8,0.992754,2604.159,2168.741,1.3,4.65,1480.55
2026-04-01 06:00:00,90,0,TK-02,HSD,8.5836,2696.603,23.66,827.5,833.69,0.992578,2676.589,2231.446,1.9,4.416,1408.97
2026-04-01 06:00:00,90,0,TK-03,HSD,8.1565,2075.582,23.47,826.04,832.1,0.992708,2060.447,1714.507,1.5,3.843,992.51
2026-04-01 06:00:00,90,0,TK-04,HSD,8.0958,2543.362,23.59,827.38,833.52,0.992629,2524.615,2104.328,1.3,4.904,1559.47
2026-04-01 06:00:00,90,0,TK-05,HSD,8.1846,3111.25,23.51,824.36,830.47,0.992649,3088.379,2564.798,1.2,5.315,2043.44
2026-04-01 14:00:00,90,1,TK-01,HSD,8.2052,2577.734,31.02,821.49,832.97,0.98622,2542.214,2117.581,1.7,4.795,1540.59
2026-04-01 14:00:00,90,1,TK-02,HSD,8.4377,2650.794,31.23,821.13,832.77,0.986027,2613.754,2176.65,1.2,4.562,1470.66
2026-04-01 14:00:00,90,1,TK-03,HSD,8.0291,2043.159,31.49,819.01,830.85,0.985743,2014.029,1673.363,1.6,3.971,1040.04
2026-04-01 14:00:00,90,1,TK-04,HSD,7.9629,2501.625,31.03,821.3,832.79,0.986201,2467.106,2054.59,1.6,5.037,1617.69
2026-04-01 14:00:00,90,1,TK-05,HSD,8.7934,3342.663,31.29,818.86,830.57,0.985903,3295.542,2737.167,0.5,4.707,1835.05
2026-04-01 22:00:00,90,2,TK-01,HSD,8.0975,2543.92,26.49,825.11,833.33,0.990136,2518.828,2099.014,1.3,4.902,1566.89
2026-04-01 22:00:00,90,2,TK-02,HSD,8.3116,2611.168,26.4,826.62,834.76,0.990246,2585.7,2158.437,1.0,4.688,1497.69
2026-04-01 22:00:00,90,2,TK-03,HSD,7.9005,2010.442,26.23,823.53,831.58,0.990314,1990.969,1655.658,0.9,4.099,1060.87
2026-04-01 22:00:00,90,2,TK-04,HSD,8.3729,2630.417,26.35,826.54,834.65,0.990282,2604.854,2174.149,1.4,4.627,1478.36
2026-04-01 22:00:00,90,2,TK-05,HSD,8.6664,3294.386,26.7,822.61,831.01,0.989894,3261.093,2709.994,0.7,4.834,1869.14
2026-04-02 06:00:00,91,0,TK-01,HSD,8.541,2683.221,25.27,827.42,834.76,0.991218,2659.656,2220.164,1.7,4.459,1423.18
2026-04-02 06:00:00,91,0,TK-02,HSD,8.1759,2568.521,25.74,826.72,834.39,0.990801,2544.894,2123.446,1.7,4.824,1539.4
2026-04-02 06:00:00,91,0,TK-03,HSD,7.7781,1979.275,25.8,823.75,831.49,0.990685,1960.838,1630.426,1.3,4.222,1093.01
2026-04-02 06:00:00,91,0,TK-04,HSD,8.2396,2588.561,25.72,824.9,832.58,0.990777,2564.687,2135.301,1.3,4.76,1520.39
2026-04-02 06:00:00,91,0,TK-05,HSD,8.5234,3240.007,25.37,823.94,831.38,0.99106,3211.041,2669.585,1.9,4.977,1921.76
2026-04-02 14:00:00,91,1,TK-01,HSD,8.3895,2635.652,29.9,823.1,833.76,0.987211,2601.945,2169.395,1.0,4.61,1483.78
2026-04-02 14:00:00,91,1,TK-02,HSD,8.7937,2762.634,29.82,823.24,833.84,0.987278,2727.487,2274.298,1.3,4.206,1356.8
2026-04-02 14:00:00,91,1,TK-03,HSD,7.6254,1940.429,30.1,821.21,832.04,0.986984,1915.171,1593.494,0.9,4.375,1137.66
2026-04-02 14:00:00,91,1,TK-04,HSD,8.0748,2536.772,29.5,823.34,833.72,0.987555,2505.201,2088.632,1.5,4.925,1578.77
2026-04-02 14:00:00,91,1,TK-05,HSD,8.3617,3178.563,29.99,820.74,831.49,0.987064,3137.444,2608.766,1.2,5.138,1994.87
2026-04-02 22:00:00,91,2,TK-01,HSD,8.2452,2590.305,26.59,824.71,833.01,0.990044,2564.517,2136.263,1.3,4.755,1518.12
2026-04-02 22:00:00,91,2,TK-02,HSD,8.6526,2718.285,26.15,827.19,835.15,0.990471,2692.384,2248.532,1.1,4.347,1392.81
2026-04-02 22:00:00,91,2,TK-03,HSD,7.5052,1909.831,26.33,823.67,831.79,0.990233,1891.178,1573.067,1.6,4.495,1162.96
2026-04-02 22:00:00,91,2,TK-04,HSD,8.4203,2645.33,25.82,826.03,833.77,0.990717,2620.774,2185.134,1.1,4.58,1461.97
2026-04-02 22:00:00,91,2,TK-05,HSD,8.2234,3125.973,26.61,822.52,830.85,0.989972,3094.627,2571.183,1.3,5.277,2036.29
2026-04-03 06:00:00,92,0,TK-01,HSD,8.0848,2539.929,24.54,826.92,833.74,0.991822,2519.158,2100.311,1.4,4.915,1564.91
2026-04-03 06:00:00,92,0,TK-02,HSD,8.473,2661.875,24.02,826.93,833.38,0.99226,2641.272,2201.191,1.0,4.527,1441.89
2026-04-03 06:00:00,92,0,TK-03,HSD,7.3482,1869.885,23.93,825.59,831.99,0.992312,1855.51,1543.768,2.1,4.652,1197.44
2026-04-03 06:00:00,92,0,TK-04,HSD,8.2535,2592.922,23.89,826.72,833.08,0.992368,2573.134,2143.628,1.0,4.746,1509.79
2026-04-03 06:00:00,92,0,TK-05,HSD,8.6643,3293.567,24.33,824.46,831.15,0.99195,3267.053,2715.408,0.9,4.836,1863.79
2026-04-03 14:00:00,92,1,TK-01,HSD,7.9747,2505.333,31.6,822.26,834.14,0.985756,2469.647,2060.028,0.8,5.025,1614.66
2026-04-03 14:00:00,92,1,TK-02,HSD,8.3596,2626.261,31.23,821.97,833.59,0.986058,2589.646,2158.711,1.1,4.64,1494.07
2026-04-03 14:00:00,92,1,TK-03,HSD,8.3958,2136.482,31.62,820.35,832.27,0.985676,2105.879,1752.662,1.4,3.604,947.83
2026-04-03 14:00:00,92,1,TK-04,HSD,8.1445,2558.681,31.77,821.07,833.08,0.985576,2521.773,2100.848,1.5,4.855,1560.63
2026-04-03 14:00:00,92,1,TK-05,HSD,8.5489,3249.702,31.23,819.57,831.23,0.985974,3204.122,2663.369,0.8,4.951,1928.33
2026-04-03 22:00:00,92,2,TK-01,HSD,8.4323,2649.091,25.27,826.63,833.97,0.991197,2625.77,2189.809,0.6,4.568,1457.0
2026-04-03 22:00:00,92,2,TK-02,HSD,8.2253,2584.049,26.05,826.53,834.42,0.990537,2559.596,2135.786,1.9,4.775,1526.02
2026-04-03 22:00:00,92,2,TK-03,HSD,8.2511,2099.645,26.08,823.25,831.2,0.990441,2079.574,1728.543,1.4,3.749,973.81
2026-04-03 22:00:00,92,2,TK-04,HSD,8.0149,2517.969,26.05,824.84,832.75,0.990497,2494.042,2076.912,1.3,4.985,1591.76
2026-04-03 22:00:00,92,2,TK-05,HSD,8.4073,3195.883,25.72,822.89,830.58,0.990734,3166.269,2629.846,1.0,5.093,1967.85
2026-04-04 06:00:00,93,0,TK-01,HSD,8.3005,2607.678,23.16,827.78,833.61,0.993006,2589.44,2158.59,1.2,4.7,1495.03
2026-04-04 06:00:00,93,0,TK-02,HSD,8.0808,2538.661,23.42,827.87,833.88,0.992787,2520.349,2101.672,1.7,4.919,1563.05
2026-04-04 06:00:00,93,0,TK-03,HSD,8.1143,2064.847,23.39,825.64,831.65,0.992772,2049.922,1704.814,1.2,3.886,1003.91
2026-04-04 06:00:00,93,0,TK-04,HSD,8.6695,2723.613,23.9,826.89,833.26,0.992364,2702.815,2252.136,0.5,4.33,1380.59
2026-04-04 06:00:00,93,0,TK-05,HSD,8.2629,3140.999,23.62,825.04,831.22,0.992566,3117.647,2591.456,1.0,5.237,2013.64
2026-04-04 14:00:00,93,1,TK-01,HSD,8.1614,2563.991,30.19,822.84,833.72,0.986955,2530.544,2109.766,1.4,4.839,1553.7
2026-04-04 14:00:00,93,1,TK-02,HSD,7.9473,2496.724,30.02,823.26,834.0,0.987116,2464.557,2055.442,1.3,5.053,1620.18
2026-04-04 14:00:00,93,1,TK-03,HSD,7.975,2029.384,29.88,820.26,830.95,0.987138,2003.282,1664.63,1.3,4.025,1050.36
2026-04-04 14:00:00,93,1,TK-04,HSD,8.517,2675.685,29.98,822.83,833.55,0.98713,2641.25,2201.627,1.2,4.483,1441.85
2026-04-04 14:00:00,93,1,TK-05,HSD,8.8484,3363.579,30.51,820.16,831.3,0.986604,3318.52,2758.674,1.5,4.652,1813.12
2026-04-04 22:00:00,93,2,TK-01,HSD,8.0255,2521.273,26.09,825.61,833.54,0.99048,2497.271,2081.586,0.7,4.975,1587.06
2026-04-04 22:00:00,93,2,TK-02,HSD,8.367,2628.578,26.54,824.77,833.03,0.990084,2602.514,2167.961,1.8,4.633,1480.82
2026-04-04 22:00:00,93,2,TK-03,HSD,7.8475,1996.935,26.5,824.29,832.53,0.990105,1977.176,1646.054,1.6,4.153,1076.77
2026-04-04 22:00:00,93,2,TK-04,HSD,8.3803,2632.76,26.1,825.5,833.44,0.990472,2607.674,2173.344,1.0,4.62,1476.69
2026-04-04 22:00:00,93,2,TK-05,HSD,8.697,3306.021,25.55,823.43,830.99,0.990895,3275.922,2722.265,1.7,4.803,1856.87
2026-04-05 06:00:00,94,0,TK-01,HSD,8.5995,2701.616,24.99,827.77,834.9,0.991454,2678.528,2236.312,1.3,4.4,1407.49
2026-04-05 06:00:00,94,0,TK-02,HSD,8.222,2583.03,25.14,824.98,832.24,0.991275,2560.493,2130.937,1.8,4.778,1522.91
2026-04-05 06:00:00,94,0,TK-03,HSD,7.7094,1961.81,24.27,825.39,832.03,0.992023,1946.161,1619.267,1.1,4.291,1108.74
2026-04-05 06:00:00,94,0,TK-04,HSD,8.2389,2588.316,24.67,825.46,832.39,0.991678,2566.776,2136.546,1.4,4.761,1518.84
2026-04-05 06:00:00,94,0,TK-05,HSD,8.5484,3249.516,24.7,825.03,831.98,0.991644,3222.362,2680.946,1.2,4.952,1909.82
2026-04-05 14:00:00,94,1,TK-01,HSD,8.482,2664.69,32.28,821.46,833.83,0.985164,2625.157,2188.933,0.9,4.518,1458.86
2026-04-05 14:00:00,94,1,TK-02,HSD,8.853,2781.24,32.18,820.56,832.87,0.985214,2740.116,2282.162,1.6,4.147,1344.49
2026-04-05 14:00:00,94,1,TK-03,HSD,7.6132,1937.313,32.78,818.92,831.68,0.98465,1907.575,1586.5,1.5,4.387,1146.07
2026-04-05 14:00:00,94,1,TK-04,HSD,8.1245,2552.394,32.26,820.08,832.46,0.98513,2514.44,2093.163,0.9,4.875,1568.08
2026-04-05 14:00:00,94,1,TK-05,HSD,8.4406,3208.545,32.66,819.65,832.32,0.984779,3159.706,2629.885,1.5,5.059,1971.66
2026-04-05 22:00:00,94,2,TK-01,HSD,8.3525,2624.013,26.32,825.55,833.65,0.990284,2598.519,2166.252,1.2,4.648,1485.65
2026-04-05 22:00:00,94,2,TK-02,HSD,8.7221,2740.12,26.98,824.5,833.08,0.989703,2711.906,2259.236,0.7,4.278,1372.44
2026-04-05 22:00:00,94,2,TK-03,HSD,7.4985,1908.124,26.94,823.36,831.92,0.989712,1888.493,1571.07,1.3,4.502,1165.53
2026-04-05 22:00:00,94,2,TK-04,HSD,8.502,2670.971,26.81,824.71,833.16,0.989858,2643.883,2202.788,1.3,4.498,1440.55
2026-04-05 22:00:00,94,2,TK-05,HSD,8.3135,3160.235,26.84,822.16,830.66,0.989768,3127.9,2598.234,1.3,5.186,2003.9
2026-04-06 06:00:00,95,0,TK-01,HSD,8.1619,2564.148,22.56,827.91,833.31,0.993517,2547.524,2122.877,1.6,4.838,1537.68
2026-04-06 06:00:00,95,0,TK-02,HSD,8.5162,2675.441,22.42,826.87,832.19,0.993615,2658.357,2212.25,1.0,4.484,1426.73
2026-04-06 06:00:00,95,0,TK-03,HSD,7.327,1864.499,23.12,827.32,833.13,0.993034,1851.511,1542.545,0.9,4.673,1203.33
2026-04-06 06:00:00,95,0,TK-04,HSD,8.3106,2610.867,23.32,827.5,833.45,0.992863,2592.235,2160.503,1.2,4.689,1493.48
2026-04-06 06:00:00,95,0,TK-05,HSD,8.7145,3312.679,22.53,825.46,830.86,0.9935,3291.147,2734.469,0.7,4.785,1840.88
2026-04-06 14:00:00,95,1,TK-01,HSD,8.0235,2520.653,31.09,822.88,834.39,0.986205,2485.881,2074.202,1.1,4.977,1597.52
2026-04-06 14:00:00,95,1,TK-02,HSD,8.3765,2631.563,31.41,820.74,832.51,0.985862,2594.358,2159.82,1.0,4.623,1489.19
2026-04-06 14:00:00,95,1,TK-03,HSD,8.3672,2129.181,31.36,819.35,831.11,0.985859,2099.072,1744.551,1.4,3.633,954.54
2026-04-06 14:00:00,95,1,TK-04,HSD,8.167,2565.748,31.09,822.39,833.91,0.986186,2530.305,2110.046,1.8,4.833,1554.37
2026-04-06 14:00:00,95,1,TK-05,HSD,8.577,3260.386,31.71,818.98,830.98,0.985551,3213.277,2670.183,1.3,4.923,1918.22
2026-04-06 22:00:00,95,2,TK-01,HSD,8.3221,2614.455,27.34,824.85,833.68,0.989412,2586.773,2156.54,1.3,4.678,1497.03
2026-04-06 22:00:00,95,2,TK-02,HSD,8.2204,2582.509,26.9,823.97,832.49,0.98976,2556.065,2127.898,1.3,4.78,1527.92
2026-04-06 22:00:00,95,2,TK-03,HSD,8.2145,2090.327,27.14,824.31,833.0,0.989564,2068.514,1723.078,1.5,3.786,985.87
2026-04-06 22:00:00,95,2,TK-04,HSD,8.0191,2519.266,27.09,824.63,833.28,0.989614,2493.102,2077.456,1.5,4.981,1592.12
2026-04-06 22:00:00,95,2,TK-05,HSD,8.4117,3197.578,27.15,823.21,831.92,0.989533,3164.108,2632.293,1.3,5.088,1966.18
2026-04-07 06:00:00,96,0,TK-01,HSD,8.1625,2564.327,24.96,826.92,834.04,0.991467,2542.445,2120.504,1.2,4.837,1542.29
2026-04-07 06:00:00,96,0,TK-02,HSD,8.0692,2535.017,24.62,826.65,833.53,0.991746,2514.094,2095.571,1.5,4.931,1572.64
2026-04-07 06:00:00,96,0,TK-03,HSD,8.0529,2049.201,24.99,826.19,833.34,0.991422,2031.623,1693.032,0.7,3.947,1022.05
2026-04-07 06:00:00,96,0,TK-04,HSD,8.7373,2744.89,24.87,825.4,832.47,0.991509,2721.582,2265.642,1.0,4.263,1361.23
2026-04-07 06:00:00,96,0,TK-05,HSD,8.2534,3137.401,24.87,823.71,830.79,0.991473,3110.648,2584.299,0.8,5.247,2021.57
2026-04-07 14:00:00,96,1,TK-01,HSD,8.0052,2514.905,30.73,822.66,833.92,0.986495,2480.94,2068.905,1.2,4.995,1602.79
2026-04-07 14:00:00,96,1,TK-02,HSD,7.9071,2484.099,30.4,821.34,832.39,0.986736,2451.149,2040.301,0.7,5.093,1632.41
2026-04-07 14:00:00,96,1,TK-03,HSD,7.9011,2010.576,30.56,821.39,832.54,0.986598,1983.629,1651.458,1.3,4.099,1070.4
2026-04-07 14:00:00,96,1,TK-04,HSD,8.579,2695.177,30.88,822.41,833.78,0.986364,2658.426,2216.553,1.1,4.421,1426.03
2026-04-07 14:00:00,96,1,TK-05,HSD,8.8891,3379.042,31.12,819.18,830.76,0.986058,3331.932,2768.038,0.7,4.611,1798.6
2026-04-07 22:00:00,96,2,TK-01,HSD,7.8698,2472.376,27.32,825.9,834.7,0.989456,2446.308,2041.925,1.7,5.13,1635.63
2026-04-07 22:00:00,96,2,TK-02,HSD,8.2641,2596.251,27.99,823.27,832.57,0.988825,2567.237,2137.407,0.5,4.736,1516.79
2026-04-07 22:00:00,96,2,TK-03,HSD,7.777,1978.993,28.22,822.16,831.64,0.988597,1956.427,1627.043,1.0,4.223,1096.65
2026-04-07 22:00:00,96,2,TK-04,HSD,8.4476,2653.907,27.94,823.14,832.41,0.988864,2624.353,2184.547,1.1,4.552,1461.21
2026-04-07 22:00:00,96,2,TK-05,HSD,8.7447,3324.158,27.64,822.1,831.17,0.989088,3287.886,2732.796,1.3,4.755,1842.71
2026-04-08 06:00:00,97,0,TK-01,HSD,8.5086,2673.071,26.61,825.64,833.94,0.990043,2646.456,2206.995,0.9,4.491,1438.29
2026-04-08 06:00:00,97,0,TK-02,HSD,8.0902,2541.604,26.36,825.3,833.43,0.990246,2516.812,2097.582,1.4,4.91,1566.85
2026-04-08 06:00:00,97,0,TK-03,HSD,7.6108,1936.7,26.4,824.11,832.28,0.990185,1917.691,1596.062,1.1,4.389,1134.81
2026-04-08 06:00:00,97,0,TK-04,HSD,8.2608,2595.213,26.58,826.01,834.28,0.990082,2569.473,2143.667,0.9,4.739,1512.35
2026-04-08 06:00:00,97,0,TK-05,HSD,8.5664,3256.354,26.37,822.78,830.94,0.990183,3224.386,2679.257,1.2,4.934,1906.85
2026-04-08 14:00:00,97,1,TK-01,HSD,8.3642,2627.705,32.41,823.36,835.79,0.98512,2588.606,2163.543,1.0,4.636,1495.48
2026-04-08 14:00:00,97,1,TK-02,HSD,8.9012,2796.409,33.1,820.85,833.82,0.984449,2752.921,2295.433,1.1,4.099,1331.1
2026-04-08 14:00:00,97,1,TK-03,HSD,7.4908,1906.174,32.48,819.94,832.48,0.984937,1877.462,1562.949,0.9,4.509,1176.29
2026-04-08 14:00:00,97,1,TK-04,HSD,8.1355,2555.836,32.97,819.71,832.6,0.984515,2516.258,2095.036,1.5,4.865,1567.94
2026-04-08 14:00:00,97,1,TK-05,HSD,8.4343,3206.14,33.21,817.78,830.87,0.984249,3155.64,2621.921,0.8,5.066,1976.56
2026-04-08 22:00:00,97,2,TK-01,HSD,8.2113,2579.666,25.96,827.03,834.86,0.990629,2555.492,2133.47,1.6,4.789,1528.05
2026-04-08 22:00:00,97,2,TK-02,HSD,8.7396,2745.621,26.11,825.86,833.8,0.990475,2719.469,2267.497,1.0,4.26,1365.73
2026-04-08 22:00:00,97,2,TK-03,HSD,8.0174,2040.177,26.1,825.76,833.7,0.99048,2020.754,1684.703,0.9,3.983,1033.96
2026-04-08 22:00:00,97,2,TK-04,HSD,7.9896,2510.003,26.12,825.51,833.47,0.990454,2486.042,2072.03,0.9,5.01,1599.59
2026-04-08 22:00:00,97,2,TK-05,HSD,8.2745,3145.425,26.39,822.89,831.06,0.990168,3114.5,2588.324,0.6,5.225,2016.25
2026-04-09 06:00:00,98,0,TK-01,HSD,8.0822,2539.092,26.1,826.63,834.57,0.990496,2514.959,2098.9,1.1,4.918,1569.16
2026-04-09 06:00:00,98,0,TK-02,HSD,8.5939,2699.845,26.14,824.75,832.73,0.99042,2673.979,2226.698,1.5,4.406,1409.45
2026-04-09 06:00:00,98,0,TK-03,HSD,7.8863,2006.825,26.36,823.79,831.93,0.990214,1987.186,1653.2,1.7,4.114,1066.45
2026-04-09 06:00:00,98,0,TK-04,HSD,8.6232,2709.072,26.43,824.83,833.01,0.990178,2682.463,2234.531,1.5,4.377,1401.34
2026-04-09 06:00:00,98,0,TK-05,HSD,8.1453,3096.296,26.59,823.1,831.41,0.99,3065.334,2548.557,1.4,5.355,2066.37
2026-04-09 14:00:00,98,1,TK-01,HSD,7.8955,2480.443,30.71,824.43,835.65,0.986573,2447.139,2044.958,1.0,5.105,1634.27
2026-04-09 14:00:00,98,1,TK-02,HSD,8.4018,2639.509,30.35,821.69,832.69,0.986792,2604.645,2168.869,1.4,4.598,1478.69
2026-04-09 14:00:00,98,1,TK-03,HSD,7.713,1962.711,31.1,821.19,832.74,0.986138,1935.504,1611.762,0.8,4.287,1117.89
2026-04-09 14:00:00,98,1,TK-04,HSD,8.4333,2649.397,30.79,821.12,832.44,0.986395,2613.352,2175.462,2.1,4.567,1470.79
2026-04-09 14:00:00,98,1,TK-05,HSD,8.6197,3276.616,30.33,821.27,832.26,0.986793,3233.34,2690.987,1.6,4.88,1898.14
2026-04-09 22:00:00,98,2,TK-01,HSD,8.3118,2611.241,26.99,824.86,833.43,0.989709,2584.369,2153.896,1.3,4.688,1498.81
2026-04-09 22:00:00,98,2,TK-02,HSD,8.2733,2599.141,27.35,823.67,832.52,0.98937,2571.512,2140.832,0.9,4.727,1511.72
2026-04-09 22:00:00,98,2,TK-03,HSD,7.5831,1929.663,26.74,824.12,832.52,0.989899,1910.173,1590.266,0.5,4.417,1142.43
2026-04-09 22:00:00,98,2,TK-04,HSD,8.2989,2607.172,27.14,824.49,833.18,0.989572,2579.985,2149.586,1.0,4.701,1503.92
2026-04-09 22:00:00,98,2,TK-05,HSD,8.4891,3226.994,27.08,823.87,832.53,0.989606,3193.452,2658.639,0.8,5.011,1939.13
2026-04-10 06:00:00,99,0,TK-01,HSD,8.134,2555.366,24.35,827.98,834.65,0.992001,2534.925,2115.786,1.7,4.866,1549.01
2026-04-10 06:00:00,99,0,TK-02,HSD,8.0942,2542.853,24.51,827.2,834.0,0.991849,2522.127,2103.451,1.1,4.906,1561.67
2026-04-10 06:00:00,99,0,TK-03,HSD,8.354,2125.825,24.44,826.07,832.82,0.991891,2108.587,1756.081,0.8,3.646,946.19
2026-04-10 06:00:00,99,0,TK-04,HSD,8.1187,2550.576,24.63,827.29,834.17,0.991749,2529.533,2110.054,1.1,4.881,1554.02
2026-04-10 06:00:00,99,0,TK-05,HSD,8.3011,3155.527,24.38,825.31,832.03,0.991922,3130.036,2604.29,1.6,5.199,2001.13
2026-04-10 14:00:00,99,1,TK-01,HSD,8.0092,2516.178,32.71,821.75,834.43,0.984811,2477.959,2067.68,1.2,4.991,1607.39
2026-04-10 14:00:00,99,1,TK-02,HSD,7.9705,2504.011,33.13,820.7,833.68,0.98442,2464.999,2055.03,1.0,5.029,1619.76
2026-04-10 14:00:00,99,1,TK-03,HSD,8.2196,2091.64,32.78,819.45,832.21,0.984673,2059.582,1714.004,1.0,3.78,994.72
2026-04-10 14:00:00,99,1,TK-04,HSD,7.99,2510.126,32.49,821.62,834.14,0.984987,2472.441,2062.357,0.8,5.01,1612.28
2026-04-10 14:00:00,99,1,TK-05,HSD,9.0446,3438.137,32.97,818.22,831.12,0.984467,3384.732,2813.135,1.8,4.455,1748.92
2026-04-10 22:00:00,99,2,TK-01,HSD,7.8725,2473.217,27.87,823.91,833.13,0.988936,2445.853,2037.703,1.2,5.128,1639.06
2026-04-10 22:00:00,99,2,TK-02,HSD,8.4605,2657.948,27.72,823.45,832.56,0.989055,2628.858,2188.686,2.0,4.539,1455.91
2026-04-10 22:00:00,99,2,TK-03,HSD,8.0745,2054.699,27.76,823.18,832.33,0.98901,2032.118,1691.395,1.5,3.926,1021.06
2026-04-10 22:00:00,99,2,TK-04,HSD,7.8536,2467.269,27.78,823.87,833.03,0.989012,2440.159,2032.716,1.1,5.146,1643.9
2026-04-10 22:00:00,99,2,TK-05,HSD,8.8752,3373.762,27.68,821.18,830.29,0.989025,3336.736,2770.457,1.5,4.625,1792.19
2026-04-11 06:00:00,100,0,TK-01,HSD,7.703,2419.966,23.62,827.2,833.37,0.9926,2402.059,2001.796,1.4,5.297,1681.68
2026-04-11 06:00:00,100,0,TK-02,HSD,8.2795,2601.066,23.59,825.82,831.97,0.992604,2581.828,2148.009,1.3,4.721,1501.73
2026-04-11 06:00:00,100,0,TK-03,HSD,7.904,2011.319,23.48,826.78,832.84,0.992717,1996.67,1662.911,1.2,4.096,1056.48
2026-04-11 06:00:00,100,0,TK-04,HSD,8.4506,2654.834,23.58,826.11,832.26,0.992618,2635.235,2193.192,1.3,4.549,1446.67
2026-04-11 06:00:00,100,0,TK-05,HSD,8.6952,3305.33,23.61,823.77,829.95,0.992553,3280.717,2722.843,1.5,4.805,1850.4
2026-04-11 14:00:00,100,1,TK-01,HSD,8.5155,2675.214,31.17,821.34,832.93,0.986086,2637.992,2197.255,1.0,4.485,1447.18
2026-04-11 14:00:00,100,1,TK-02,HSD,8.1703,2566.778,31.84,819.53,831.62,0.98546,2529.458,2103.542,1.0,4.83,1554.32
2026-04-11 14:00:00,100,1,TK-03,HSD,7.8004,1984.97,31.61,821.47,833.36,0.985725,1956.634,1630.59,1.3,4.2,1097.16
2026-04-11 14:00:00,100,1,TK-04,HSD,8.3372,2619.206,31.54,823.04,834.87,0.985833,2582.099,2155.715,1.7,4.663,1500.38
2026-04-11 14:00:00,100,1,TK-05,HSD,8.5787,3261.054,31.42,819.87,831.65,0.98583,3214.844,2673.639,1.2,4.921,1917.23
2026-04-11 22:00:00,100,2,TK-01,HSD,8.3797,2632.564,27.25,824.41,833.19,0.989472,2604.849,2170.323,1.3,4.62,1479.81
2026-04-11 22:00:00,100,2,TK-02,HSD,8.5031,2671.333,26.83,823.41,831.89,0.98981,2644.111,2199.608,1.5,4.497,1440.44
2026-04-11 22:00:00,100,2,TK-03,HSD,7.6704,1951.885,26.9,825.33,833.83,0.989797,1931.969,1610.942,1.1,4.33,1121.37
2026-04-11 22:00:00,100,2,TK-04,HSD,8.2062,2578.041,27.04,825.46,834.07,0.989679,2551.432,2128.08,1.4,4.794,1532.35
2026-04-11 22:00:00,100,2,TK-05,HSD,8.4389,3207.886,27.06,822.87,831.52,0.989595,3174.507,2639.675,1.4,5.061,1957.01
2026-04-12 06:00:00,101,0,TK-01,HSD,8.2116,2579.764,24.44,826.3,833.05,0.991895,2558.856,2131.654,1.3,4.788,1524.32
2026-04-12 06:00:00,101,0,TK-02,HSD,8.3366,2619.023,24.65,825.95,832.86,0.991708,2597.306,2163.184,1.3,4.663,1485.63
2026-04-12 06:00:00,101,0,TK-03,HSD,7.5305,1916.285,24.78,825.38,832.39,0.991587,1900.163,1581.669,2.1,4.469,1154.4
2026-04-12 06:00:00,101,0,TK-04,HSD,8.0495,2528.81,24.79,826.06,833.06,0.991593,2507.551,2088.943,1.2,4.951,1575.96
2026-04-12 06:00:00,101,0,TK-05,HSD,8.9602,3406.078,24.9,824.19,831.28,0.991462,3376.996,2807.241,1.1,4.54,1755.41
2026-04-12 14:00:00,101,1,TK-01,HSD,8.062,2532.751,32.31,821.09,833.49,0.985118,2495.058,2079.616,1.1,4.938,1589.19
2026-04-12 14:00:00,101,1,TK-02,HSD,8.1834,2570.89,32.07,820.67,832.91,0.985309,2533.122,2109.852,0.8,4.817,1551.48
2026-04-12 14:00:00,101,1,TK-03,HSD,7.383,1878.734,31.71,820.99,832.96,0.985625,1851.728,1542.424,1.4,4.617,1202.53
2026-04-12 14:00:00,101,1,TK-04,HSD,8.8872,2791.981,32.23,820.92,833.26,0.985186,2750.621,2291.985,0.9,4.113,1332.83
2026-04-12 14:00:00,101,1,TK-05,HSD,8.7881,3340.642,31.86,819.08,831.19,0.98543,3291.969,2736.255,1.0,4.712,1840.97
2026-04-12 22:00:00,101,2,TK-01,HSD,7.912,2485.62,27.44,823.32,832.23,0.989284,2458.984,2046.45,1.0,5.088,1624.67
2026-04-12 22:00:00,101,2,TK-02,HSD,8.0352,2524.347,27.37,823.72,832.57,0.989361,2497.491,2079.346,1.1,4.965,1587.49
2026-04-12 22:00:00,101,2,TK-03,HSD,7.9715,2028.5,27.35,823.23,832.08,0.989364,2006.926,1669.926,0.9,4.028,1046.47
2026-04-12 22:00:00,101,2,TK-04,HSD,8.7306,2742.801,27.5,824.35,833.3,0.98926,2713.345,2261.02,1.3,4.269,1371.95
2026-04-12 22:00:00,101,2,TK-05,HSD,8.6266,3279.267,27.42,821.61,830.53,0.989265,3244.062,2694.282,1.7,4.873,1887.77
2026-04-13 06:00:00,102,0,TK-01,HSD,8.2916,2604.873,26.53,824.71,832.96,0.990091,2579.061,2148.254,1.0,4.708,1504.35
2026-04-13 06:00:00,102,0,TK-02,HSD,7.8734,2473.514,26.33,823.95,832.07,0.990242,2449.378,2038.047,1.2,5.127,1632.87
2026-04-13 06:00:00,102,0,TK-03,HSD,7.8187,1989.623,26.6,823.98,832.29,0.990017,1969.76,1639.408,0.9,4.181,1082.95
2026-04-13 06:00:00,102,0,TK-04,HSD,8.5522,2686.749,26.35,824.86,832.99,0.99025,2660.553,2216.205,1.5,4.448,1421.24
2026-04-13 06:00:00,102,0,TK-05,HSD,8.4665,3218.412,26.66,822.88,831.25,0.989935,3186.019,2648.374,0.9,5.033,1946.73
2026-04-13 14:00:00,102,1,TK-01,HSD,8.1435,2558.347,32.95,819.58,832.46,0.984534,2518.78,2096.774,1.0,4.857,1565.07
2026-04-13 14:00:00,102,1,TK-02,HSD,8.7377,2745.018,32.66,820.2,832.86,0.9848,2703.295,2251.456,1.1,4.262,1379.33
2026-04-13 14:00:00,102,1,TK-03,HSD,7.6792,1954.128,32.85,819.74,832.54,0.984619,1924.072,1601.873,1.4,4.321,1129.33
2026-04-13 14:00:00,102,1,TK-04,HSD,8.4093,2641.845,32.71,820.21,832.91,0.984758,2601.58,2166.877,0.7,4.591,1483.92
2026-04-13 14:00:00,102,1,TK-05,HSD,8.3109,3159.226,33.07,817.59,830.58,0.984357,3109.807,2582.946,0.7,5.189,2021.69
2026-04-13 22:00:00,102,2,TK-01,HSD,7.9966,2512.19,26.73,823.48,831.89,0.989894,2486.802,2068.735,1.3,5.003,1595.82
2026-04-13 22:00:00,102,2,TK-02,HSD,8.5931,2699.61,26.55,824.53,832.8,0.99007,2672.802,2225.922,1.5,4.407,1412.35
2026-04-13 22:00:00,102,2,TK-03,HSD,7.5525,1921.882,26.89,824.22,832.74,0.989779,1902.239,1584.062,1.4,4.447,1152.82
2026-04-13 22:00:00,102,2,TK-04,HSD,8.2587,2594.549,27.19,824.97,833.69,0.989539,2567.407,2140.43,1.2,4.741,1515.66
2026-04-13 22:00:00,102,2,TK-05,HSD,8.5508,3250.433,27.19,822.5,831.25,0.989481,3216.241,2673.484,0.9,4.949,1917.05
2026-04-14 06:00:00,103,0,TK-01,HSD,8.8328,2774.895,25.26,826.02,833.36,0.991191,2750.451,2292.116,1.2,4.167,1334.12
2026-04-14 06:00:00,103,0,TK-02,HSD,8.4683,2660.401,25.96,825.29,833.13,0.990586,2635.355,2195.592,1.5,4.532,1449.65
2026-04-14 06:00:00,103,0,TK-03,HSD,7.4358,1892.189,25.95,823.99,831.84,0.990561,1874.329,1559.145,1.5,4.564,1179.36
2026-04-14 06:00:00,103,0,TK-04,HSD,8.1343,2555.454,25.46,824.99,832.48,0.991003,2532.461,2108.215,0.8,4.866,1551.51
2026-04-14 06:00:00,103,0,TK-05,HSD,8.4136,3198.303,25.71,823.74,831.42,0.990764,3168.763,2634.584,1.1,5.086,1961.93
2026-04-14 14:00:00,103,1,TK-01,HSD,8.6694,2723.575,31.71,820.02,832.01,0.98559,2684.327,2233.397,1.3,4.331,1398.7
2026-04-14 14:00:00,103,1,TK-02,HSD,8.3087,2610.262,31.44,821.78,833.55,0.985874,2573.39,2145.052,1.4,4.691,1511.52
2026-04-14 14:00:00,103,1,TK-03,HSD,8.3631,2128.137,31.43,820.04,831.83,0.985822,2097.964,1745.152,1.7,3.637,954.47
2026-04-14 14:00:00,103,1,TK-04,HSD,7.9876,2509.389,31.52,822.27,834.09,0.985827,2473.824,2063.389,1.3,5.012,1610.99
2026-04-14 14:00:00,103,1,TK-05,HSD,8.2612,3140.334,31.34,818.8,830.55,0.985857,3095.922,2571.314,1.6,5.239,2036.38
2026-04-14 22:00:00,103,2,TK-01,HSD,8.5377,2682.184,26.64,823.37,831.72,0.989966,2655.271,2208.441,1.2,4.462,1428.49
2026-04-14 22:00:00,103,2,TK-02,HSD,8.1782,2569.265,26.48,823.53,831.75,0.99011,2543.854,2115.855,1.0,4.822,1540.06
2026-04-14 22:00:00,103,2,TK-03,HSD,8.2378,2096.259,26.66,824.32,832.67,0.989976,2075.245,1727.989,0.9,3.762,977.76
2026-04-14 22:00:00,103,2,TK-04,HSD,8.4007,2639.167,27.01,824.88,833.48,0.989693,2611.964,2177.009,1.4,4.599,1471.36
2026-04-14 22:00:00,103,2,TK-05,HSD,8.1402,3094.354,26.63,822.62,830.97,0.989954,3063.269,2545.478,1.1,5.36,2070.72
2026-04-15 06:00:00,104,0,TK-01,HSD,8.3683,2628.983,25.43,825.42,832.89,0.991037,2605.42,2170.028,1.3,4.632,1479.36
2026-04-15 06:00:00,104,0,TK-02,HSD,8.0177,2518.822,25.46,824.01,831.51,0.990978,2496.098,2075.525,1.9,4.982,1588.79
2026-04-15 06:00:00,104,0,TK-03,HSD,8.0719,2054.058,25.33,825.08,832.48,0.991115,2035.808,1694.76,1.2,3.928,1017.53
2026-04-15 06:00:00,104,0,TK-04,HSD,8.2289,2585.183,25.22,825.64,832.95,0.991223,2562.492,2134.43,1.2,4.771,1521.41
2026-04-15 06:00:00,104,0,TK-05,HSD,8.591,3265.737,25.39,824.36,831.81,0.991045,3236.492,2692.136,1.5,4.909,1895.94
2026-04-15 14:00:00,104,1,TK-01,HSD,8.2586,2594.515,32.28,821.36,833.74,0.985154,2555.997,2131.031,1.2,4.741,1527.41
2026-04-15 14:00:00,104,1,TK-02,HSD,9.0605,2846.429,31.97,820.31,832.48,0.985376,2804.804,2334.951,0.9,3.94,1279.47
2026-04-15 14:00:00,104,1,TK-03,HSD,7.9719,2028.597,32.15,819.38,831.69,0.985199,1998.571,1662.182,1.4,4.028,1055.09
2026-04-15 14:00:00,104,1,TK-04,HSD,8.1283,2553.587,32.84,820.43,833.21,0.984651,2514.393,2095.03,0.8,4.872,1568.68
2026-04-15 14:00:00,104,1,TK-05,HSD,8.4805,3223.704,32.49,818.61,831.18,0.984881,3174.964,2638.957,1.3,5.02,1955.63
2026-04-15 22:00:00,104,2,TK-01,HSD,8.1209,2551.269,26.46,825.8,833.99,0.990172,2526.194,2106.83,1.5,4.879,1557.35
2026-04-15 22:00:00,104,2,TK-02,HSD,8.9144,2800.552,26.54,825.58,833.83,0.990106,2772.843,2312.087,0.9,4.086,1312.32
2026-04-15 22:00:00,104,2,TK-03,HSD,7.8401,1995.066,26.42,823.03,831.22,0.990141,1975.396,1641.998,0.5,4.16,1078.49
2026-04-15 22:00:00,104,2,TK-04,HSD,8.432,2648.976,26.82,824.38,832.84,0.989835,2622.049,2183.753,0.8,4.568,1461.06
2026-04-15 22:00:00,104,2,TK-05,HSD,8.3341,3168.072,26.51,823.74,831.99,0.990087,3136.666,2609.665,1.5,5.166,1992.83
2026-04-16 06:00:00,105,0,TK-01,HSD,7.9957,2511.939,25.41,825.39,832.84,0.991054,2489.467,2073.333,0.8,5.004,1594.48
2026-04-16 06:00:00,105,0,TK-02,HSD,8.7685,2754.698,25.25,825.16,832.5,0.991186,2730.419,2273.065,2.1,4.232,1353.05
2026-04-16 06:00:00,105,0,TK-03,HSD,7.7185,1964.11,25.3,825.03,832.41,0.991141,1946.709,1620.454,1.3,4.282,1107.52
2026-04-16 06:00:00,105,0,TK-04,HSD,8.2952,2606.022,24.99,826.27,833.41,0.991426,2583.678,2153.274,1.4,4.705,1499.6
2026-04-16 06:00:00,105,0,TK-05,HSD,8.6891,3303.007,25.05,823.95,831.15,0.991331,3274.372,2721.505,1.0,4.811,1859.34
2026-04-16 14:00:00,105,1,TK-01,HSD,8.8937,2794.052,32.2,820.07,832.41,0.985182,2752.649,2291.321,1.8,4.106,1332.23
2026-04-16 14:00:00,105,1,TK-02,HSD,8.6571,2719.694,32.25,820.4,832.77,0.985146,2679.295,2231.236,0.7,4.343,1404.47
2026-04-16 14:00:00,105,1,TK-03,HSD,7.6149,1937.759,32.22,820.55,832.89,0.98518,1909.041,1590.021,1.4,4.385,1144.16
2026-04-16 14:00:00,105,1,TK-04,HSD,8.1922,2573.646,32.63,820.39,833.03,0.984832,2534.609,2111.406,0.9,4.808,1548.26
2026-04-16 14:00:00,105,1,TK-05,HSD,8.5684,3257.13,31.62,818.89,830.84,0.985627,3210.314,2667.245,1.4,4.932,1920.96
2026-04-16 22:00:00,105,2,TK-01,HSD,8.7456,2747.511,26.81,823.05,831.52,0.989817,2719.532,2261.35,1.7,4.254,1364.46
2026-04-16 22:00:00,105,2,TK-02,HSD,8.5134,2674.555,26.77,824.0,832.43,0.98987,2647.463,2203.829,1.4,4.487,1435.85
2026-04-16 22:00:00,105,2,TK-03,HSD,7.4902,1906.011,26.81,823.2,831.67,0.989821,1886.61,1569.034,1.3,4.51,1166.52
2026-04-16 22:00:00,105,2,TK-04,HSD,8.6695,2723.596,26.15,826.14,834.1,0.990447,2697.578,2250.062,1.4,4.331,1386.45
2026-04-16 22:00:00,105,2,TK-05,HSD,8.4316,3205.114,26.61,823.4,831.72,0.989992,3173.036,2639.081,1.1,5.068,1958.56
2026-04-17 06:00:00,106,0,TK-01,HSD,8.5788,2695.105,26.57,824.73,833.01,0.990058,2668.31,2222.737,0.8,4.421,1415.2
2026-04-17 06:00:00,106,0,TK-02,HSD,8.351,2623.532,26.03,825.03,832.93,0.990518,2598.655,2164.505,1.0,4.649,1485.27
2026-04-17 06:00:00,106,0,TK-03,HSD,8.306,2113.629,26.1,823.54,831.5,0.990427,2093.396,1740.654,1.4,3.694,960.87
2026-04-17 06:00:00,106,0,TK-04,HSD,8.5081,2672.914,26.6,825.47,833.77,0.990054,2646.329,2206.423,0.9,4.492,1436.79
2026-04-17 06:00:00,106,0,TK-05,HSD,8.2705,3143.876,26.4,823.26,831.44,0.990164,3112.952,2588.224,0.9,5.23,2017.77
2026-04-17 14:00:00,106,1,TK-01,HSD,8.4478,2653.949,32.41,820.1,832.58,0.985001,2614.142,2176.491,1.3,4.552,1471.38
2026-04-17 14:00:00,106,1,TK-02,HSD,8.223,2583.334,32.98,819.24,832.14,0.984497,2543.284,2116.379,1.1,4.777,1539.97
2026-04-17 14:00:00,106,1,TK-03,HSD,8.1789,2081.277,32.64,819.51,832.17,0.984787,2049.614,1705.637,1.5,3.821,1004.92
2026-04-17 14:00:00,106,1,TK-04,HSD,8.3746,2630.958,32.85,821.17,833.95,0.984672,2590.63,2160.468,1.3,4.625,1492.51
2026-04-17 14:00:00,106,1,TK-05,HSD,9.0827,3452.621,32.86,819.5,832.31,0.984603,3399.46,2829.419,1.1,4.417,1731.36
2026-04-17 22:00:00,106,2,TK-01,HSD,8.2877,2603.668,26.84,823.41,831.89,0.989799,2577.107,2143.88,0.9,4.712,1506.39
2026-04-17 22:00:00,106,2,TK-02,HSD,8.5648,2690.7,27.19,825.11,833.82,0.989543,2662.563,2220.11,1.5,4.435,1421.75
2026-04-17 22:00:00,106,2,TK-03,HSD,8.0227,2041.527,26.71,823.67,832.06,0.989914,2020.937,1681.549,1.4,3.977,1032.37
2026-04-17 22:00:00,106,2,TK-04,HSD,8.2289,2585.182,26.99,826.15,834.71,0.989734,2558.642,2135.735,1.0,4.771,1527.23
2026-04-17 22:00:00,106,2,TK-05,HSD,8.9165,3389.462,26.77,823.86,832.29,0.989871,3355.131,2792.434,1.3,4.583,1776.93
2026-04-18 06:00:00,107,0,TK-01,HSD,8.1084,2547.325,24.68,826.4,833.32,0.991694,2526.166,2105.106,1.2,4.892,1558.8
2026-04-18 06:00:00,107,0,TK-02,HSD,8.3721,2630.159,24.88,825.79,832.86,0.991508,2607.824,2171.954,1.4,4.628,1475.88
2026-04-18 06:00:00,107,0,TK-03,HSD,7.8514,1997.945,24.88,825.33,832.4,0.991503,1980.969,1648.956,1.3,4.149,1073.47
2026-04-18 06:00:00,107,0,TK-04,HSD,8.6357,2712.989,24.29,828.51,835.14,0.992064,2691.458,2247.746,1.8,4.364,1393.19
2026-04-18 06:00:00,107,0,TK-05,HSD,8.7206,3314.996,24.45,824.07,830.84,0.991843,3287.957,2731.782,1.6,4.779,1845.14
2026-04-18 14:00:00,107,1,TK-01,HSD,8.934,2806.709,34.3,819.03,832.87,0.983383,2760.069,2298.791,0.5,4.066,1325.53
2026-04-18 14:00:00,107,1,TK-02,HSD,8.2699,2598.052,33.44,820.33,833.54,0.984144,2556.859,2131.257,1.1,4.73,1528.14
2026-04-18 14:00:00,107,1,TK-03,HSD,7.7487,1971.816,33.77,818.35,831.82,0.983796,1939.864,1613.627,1.2,4.251,1113.14
2026-04-18 14:00:00,107,1,TK-04,HSD,8.5343,2681.133,33.66,821.27,834.62,0.984003,2638.243,2201.926,1.7,4.466,1447.11
2026-04-18 14:00:00,107,1,TK-05,HSD,8.6126,3273.929,33.91,817.94,831.52,0.983662,3220.44,2677.866,0.7,4.887,1910.99
2026-04-18 22:00:00,107,2,TK-01,HSD,8.7622,2752.739,27.27,822.51,831.31,0.989407,2723.58,2264.152,1.4,4.238,1360.44
2026-04-18 22:00:00,107,2,TK-02,HSD,8.5294,2679.59,27.39,824.08,832.95,0.989349,2651.05,2208.195,0.8,4.471,1432.74
2026-04-18 22:00:00,107,2,TK-03,HSD,7.6159,1938.008,27.46,824.58,833.49,0.989305,1917.282,1598.039,1.9,4.384,1137.7
2026-04-18 22:00:00,107,2,TK-04,HSD,8.3769,2631.694,27.26,825.91,834.67,0.989508,2604.082,2173.553,1.2,4.623,1480.48
2026-04-18 22:00:00,107,2,TK-05,HSD,8.4677,3218.833,27.92,822.11,831.38,0.988847,3182.935,2646.219,0.9,5.032,1951.76
2026-04-19 06:00:00,108,0,TK-01,HSD,8.5958,2700.464,26.34,824.83,832.95,0.990253,2674.141,2227.415,1.7,4.404,1409.99
2026-04-19 06:00:00,108,0,TK-02,HSD,8.3669,2628.548,26.42,824.61,832.78,0.990178,2602.73,2167.514,1.1,4.633,1480.97
2026-04-19 06:00:00,108,0,TK-03,HSD,7.4647,1899.539,25.89,824.0,831.8,0.990621,1881.722,1565.21,1.3,4.535,1172.56
2026-04-19 06:00:00,108,0,TK-04,HSD,8.2129,2580.174,26.17,826.92,834.89,0.990447,2555.526,2133.594,1.1,4.787,1527.84
2026-04-19 06:00:00,108,0,TK-05,HSD,8.9965,3419.877,26.32,824.77,832.87,0.990273,3386.613,2820.616,1.0,4.503,1744.36
2026-04-19 14:00:00,108,1,TK-01,HSD,8.4501,2654.664,32.35,820.24,832.68,0.98506,2615.002,2177.469,0.8,4.55,1468.73
2026-04-19 14:00:00,108,1,TK-02,HSD,8.2204,2582.53,32.31,821.15,833.55,0.985123,2544.108,2120.649,1.0,4.78,1538.15
2026-04-19 14:00:00,108,1,TK-03,HSD,8.5375,2172.522,32.44,818.91,831.44,0.984938,2139.799,1779.106,0.6,3.463,913.88
2026-04-19 14:00:00,108,1,TK-04,HSD,8.0781,2537.803,32.5,821.87,834.39,0.984993,2499.718,2085.736,0.8,4.922,1584.0
2026-04-19 14:00:00,108,1,TK-05,HSD,8.8484,3363.577,32.49,818.59,831.15,0.984885,3312.737,2753.385,0.9,4.652,1818.78
2026-04-19 22:00:00,108,2,TK-01,HSD,8.3021,2608.186,27.74,822.46,831.6,0.989011,2579.525,2145.132,0.6,4.698,1504.81
2026-04-19 22:00:00,108,2,TK-02,HSD,8.0776,2537.645,27.97,823.96,833.25,0.988859,2509.372,2090.924,1.5,4.922,1573.27
2026-04-19 22:00:00,108,2,TK-03,HSD,8.3838,2133.407,27.93,822.63,831.9,0.988852,2109.625,1754.996,0.9,3.616,943.4
2026-04-19 22:00:00,108,2,TK-04,HSD,8.3925,2636.593,27.58,825.53,834.52,0.989227,2608.189,2176.579,1.3,4.607,1476.33
2026-04-19 22:00:00,108,2,TK-05,HSD,8.6982,3306.482,28.05,822.77,832.12,0.988756,3269.304,2720.46,0.7,4.802,1864.49
2026-04-20 06:00:00,109,0,TK-01,HSD,8.1421,2557.928,26.54,823.79,832.06,0.990065,2532.516,2107.203,1.6,4.858,1553.05
2026-04-20 06:00:00,109,0,TK-02,HSD,8.7606,2752.233,26.54,824.77,833.03,0.990086,2724.947,2269.95,1.2,4.239,1359.31
2026-04-20 06:00:00,109,0,TK-03,HSD,8.22,2091.737,26.66,823.92,832.27,0.989962,2070.741,1723.418,1.2,3.78,982.87
2026-04-20 06:00:00,109,0,TK-04,HSD,8.2265,2584.428,26.11,827.31,835.24,0.990509,2559.898,2138.122,1.0,4.774,1525.09
2026-04-20 06:00:00,109,0,TK-05,HSD,8.5183,3238.078,26.33,824.83,832.94,0.99026,3206.538,2670.864,1.1,4.982,1925.59
2026-04-20 14:00:00,109,1,TK-01,HSD,9.043,2840.939,33.02,817.53,830.49,0.984393,2796.6,2322.544,1.0,3.957,1288.58
2026-04-20 14:00:00,109,1,TK-02,HSD,8.5932,2699.627,32.5,821.08,833.62,0.984963,2659.033,2216.619,1.2,4.407,1425.12
2026-04-20 14:00:00,109,1,TK-03,HSD,8.067,2052.789,32.77,819.58,832.34,0.98468,2021.34,1682.434,1.1,3.933,1032.88
2026-04-20 14:00:00,109,1,TK-04,HSD,8.0794,2538.218,33.14,821.65,834.63,0.984445,2498.735,2085.529,1.9,4.921,1586.9
2026-04-20 14:00:00,109,1,TK-05,HSD,8.3619,3178.615,32.68,819.06,831.75,0.984737,3130.098,2603.47,1.8,5.138,2003.02
2026-04-20 22:00:00,109,2,TK-01,HSD,8.8735,2787.68,27.21,822.32,831.08,0.98946,2758.298,2292.377,1.3,4.127,1326.02
2026-04-20 22:00:00,109,2,TK-02,HSD,8.4482,2654.066,27.94,823.26,832.53,0.988864,2624.51,2184.988,1.6,4.552,1460.73
2026-04-20 22:00:00,109,2,TK-03,HSD,7.9219,2015.889,27.71,822.72,831.83,0.989044,1993.802,1658.509,1.4,4.078,1059.94
2026-04-20 22:00:00,109,2,TK-04,HSD,8.4497,2654.544,27.11,825.22,833.88,0.989618,2626.984,2190.582,0.9,4.55,1455.89
2026-04-20 22:00:00,109,2,TK-05,HSD,8.2117,3121.551,27.13,823.39,832.09,0.989551,3088.934,2570.269,1.6,5.288,2044.92
2026-04-21 06:00:00,110,0,TK-01,HSD,8.6851,2728.519,25.13,823.87,831.14,0.991255,2704.657,2247.944,1.1,4.315,1380.51
2026-04-21 06:00:00,110,0,TK-02,HSD,8.2533,2592.842,24.75,825.1,832.08,0.991609,2571.085,2139.353,1.3,4.747,1512.56
2026-04-21 06:00:00,110,0,TK-03,HSD,7.7504,1972.239,25.38,826.05,833.47,0.99109,1954.666,1629.162,1.7,4.25,1099.33
2026-04-21 06:00:00,110,0,TK-04,HSD,8.2761,2600.004,25.12,826.82,834.06,0.991326,2577.451,2149.738,1.3,4.724,1507.82
2026-04-21 06:00:00,110,0,TK-05,HSD,8.6862,3301.9,25.44,824.88,832.36,0.991021,3272.252,2723.684,1.2,4.814,1860.38
2026-04-21 14:00:00,110,1,TK-01,HSD,8.5456,2684.685,32.18,819.31,831.65,0.985165,2644.856,2199.597,1.0,4.454,1439.48
2026-04-21 14:00:00,110,1,TK-02,HSD,9.1159,2863.838,32.22,821.67,834.0,0.985215,2821.495,2353.134,1.3,3.884,1262.53
2026-04-21 14:00:00,110,1,TK-03,HSD,7.6289,1941.324,32.07,819.62,831.88,0.985269,1912.726,1591.151,1.0,4.371,1141.96
2026-04-21 14:00:00,110,1,TK-04,HSD,8.1406,2557.455,31.71,821.92,833.88,0.985649,2520.754,2102.017,0.5,4.859,1564.01
2026-04-21 14:00:00,110,1,TK-05,HSD,8.5421,3247.137,31.61,819.52,831.45,0.985651,3200.544,2661.078,1.1,4.958,1931.73
2026-04-21 22:00:00,110,2,TK-01,HSD,8.4316,2648.862,29.17,821.8,831.96,0.987786,2616.51,2176.823,1.1,4.568,1468.94
2026-04-21 22:00:00,110,2,TK-02,HSD,8.991,2824.611,29.65,822.81,833.3,0.987412,2789.056,2324.118,1.4,4.009,1293.97
2026-04-21 22:00:00,110,2,TK-03,HSD,7.5215,1914.0,29.72,820.44,831.01,0.987283,1889.659,1570.327,1.3,4.478,1163.26
2026-04-21 22:00:00,110,2,TK-04,HSD,8.6288,2710.804,29.37,822.63,832.92,0.987638,2677.293,2229.984,1.9,4.371,1406.14
2026-04-21 22:00:00,110,2,TK-05,HSD,8.4315,3205.093,29.47,821.42,831.81,0.987517,3165.082,2632.733,0.8,5.068,1967.39
2026-04-22 06:00:00,111,0,TK-01,HSD,8.2713,2598.492,26.4,822.7,830.88,0.990152,2572.904,2137.786,0.9,4.729,1510.99
2026-04-22 06:00:00,111,0,TK-02,HSD,8.8243,2772.221,26.37,825.44,833.57,0.990245,2745.179,2288.306,1.3,4.176,1338.83
2026-04-22 06:00:00,111,0,TK-03,HSD,8.2747,2105.654,26.54,824.23,832.49,0.99007,2084.744,1735.539,0.9,3.725,968.21
2026-04-22 06:00:00,111,0,TK-04,HSD,8.4643,2659.125,26.1,826.55,834.49,0.990493,2633.844,2197.908,0.9,4.536,1449.2
2026-04-22 06:00:00,111,0,TK-05,HSD,8.2601,3139.943,25.59,824.44,832.03,0.99088,3111.307,2588.687,1.1,5.24,2018.27
2026-04-22 14:00:00,111,1,TK-01,HSD,8.1558,2562.223,34.22,818.29,832.09,0.983418,2519.737,2096.641,1.1,4.844,1563.5
2026-04-22 14:00:00,111,1,TK-02,HSD,8.7035,2734.292,34.22,818.94,832.73,0.983439,2689.009,2239.232,1.6,4.296,1394.86
2026-04-22 14:00:00,111,1,TK-03,HSD,8.1655,2077.855,34.75,817.5,831.69,0.982939,2042.405,1698.656,1.4,3.835,1010.77
2026-04-22 14:00:00,111,1,TK-04,HSD,8.3575,2625.593,34.01,820.6,834.21,0.983685,2582.757,2154.554,1.2,4.642,1502.97
2026-04-22 14:00:00,111,1,TK-05,HSD,9.0482,3439.516,34.57,818.67,832.72,0.983136,3381.513,2815.837,1.5,4.452,1751.44
2026-04-22 22:00:00,111,2,TK-01,HSD,8.4875,2666.412,29.08,821.33,831.43,0.98785,2634.015,2190.005,1.0,4.513,1450.36
2026-04-22 22:00:00,111,2,TK-02,HSD,8.5533,2687.1,29.15,823.6,833.72,0.987853,2654.459,2213.087,1.8,4.447,1430.06
2026-04-22 22:00:00,111,2,TK-03,HSD,8.0196,2040.752,29.01,821.1,831.15,0.987901,2016.062,1675.655,1.3,3.98,1037.51
2026-04-22 22:00:00,111,2,TK-04,HSD,8.2066,2578.194,28.53,823.56,833.25,0.988374,2548.22,2123.305,1.2,4.793,1536.76
2026-04-22 22:00:00,111,2,TK-05,HSD,8.8829,3376.696,29.06,822.38,832.46,0.987896,3335.825,2776.943,1.1,4.617,1795.69
2026-04-23 06:00:00,112,0,TK-01,HSD,8.2867,2603.333,25.91,824.42,832.24,0.990605,2578.875,2146.245,1.2,4.713,1503.27
2026-04-23 06:00:00,112,0,TK-02,HSD,8.358,2625.732,25.88,825.4,833.18,0.990656,2601.197,2167.277,1.2,4.642,1483.37
2026-04-23 06:00:00,112,0,TK-03,HSD,7.8375,1994.388,25.51,824.65,832.18,0.990954,1976.347,1644.672,1.3,4.163,1078.01
2026-04-23 06:00:00,112,0,TK-04,HSD,8.7661,2753.938,25.65,825.39,833.01,0.990853,2728.747,2273.07,1.1,4.234,1357.59
2026-04-23 06:00:00,112,0,TK-05,HSD,8.6769,3298.362,25.54,824.48,832.03,0.990926,3268.433,2719.448,1.3,4.823,1862.7
2026-04-23 14:00:00,112,1,TK-01,HSD,8.9757,2819.814,33.84,817.43,830.97,0.983703,2773.861,2304.993,1.1,4.024,1310.7
2026-04-23 14:00:00,112,1,TK-02,HSD,8.2205,2582.537,33.67,819.83,833.22,0.983934,2541.045,2117.248,1.2,4.78,1543.98
2026-04-23 14:00:00,112,1,TK-03,HSD,7.7147,1963.154,34.04,818.18,831.86,0.983564,1930.886,1606.218,1.1,4.285,1124.06
2026-04-23 14:00:00,112,1,TK-04,HSD,8.6142,2706.227,33.54,820.18,833.47,0.984058,2663.085,2219.592,1.4,4.386,1421.13
2026-04-23 14:00:00,112,1,TK-05,HSD,8.5382,3245.648,34.11,817.82,831.55,0.983488,3192.055,2654.343,1.2,4.962,1938.89
2026-04-23 22:00:00,112,2,TK-01,HSD,8.817,2769.936,28.29,822.81,832.34,0.988554,2738.232,2279.141,1.4,4.183,1345.6
2026-04-23 22:00:00,112,2,TK-02,HSD,8.7451,2747.356,28.32,824.61,834.14,0.988584,2715.99,2265.505,0.5,4.255,1368.22
2026-04-23 22:00:00,112,2,TK-03,HSD,7.5741,1927.385,28.26,822.72,832.23,0.988583,1905.38,1585.707,0.8,4.426,1148.34
2026-04-23 22:00:00,112,2,TK-04,HSD,8.4679,2660.26,28.32,823.53,833.07,0.988548,2629.794,2190.795,1.2,4.532,1454.64
2026-04-23 22:00:00,112,2,TK-05,HSD,8.3958,3191.511,28.46,822.68,832.33,0.988406,3154.509,2625.604,1.6,5.104,1979.07
2026-04-24 06:00:00,113,0,TK-01,HSD,8.6483,2716.94,26.58,823.26,831.57,0.990013,2689.806,2236.75,1.4,4.352,1394.16
2026-04-24 06:00:00,113,0,TK-02,HSD,8.5725,2693.143,26.56,824.27,832.54,0.990059,2666.369,2219.866,0.9,4.427,1416.38
2026-04-24 06:00:00,113,0,TK-03,HSD,7.4334,1891.559,26.89,824.6,833.12,0.989781,1872.228,1559.788,1.3,4.567,1182.12
2026-04-24 06:00:00,113,0,TK-04,HSD,8.3102,2610.737,26.8,824.81,833.26,0.989863,2584.273,2153.359,1.5,4.69,1501.27
2026-04-24 06:00:00,113,0,TK-05,HSD,8.9506,3402.413,26.5,823.61,831.85,0.990092,3368.702,2802.262,0.9,4.549,1764.22
2026-04-24 14:00:00,113,1,TK-01,HSD,8.4979,2669.698,32.92,819.53,832.38,0.984554,2628.463,2187.891,1.4,4.502,1455.58
2026-04-24 14:00:00,113,1,TK-02,HSD,8.4354,2650.056,33.2,821.05,834.09,0.984375,2608.648,2175.839,0.9,4.565,1477.28
2026-04-24 14:00:00,113,1,TK-03,HSD,8.6491,2200.938,32.9,818.39,831.25,0.984528,2166.885,1801.22,1.5,3.351,886.8
2026-04-24 14:00:00,113,1,TK-04,HSD,8.1612,2563.927,33.07,820.16,833.11,0.984455,2524.072,2102.833,1.7,4.839,1560.24
2026-04-24 14:00:00,113,1,TK-05,HSD,8.7945,3343.059,32.89,820.53,833.35,0.984616,3291.629,2743.089,1.2,4.706,1841.11
2026-04-24 22:00:00,113,2,TK-01,HSD,8.3631,2627.343,29.0,820.16,830.22,0.987883,2595.507,2154.842,1.1,4.637,1486.95
2026-04-24 22:00:00,113,2,TK-02,HSD,8.2943,2605.721,28.81,824.33,834.21,0.98816,2574.868,2147.985,1.5,4.706,1508.39
2026-04-24 22:00:00,113,2,TK-03,HSD,8.516,2167.047,28.71,822.63,832.46,0.988199,2141.473,1782.683,2.1,3.484,912.66
2026-04-24 22:00:00,113,2,TK-04,HSD,8.5595,2689.059,28.86,823.74,833.66,0.988103,2657.067,2215.084,0.5,4.44,1426.68
2026-04-24 22:00:00,113,2,TK-05,HSD,8.6543,3289.777,28.91,823.62,833.58,0.988057,3250.488,2709.529,1.3,4.846,1880.38
2026-04-25 06:00:00,114,0,TK-01,HSD,8.2139,2580.466,27.31,822.58,831.41,0.989375,2553.049,2122.64,1.2,4.786,1530.23
2026-04-25 06:00:00,114,0,TK-02,HSD,8.9706,2818.207,27.54,824.19,833.16,0.989226,2787.842,2322.727,1.2,4.029,1295.5
2026-04-25 06:00:00,114,0,TK-03,HSD,8.3635,2128.246,27.48,823.91,832.85,0.989266,2105.401,1753.488,1.2,3.637,948.34
2026-04-25 06:00:00,114,0,TK-04,HSD,8.4101,2642.101,27.19,824.45,833.18,0.989526,2614.427,2178.289,1.6,4.59,1470.98
2026-04-25 06:00:00,114,0,TK-05,HSD,8.5029,3232.233,27.54,824.42,833.4,0.989228,3197.416,2664.714,1.2,4.997,1934.57
2026-04-25 14:00:00,114,1,TK-01,HSD,8.8743,2787.944,33.01,819.03,831.95,0.984463,2744.628,2283.406,1.3,4.126,1338.99
2026-04-25 14:00:00,114,1,TK-02,HSD,8.8284,2773.536,32.91,820.31,833.15,0.984588,2730.789,2275.154,1.6,4.172,1353.53
2026-04-25 14:00:00,114,1,TK-03,HSD,8.2275,2093.653,32.84,819.48,832.28,0.984622,2061.458,1715.704,1.2,3.772,992.15
2026-04-25 14:00:00,114,1,TK-04,HSD,8.2743,2599.434,32.85,820.41,833.2,0.984649,2559.531,2132.614,1.0,4.726,1525.35
2026-04-25 14:00:00,114,1,TK-05,HSD,8.3598,3177.851,32.8,820.37,833.13,0.984684,3129.181,2607.011,0.9,5.14,2001.1
2026-04-25 22:00:00,114,2,TK-01,HSD,8.7493,2748.672,29.66,822.15,832.65,0.987386,2714.0,2259.815,1.2,4.251,1371.64
2026-04-25 22:00:00,114,2,TK-02,HSD,8.6989,2732.856,29.4,822.57,832.89,0.98761,2698.996,2247.972,0.8,4.301,1386.0
2026-04-25 22:00:00,114,2,TK-03,HSD,8.1044,2062.313,29.37,821.91,832.21,0.987623,2036.787,1695.032,1.9,3.896,1016.66
2026-04-25 22:00:00,114,2,TK-04,HSD,8.1458,2559.083,28.99,823.74,833.75,0.987991,2528.35,2108.016,0.8,4.854,1555.78
2026-04-25 22:00:00,114,2,TK-05,HSD,8.7194,3314.519,29.69,821.62,832.16,0.987339,3272.554,2723.279,1.1,4.781,1858.71
2026-04-26 06:00:00,115,0,TK-01,HSD,8.5372,2682.041,25.8,822.75,830.5,0.990667,2657.01,2206.655,1.2,4.463,1428.28
2026-04-26 06:00:00,115,0,TK-02,HSD,8.483,2665.006,25.48,825.68,833.18,0.991,2641.022,2200.438,0.9,4.517,1442.35
2026-04-26 06:00:00,115,0,TK-03,HSD,7.9081,2012.366,25.57,823.64,831.22,0.99088,1994.014,1657.46,1.0,4.092,1059.2
2026-04-26 06:00:00,115,0,TK-04,HSD,8.6507,2717.684,25.43,824.05,831.53,0.991009,2693.25,2239.517,1.5,4.349,1391.25
2026-04-26 06:00:00,115,0,TK-05,HSD,8.5089,3234.507,25.73,825.5,833.17,0.990787,3204.707,2670.079,1.3,4.991,1927.07
2026-04-26 14:00:00,115,1,TK-01,HSD,8.3913,2636.207,33.37,817.78,830.98,0.984114,2594.327,2155.835,0.8,4.609,1489.26
2026-04-26 14:00:00,115,1,TK-02,HSD,8.3445,2621.516,33.35,819.46,832.63,0.984191,2580.072,2148.236,1.6,4.655,1503.0
2026-04-26 14:00:00,115,1,TK-03,HSD,7.7774,1979.099,33.02,819.99,832.91,0.984484,1948.393,1622.838,1.1,4.223,1104.99
2026-04-26 14:00:00,115,1,TK-04,HSD,8.5118,2674.051,33.35,820.16,833.31,0.984217,2631.846,2193.156,1.2,4.488,1453.07
2026-04-26 14:00:00,115,1,TK-05,HSD,9.0989,3458.801,32.94,819.38,832.25,0.984536,3405.315,2834.075,1.4,4.401,1725.86
2026-04-26 22:00:00,115,2,TK-01,HSD,8.2748,2599.607,30.33,821.64,832.62,0.986806,2565.307,2135.928,1.0,4.725,1518.71
2026-04-26 22:00:00,115,2,TK-02,HSD,8.6887,2729.624,30.02,822.43,833.18,0.987092,2694.389,2244.913,1.2,4.311,1389.74
2026-04-26 22:00:00,115,2,TK-03,HSD,7.6717,1952.199,30.1,821.4,832.22,0.986992,1926.805,1603.527,1.6,4.328,1127.12
2026-04-26 22:00:00,115,2,TK-04,HSD,8.3886,2635.349,30.31,821.71,832.68,0.986824,2600.627,2165.497,1.2,4.611,1482.94
2026-04-26 22:00:00,115,2,TK-05,HSD,8.9681,3409.08,29.65,822.85,833.34,0.98741,3366.162,2805.173,1.1,4.532,1764.52
2026-04-27 06:00:00,116,0,TK-01,HSD,8.9848,2822.674,26.25,824.77,832.82,0.99033,2795.379,2328.044,1.3,4.015,1287.41
2026-04-27 06:00:00,116,0,TK-02,HSD,8.5097,2673.41,26.63,824.99,833.31,0.990014,2646.714,2205.536,1.3,4.49,1437.08
2026-04-27 06:00:00,116,0,TK-03,HSD,7.504,1909.546,26.07,824.95,832.87,0.990489,1891.384,1575.27,0.7,4.496,1160.96
2026-04-27 06:00:00,116,0,TK-04,HSD,8.2151,2580.847,26.72,823.86,832.26,0.989912,2554.812,2126.269,1.1,4.785,1528.64
2026-04-27 06:00:00,116,0,TK-05,HSD,8.7904,3341.516,26.56,825.3,833.57,0.990081,3308.372,2757.764,1.3,4.71,1823.68
2026-04-27 14:00:00,116,1,TK-01,HSD,8.8607,2783.656,33.59,818.35,831.7,0.983949,2738.977,2277.997,1.2,4.139,1343.38
2026-04-27 14:00:00,116,1,TK-02,HSD,8.39,2635.786,33.29,819.63,832.75,0.984243,2594.255,2160.365,1.4,4.61,1490.05
2026-04-27 14:00:00,116,1,TK-03,HSD,8.492,2160.959,33.54,818.4,831.71,0.983991,2126.364,1768.522,1.9,3.508,927.63
2026-04-27 14:00:00,116,1,TK-04,HSD,8.1035,2545.777,33.3,819.55,832.68,0.984233,2505.639,2086.399,0.9,4.897,1579.78
2026-04-27 14:00:00,116,1,TK-05,HSD,8.6661,3294.285,33.08,819.91,832.88,0.984437,3243.014,2701.032,1.4,4.834,1889.89
2026-04-27 22:00:00,116,2,TK-01,HSD,8.7049,2734.72,29.08,821.8,831.9,0.987858,2701.514,2247.399,1.0,4.295,1382.91
2026-04-27 22:00:00,116,2,TK-02,HSD,8.2422,2589.35,29.16,822.35,832.5,0.987811,2557.789,2129.36,1.0,4.758,1527.46
2026-04-27 22:00:00,116,2,TK-03,HSD,8.3366,2121.411,29.39,821.58,831.9,0.98759,2095.083,1742.907,1.4,3.663,958.29
2026-04-27 22:00:00,116,2,TK-04,HSD,8.4793,2663.854,29.09,821.17,831.29,0.987833,2631.443,2187.486,1.5,4.521,1452.23
2026-04-27 22:00:00,116,2,TK-05,HSD,8.5151,3236.857,29.26,821.78,832.01,0.987707,3197.066,2660.0,1.7,4.985,1936.64
2026-04-28 06:00:00,117,0,TK-01,HSD,8.567,2691.387,28.06,821.82,831.19,0.988724,2661.039,2211.833,0.4,4.433,1423.03
2026-04-28 06:00:00,117,0,TK-02,HSD,8.1107,2548.052,28.3,823.5,833.03,0.988564,2518.913,2098.333,0.8,4.889,1565.44
2026-04-28 06:00:00,117,0,TK-03,HSD,8.2057,2088.105,28.11,822.27,831.68,0.988696,2064.502,1716.997,1.3,3.794,989.42
2026-04-28 06:00:00,117,0,TK-04,HSD,8.3423,2620.826,28.17,823.09,832.53,0.988663,2591.114,2157.183,2.0,4.658,1491.33
2026-04-28 06:00:00,117,0,TK-05,HSD,9.0258,3430.994,28.67,822.14,831.94,0.988214,3390.555,2820.744,0.9,4.474,1741.23
2026-04-28 14:00:00,117,1,TK-01,HSD,8.414,2643.345,33.29,818.81,831.93,0.98422,2601.634,2164.388,1.5,4.586,1484.02
2026-04-28 14:00:00,117,1,TK-02,HSD,9.1189,2864.772,33.47,820.38,833.61,0.984127,2819.298,2350.187,1.2,3.881,1265.35
2026-04-28 14:00:00,117,1,TK-03,HSD,8.0544,2049.6,32.76,819.21,831.96,0.984676,2018.192,1679.047,1.5,3.946,1036.73
2026-04-28 14:00:00,117,1,TK-04,HSD,8.1933,2574.014,33.26,820.04,833.13,0.98429,2533.577,2110.801,1.1,4.807,1550.75
2026-04-28 14:00:00,117,1,TK-05,HSD,8.8498,3364.083,33.0,819.93,832.84,0.9845,3311.938,2758.316,1.1,4.65,1818.94
2026-04-28 22:00:00,117,2,TK-01,HSD,8.2666,2597.023,28.86,821.9,831.84,0.988048,2565.982,2134.486,1.0,4.733,1516.59
2026-04-28 22:00:00,117,2,TK-02,HSD,8.9673,2817.145,28.68,822.33,832.13,0.988215,2783.945,2316.618,1.5,4.033,1300.66
2026-04-28 22:00:00,117,2,TK-03,HSD,7.9181,2014.899,28.57,821.4,831.15,0.98828,1991.284,1655.046,1.1,4.082,1061.99
2026-04-28 22:00:00,117,2,TK-04,HSD,8.5122,2674.181,29.08,822.2,832.29,0.987872,2641.75,2198.707,1.5,4.488,1442.89
2026-04-28 22:00:00,117,2,TK-05,HSD,8.7041,3308.716,28.9,824.38,834.32,0.988083,3269.284,2727.631,1.6,4.796,1860.43
2026-04-29 06:00:00,118,0,TK-01,HSD,9.0679,2848.752,27.43,822.0,830.92,0.989266,2818.173,2341.687,1.1,3.932,1265.2
2026-04-29 06:00:00,118,0,TK-02,HSD,8.8204,2771.008,27.04,824.72,833.33,0.98966,2742.356,2285.298,0.7,4.18,1341.58
2026-04-29 06:00:00,118,0,TK-03,HSD,7.7937,1983.252,27.18,822.9,831.63,0.9895,1962.427,1632.01,0.6,4.206,1091.28
2026-04-29 06:00:00,118,0,TK-04,HSD,8.3696,2629.375,27.15,823.73,832.43,0.989542,2601.876,2165.889,2.1,4.63,1481.72
2026-04-29 06:00:00,118,0,TK-05,HSD,8.5691,3257.384,27.11,824.47,833.14,0.989596,3223.493,2685.631,1.3,4.931,1908.53
2026-04-29 14:00:00,118,1,TK-01,HSD,8.8966,2794.945,34.48,817.9,831.89,0.983182,2747.939,2285.98,1.5,4.103,1335.16
2026-04-29 14:00:00,118,1,TK-02,HSD,8.6565,2719.526,34.34,818.57,832.45,0.983324,2674.175,2226.129,1.0,4.343,1409.64
2026-04-29 14:00:00,118,1,TK-03,HSD,7.6505,1946.809,34.42,818.9,832.83,0.983273,1914.244,1594.245,1.3,4.35,1139.98
2026-04-29 14:00:00,118,1,TK-04,HSD,8.2151,2580.849,34.47,819.14,833.1,0.983242,2537.6,2114.079,1.0,4.785,1546.3
2026-04-29 14:00:00,118,1,TK-05,HSD,9.266,3522.315,34.14,819.78,833.49,0.983546,3464.357,2887.516,1.5,4.234,1667.68
2026-04-29 22:00:00,118,2,TK-01,HSD,8.7559,2750.751,28.49,821.99,831.66,0.988363,2718.741,2261.082,1.4,4.244,1365.48
2026-04-29 22:00:00,118,2,TK-02,HSD,8.5147,2674.987,28.19,824.06,833.5,0.988674,2644.692,2204.353,1.1,4.485,1439.14
2026-04-29 22:00:00,118,2,TK-03,HSD,7.5199,1913.583,28.29,822.58,832.1,0.988551,1891.675,1574.068,1.3,4.48,1161.08
2026-04-29 22:00:00,118,2,TK-04,HSD,8.6825,2727.696,28.52,822.23,831.92,0.988344,2695.903,2242.783,1.1,4.317,1388.44
2026-04-29 22:00:00,118,2,TK-05,HSD,9.1167,3465.569,28.47,822.09,831.75,0.988387,3425.323,2849.015,1.2,4.383,1705.89
2026-04-30 06:00:00,119,0,TK-01,HSD,8.6074,2704.084,28.47,822.4,832.06,0.988393,2672.697,2223.847,1.2,4.393,1410.04
2026-04-30 06:00:00,119,0,TK-02,HSD,8.376,2631.402,28.13,823.06,832.47,0.988699,2601.664,2165.812,1.2,4.624,1482.5
2026-04-30 06:00:00,119,0,TK-03,HSD,8.2953,2110.884,28.09,822.87,832.25,0.988728,2087.091,1736.989,2.0,3.705,966.53
2026-04-30 06:00:00,119,0,TK-04,HSD,8.5375,2682.141,28.07,822.92,832.28,0.988746,2651.957,2207.177,1.4,4.462,1432.63
2026-04-30 06:00:00,119,0,TK-05,HSD,8.9684,3409.181,28.03,824.0,833.32,0.988811,3371.037,2809.153,1.5,4.532,1762.05
2026-04-30 14:00:00,119,1,TK-01,HSD,8.4477,2653.918,33.08,818.94,831.91,0.984399,2612.515,2173.388,0.8,4.552,1470.84
2026-04-30 14:00:00,119,1,TK-02,HSD,9.286,2917.276,33.3,820.26,833.38,0.984262,2871.363,2392.923,1.2,3.714,1213.38
2026-04-30 14:00:00,119,1,TK-03,HSD,8.1403,2071.454,33.1,819.16,832.15,0.984389,2039.117,1696.85,1.6,3.86,1013.98
2026-04-30 14:00:00,119,1,TK-04,HSD,8.3727,2630.351,32.84,819.34,832.14,0.984616,2589.886,2155.154,1.3,4.627,1492.91
2026-04-30 14:00:00,119,1,TK-05,HSD,8.8069,3347.782,33.94,819.11,832.7,0.983688,3293.172,2742.217,1.3,4.693,1838.67
2026-04-30 22:00:00,119,2,TK-01,HSD,8.307,2609.733,28.71,821.67,831.51,0.988169,2578.856,2144.339,1.8,4.693,1504.83
2026-04-30 22:00:00,119,2,TK-02,HSD,9.127,2867.32,28.74,823.8,833.63,0.988203,2833.493,2362.098,0.8,3.873,1250.72
2026-04-30 22:00:00,119,2,TK-03,HSD,8.0111,2038.574,29.09,822.07,832.17,0.987861,2013.829,1675.852,1.0,3.989,1040.51
2026-04-30 22:00:00,119,2,TK-04,HSD,8.6079,2704.239,28.54,821.57,831.28,0.988315,2672.639,2221.713,1.2,4.392,1410.94
2026-04-30 22:00:00,119,2,TK-05,HSD,8.6524,3289.052,28.77,822.7,832.57,0.988148,3250.069,2705.914,1.5,4.848,1881.5
2026-05-01 06:00:00,120,0,TK-01,HSD,8.9394,2808.4,27.93,821.43,830.71,0.988825,2777.015,2306.901,1.2,4.061,1305.58
2026-05-01 06:00:00,120,0,TK-02,HSD,8.9428,2809.46,27.6,824.33,833.35,0.989178,2779.056,2315.919,0.8,4.057,1306.13
2026-05-01 06:00:00,120,0,TK-03,HSD,7.8388,1994.739,27.72,822.89,832.01,0.989042,1972.88,1641.447,1.2,4.161,1079.89
2026-05-01 06:00:00,120,0,TK-04,HSD,8.4339,2649.578,27.56,823.65,832.64,0.989199,2620.96,2182.314,0.9,4.566,1463.22
2026-05-01 06:00:00,120,0,TK-05,HSD,8.4778,3222.699,28.1,824.09,833.46,0.988751,3186.447,2655.78,1.4,5.022,1945.07
2026-05-01 14:00:00,120,1,TK-01,HSD,8.7733,2756.225,33.22,818.03,831.12,0.984248,2712.809,2254.671,1.4,4.227,1371.69
2026-05-01 14:00:00,120,1,TK-02,HSD,8.7724,2755.927,33.37,819.02,832.21,0.984154,2712.258,2257.159,1.4,4.228,1372.23
2026-05-01 14:00:00,120,1,TK-03,HSD,7.6935,1957.763,33.22,819.46,832.53,0.984303,1927.032,1604.306,1.9,4.306,1126.85
2026-05-01 14:00:00,120,1,TK-04,HSD,8.279,2600.932,33.72,818.94,832.37,0.983865,2558.966,2130.005,1.0,4.721,1525.58
2026-05-01 14:00:00,120,1,TK-05,HSD,8.9989,3420.773,33.05,820.04,832.98,0.984463,3367.625,2805.159,1.3,4.501,1764.02
2026-05-01 22:00:00,120,2,TK-01,HSD,8.6203,2708.133,28.25,821.29,830.8,0.988549,2677.121,2224.161,1.2,4.38,1407.52
2026-05-01 22:00:00,120,2,TK-02,HSD,8.6169,2707.078,29.33,823.54,833.8,0.987703,2673.789,2229.4,1.3,4.383,1408.06
2026-05-01 22:00:00,120,2,TK-03,HSD,7.5599,1923.758,29.07,823.23,833.3,0.987912,1900.504,1583.69,1.0,4.44,1152.31
2026-05-01 22:00:00,120,2,TK-04,HSD,8.7573,2751.179,28.9,821.97,831.93,0.988021,2718.223,2261.379,0.9,4.243,1365.8
2026-05-01 22:00:00,120,2,TK-05,HSD,8.8494,3363.936,28.92,823.08,833.05,0.988032,3323.677,2768.802,1.1,4.651,1808.51
2026-05-02 06:00:00,121,0,TK-01,HSD,8.4235,2646.319,27.19,822.29,831.04,0.989473,2618.462,2176.052,1.2,4.577,1464.54
2026-05-02 06:00:00,121,0,TK-02,HSD,8.425,2646.805,27.55,824.74,833.71,0.989233,2618.306,2182.918,1.1,4.575,1465.06
2026-05-02 06:00:00,121,0,TK-03,HSD,8.247,2098.596,27.16,823.08,831.79,0.989521,2076.605,1727.304,1.2,3.753,976.64
2026-05-02 06:00:00,121,0,TK-04,HSD,8.5546,2687.5,27.25,823.51,832.29,0.98945,2659.146,2213.189,1.5,4.445,1423.7
2026-05-02 06:00:00,121,0,TK-05,HSD,8.6497,3288.04,27.2,823.32,832.06,0.989491,3253.488,2707.105,1.0,4.85,1879.3
2026-05-02 14:00:00,121,1,TK-01,HSD,8.2728,2598.973,33.86,817.8,831.35,0.983702,2556.613,2125.441,1.4,4.727,1528.1
2026-05-02 14:00:00,121,1,TK-02,HSD,8.2706,2598.283,34.03,820.48,834.1,0.983662,2555.832,2131.827,1.7,4.729,1528.61
2026-05-02 14:00:00,121,1,TK-03,HSD,8.0986,2060.831,34.2,818.54,832.32,0.983443,2026.711,1686.87,1.4,3.901,1027.03
2026-05-02 14:00:00,121,1,TK-04,HSD,8.3989,2638.58,33.94,817.87,831.48,0.983636,2595.403,2158.015,1.3,4.601,1488.26
2026-05-02 14:00:00,121,1,TK-05,HSD,9.3345,3548.363,34.15,819.41,833.14,0.983522,3489.893,2907.581,1.0,4.165,1642.31
2026-05-02 22:00:00,121,2,TK-01,HSD,8.1218,2551.53,27.32,820.58,829.44,0.989321,2524.282,2093.738,1.2,4.878,1561.73
2026-05-02 22:00:00,121,2,TK-02,HSD,8.5811,2695.842,27.19,824.53,833.25,0.989531,2667.618,2222.791,1.6,4.419,1415.24
2026-05-02 22:00:00,121,2,TK-03,HSD,7.9458,2021.956,27.15,823.11,831.82,0.98953,2000.785,1664.287,1.3,4.054,1053.7
2026-05-02 22:00:00,121,2,TK-04,HSD,8.2402,2588.722,26.6,823.94,832.25,0.990014,2562.871,2132.942,1.2,4.76,1522.41
2026-05-02 22:00:00,121,2,TK-05,HSD,9.147,3477.066,26.74,824.01,832.42,0.989896,3441.932,2865.137,1.1,4.353,1688.23
2026-05-03 06:00:00,122,0,TK-01,HSD,8.6459,2716.18,26.83,822.39,830.88,0.989779,2688.416,2233.747,1.3,4.354,1395.28
2026-05-03 06:00:00,122,0,TK-02,HSD,8.4343,2649.725,27.18,825.65,834.36,0.989562,2622.068,2187.757,1.1,4.566,1461.44
2026-05-03 06:00:00,122,0,TK-03,HSD,7.8055,1986.261,26.77,823.34,831.78,0.989855,1966.112,1635.377,2.0,4.194,1088.33
2026-05-03 06:00:00,122,0,TK-04,HSD,8.0964,2543.568,26.78,824.28,832.71,0.98987,2517.801,2096.604,1.3,4.904,1566.76
2026-05-03 06:00:00,122,0,TK-05,HSD,8.9941,3418.955,26.92,822.98,831.53,0.989716,3383.795,2813.72,1.5,4.506,1747.85
2026-05-03 14:00:00,122,1,TK-01,HSD,8.5405,2683.093,34.59,818.1,832.16,0.983099,2637.746,2195.038,0.9,4.459,1445.75
2026-05-03 14:00:00,122,1,TK-02,HSD,8.3376,2619.326,34.73,819.37,833.51,0.983029,2574.875,2146.186,1.2,4.662,1510.67
2026-05-03 14:00:00,122,1,TK-03,HSD,7.7087,1961.619,34.73,818.02,832.19,0.982979,1928.229,1604.645,1.4,4.291,1125.22
2026-05-03 14:00:00,122,1,TK-04,HSD,8.8756,2788.343,34.42,817.46,831.41,0.983213,2741.535,2279.35,0.8,4.124,1342.06
2026-05-03 14:00:00,122,1,TK-05,HSD,8.8889,3378.955,34.58,818.57,832.62,0.983128,3321.944,2765.91,1.3,4.611,1811.36
2026-05-03 22:00:00,122,2,TK-01,HSD,8.3909,2636.071,28.65,821.4,831.19,0.988211,2604.995,2165.256,1.4,4.609,1477.99
2026-05-03 22:00:00,122,2,TK-02,HSD,8.1881,2572.365,28.93,822.52,832.5,0.988007,2541.515,2115.818,1.9,4.812,1542.12
2026-05-03 22:00:00,122,2,TK-03,HSD,8.2636,2102.833,29.0,823.8,833.82,0.987985,2077.568,1732.313,1.4,3.736,975.55
2026-05-03 22:00:00,122,2,TK-04,HSD,8.7249,2741.013,29.17,822.71,832.85,0.987815,2707.614,2255.046,1.5,4.275,1375.57
2026-05-03 22:00:00,122,2,TK-05,HSD,8.7343,3320.193,29.0,823.25,833.28,0.987972,3280.258,2733.365,1.0,4.766,1851.94
2026-05-04 06:00:00,123,0,TK-01,HSD,8.2395,2588.509,27.03,823.69,832.3,0.989645,2561.706,2132.118,1.1,4.761,1522.84
2026-05-04 06:00:00,123,0,TK-02,HSD,8.8971,2795.099,27.13,824.95,833.63,0.989587,2765.994,2305.813,1.5,4.103,1317.73
2026-05-04 06:00:00,123,0,TK-03,HSD,8.1046,2062.359,26.73,824.25,832.65,0.989912,2041.554,1699.904,1.2,3.895,1011.31
2026-05-04 06:00:00,123,0,TK-04,HSD,8.5577,2688.48,26.87,824.85,833.34,0.989806,2661.074,2217.588,1.1,4.442,1422.17
2026-05-04 06:00:00,123,0,TK-05,HSD,8.5633,3255.183,26.68,824.36,832.72,0.989959,3222.498,2683.43,1.2,4.937,1908.38
2026-05-04 14:00:00,123,1,TK-01,HSD,9.1891,2886.833,33.55,818.2,831.53,0.983972,2840.563,2362.008,0.7,3.811,1242.74
2026-05-04 14:00:00,123,1,TK-02,HSD,8.7181,2738.873,33.06,819.36,832.32,0.984426,2696.219,2244.115,1.2,4.282,1385.34
2026-05-04 14:00:00,123,1,TK-03,HSD,7.9557,2024.479,33.02,818.78,831.72,0.98444,1992.978,1657.602,1.8,4.044,1061.22
2026-05-04 14:00:00,123,1,TK-04,HSD,8.3974,2638.132,32.87,818.76,831.59,0.984571,2597.427,2160.006,1.0,4.603,1487.22
2026-05-04 14:00:00,123,1,TK-05,HSD,8.4053,3195.129,33.12,819.24,832.24,0.984372,3145.195,2617.568,1.5,5.095,1987.15
2026-05-04 22:00:00,123,2,TK-01,HSD,9.0425,2840.778,29.85,820.37,831.03,0.987169,2804.327,2330.49,1.4,3.958,1278.68
2026-05-04 22:00:00,123,2,TK-02,HSD,8.5897,2698.52,29.93,822.02,832.72,0.987155,2663.858,2218.235,0.9,4.41,1419.48
2026-05-04 22:00:00,123,2,TK-03,HSD,7.8313,1992.824,29.99,821.82,832.56,0.987097,1967.109,1637.74,1.2,4.169,1086.43
2026-05-04 22:00:00,123,2,TK-04,HSD,8.2625,2595.727,29.59,822.76,833.21,0.987464,2563.186,2135.672,1.1,4.738,1520.08
2026-05-04 22:00:00,123,2,TK-05,HSD,8.5357,3244.684,29.93,821.01,831.72,0.987123,3202.903,2663.926,1.3,4.964,1930.73
2026-05-05 06:00:00,124,0,TK-01,HSD,8.8633,2784.486,27.82,823.17,832.35,0.988966,2753.762,2292.105,1.4,4.137,1330.5
2026-05-05 06:00:00,124,0,TK-02,HSD,8.4258,2647.05,28.76,823.97,833.81,0.988192,2615.794,2181.087,1.6,4.574,1468.69
2026-05-05 06:00:00,124,0,TK-03,HSD,7.6769,1953.53,28.17,822.66,832.11,0.988651,1931.359,1607.097,1.0,4.323,1122.76
2026-05-05 06:00:00,124,0,TK-04,HSD,8.0951,2543.149,28.09,822.31,831.69,0.988713,2514.444,2091.248,1.3,4.905,1567.43
2026-05-05 06:00:00,124,0,TK-05,HSD,8.8077,3348.103,28.21,822.3,831.78,0.988608,3309.961,2753.148,1.3,4.692,1822.0
2026-05-05 14:00:00,124,1,TK-01,HSD,8.7397,2745.666,33.27,818.02,831.15,0.984203,2702.294,2246.008,1.2,4.26,1381.77
2026-05-05 14:00:00,124,1,TK-02,HSD,8.3035,2608.618,33.68,819.55,832.95,0.983919,2566.668,2137.898,1.5,4.697,1517.39
2026-05-05 14:00:00,124,1,TK-03,HSD,7.5746,1927.499,33.82,818.52,832.03,0.983762,1896.201,1577.704,1.1,4.425,1158.71
2026-05-05 14:00:00,124,1,TK-04,HSD,8.8599,2783.434,33.71,818.37,831.81,0.983848,2738.474,2277.886,1.4,4.14,1345.18
2026-05-05 14:00:00,124,1,TK-05,HSD,8.6816,3300.171,33.39,818.54,831.75,0.984123,3247.775,2701.322,0.7,4.818,1883.63
2026-05-05 22:00:00,124,2,TK-01,HSD,8.6022,2702.458,29.57,820.56,831.02,0.987413,2668.443,2217.538,1.0,4.398,1416.4
2026-05-05 22:00:00,124,2,TK-02,HSD,8.1543,2561.757,28.77,823.56,833.42,0.988173,2531.458,2109.76,1.4,4.846,1550.28
2026-05-05 22:00:00,124,2,TK-03,HSD,8.1802,2081.604,29.76,822.84,833.41,0.987317,2055.203,1712.831,0.5,3.82,998.14
2026-05-05 22:00:00,124,2,TK-04,HSD,8.7128,2737.209,28.89,821.25,831.22,0.98801,2704.388,2247.938,1.5,4.287,1380.28
2026-05-05 22:00:00,124,2,TK-05,HSD,8.544,3247.872,29.66,820.54,831.07,0.987331,3206.726,2665.007,1.4,4.956,1925.26
2026-05-06 06:00:00,125,0,TK-01,HSD,8.4443,2652.852,26.85,823.37,831.87,0.989787,2625.758,2184.28,1.1,4.556,1458.85
2026-05-06 06:00:00,125,0,TK-02,HSD,8.7043,2734.533,27.49,825.87,834.79,0.989312,2705.306,2258.372,1.3,4.296,1379.18
2026-05-06 06:00:00,125,0,TK-03,HSD,8.0319,2043.875,27.18,824.54,833.26,0.989538,2022.491,1685.254,1.5,3.968,1030.86
2026-05-06 06:00:00,125,0,TK-04,HSD,8.5603,2689.302,27.53,823.19,832.17,0.989205,2660.271,2213.795,1.1,4.44,1423.31
2026-05-06 06:00:00,125,0,TK-05,HSD,8.3864,3187.931,27.21,823.11,831.87,0.989476,3154.381,2624.034,1.0,5.114,1976.29
2026-05-06 14:00:00,125,1,TK-01,HSD,8.2956,2606.147,32.82,818.02,830.82,0.984585,2565.974,2131.871,1.0,4.704,1518.64
2026-05-06 14:00:00,125,1,TK-02,HSD,8.5499,2686.04,33.19,821.06,834.08,0.984385,2644.096,2205.394,0.9,4.45,1440.78
2026-05-06 14:00:00,125,1,TK-03,HSD,7.8978,2009.747,33.64,818.96,832.33,0.983929,1977.447,1645.896,0.8,4.102,1076.92
2026-05-06 14:00:00,125,1,TK-04,HSD,8.4013,2639.349,33.29,819.38,832.5,0.984235,2597.739,2162.621,1.1,4.599,1483.9
2026-05-06 14:00:00,125,1,TK-05,HSD,8.8732,3372.997,33.35,817.83,831.02,0.984126,3319.455,2758.534,1.6,4.627,1811.61
2026-05-06 22:00:00,125,2,TK-01,HSD,8.7541,2750.169,29.84,822.01,832.64,0.987227,2715.04,2260.654,1.0,4.246,1369.57
2026-05-06 22:00:00,125,2,TK-02,HSD,8.4333,2649.408,29.59,823.44,833.88,0.987478,2616.233,2181.629,1.5,4.567,1467.9
2026-05-06 22:00:00,125,2,TK-03,HSD,7.7893,1982.143,29.73,821.51,832.07,0.987306,1956.982,1628.346,1.0,4.211,1097.2
2026-05-06 22:00:00,125,2,TK-04,HSD,8.2963,2606.373,29.31,822.17,832.42,0.987675,2574.251,2142.87,1.0,4.704,1510.58
2026-05-06 22:00:00,125,2,TK-05,HSD,8.7546,3327.904,29.74,821.14,831.72,0.987286,3285.593,2732.689,1.7,4.745,1845.67
2026-05-07 06:00:00,126,0,TK-01,HSD,8.5694,2692.161,28.01,823.23,832.55,0.988803,2662.017,2216.26,1.1,4.431,1422.78
2026-05-07 06:00:00,126,0,TK-02,HSD,8.2634,2596.034,28.45,824.26,833.88,0.988462,2566.081,2139.805,0.8,4.737,1519.19
2026-05-07 06:00:00,126,0,TK-03,HSD,7.6176,1938.447,27.69,823.98,833.06,0.989096,1917.31,1597.233,1.3,4.382,1135.56
2026-05-07 06:00:00,126,0,TK-04,HSD,8.9409,2808.864,27.67,821.69,830.78,0.989053,2778.114,2308.003,1.2,4.059,1306.84
2026-05-07 06:00:00,126,0,TK-05,HSD,8.5758,3259.958,27.91,822.01,831.27,0.988858,3223.637,2679.716,1.2,4.924,1910.09
2026-05-07 14:00:00,126,1,TK-01,HSD,8.404,2640.207,34.14,818.62,832.35,0.9835,2596.643,2161.323,1.2,4.596,1487.1
2026-05-07 14:00:00,126,1,TK-02,HSD,8.0995,2544.528,33.93,819.89,833.46,0.983723,2503.11,2086.237,1.4,4.901,1581.18
2026-05-07 14:00:00,126,1,TK-03,HSD,8.4825,2158.542,34.04,819.31,832.97,0.983611,2123.166,1768.523,0.8,3.517,931.09
2026-05-07 14:00:00,126,1,TK-04,HSD,8.7686,2754.743,33.89,816.72,830.31,0.983632,2709.653,2249.856,1.2,4.231,1373.97
2026-05-07 14:00:00,126,1,TK-05,HSD,8.4119,3197.62,34.02,817.07,830.75,0.983536,3144.976,2612.692,0.5,5.088,1987.95
2026-05-07 22:00:00,126,2,TK-01,HSD,8.2615,2595.431,29.08,821.59,831.69,0.987859,2563.92,2132.374,1.1,4.738,1520.95
2026-05-07 22:00:00,126,2,TK-02,HSD,8.423,2646.153,28.67,822.68,832.48,0.988229,2615.007,2176.933,1.6,4.577,1468.17
2026-05-07 22:00:00,126,2,TK-03,HSD,8.3285,2119.341,28.11,823.73,833.11,0.988732,2095.46,1745.759,1.2,3.672,958.76
2026-05-07 22:00:00,126,2,TK-04,HSD,8.6148,2706.427,28.57,822.29,832.02,0.988305,2674.775,2225.457,1.1,4.385,1409.29
2026-05-07 22:00:00,126,2,TK-05,HSD,8.2622,3140.737,28.79,821.12,831.03,0.988084,3103.313,2578.932,1.2,5.238,2028.93
2026-05-08 06:00:00,127,0,TK-01,HSD,8.1075,2547.047,26.89,823.91,832.43,0.989767,2520.983,2098.533,1.2,4.892,1563.13
2026-05-08 06:00:00,127,0,TK-02,HSD,8.2759,2599.939,26.94,825.97,834.51,0.989774,2573.353,2147.478,0.7,4.724,1511.21
2026-05-08 06:00:00,127,0,TK-03,HSD,8.1768,2080.753,27.18,823.77,832.49,0.989522,2058.951,1714.065,0.9,3.823,993.23
2026-05-08 06:00:00,127,0,TK-04,HSD,8.4654,2659.487,26.74,822.07,830.5,0.989851,2632.494,2186.277,1.2,4.535,1453.31
2026-05-08 06:00:00,127,0,TK-05,HSD,8.6705,3295.938,27.15,823.37,832.08,0.989536,3261.448,2713.792,1.2,4.83,1871.5
2026-05-08 14:00:00,127,1,TK-01,HSD,8.9333,2806.494,34.64,818.0,832.1,0.983055,2758.937,2295.716,1.4,4.067,1325.78
2026-05-08 14:00:00,127,1,TK-02,HSD,8.18,2569.827,34.17,819.36,833.1,0.9835,2527.425,2105.604,1.6,4.82,1557.84
2026-05-08 14:00:00,127,1,TK-03,HSD,8.0947,2059.842,34.33,819.28,833.14,0.983366,2025.578,1687.586,1.1,3.905,1030.57
2026-05-08 14:00:00,127,1,TK-04,HSD,8.3671,2628.596,34.85,818.66,832.91,0.982901,2583.65,2151.937,0.9,4.633,1500.98
2026-05-08 14:00:00,127,1,TK-05,HSD,8.5693,3257.489,35.21,817.28,831.8,0.982543,3200.624,2662.27,1.1,4.931,1930.58
2026-05-08 22:00:00,127,2,TK-01,HSD,8.789,2761.133,30.93,821.7,833.12,0.986298,2723.298,2268.835,1.3,4.211,1361.32
2026-05-08 22:00:00,127,2,TK-02,HSD,8.5769,2694.5,30.4,821.84,832.87,0.986747,2658.789,2214.435,1.2,4.423,1426.05
2026-05-08 22:00:00,127,2,TK-03,HSD,7.9531,2023.816,30.2,822.3,833.19,0.986932,1997.368,1664.193,0.7,4.047,1056.63
2026-05-08 22:00:00,127,2,TK-04,HSD,8.2324,2586.277,30.62,819.94,831.16,0.986501,2551.364,2120.591,1.1,4.768,1534.26
2026-05-08 22:00:00,127,2,TK-05,HSD,8.4291,3204.194,30.27,821.18,832.13,0.986843,3162.035,2631.229,1.0,5.071,1971.82
2026-05-09 06:00:00,128,0,TK-01,HSD,8.629,2710.892,26.79,822.96,831.42,0.989833,2683.33,2230.963,1.4,4.371,1400.49
2026-05-09 06:00:00,128,0,TK-02,HSD,8.4245,2646.627,26.52,825.08,833.32,0.990111,2620.454,2183.689,1.2,4.576,1464.29
2026-05-09 06:00:00,128,0,TK-03,HSD,7.8103,1987.479,26.71,825.29,833.66,0.989954,1967.514,1640.237,1.2,4.19,1085.36
2026-05-09 06:00:00,128,0,TK-04,HSD,8.0818,2538.981,26.89,822.56,831.1,0.989731,2512.908,2088.471,0.3,4.918,1570.94
2026-05-09 06:00:00,128,0,TK-05,HSD,8.7474,3325.155,26.43,823.01,831.21,0.990138,3292.363,2736.641,1.5,4.753,1838.42
2026-05-09 14:00:00,128,1,TK-01,HSD,8.4854,2665.757,34.92,818.56,832.85,0.982842,2620.017,2182.094,1.2,4.515,1464.89
2026-05-09 14:00:00,128,1,TK-02,HSD,8.2813,2601.638,35.16,818.36,832.82,0.982635,2556.461,2129.079,1.1,4.719,1527.16
2026-05-09 14:00:00,128,1,TK-03,HSD,7.6794,1954.164,34.55,819.67,833.68,0.983192,1921.319,1601.772,1.2,4.321,1132.59
2026-05-09 14:00:00,128,1,TK-04,HSD,8.811,2768.061,35.16,816.88,831.36,0.982573,2719.822,2261.16,1.4,4.189,1363.71
2026-05-09 14:00:00,128,1,TK-05,HSD,8.6048,3270.95,34.77,816.76,830.98,0.982893,3214.992,2671.591,1.5,4.895,1917.45
2026-05-09 22:00:00,128,2,TK-01,HSD,8.3374,2619.256,29.7,821.07,831.61,0.98732,2586.043,2150.588,0.6,4.663,1497.42
2026-05-09 22:00:00,128,2,TK-02,HSD,8.6091,2704.622,29.13,822.08,832.21,0.987824,2671.691,2223.408,1.0,4.391,1412.16
2026-05-09 22:00:00,128,2,TK-03,HSD,7.5468,1920.421,29.22,824.2,834.37,0.987809,1897.01,1582.806,1.3,4.453,1156.45
2026-05-09 22:00:00,128,2,TK-04,HSD,8.6567,2719.593,29.23,820.72,830.94,0.987699,2686.14,2232.02,1.0,4.343,1397.49
2026-05-09 22:00:00,128,2,TK-05,HSD,8.4526,3213.111,29.49,820.68,831.08,0.98748,3172.882,2636.929,1.1,5.047,1957.37
2026-05-10 06:00:00,129,0,TK-01,HSD,8.1855,2571.549,26.63,824.57,832.89,0.990005,2545.848,2120.415,1.2,4.815,1537.7
2026-05-10 06:00:00,129,0,TK-02,HSD,8.4661,2659.713,27.31,824.65,833.46,0.989433,2631.607,2193.329,1.5,4.534,1453.77
2026-05-10 06:00:00,129,0,TK-03,HSD,8.2617,2102.336,26.39,823.99,832.15,0.990191,2081.714,1732.296,1.4,3.738,972.36
2026-05-10 06:00:00,129,0,TK-04,HSD,8.5051,2671.943,26.88,822.66,831.18,0.989746,2644.544,2198.103,1.1,4.495,1439.33
2026-05-10 06:00:00,129,0,TK-05,HSD,8.3096,3158.756,27.08,822.26,830.93,0.989564,3125.791,2597.306,1.4,5.19,2006.8
2026-05-10 14:00:00,129,1,TK-01,HSD,8.0808,2538.661,35.0,817.75,832.11,0.982744,2494.855,2075.995,1.4,4.919,1589.57
2026-05-10 14:00:00,129,1,TK-02,HSD,8.3488,2622.854,35.0,818.62,832.96,0.982778,2577.683,2147.116,1.2,4.651,1507.35
2026-05-10 14:00:00,129,1,TK-03,HSD,8.1498,2073.875,35.07,818.06,832.47,0.982694,2037.985,1696.562,1.1,3.85,1014.76
2026-05-10 14:00:00,129,1,TK-04,HSD,8.3927,2636.649,35.44,817.23,831.91,0.982355,2590.126,2154.76,0.8,4.607,1493.2
2026-05-10 14:00:00,129,1,TK-05,HSD,8.9986,3420.654,34.86,815.77,830.07,0.982782,3361.756,2790.48,0.9,4.501,1770.56
2026-05-10 22:00:00,129,2,TK-01,HSD,8.4547,2656.11,29.95,822.17,832.89,0.987138,2621.946,2183.786,1.3,4.545,1461.6
2026-05-10 22:00:00,129,2,TK-02,HSD,8.2039,2577.341,30.4,821.97,833.0,0.986758,2543.212,2118.502,1.6,4.796,1539.58
2026-05-10 22:00:00,129,2,TK-03,HSD,8.0139,2039.288,30.02,821.38,832.15,0.987056,2012.892,1675.026,1.6,3.986,1040.26
2026-05-10 22:00:00,129,2,TK-04,HSD,8.2551,2593.431,30.03,819.12,829.93,0.986981,2559.667,2124.342,1.3,4.745,1525.61
2026-05-10 22:00:00,129,2,TK-05,HSD,8.8462,3362.726,30.16,819.83,830.72,0.986891,3318.643,2756.856,1.2,4.654,1812.6
2026-05-11 06:00:00,130,0,TK-01,HSD,8.2718,2598.664,28.24,823.61,833.09,0.98862,2569.091,2140.278,1.1,4.728,1516.43
2026-05-11 06:00:00,130,0,TK-02,HSD,8.7459,2747.59,28.58,822.77,832.5,0.988314,2715.481,2260.635,1.7,4.254,1366.76
2026-05-11 06:00:00,130,0,TK-03,HSD,7.8369,1994.242,27.97,823.63,832.92,0.988848,1972.001,1642.51,1.2,4.163,1082.36
2026-05-11 06:00:00,130,0,TK-04,HSD,8.0711,2535.607,28.69,821.87,831.69,0.988188,2505.657,2083.937,1.3,4.929,1579.1
2026-05-11 06:00:00,130,0,TK-05,HSD,8.6512,3288.605,28.55,820.92,830.65,0.988284,3250.076,2699.69,1.8,4.849,1882.0
2026-05-11 14:00:00,130,1,TK-01,HSD,8.126,2552.87,35.03,817.49,831.88,0.982706,2508.719,2086.948,0.9,4.874,1574.98
2026-05-11 14:00:00,130,1,TK-02,HSD,8.6005,2701.938,35.16,818.84,833.3,0.982651,2655.064,2212.464,1.2,4.399,1428.72
2026-05-11 14:00:00,130,1,TK-03,HSD,7.6986,1959.047,35.14,816.81,831.28,0.982589,1924.938,1600.169,1.3,4.301,1127.31
2026-05-11 14:00:00,130,1,TK-04,HSD,8.7901,2761.497,35.7,815.62,830.52,0.982063,2711.964,2252.344,1.2,4.21,1373.51
2026-05-11 14:00:00,130,1,TK-05,HSD,8.5078,3234.084,35.64,817.57,832.39,0.982202,3176.523,2644.094,1.2,4.992,1956.11
2026-05-11 22:00:00,130,2,TK-01,HSD,8.5547,2687.527,27.51,822.38,831.35,0.989208,2658.525,2210.157,0.6,4.445,1427.44
2026-05-11 22:00:00,130,2,TK-02,HSD,8.4381,2650.909,27.97,823.51,832.8,0.988842,2621.331,2183.051,1.1,4.562,1462.36
2026-05-11 22:00:00,130,2,TK-03,HSD,7.5597,1923.697,27.77,823.31,832.46,0.989012,1902.56,1583.803,1.0,4.44,1151.71
2026-05-11 22:00:00,130,2,TK-04,HSD,8.6126,2705.743,27.78,821.26,830.44,0.988946,2675.833,2222.11,0.9,4.387,1407.85
2026-05-11 22:00:00,130,2,TK-05,HSD,8.3414,3170.843,27.99,821.71,831.04,0.988781,3135.269,2605.524,1.7,5.159,1996.34
2026-05-12 06:00:00,131,0,TK-01,HSD,8.4192,2644.98,28.66,822.72,832.51,0.988241,2613.876,2176.089,1.6,4.581,1469.62
2026-05-12 06:00:00,131,0,TK-02,HSD,8.3072,2609.795,28.38,822.52,832.11,0.98847,2579.705,2146.605,1.0,4.693,1503.99
2026-05-12 06:00:00,131,0,TK-03,HSD,7.4406,1893.414,28.05,824.07,833.4,0.988794,1872.196,1560.297,1.4,4.559,1181.91
2026-05-12 06:00:00,131,0,TK-04,HSD,8.4841,2665.36,28.34,820.86,830.44,0.988462,2634.607,2187.875,1.1,4.516,1450.34
2026-05-12 06:00:00,131,0,TK-05,HSD,8.802,3345.917,28.18,821.61,831.07,0.988616,3307.827,2749.049,1.1,4.698,1824.32
2026-05-12 14:00:00,131,1,TK-01,HSD,8.2673,2597.261,35.57,817.64,832.4,0.98226,2551.187,2123.618,1.5,4.733,1532.72
2026-05-12 14:00:00,131,1,TK-02,HSD,8.1574,2562.722,35.6,817.98,832.76,0.982246,2517.223,2096.25,1.4,4.843,1566.26
2026-05-12 14:00:00,131,1,TK-03,HSD,8.345,2123.54,35.43,818.33,832.99,0.982402,2086.17,1737.756,0.9,3.655,968.23
2026-05-12 14:00:00,131,1,TK-04,HSD,8.3346,2618.385,35.66,815.76,830.62,0.982103,2571.523,2135.962,1.0,4.665,1513.91
2026-05-12 14:00:00,131,1,TK-05,HSD,8.641,3284.726,35.54,816.19,830.96,0.982225,3226.339,2680.969,1.2,4.859,1904.15
2026-05-12 22:00:00,131,2,TK-01,HSD,8.1172,2550.085,30.22,822.91,833.8,0.986934,2516.767,2098.48,1.2,4.883,1567.47
2026-05-12 22:00:00,131,2,TK-02,HSD,8.3992,2638.692,29.88,822.48,833.14,0.987206,2604.933,2170.281,1.2,4.601,1478.36
2026-05-12 22:00:00,131,2,TK-03,HSD,8.1859,2083.05,30.17,821.72,832.6,0.98694,2055.844,1711.691,1.1,3.814,996.63
2026-05-12 22:00:00,131,2,TK-04,HSD,8.1776,2569.062,30.12,820.22,831.07,0.986939,2535.508,2107.192,1.1,4.822,1548.91
2026-05-12 22:00:00,131,2,TK-05,HSD,8.4878,3226.474,29.91,820.82,831.53,0.987128,3184.942,2648.363,1.7,5.012,1948.11
2026-05-13 06:00:00,132,0,TK-01,HSD,8.6113,2705.332,27.98,822.8,832.1,0.988815,2675.073,2225.935,1.1,4.389,1408.19
2026-05-13 06:00:00,132,0,TK-02,HSD,8.2225,2583.173,27.84,823.66,832.86,0.988957,2554.646,2127.662,1.6,4.778,1529.14
2026-05-13 06:00:00,132,0,TK-03,HSD,8.0145,2039.444,28.12,824.06,833.45,0.988737,2016.475,1680.63,1.1,3.985,1036.73
2026-05-13 06:00:00,132,0,TK-04,HSD,7.9923,2510.843,27.22,822.94,831.71,0.989462,2484.384,2066.276,0.9,5.008,1598.32
2026-05-13 06:00:00,132,0,TK-05,HSD,8.3005,3155.29,27.82,821.91,831.11,0.988927,3120.353,2593.355,1.5,5.2,2010.16
2026-05-13 14:00:00,132,1,TK-01,HSD,8.5081,2672.898,34.75,818.11,832.29,0.982963,2627.36,2186.729,1.2,4.492,1456.93
2026-05-13 14:00:00,132,1,TK-02,HSD,8.1272,2553.246,34.97,818.58,832.9,0.982802,2509.335,2090.037,0.8,4.873,1575.68
2026-05-13 14:00:00,132,1,TK-03,HSD,7.9132,2013.655,34.35,819.31,833.19,0.98335,1980.126,1649.816,0.9,4.087,1073.46
2026-05-13 14:00:00,132,1,TK-04,HSD,8.9811,2821.5,34.69,816.8,830.95,0.982965,2773.437,2304.59,1.1,4.019,1311.6
2026-05-13 14:00:00,132,1,TK-05,HSD,8.1938,3114.722,34.05,816.93,830.63,0.983508,3063.353,2544.512,1.6,5.306,2067.02
2026-05-13 22:00:00,132,2,TK-01,HSD,8.3492,2622.983,27.79,823.14,832.3,0.98899,2594.104,2159.073,1.7,4.651,1488.1
2026-05-13 22:00:00,132,2,TK-02,HSD,7.973,2504.787,27.9,822.86,832.1,0.988891,2476.962,2061.085,1.0,5.027,1605.44
2026-05-13 22:00:00,132,2,TK-03,HSD,7.7791,1979.537,27.7,824.42,833.51,0.989096,1957.952,1631.976,1.0,4.221,1096.96
2026-05-13 22:00:00,132,2,TK-04,HSD,8.82,2770.874,27.69,822.04,831.15,0.989045,2740.518,2277.782,1.2,4.18,1344.5
2026-05-13 22:00:00,132,2,TK-05,HSD,8.5369,3245.155,28.02,822.8,832.14,0.988786,3208.763,2670.127,0.8,4.963,1921.72
2026-05-14 06:00:00,133,0,TK-01,HSD,8.2116,2579.752,28.49,822.49,832.16,0.988383,2549.782,2121.823,0.9,4.788,1534.88
2026-05-14 06:00:00,133,0,TK-02,HSD,8.5279,2679.117,28.29,823.37,832.88,0.988575,2648.508,2205.892,1.0,4.472,1436.53
2026-05-14 06:00:00,133,0,TK-03,HSD,7.6405,1944.261,28.61,821.74,831.5,0.988256,1921.427,1597.67,1.2,4.36,1132.22
2026-05-14 06:00:00,133,0,TK-04,HSD,8.6711,2724.094,28.51,820.62,830.33,0.98831,2692.249,2235.446,1.3,4.329,1393.87
2026-05-14 06:00:00,133,0,TK-05,HSD,8.3892,3188.994,28.67,822.63,832.43,0.988231,3151.464,2623.375,1.1,5.111,1979.57
2026-05-14 14:00:00,133,1,TK-01,HSD,8.0954,2543.24,35.38,817.62,832.25,0.982419,2498.526,2079.41,1.6,4.905,1585.58
2026-05-14 14:00:00,133,1,TK-02,HSD,8.4092,2641.82,35.46,817.72,832.41,0.982357,2595.21,2160.273,1.0,4.591,1489.18
2026-05-14 14:00:00,133,1,TK-03,HSD,7.5255,1914.999,35.03,818.94,833.3,0.982765,1881.994,1568.275,0.8,4.475,1170.43
2026-05-14 14:00:00,133,1,TK-04,HSD,8.5367,2681.872,34.73,816.88,831.07,0.982932,2636.098,2190.78,1.1,4.463,1447.37
2026-05-14 14:00:00,133,1,TK-05,HSD,8.9342,3396.166,35.1,816.93,831.38,0.982628,3337.167,2774.444,1.1,4.566,1794.49
2026-05-14 22:00:00,133,2,TK-01,HSD,8.5198,2676.563,26.48,823.95,832.18,0.990114,2650.102,2205.351,1.5,4.48,1431.82
2026-05-14 22:00:00,133,2,TK-02,HSD,8.2332,2586.547,26.53,825.35,833.6,0.990105,2560.952,2134.801,1.3,4.767,1522.79
2026-05-14 22:00:00,133,2,TK-03,HSD,7.3772,1877.269,26.79,824.93,833.37,0.989874,1858.26,1548.614,1.3,4.623,1194.82
2026-05-14 22:00:00,133,2,TK-04,HSD,8.3698,2629.463,26.35,822.56,830.71,0.99019,2603.667,2162.903,1.6,4.63,1481.52
2026-05-14 22:00:00,133,2,TK-05,HSD,8.7468,3324.939,26.3,824.13,832.22,0.990274,3292.602,2740.168,1.5,4.753,1837.72
2026-05-15 06:00:00,134,0,TK-01,HSD,8.4064,2640.955,26.57,822.68,830.98,0.990007,2614.563,2172.662,1.1,4.594,1472.55
2026-05-15 06:00:00,134,0,TK-02,HSD,8.1063,2546.663,27.12,824.75,833.43,0.989597,2520.169,2100.373,1.9,4.894,1562.13
2026-05-15 06:00:00,134,0,TK-03,HSD,8.2868,2108.724,27.38,823.23,832.1,0.989335,2086.235,1735.964,1.0,3.713,966.61
2026-05-15 06:00:00,134,0,TK-04,HSD,8.2443,2590.009,27.36,823.15,832.01,0.989348,2562.421,2131.97,1.3,4.756,1521.48
2026-05-15 06:00:00,134,0,TK-05,HSD,8.6271,3279.426,26.95,822.23,830.81,0.989677,3245.573,2696.451,1.5,4.873,1888.31
2026-05-15 14:00:00,134,1,TK-01,HSD,8.3031,2608.499,35.65,817.99,832.81,0.982211,2562.095,2133.738,1.6,4.697,1521.33
2026-05-15 14:00:00,134,1,TK-02,HSD,9.0837,2853.74,35.29,818.44,832.99,0.982531,2803.888,2335.617,1.3,3.916,1278.55
2026-05-15 14:00:00,134,1,TK-03,HSD,8.2003,2086.722,36.26,817.04,832.31,0.981659,2048.449,1704.936,1.4,3.8,1005.59
2026-05-15 14:00:00,134,1,TK-04,HSD,8.1499,2560.368,35.61,816.12,830.95,0.982161,2514.693,2089.572,1.2,4.85,1569.36
2026-05-15 14:00:00,134,1,TK-05,HSD,8.5248,3240.539,35.53,816.49,831.25,0.982243,3182.998,2645.861,1.1,4.975,1948.9
2026-05-15 22:00:00,134,2,TK-01,HSD,8.1516,2560.896,29.68,822.4,832.92,0.987373,2528.559,2106.082,1.3,4.848,1555.3
2026-05-15 22:00:00,134,2,TK-02,HSD,8.9284,2804.927,29.96,820.9,831.63,0.987095,2768.729,2302.556,0.9,4.072,1315.73
2026-05-15 22:00:00,134,2,TK-03,HSD,8.0439,2046.927,29.49,821.25,831.64,0.9875,2021.34,1681.035,1.3,3.956,1032.74
2026-05-15 22:00:00,134,2,TK-04,HSD,8.6195,2707.906,29.4,820.86,831.2,0.98756,2674.22,2222.823,1.3,4.38,1410.22
2026-05-15 22:00:00,134,2,TK-05,HSD,8.3725,3182.674,29.56,821.31,831.76,0.987437,3142.691,2613.974,1.2,5.127,1991.08
2026-05-16 06:00:00,135,0,TK-01,HSD,8.005,2514.836,28.69,822.69,832.5,0.988218,2485.207,2068.935,1.6,4.995,1598.98
2026-05-16 06:00:00,135,0,TK-02,HSD,8.762,2752.669,28.56,823.0,832.71,0.988335,2720.561,2265.442,0.9,4.238,1363.56
2026-05-16 06:00:00,135,0,TK-03,HSD,7.9044,2011.433,29.52,821.24,831.65,0.987471,1986.232,1651.86,0.9,4.096,1067.65
2026-05-16 06:00:00,135,0,TK-04,HSD,8.4649,2659.328,29.08,822.03,832.13,0.987871,2627.073,2186.057,0.9,4.535,1456.42
2026-05-16 06:00:00,135,0,TK-05,HSD,8.9315,3395.142,29.2,821.59,831.77,0.987758,3353.577,2789.407,0.7,4.569,1778.1
2026-05-16 14:00:00,135,1,TK-01,HSD,8.9271,2804.546,35.74,817.08,831.97,0.982097,2754.337,2291.53,0.7,4.073,1330.33
2026-05-16 14:00:00,135,1,TK-02,HSD,8.6202,2708.118,35.81,816.6,831.55,0.982011,2659.402,2211.437,1.5,4.38,1425.42
2026-05-16 14:00:00,135,1,TK-03,HSD,7.7606,1974.838,35.48,818.91,833.59,0.982389,1940.06,1617.213,1.5,4.239,1112.81
2026-05-16 14:00:00,135,1,TK-04,HSD,8.325,2615.362,35.18,817.29,831.79,0.982572,2569.78,2137.507,0.8,4.675,1516.17
2026-05-16 14:00:00,135,1,TK-05,HSD,8.7775,3336.609,35.97,816.61,831.67,0.981885,3276.167,2724.7,1.5,4.723,1854.36
2026-05-16 22:00:00,135,2,TK-01,HSD,8.7776,2757.572,29.88,821.37,832.04,0.987175,2722.206,2264.989,1.0,4.222,1362.34
2026-05-16 22:00:00,135,2,TK-02,HSD,8.4731,2661.893,29.62,821.42,831.9,0.987398,2628.347,2186.534,1.5,4.527,1456.32
2026-05-16 22:00:00,135,2,TK-03,HSD,7.6385,1943.774,30.19,822.55,833.43,0.986946,1918.4,1598.856,1.4,4.361,1135.37
2026-05-16 22:00:00,135,2,TK-04,HSD,8.6809,2727.17,30.04,820.67,831.46,0.987019,2691.767,2238.105,1.4,4.319,1392.82
2026-05-16 22:00:00,135,2,TK-05,HSD,8.6284,3279.93,30.03,821.02,831.8,0.987036,3237.408,2692.886,1.7,4.872,1892.46
2026-05-17 06:00:00,136,0,TK-01,HSD,8.6017,2702.312,28.2,823.4,832.86,0.98865,2671.642,2225.096,1.8,4.398,1413.25
2026-05-17 06:00:00,136,0,TK-02,HSD,8.3037,2608.686,28.47,822.69,832.35,0.988399,2578.422,2146.152,1.1,4.696,1505.48
2026-05-17 06:00:00,136,0,TK-03,HSD,8.1584,2076.063,28.43,821.98,831.61,0.988418,2052.018,1706.474,1.7,3.842,1002.51
2026-05-17 06:00:00,136,0,TK-04,HSD,8.5082,2672.925,28.15,822.39,831.82,0.988664,2642.626,2198.196,1.0,4.492,1443.16
2026-05-17 06:00:00,136,0,TK-05,HSD,8.4574,3214.94,27.87,822.06,831.29,0.988895,3179.239,2642.865,1.6,5.043,1953.05
2026-05-17 14:00:00,136,1,TK-01,HSD,8.4719,2661.534,34.69,818.84,832.97,0.983047,2616.413,2179.383,1.0,4.528,1466.73
2026-05-17 14:00:00,136,1,TK-02,HSD,8.1808,2570.074,34.4,817.55,831.49,0.983235,2526.986,2101.152,0.7,4.819,1557.11
2026-05-17 14:00:00,136,1,TK-03,HSD,8.0346,2044.552,34.7,818.15,832.29,0.98301,2009.814,1672.753,0.7,3.965,1043.58
2026-05-17 14:00:00,136,1,TK-04,HSD,8.3806,2632.83,34.34,818.95,832.82,0.983344,2588.977,2156.163,1.4,4.619,1496.04
2026-05-17 14:00:00,136,1,TK-05,HSD,9.0564,3442.637,34.47,815.62,829.64,0.983097,3384.447,2807.867,1.1,4.444,1748.66
2026-05-17 22:00:00,136,2,TK-01,HSD,8.3277,2616.223,28.77,821.65,831.53,0.988118,2585.137,2149.618,0.8,4.672,1498.54
2026-05-17 22:00:00,136,2,TK-02,HSD,8.6056,2703.531,27.93,823.24,832.51,0.988875,2673.453,2225.666,1.5,4.394,1410.58
2026-05-17 22:00:00,136,2,TK-03,HSD,7.8941,2008.805,28.13,823.37,832.77,0.988711,1986.127,1653.997,1.2,4.106,1068.01
2026-05-17 22:00:00,136,2,TK-04,HSD,8.2428,2589.556,28.95,821.41,831.42,0.987962,2558.382,2127.086,1.0,4.757,1527.5
2026-05-17 22:00:00,136,2,TK-05,HSD,8.8975,3382.24,28.75,822.18,832.04,0.988151,3342.165,2780.819,1.4,4.602,1789.78
2026-05-18 06:00:00,137,0,TK-01,HSD,8.1888,2572.578,29.81,822.56,833.17,0.987269,2539.827,2116.11,1.1,4.811,1545.48
2026-05-18 06:00:00,137,0,TK-02,HSD,8.4564,2656.658,29.85,821.32,831.97,0.987193,2622.634,2181.966,1.6,4.544,1459.12
2026-05-18 06:00:00,137,0,TK-03,HSD,7.7681,1976.745,29.99,821.55,832.3,0.987085,1951.215,1623.988,0.6,4.232,1104.06
2026-05-18 06:00:00,137,0,TK-04,HSD,8.9378,2807.902,29.91,822.06,832.74,0.987173,2771.886,2308.263,1.1,4.062,1313.16
2026-05-18 06:00:00,137,0,TK-05,HSD,8.7406,3322.592,29.77,820.61,831.22,0.98724,3280.195,2726.553,1.2,4.759,1850.45
2026-05-18 14:00:00,137,1,TK-01,HSD,8.9744,2819.404,34.15,819.64,833.36,0.983532,2772.974,2310.899,0.7,4.026,1310.53
2026-05-18 14:00:00,137,1,TK-02,HSD,8.3143,2612.016,34.39,817.52,831.45,0.983244,2568.249,2135.378,0.6,4.686,1513.89
2026-05-18 14:00:00,137,1,TK-03,HSD,7.6179,1938.508,33.66,820.06,833.43,0.983951,1907.397,1589.684,1.2,4.382,1144.74
2026-05-18 14:00:00,137,1,TK-04,HSD,8.7791,2758.027,33.86,819.16,832.69,0.983751,2713.211,2259.253,0.8,4.221,1370.98
2026-05-18 14:00:00,137,1,TK-05,HSD,8.5947,3267.132,33.95,818.21,831.82,0.98364,3213.681,2673.193,1.2,4.905,1918.92
2026-05-18 22:00:00,137,2,TK-01,HSD,8.839,2776.85,29.06,822.3,832.38,0.98789,2743.223,2283.401,1.5,4.161,1341.04
2026-05-18 22:00:00,137,2,TK-02,HSD,8.1915,2573.443,28.69,822.55,832.37,0.988211,2543.104,2116.795,1.1,4.808,1542.16
2026-05-18 22:00:00,137,2,TK-03,HSD,8.1691,2078.778,28.84,821.83,831.76,0.988061,2053.96,1708.393,1.9,3.831,999.56
2026-05-18 22:00:00,137,2,TK-04,HSD,8.6452,2715.977,28.52,821.55,831.25,0.988327,2684.275,2231.303,1.2,4.355,1400.82
2026-05-18 22:00:00,137,2,TK-05,HSD,8.4596,3215.768,28.75,822.33,832.19,0.988156,3177.681,2644.427,1.0,5.04,1954.26
2026-05-19 06:00:00,138,0,TK-01,HSD,8.7152,2737.956,28.49,821.2,830.88,0.988347,2706.05,2248.398,1.2,4.285,1377.21
2026-05-19 06:00:00,138,0,TK-02,HSD,8.7047,2734.653,28.67,822.87,832.66,0.988236,2702.483,2250.251,1.6,4.295,1380.77
2026-05-19 06:00:00,138,0,TK-03,HSD,8.059,2050.778,28.38,822.77,832.36,0.988479,2027.151,1687.323,1.4,3.941,1026.64
2026-05-19 06:00:00,138,0,TK-04,HSD,8.5322,2680.463,28.52,822.2,831.9,0.988342,2649.214,2203.887,1.4,4.468,1436.2
2026-05-19 06:00:00,138,0,TK-05,HSD,8.3526,3175.108,29.03,821.45,831.52,0.98789,3136.657,2608.208,1.2,5.147,1996.16
2026-05-19 14:00:00,138,1,TK-01,HSD,8.5883,2698.092,35.19,817.83,832.32,0.982589,2651.114,2206.571,1.3,4.412,1434.27
2026-05-19 14:00:00,138,1,TK-02,HSD,8.5739,2693.579,34.85,818.2,832.45,0.982882,2647.471,2203.88,1.2,4.426,1437.76
2026-05-19 14:00:00,138,1,TK-03,HSD,7.9353,2019.288,35.23,817.55,832.08,0.982538,1984.027,1650.874,1.2,4.065,1069.37
2026-05-19 14:00:00,138,1,TK-04,HSD,8.4016,2639.432,35.54,816.45,831.22,0.982231,2592.533,2154.958,0.8,4.598,1492.02
2026-05-19 14:00:00,138,1,TK-05,HSD,8.7764,3336.19,35.04,817.78,832.17,0.982709,3278.504,2728.279,1.0,4.724,1850.98
2026-05-19 22:00:00,138,2,TK-01,HSD,8.4475,2653.854,31.45,820.96,832.75,0.985839,2616.274,2178.695,2.0,4.553,1469.49
2026-05-19 22:00:00,138,2,TK-02,HSD,8.4238,2646.428,30.93,820.48,831.91,0.986264,2610.077,2171.341,1.5,4.576,1472.93
2026-05-19 22:00:00,138,2,TK-03,HSD,7.808,1986.904,31.36,820.01,831.75,0.985885,1958.859,1629.276,0.8,4.192,1095.74
2026-05-19 22:00:00,138,2,TK-04,HSD,8.6579,2719.951,31.26,819.68,831.36,0.985956,2681.753,2229.498,0.7,4.342,1401.45
2026-05-19 22:00:00,138,2,TK-05,HSD,8.6406,3284.591,31.19,819.57,831.2,0.986009,3238.635,2691.942,0.9,4.859,1894.58
2026-05-20 06:00:00,139,0,TK-01,HSD,8.2505,2591.979,30.31,822.14,833.11,0.986831,2557.846,2130.967,1.5,4.749,1525.79
2026-05-20 06:00:00,139,0,TK-02,HSD,8.2383,2588.152,29.95,823.02,833.72,0.987168,2554.942,2130.107,1.7,4.762,1529.16
2026-05-20 06:00:00,139,0,TK-03,HSD,7.6245,1940.21,30.15,822.1,832.96,0.986966,1914.922,1595.054,1.0,4.375,1137.91
2026-05-20 06:00:00,139,0,TK-04,HSD,8.4665,2659.843,30.26,820.62,831.57,0.98683,2624.812,2182.727,1.2,4.533,1459.22
2026-05-20 06:00:00,139,0,TK-05,HSD,9.1102,3463.101,30.23,821.01,831.93,0.98687,3417.629,2843.244,1.2,4.39,1712.89
2026-05-20 14:00:00,139,1,TK-01,HSD,8.0927,2542.405,34.29,817.98,831.83,0.983344,2500.059,2079.627,1.5,4.907,1584.48
2026-05-20 14:00:00,139,1,TK-02,HSD,8.077,2537.479,33.87,820.5,834.02,0.983796,2496.361,2082.013,0.8,4.923,1587.78
2026-05-20 14:00:00,139,1,TK-03,HSD,8.6141,2192.033,33.69,818.91,832.32,0.983886,2156.711,1795.076,1.5,3.386,895.01
2026-05-20 14:00:00,139,1,TK-04,HSD,8.3019,2608.129,33.62,817.53,830.92,0.983889,2566.111,2132.225,1.2,4.698,1519.44
2026-05-20 14:00:00,139,1,TK-05,HSD,8.9384,3397.793,34.27,816.99,830.85,0.983322,3341.123,2775.968,1.8,4.562,1791.33
2026-05-20 22:00:00,139,2,TK-01,HSD,7.9548,2499.069,29.95,821.62,832.35,0.98712,2466.88,2053.297,0.8,5.045,1618.42
2026-05-20 22:00:00,139,2,TK-02,HSD,8.3833,2633.704,30.0,822.18,832.93,0.987094,2599.714,2165.371,1.8,4.617,1484.66
2026-05-20 22:00:00,139,2,TK-03,HSD,8.4729,2156.093,29.74,822.83,833.38,0.987339,2128.796,1774.096,1.1,3.527,924.32
2026-05-20 22:00:00,139,2,TK-04,HSD,8.1517,2560.938,29.9,821.18,831.87,0.987147,2528.023,2102.981,2.1,4.848,1554.26
2026-05-20 22:00:00,139,2,TK-05,HSD,8.7774,3336.586,29.54,821.36,831.79,0.987464,3294.758,2740.53,1.3,4.723,1836.69
2026-05-21 06:00:00,140,0,TK-01,HSD,8.4008,2639.176,28.3,823.1,832.63,0.988557,2608.975,2172.318,1.7,4.599,1474.79
2026-05-21 06:00:00,140,0,TK-02,HSD,8.2259,2584.234,28.41,823.15,832.76,0.988462,2554.418,2127.22,0.9,4.774,1530.34
2026-05-21 06:00:00,140,0,TK-03,HSD,8.3207,2117.371,28.42,823.58,833.19,0.98847,2092.959,1743.835,0.9,3.679,961.74
2026-05-21 06:00:00,140,0,TK-04,HSD,8.0019,2513.877,28.22,822.52,832.0,0.98861,2485.244,2067.719,0.9,4.998,1598.72
2026-05-21 06:00:00,140,0,TK-05,HSD,8.6128,3274.022,28.3,821.74,831.29,0.988517,3236.426,2690.397,1.1,4.887,1894.6
2026-05-21 14:00:00,140,1,TK-01,HSD,8.2616,2595.451,36.12,816.72,831.9,0.98176,2548.109,2119.768,1.5,4.738,1536.31
2026-05-21 14:00:00,140,1,TK-02,HSD,8.0769,2537.448,35.59,817.1,831.89,0.982223,2492.341,2073.361,1.2,4.923,1590.56
2026-05-21 14:00:00,140,1,TK-03,HSD,8.1716,2079.419,35.75,817.95,832.84,0.982123,2042.246,1700.857,1.1,3.828,1011.06
2026-05-21 14:00:00,140,1,TK-04,HSD,8.9734,2819.073,35.92,817.14,832.16,0.981948,2768.184,2303.578,1.0,4.027,1316.69
2026-05-21 14:00:00,140,1,TK-05,HSD,8.4677,3218.855,36.32,816.54,831.86,0.981588,3159.59,2628.334,1.1,5.032,1970.93
2026-05-21 22:00:00,140,2,TK-01,HSD,8.1038,2545.869,30.16,821.53,832.4,0.986939,2512.618,2091.515,1.4,4.896,1571.63
2026-05-21 22:00:00,140,2,TK-02,HSD,8.6089,2704.564,30.14,821.24,832.09,0.986953,2669.277,2221.083,1.3,4.391,1412.01
2026-05-21 22:00:00,140,2,TK-03,HSD,8.0221,2041.376,29.96,821.3,832.03,0.987106,2015.054,1676.581,1.3,3.978,1039.37
2026-05-21 22:00:00,140,2,TK-04,HSD,8.7941,2762.754,30.08,822.68,833.48,0.987049,2726.973,2272.868,1.3,4.206,1355.05
2026-05-21 22:00:00,140,2,TK-05,HSD,8.3147,3160.684,30.61,821.09,832.29,0.986549,3118.17,2595.221,1.1,5.185,2014.74
2026-05-22 06:00:00,141,0,TK-01,HSD,7.9397,2494.335,29.37,822.83,833.12,0.98765,2463.53,2052.409,1.1,5.06,1619.73
2026-05-22 06:00:00,141,0,TK-02,HSD,8.4442,2652.814,29.06,821.61,831.69,0.987872,2620.641,2179.573,0.9,4.556,1463.17
2026-05-22 06:00:00,141,0,TK-03,HSD,7.859,1999.879,29.62,822.07,832.55,0.987415,1974.709,1644.043,0.7,4.141,1077.94
2026-05-22 06:00:00,141,0,TK-04,HSD,8.6325,2711.985,29.42,821.74,832.08,0.987575,2678.289,2228.558,1.1,4.367,1407.3
2026-05-22 06:00:00,141,0,TK-05,HSD,8.8252,3354.761,29.54,820.85,831.28,0.987448,3312.652,2753.746,1.2,4.675,1819.57
2026-05-22 14:00:00,141,1,TK-01,HSD,8.7756,2756.923,35.73,816.44,831.34,0.982078,2707.513,2250.871,1.2,4.224,1376.88
2026-05-22 14:00:00,141,1,TK-02,HSD,8.3036,2608.652,35.22,818.54,833.04,0.982593,2563.243,2135.284,0.9,4.696,1520.88
2026-05-22 14:00:00,141,1,TK-03,HSD,7.7337,1967.994,35.6,818.67,833.44,0.982274,1933.11,1611.139,1.5,4.266,1121.44
2026-05-22 14:00:00,141,1,TK-04,HSD,8.4788,2663.694,35.58,818.07,832.83,0.982272,2616.471,2179.078,0.9,4.521,1466.24
2026-05-22 14:00:00,141,1,TK-05,HSD,8.6735,3297.095,35.61,818.32,833.1,0.982258,3238.6,2698.075,1.3,4.826,1892.5
2026-05-22 22:00:00,141,2,TK-01,HSD,8.6006,2701.973,29.04,821.51,831.59,0.987887,2669.243,2219.707,0.7,4.399,1413.74
2026-05-22 22:00:00,141,2,TK-02,HSD,8.7562,2750.844,29.15,821.69,831.84,0.987796,2717.272,2260.334,1.3,4.244,1367.82
2026-05-22 22:00:00,141,2,TK-03,HSD,7.5861,1930.427,29.45,823.79,834.13,0.987609,1906.507,1590.276,1.1,4.414,1147.75
2026-05-22 22:00:00,141,2,TK-04,HSD,8.3183,2613.258,29.1,821.9,832.02,0.987845,2581.494,2147.848,1.0,4.682,1501.88
2026-05-22 22:00:00,141,2,TK-05,HSD,8.51,3234.935,29.32,821.88,832.15,0.987661,3195.018,2658.724,1.0,4.99,1936.6
2026-05-23 06:00:00,142,0,TK-01,HSD,8.4421,2652.175,27.46,823.6,832.52,0.989281,2623.746,2184.327,1.2,4.558,1459.67
2026-05-23 06:00:00,142,0,TK-02,HSD,8.5927,2699.47,27.46,823.08,832.01,0.989262,2670.484,2221.867,1.3,4.407,1414.54
2026-05-23 06:00:00,142,0,TK-03,HSD,8.4844,2159.012,27.14,823.98,832.67,0.989556,2136.463,1778.978,1.2,3.516,918.03
2026-05-23 06:00:00,142,0,TK-04,HSD,8.1673,2565.83,27.41,823.4,832.29,0.989312,2538.407,2112.697,1.1,4.833,1546.3
2026-05-23 06:00:00,142,0,TK-05,HSD,8.351,3174.494,27.28,824.38,833.17,0.98945,3141.004,2616.997,1.6,5.149,1991.56
2026-05-23 14:00:00,142,1,TK-01,HSD,8.2994,2607.342,35.47,816.37,831.09,0.982288,2561.161,2128.56,1.5,4.701,1521.4
2026-05-23 14:00:00,142,1,TK-02,HSD,8.4437,2652.654,35.04,817.43,831.82,0.982691,2606.738,2168.349,1.4,4.556,1477.33
2026-05-23 14:00:00,142,1,TK-03,HSD,8.3423,2122.862,35.37,819.44,834.03,0.9825,2085.713,1739.555,1.3,3.658,968.26
2026-05-23 14:00:00,142,1,TK-04,HSD,8.0289,2522.36,35.35,818.17,832.77,0.982465,2478.131,2063.71,1.2,4.971,1605.99
2026-05-23 14:00:00,142,1,TK-05,HSD,8.897,3382.031,35.69,815.67,830.56,0.982074,3321.405,2758.63,1.8,4.603,1809.11
2026-05-23 22:00:00,142,2,TK-01,HSD,8.1595,2563.398,32.64,818.73,831.4,0.984764,2524.343,2098.736,1.3,4.84,1559.25
2026-05-23 22:00:00,142,2,TK-02,HSD,8.2997,2607.424,32.65,819.95,832.61,0.984798,2567.786,2137.96,1.6,4.7,1515.83
2026-05-23 22:00:00,142,2,TK-03,HSD,8.1981,2086.162,32.82,820.09,832.87,0.984661,2054.162,1710.842,1.4,3.802,999.07
2026-05-23 22:00:00,142,2,TK-04,HSD,8.3806,2632.858,32.86,818.79,831.62,0.98458,2592.259,2155.765,1.3,4.619,1490.65
2026-05-23 22:00:00,142,2,TK-05,HSD,8.7514,3326.712,32.85,819.91,832.71,0.984629,3275.577,2727.612,0.6,4.749,1858.19
2026-05-24 06:00:00,143,0,TK-01,HSD,8.7038,2734.373,28.59,821.34,831.09,0.988266,2702.288,2245.837,1.5,4.296,1382.19
2026-05-24 06:00:00,143,0,TK-02,HSD,8.1261,2552.889,27.86,823.58,832.79,0.988942,2524.66,2102.505,1.5,4.874,1560.82
2026-05-24 06:00:00,143,0,TK-03,HSD,8.0211,2041.129,28.0,823.71,833.02,0.988826,2018.322,1681.301,1.5,3.979,1035.05
2026-05-24 06:00:00,143,0,TK-04,HSD,8.2074,2578.444,28.26,823.18,832.68,0.988591,2549.027,2122.513,0.4,4.793,1536.07
2026-05-24 06:00:00,143,0,TK-05,HSD,8.558,3253.178,28.16,821.86,831.3,0.988641,3216.226,2673.652,1.4,4.942,1915.52
2026-05-24 14:00:00,143,1,TK-01,HSD,8.5832,2696.506,35.61,816.24,831.06,0.982165,2648.412,2200.995,0.5,4.417,1435.5
2026-05-24 14:00:00,143,1,TK-02,HSD,9.0229,2834.628,35.17,818.01,832.49,0.98261,2785.333,2318.757,0.9,3.977,1298.05
2026-05-24 14:00:00,143,1,TK-03,HSD,7.9181,2014.919,35.41,817.63,832.28,0.982393,1979.442,1647.459,0.9,4.082,1074.88
2026-05-24 14:00:00,143,1,TK-04,HSD,8.0934,2542.617,35.4,817.26,831.91,0.982386,2497.83,2077.973,1.0,4.907,1586.34
2026-05-24 14:00:00,143,1,TK-05,HSD,8.4343,3206.168,34.98,817.2,831.55,0.982733,3150.808,2620.068,1.6,5.066,1978.98
2026-05-24 22:00:00,143,2,TK-01,HSD,8.4417,2652.049,29.3,821.9,832.15,0.98768,2619.376,2179.717,1.1,4.558,1463.77
2026-05-24 22:00:00,143,2,TK-02,HSD,8.8865,2791.768,29.12,821.6,831.73,0.987825,2757.778,2293.716,1.4,4.114,1327.8
2026-05-24 22:00:00,143,2,TK-03,HSD,7.7906,1982.467,29.53,823.17,833.57,0.987524,1957.734,1631.908,1.5,4.209,1096.0
2026-05-24 22:00:00,143,2,TK-04,HSD,8.4952,2668.859,29.74,822.06,832.62,0.987316,2635.007,2193.97,0.7,4.505,1450.33
2026-05-24 22:00:00,143,2,TK-05,HSD,8.3116,3159.493,29.55,822.52,832.94,0.987484,3119.948,2598.732,0.7,5.188,2012.64
2026-05-25 06:00:00,144,0,TK-01,HSD,8.263,2595.886,28.26,821.4,830.92,0.988539,2566.135,2132.257,1.5,4.737,1516.6
2026-05-25 06:00:00,144,0,TK-02,HSD,8.6927,2730.905,28.53,822.59,832.29,0.988346,2699.079,2246.421,1.4,4.307,1383.36
2026-05-25 06:00:00,144,0,TK-03,HSD,7.6202,1939.097,28.55,822.48,832.19,0.988331,1916.471,1594.861,0.4,4.38,1135.47
2026-05-25 06:00:00,144,0,TK-04,HSD,8.3105,2610.81,28.47,824.03,833.66,0.988441,2580.632,2151.382,1.3,4.69,1503.42
2026-05-25 06:00:00,144,0,TK-05,HSD,8.7708,3334.077,28.37,822.4,831.98,0.988479,3295.666,2741.935,1.4,4.729,1835.41
2026-05-25 14:00:00,144,1,TK-01,HSD,8.147,2559.449,35.39,815.2,829.88,0.982307,2514.165,2086.468,1.6,4.853,1569.89
2026-05-25 14:00:00,144,1,TK-02,HSD,8.5641,2690.487,35.02,817.37,831.75,0.982709,2643.966,2199.117,1.0,4.436,1439.42
2026-05-25 14:00:00,144,1,TK-03,HSD,8.5684,2180.403,35.03,817.85,832.23,0.982719,2142.722,1783.24,0.9,3.432,909.09
2026-05-25 14:00:00,144,1,TK-04,HSD,8.1885,2572.499,35.32,816.57,831.18,0.982426,2527.289,2100.631,1.3,4.811,1556.99
2026-05-25 14:00:00,144,1,TK-05,HSD,8.6415,3284.933,35.29,817.14,831.71,0.982473,3227.359,2684.239,1.0,4.858,1903.83
2026-05-25 22:00:00,144,2,TK-01,HSD,8.5793,2695.281,30.52,821.34,832.46,0.986631,2659.249,2213.73,0.9,4.421,1426.26
2026-05-25 22:00:00,144,2,TK-02,HSD,8.4471,2653.743,30.71,820.79,832.06,0.986459,2617.809,2178.172,1.1,4.553,1467.85
2026-05-25 22:00:00,144,2,TK-03,HSD,8.4525,2150.899,30.88,820.7,832.09,0.986312,2121.457,1765.244,1.3,3.548,932.14
2026-05-25 22:00:00,144,2,TK-04,HSD,8.0677,2534.557,30.99,820.85,832.31,0.986221,2499.633,2080.479,1.5,4.932,1584.15
2026-05-25 22:00:00,144,2,TK-05,HSD,8.5098,3234.858,30.52,820.58,831.72,0.986605,3191.528,2654.468,1.8,4.99,1938.52
2026-05-26 06:00:00,145,0,TK-01,HSD,8.4231,2646.199,28.29,822.2,831.74,0.988539,2615.871,2175.712,1.6,4.577,1468.97
2026-05-26 06:00:00,145,0,TK-02,HSD,8.2949,2605.905,29.04,822.13,832.2,0.987901,2574.377,2142.397,1.3,4.705,1509.89
2026-05-26 06:00:00,145,0,TK-03,HSD,8.3019,2112.582,28.95,822.94,832.93,0.988001,2087.233,1738.525,0.6,3.698,966.23
2026-05-26 06:00:00,145,0,TK-04,HSD,8.7314,2743.039,28.48,821.68,831.36,0.988363,2711.119,2253.91,0.9,4.269,1371.9
2026-05-26 06:00:00,145,0,TK-05,HSD,8.3667,3180.468,28.74,820.95,830.81,0.988121,3142.688,2610.991,0.8,5.133,1989.84
2026-05-26 14:00:00,145,1,TK-01,HSD,8.3077,2609.953,36.54,816.29,831.77,0.98139,2561.382,2130.471,1.4,4.692,1522.05
2026-05-26 14:00:00,145,1,TK-02,HSD,8.1852,2571.47,37.03,816.74,832.56,0.981003,2522.619,2100.223,0.9,4.815,1562.14
2026-05-26 14:00:00,145,1,TK-03,HSD,8.1951,2085.402,36.66,817.98,833.51,0.981368,2046.547,1705.808,1.5,3.805,1008.6
2026-05-26 14:00:00,145,1,TK-04,HSD,8.6141,2706.2,36.57,815.35,830.86,0.981326,2655.665,2206.493,1.4,4.386,1426.95
2026-05-26 14:00:00,145,1,TK-05,HSD,9.0592,3443.691,37.32,816.95,832.96,0.980771,3377.473,2813.312,1.4,4.441,1754.99
2026-05-26 22:00:00,145,2,TK-01,HSD,8.1378,2556.575,31.01,820.43,831.92,0.986187,2521.261,2097.478,1.0,4.862,1562.93
2026-05-26 22:00:00,145,2,TK-02,HSD,8.503,2671.312,30.97,821.42,832.86,0.986256,2634.597,2194.261,0.8,4.497,1448.94
2026-05-26 22:00:00,145,2,TK-03,HSD,8.0173,2040.166,30.92,822.27,833.67,0.986328,2012.273,1677.565,0.9,3.983,1041.23
2026-05-26 22:00:00,145,2,TK-04,HSD,8.4348,2649.861,30.98,820.12,831.58,0.98621,2613.319,2173.192,1.3,4.565,1469.35
2026-05-26 22:00:00,145,2,TK-05,HSD,8.8605,3368.18,30.63,821.93,833.13,0.986557,3322.902,2768.41,1.2,4.639,1808.88
2026-05-27 06:00:00,146,0,TK-01,HSD,8.716,2738.199,28.32,821.68,831.24,0.988503,2706.718,2249.921,1.3,4.284,1378.92
2026-05-27 06:00:00,146,0,TK-02,HSD,8.374,2630.761,28.46,822.31,831.96,0.988396,2600.232,2163.302,1.0,4.626,1483.56
2026-05-27 06:00:00,146,0,TK-03,HSD,7.8965,2009.426,28.63,822.76,832.53,0.988266,1985.847,1653.284,0.7,4.103,1067.67
2026-05-27 06:00:00,146,0,TK-04,HSD,8.3123,2611.371,28.78,821.21,831.1,0.988098,2580.291,2144.479,1.4,4.688,1503.71
2026-05-27 06:00:00,146,0,TK-05,HSD,8.7288,3318.107,28.37,821.97,831.57,0.988465,3279.832,2727.394,0.9,4.771,1852.54
2026-05-27 14:00:00,146,1,TK-01,HSD,8.5694,2692.141,35.73,817.18,832.07,0.982104,2643.964,2199.954,1.3,4.431,1440.66
2026-05-27 14:00:00,146,1,TK-02,HSD,8.2434,2589.744,36.02,816.05,831.17,0.981812,2542.642,2113.369,1.0,4.757,1542.91
2026-05-27 14:00:00,146,1,TK-03,HSD,7.7637,1975.61,35.99,817.6,832.67,0.98191,1939.872,1615.264,1.3,4.236,1113.0
2026-05-27 14:00:00,146,1,TK-04,HSD,9.1783,2883.449,36.23,816.6,831.86,0.981661,2830.57,2354.635,1.3,3.822,1252.15
2026-05-27 14:00:00,146,1,TK-05,HSD,8.5841,3263.102,36.33,817.19,832.5,0.981605,3203.077,2666.569,1.0,4.916,1927.38
2026-05-27 22:00:00,146,2,TK-01,HSD,8.4288,2647.983,29.93,820.91,831.63,0.987119,2613.875,2173.768,1.7,4.571,1471.2
2026-05-27 22:00:00,146,2,TK-02,HSD,8.6129,2705.81,29.71,823.98,834.49,0.987399,2671.714,2229.523,0.4,4.387,1410.52
2026-05-27 22:00:00,146,2,TK-03,HSD,7.6381,1943.665,29.81,821.58,832.2,0.987241,1918.866,1596.872,1.2,4.362,1135.42
2026-05-27 22:00:00,146,2,TK-04,HSD,9.0289,2836.522,29.94,822.04,832.75,0.987144,2800.057,2331.74,1.3,3.971,1284.88
2026-05-27 22:00:00,146,2,TK-05,HSD,8.4413,3208.807,30.3,821.5,832.47,0.986824,3166.529,2636.027,1.4,5.059,1964.4
2026-05-28 06:00:00,147,0,TK-01,HSD,8.2574,2594.154,28.1,822.32,831.72,0.9887,2564.841,2133.234,0.8,4.743,1518.24
2026-05-28 06:00:00,147,0,TK-02,HSD,8.4523,2655.378,28.36,822.54,832.11,0.988494,2624.824,2184.146,1.3,4.548,1458.65
2026-05-28 06:00:00,147,0,TK-03,HSD,7.4835,1904.318,27.78,823.67,832.82,0.989013,1883.395,1568.531,1.5,4.517,1169.95
2026-05-28 06:00:00,147,0,TK-04,HSD,8.8474,2779.487,27.9,821.98,831.24,0.988866,2748.539,2284.685,1.2,4.153,1335.27
2026-05-28 06:00:00,147,0,TK-05,HSD,8.9451,3400.309,28.05,822.44,831.79,0.988752,3362.063,2796.539,1.3,4.555,1769.99
2026-05-28 14:00:00,147,1,TK-01,HSD,8.1194,2550.781,34.75,817.08,831.28,0.982921,2507.216,2084.19,1.3,4.881,1577.64
2026-05-28 14:00:00,147,1,TK-02,HSD,8.3048,2609.024,34.66,819.71,833.8,0.983104,2564.942,2138.637,1.1,4.695,1519.44
2026-05-28 14:00:00,147,1,TK-03,HSD,8.537,2172.409,34.71,818.42,832.56,0.983007,2135.494,1777.937,0.6,3.463,918.7
2026-05-28 14:00:00,147,1,TK-04,HSD,8.6935,2731.141,34.8,817.18,831.41,0.982884,2684.396,2231.825,1.2,4.307,1398.91
2026-05-28 14:00:00,147,1,TK-05,HSD,8.7876,3340.466,34.53,818.46,832.48,0.983161,3284.216,2734.028,0.9,4.712,1847.83
2026-05-28 22:00:00,147,2,TK-01,HSD,8.4876,2666.453,31.06,821.05,832.57,0.986167,2629.567,2189.293,1.1,4.512,1454.52
2026-05-28 22:00:00,147,2,TK-02,HSD,8.1608,2563.788,31.06,821.75,833.25,0.986197,2528.399,2106.796,1.2,4.839,1555.53
2026-05-28 22:00:00,147,2,TK-03,HSD,8.387,2134.227,30.95,821.13,832.57,0.986262,2104.907,1752.477,1.3,3.613,948.75
2026-05-28 22:00:00,147,2,TK-04,HSD,8.5472,2685.183,30.93,820.39,831.83,0.986257,2648.282,2202.909,1.5,4.453,1436.7
2026-05-28 22:00:00,147,2,TK-05,HSD,8.6319,3281.27,30.76,822.06,833.34,0.986456,3236.827,2697.386,0.7,4.868,1894.05
2026-05-29 06:00:00,148,0,TK-01,HSD,8.3119,2611.256,29.53,820.89,831.32,0.987455,2578.498,2143.546,1.0,4.688,1504.23
2026-05-29 06:00:00,148,0,TK-02,HSD,8.8187,2770.487,29.1,823.02,833.12,0.987875,2736.897,2280.154,1.0,4.181,1345.91
2026-05-29 06:00:00,148,0,TK-03,HSD,8.2123,2089.767,28.79,821.4,831.3,0.988091,2064.881,1716.538,0.8,3.788,988.54
2026-05-29 06:00:00,148,0,TK-04,HSD,8.3698,2629.457,29.29,821.23,831.49,0.987665,2597.023,2159.386,1.4,4.63,1486.74
2026-05-29 06:00:00,148,0,TK-05,HSD,8.4584,3215.3,28.78,821.7,831.59,0.988114,3177.084,2642.016,1.4,5.042,1955.25
2026-05-29 14:00:00,148,1,TK-01,HSD,8.2223,2583.122,36.2,816.87,832.1,0.9817,2535.85,2110.075,1.8,4.778,1549.97
2026-05-29 14:00:00,148,1,TK-02,HSD,8.7196,2739.357,36.34,817.55,832.86,0.981614,2688.99,2239.556,1.2,4.28,1394.46
2026-05-29 14:00:00,148,1,TK-03,HSD,8.1218,2066.745,36.71,816.83,832.42,0.981272,2028.04,1688.175,1.9,3.878,1025.15
2026-05-29 14:00:00,148,1,TK-04,HSD,8.2763,2600.081,36.53,816.96,832.42,0.981432,2551.802,2124.164,1.2,4.724,1532.8
2026-05-29 14:00:00,148,1,TK-05,HSD,9.0457,3438.566,36.62,815.59,831.14,0.98129,3374.231,2804.473,0.9,4.454,1756.82
2026-05-29 22:00:00,148,2,TK-01,HSD,8.6023,2702.507,30.08,820.79,831.6,0.98699,2667.348,2218.179,0.8,4.398,1416.67
2026-05-29 22:00:00,148,2,TK-02,HSD,8.5627,2690.046,29.62,823.03,833.5,0.987443,2656.267,2213.989,1.3,4.437,1427.6
2026-05-29 22:00:00,148,2,TK-03,HSD,7.9732,2028.944,29.83,821.51,832.15,0.987218,2003.011,1666.805,1.2,4.027,1050.15
2026-05-29 22:00:00,148,2,TK-04,HSD,8.1307,2554.338,30.26,820.02,830.98,0.986808,2520.642,2094.609,1.5,4.869,1564.24
2026-05-29 22:00:00,148,2,TK-05,HSD,8.8854,3377.637,29.64,820.88,831.39,0.987359,3334.941,2772.65,1.3,4.615,1798.41
2026-05-30 06:00:00,149,0,TK-01,HSD,8.4542,2655.953,29.05,820.32,830.42,0.987842,2623.662,2178.732,1.1,4.546,1461.59
2026-05-30 06:00:00,149,0,TK-02,HSD,8.4164,2644.093,29.44,823.02,833.36,0.98759,2611.279,2176.138,1.5,4.584,1472.34
2026-05-30 06:00:00,149,0,TK-03,HSD,7.8439,1996.026,29.42,821.6,831.95,0.987568,1971.211,1639.942,1.2,4.156,1083.89
2026-05-30 06:00:00,149,0,TK-04,HSD,8.7978,2763.905,29.59,820.98,831.45,0.987404,2729.091,2269.105,0.9,4.202,1353.08
2026-05-30 06:00:00,149,0,TK-05,HSD,8.7267,3317.303,28.88,821.56,831.52,0.988022,3277.569,2725.356,0.9,4.773,1854.55
2026-05-30 14:00:00,149,1,TK-01,HSD,8.327,2616.002,34.91,817.31,831.61,0.982798,2571.002,2138.078,0.6,4.673,1513.43
2026-05-30 14:00:00,149,1,TK-02,HSD,9.3197,2927.873,35.04,818.71,833.08,0.982745,2877.352,2397.069,1.2,3.68,1206.29
2026-05-30 14:00:00,149,1,TK-03,HSD,7.7181,1964.012,35.21,817.45,831.96,0.982553,1929.747,1605.48,1.5,4.282,1122.83
2026-05-30 14:00:00,149,1,TK-04,HSD,8.6751,2725.369,35.2,816.26,830.78,0.982512,2677.708,2224.597,1.6,4.325,1407.06
2026-05-30 14:00:00,149,1,TK-05,HSD,8.6034,3270.423,35.24,816.25,830.8,0.982482,3213.133,2669.478,1.6,4.897,1919.33
2026-05-30 22:00:00,149,2,TK-01,HSD,8.1879,2572.299,30.7,820.85,832.11,0.986462,2537.476,2111.471,0.9,4.812,1546.13
2026-05-30 22:00:00,149,2,TK-02,HSD,9.1643,2879.054,30.74,820.84,832.12,0.986432,2839.993,2363.229,1.1,3.836,1242.9
2026-05-30 22:00:00,149,2,TK-03,HSD,7.5959,1932.926,30.59,821.42,832.6,0.986578,1906.982,1587.746,1.1,4.404,1147.39
2026-05-30 22:00:00,149,2,TK-04,HSD,8.5284,2679.282,31.23,819.42,831.08,0.985973,2641.7,2195.467,1.4,4.472,1441.11
2026-05-30 22:00:00,149,2,TK-05,HSD,8.8157,3351.135,30.22,821.56,832.48,0.986889,3307.197,2753.165,2.0,4.684,1824.99
2026-05-31 06:00:00,150,0,TK-01,HSD,8.6767,2725.866,28.56,821.05,830.78,0.988283,2693.926,2238.064,1.3,4.323,1389.42
2026-05-31 06:00:00,150,0,TK-02,HSD,9.024,2834.978,28.9,823.9,833.85,0.988073,2801.164,2335.749,0.7,3.976,1283.99
2026-05-31 06:00:00,150,0,TK-03,HSD,7.4644,1899.455,28.1,822.59,831.99,0.988708,1878.006,1562.476,1.3,4.536,1174.96
2026-05-31 06:00:00,150,0,TK-04,HSD,8.385,2634.217,28.36,822.75,832.32,0.988497,2603.916,2167.299,1.0,4.615,1479.34
2026-05-31 06:00:00,150,0,TK-05,HSD,8.6754,3297.811,28.97,821.94,831.96,0.987962,3258.112,2710.617,1.2,4.825,1872.82
2026-05-31 14:00:00,150,1,TK-01,HSD,8.5449,2684.463,36.1,817.25,832.4,0.981798,2635.601,2193.881,1.1,4.455,1447.81
2026-05-31 14:00:00,150,1,TK-02,HSD,8.8888,2792.503,36.95,817.27,833.02,0.981095,2739.711,2282.231,1.4,4.111,1344.67
2026-05-31 14:00:00,150,1,TK-03,HSD,8.7878,2236.233,36.02,817.5,832.59,0.981877,2195.705,1828.129,1.1,3.212,858.62
2026-05-31 14:00:00,150,1,TK-04,HSD,8.2658,2596.792,36.39,816.73,832.1,0.981535,2548.843,2120.882,0.9,4.734,1535.78
2026-05-31 14:00:00,150,1,TK-05,HSD,8.5468,3248.911,36.38,816.59,831.95,0.98154,3188.937,2653.036,0.9,4.953,1943.44
2026-05-31 22:00:00,150,2,TK-01,HSD,8.4047,2640.423,30.16,821.16,832.03,0.986934,2605.922,2168.206,0.6,4.595,1478.21
2026-05-31 22:00:00,150,2,TK-02,HSD,8.7331,2743.583,30.32,822.66,833.62,0.986846,2707.495,2257.026,0.8,4.267,1376.25
2026-05-31 22:00:00,150,2,TK-03,HSD,8.6348,2197.279,29.95,821.5,832.22,0.987117,2168.97,1805.068,1.0,3.365,883.93
2026-05-31 22:00:00,150,2,TK-04,HSD,8.699,2732.88,30.72,820.8,832.08,0.986449,2695.848,2243.153,1.2,4.301,1389.56
2026-05-31 22:00:00,150,2,TK-05,HSD,8.3983,3192.47,30.09,821.68,832.5,0.987004,3150.981,2623.19,1.2,5.102,1980.2
2026-06-01 06:00:00,151,0,TK-01,HSD,8.2495,2591.658,28.7,821.0,830.84,0.988163,2560.981,2127.76,0.9,4.75,1522.21
2026-06-01 06:00:00,151,0,TK-02,HSD,8.5753,2694.012,28.92,823.75,833.71,0.988056,2661.834,2219.185,1.0,4.425,1421.97
2026-06-01 06:00:00,151,0,TK-03,HSD,8.4897,2160.358,28.74,822.3,832.15,0.988163,2134.786,1776.455,0.9,3.51,920.57
2026-06-01 06:00:00,151,0,TK-04,HSD,8.5374,2682.116,29.47,821.47,831.85,0.98752,2648.643,2203.278,0.9,4.463,1435.07
2026-06-01 06:00:00,151,0,TK-05,HSD,8.9271,3393.494,28.85,823.59,833.5,0.988103,3353.121,2794.84,1.2,4.573,1779.1
2026-06-01 14:00:00,151,1,TK-01,HSD,8.9395,2808.436,36.34,815.51,830.86,0.98152,2756.536,2290.302,1.1,4.06,1327.98
2026-06-01 14:00:00,151,1,TK-02,HSD,8.4438,2652.697,36.95,817.75,833.49,0.981109,2602.585,2169.234,1.6,4.556,1482.1
2026-06-01 14:00:00,151,1,TK-03,HSD,8.3495,2124.694,36.34,816.76,832.09,0.981577,2085.551,1735.362,0.9,3.65,968.74
2026-06-01 14:00:00,151,1,TK-04,HSD,8.3958,2637.609,36.64,817.63,833.15,0.98137,2588.47,2156.578,0.9,4.604,1494.89
2026-06-01 14:00:00,151,1,TK-05,HSD,8.7838,3338.993,36.75,817.21,832.83,0.981252,3276.393,2728.666,1.2,4.716,1854.82
2026-06-01 22:00:00,151,2,TK-01,HSD,8.7926,2762.277,30.69,819.99,831.25,0.986448,2724.844,2265.035,1.8,4.207,1358.58
2026-06-01 22:00:00,151,2,TK-02,HSD,8.302,2608.16,30.77,822.57,833.86,0.986461,2572.848,2145.404,1.3,4.698,1510.98
2026-06-01 22:00:00,151,2,TK-03,HSD,8.2111,2089.473,30.58,822.88,834.04,0.98663,2061.536,1719.396,1.0,3.789,991.88
2026-06-01 22:00:00,151,2,TK-04,HSD,8.7831,2759.278,30.71,821.14,832.41,0.986465,2721.931,2265.765,1.2,4.217,1361.13
2026-06-01 22:00:00,151,2,TK-05,HSD,8.6432,3285.55,30.73,821.17,832.45,0.986449,3241.027,2697.979,1.1,4.857,1891.19
2026-06-02 06:00:00,152,0,TK-01,HSD,8.6604,2720.758,29.75,820.55,831.14,0.987259,2686.092,2232.509,1.7,4.34,1398.26
2026-06-02 06:00:00,152,0,TK-02,HSD,8.8923,2793.593,29.65,822.24,832.74,0.987395,2758.381,2297.004,1.0,4.108,1324.44
2026-06-02 06:00:00,152,0,TK-03,HSD,8.0882,2058.185,29.38,821.65,831.97,0.9876,2032.663,1691.116,0.9,3.912,1021.91
2026-06-02 06:00:00,152,0,TK-04,HSD,8.6545,2718.896,30.16,821.79,832.66,0.986949,2683.411,2234.366,1.3,4.345,1400.78
2026-06-02 06:00:00,152,0,TK-05,HSD,8.5073,3233.92,29.93,821.99,832.69,0.987153,3192.373,2658.246,1.6,4.993,1938.38
2026-06-02 14:00:00,152,1,TK-01,HSD,8.5197,2676.536,35.11,817.05,831.5,0.982617,2630.01,2186.863,1.6,4.48,1454.58
2026-06-02 14:00:00,152,1,TK-02,HSD,8.7563,2750.858,35.38,818.07,832.7,0.982436,2702.543,2250.395,1.5,4.244,1382.3
2026-06-02 14:00:00,152,1,TK-03,HSD,7.9561,2024.578,35.33,818.61,833.19,0.982503,1989.153,1657.333,1.3,4.044,1064.51
2026-06-02 14:00:00,152,1,TK-04,HSD,8.5067,2672.45,34.92,818.14,832.43,0.982828,2626.558,2186.434,1.1,4.493,1457.04
2026-06-02 14:00:00,152,1,TK-05,HSD,9.2078,3500.183,34.65,818.55,832.66,0.983063,3440.901,2865.085,0.9,4.292,1690.34
2026-06-02 22:00:00,152,2,TK-01,HSD,8.3884,2635.304,30.77,820.58,831.9,0.986398,2599.458,2162.49,0.9,4.612,1484.97
2026-06-02 22:00:00,152,2,TK-02,HSD,8.6134,2705.984,30.53,822.41,833.53,0.986661,2669.889,2225.426,1.9,4.387,1413.53
2026-06-02 22:00:00,152,2,TK-03,HSD,7.8308,1992.706,30.85,820.96,832.32,0.986341,1965.488,1635.924,1.2,4.169,1087.5
2026-06-02 22:00:00,152,2,TK-04,HSD,8.9335,2806.532,30.92,821.81,833.22,0.98631,2768.11,2306.45,1.1,4.067,1316.79
2026-06-02 22:00:00,152,2,TK-05,HSD,9.0704,3447.971,30.77,820.84,832.14,0.986411,3401.116,2830.22,1.3,4.43,1730.11
2026-06-03 06:00:00,153,0,TK-01,HSD,8.902,2796.636,29.53,821.49,831.91,0.987474,2761.606,2297.408,1.5,4.098,1322.55
2026-06-03 06:00:00,153,0,TK-02,HSD,8.4758,2662.757,29.8,822.04,832.65,0.987259,2628.831,2188.893,1.2,4.524,1456.75
2026-06-03 06:00:00,153,0,TK-03,HSD,7.7033,1960.249,30.19,822.33,833.22,0.986938,1934.644,1611.976,0.7,4.297,1119.32
2026-06-03 06:00:00,153,0,TK-04,HSD,8.7798,2758.247,30.22,821.17,832.09,0.98688,2722.058,2264.999,0.3,4.22,1361.57
2026-06-03 06:00:00,153,0,TK-05,HSD,8.921,3391.156,29.94,820.57,831.29,0.987102,3347.415,2782.681,1.3,4.579,1785.16
2026-06-03 14:00:00,153,1,TK-01,HSD,8.7837,2759.47,36.89,816.37,832.1,0.981097,2707.309,2252.752,1.4,4.216,1377.07
2026-06-03 14:00:00,153,1,TK-02,HSD,8.3528,2624.105,36.23,818.56,833.77,0.981749,2576.213,2147.976,1.5,4.647,1508.62
2026-06-03 14:00:00,153,1,TK-03,HSD,8.7773,2233.54,37.21,817.14,833.08,0.980868,2190.807,1825.118,2.1,3.223,862.99
2026-06-03 14:00:00,153,1,TK-04,HSD,8.6556,2719.239,36.47,817.01,832.43,0.981484,2668.889,2221.658,1.7,4.344,1415.32
2026-06-03 14:00:00,153,1,TK-05,HSD,8.7921,3342.163,36.06,817.82,832.93,0.981861,3281.538,2733.289,1.0,4.708,1851.23
2026-06-03 22:00:00,153,2,TK-01,HSD,8.631,2711.499,29.71,822.75,833.29,0.987357,2677.216,2230.898,1.5,4.369,1407.67
2026-06-03 22:00:00,153,2,TK-02,HSD,8.7363,2744.6,29.72,822.89,833.43,0.987356,2709.898,2258.498,1.3,4.264,1372.68
2026-06-03 22:00:00,153,2,TK-03,HSD,8.6277,2195.491,29.89,822.21,832.88,0.987193,2167.374,1805.164,0.9,3.372,887.76
2026-06-03 22:00:00,153,2,TK-04,HSD,8.5082,2672.918,30.0,822.47,833.21,0.987104,2638.448,2198.39,0.9,4.492,1445.49
2026-06-03 22:00:00,153,2,TK-05,HSD,8.6393,3284.091,29.55,821.44,831.87,0.987458,3242.902,2697.677,0.4,4.861,1888.32
2026-06-04 06:00:00,154,0,TK-01,HSD,8.4545,2656.074,29.33,820.93,831.22,0.987624,2623.202,2180.446,1.2,4.545,1459.59
2026-06-04 06:00:00,154,0,TK-02,HSD,8.5652,2690.827,28.62,823.0,832.76,0.988284,2659.3,2214.546,1.1,4.435,1425.28
2026-06-04 06:00:00,154,0,TK-03,HSD,8.4468,2149.447,29.13,822.03,832.17,0.987822,2123.271,1766.913,1.3,3.553,929.78
2026-06-04 06:00:00,154,0,TK-04,HSD,8.3371,2619.182,28.88,822.48,832.43,0.988049,2587.879,2154.228,1.3,4.663,1496.68
2026-06-04 06:00:00,154,0,TK-05,HSD,9.1677,3484.947,28.93,821.89,831.88,0.987993,3443.104,2864.257,1.0,4.332,1688.69
2026-06-04 14:00:00,154,1,TK-01,HSD,8.3077,2609.941,35.0,817.09,831.46,0.982718,2564.836,2132.549,1.4,4.692,1520.87
2026-06-04 14:00:00,154,1,TK-02,HSD,8.4142,2643.39,35.43,819.52,834.16,0.982453,2597.007,2166.314,1.2,4.586,1487.36
2026-06-04 14:00:00,154,1,TK-03,HSD,8.2949,2110.784,35.04,818.63,833.01,0.982745,2074.362,1727.958,1.4,3.705,979.37
2026-06-04 14:00:00,154,1,TK-04,HSD,9.1501,2874.581,34.91,817.96,832.25,0.982823,2825.206,2351.28,0.9,3.85,1257.5
2026-06-04 14:00:00,154,1,TK-05,HSD,8.993,3418.539,34.51,817.57,831.58,0.983148,3360.929,2794.885,1.4,4.507,1769.09
2026-06-04 22:00:00,154,2,TK-01,HSD,8.6205,2708.206,30.93,820.82,832.24,0.986274,2671.034,2222.944,1.4,4.38,1412.38
2026-06-04 22:00:00,154,2,TK-02,HSD,8.3071,2609.751,31.74,821.03,833.03,0.985601,2572.174,2142.686,1.3,4.693,1513.07
2026-06-04 22:00:00,154,2,TK-03,HSD,8.1843,2082.648,31.05,820.36,831.88,0.986156,2053.815,1708.523,1.2,3.816,999.9
2026-06-04 22:00:00,154,2,TK-04,HSD,9.0352,2838.501,31.17,819.52,831.13,0.986029,2798.843,2326.209,1.3,3.965,1285.48
2026-06-04 22:00:00,154,2,TK-05,HSD,8.8876,3378.478,31.43,818.83,830.64,0.985782,3330.444,2766.387,1.5,4.612,1802.38
2026-06-05 06:00:00,155,0,TK-01,HSD,8.4882,2666.633,29.03,820.7,830.77,0.987869,2634.285,2188.493,1.3,4.512,1448.8
2026-06-05 06:00:00,155,0,TK-02,HSD,8.7429,2746.668,28.36,822.75,832.32,0.988498,2715.074,2259.808,1.0,4.257,1368.53
2026-06-05 06:00:00,155,0,TK-03,HSD,8.0547,2049.669,28.26,823.34,832.84,0.988596,2026.294,1687.584,1.3,3.945,1027.9
2026-06-05 06:00:00,155,0,TK-04,HSD,8.8901,2792.916,28.43,821.73,831.36,0.988408,2760.54,2295.014,1.1,4.11,1323.63
2026-06-05 06:00:00,155,0,TK-05,HSD,8.74,3322.363,28.39,821.99,831.59,0.988447,3283.981,2730.933,1.2,4.76,1847.76
2026-06-05 14:00:00,155,1,TK-01,HSD,8.3803,2632.735,34.95,817.96,832.28,0.982791,2587.429,2153.462,1.0,4.62,1497.58
2026-06-05 14:00:00,155,1,TK-02,HSD,8.6273,2710.342,34.31,819.25,833.09,0.983378,2665.291,2220.435,1.1,4.373,1418.79
2026-06-05 14:00:00,155,1,TK-03,HSD,7.9477,2022.443,34.45,819.58,833.52,0.983274,1988.617,1657.555,1.0,4.052,1065.4
2026-06-05 14:00:00,155,1,TK-04,HSD,8.7704,2755.313,34.62,818.4,832.48,0.983088,2708.715,2254.946,1.4,4.23,1374.73
2026-06-05 14:00:00,155,1,TK-05,HSD,9.3323,3547.531,34.36,817.65,831.56,0.983274,3488.196,2900.639,0.9,4.168,1642.86
2026-06-05 22:00:00,155,2,TK-01,HSD,8.7297,2742.522,30.99,821.84,833.3,0.986254,2704.823,2253.924,1.1,4.27,1378.65
2026-06-05 22:00:00,155,2,TK-02,HSD,8.4837,2665.235,30.74,821.6,832.89,0.986453,2629.129,2189.762,1.1,4.516,1455.01
2026-06-05 22:00:00,155,2,TK-03,HSD,7.8172,1989.227,30.78,821.52,832.83,0.986417,1962.207,1634.193,1.4,4.183,1092.42
2026-06-05 22:00:00,155,2,TK-04,HSD,8.6197,2707.946,30.56,821.46,832.62,0.9866,2671.661,2224.47,1.1,4.38,1411.55
2026-06-05 22:00:00,155,2,TK-05,HSD,9.1715,3486.393,30.5,821.17,832.29,0.986643,3439.825,2862.929,1.1,4.328,1690.28
2026-06-06 06:00:00,156,0,TK-01,HSD,8.5589,2688.867,28.79,820.75,830.65,0.988079,2656.812,2206.882,0.9,4.441,1428.49
2026-06-06 06:00:00,156,0,TK-02,HSD,8.3085,2610.184,28.38,823.01,832.6,0.988483,2580.123,2148.204,1.3,4.692,1503.45
2026-06-06 06:00:00,156,0,TK-03,HSD,8.3905,2135.126,28.63,822.52,832.29,0.988264,2110.068,1756.191,1.1,3.609,943.34
2026-06-06 06:00:00,156,0,TK-04,HSD,8.4469,2653.67,28.91,820.2,830.2,0.987956,2621.709,2176.547,1.0,4.553,1460.78
2026-06-06 06:00:00,156,0,TK-05,HSD,9.0008,3421.512,28.72,822.04,831.88,0.988168,3381.028,2812.607,1.2,4.499,1753.68
2026-06-06 14:00:00,156,1,TK-01,HSD,8.4169,2644.255,36.08,816.47,831.62,0.981781,2596.08,2158.958,0.9,4.583,1487.42
2026-06-06 14:00:00,156,1,TK-02,HSD,9.0005,2827.605,35.78,817.09,832.02,0.982057,2776.87,2310.4,1.5,3.999,1306.51
2026-06-06 14:00:00,156,1,TK-03,HSD,8.2559,2100.873,35.65,817.65,832.48,0.982192,2063.461,1717.787,1.1,3.744,990.18
2026-06-06 14:00:00,156,1,TK-04,HSD,8.3106,2610.86,35.74,817.77,832.65,0.982122,2564.182,2135.077,1.0,4.689,1519.0
2026-06-06 14:00:00,156,1,TK-05,HSD,8.8462,3362.739,35.53,817.53,832.27,0.982286,3303.171,2749.125,1.1,4.654,1828.65
2026-06-06 22:00:00,156,2,TK-01,HSD,8.2956,2606.133,31.02,820.52,832.01,0.986188,2570.138,2138.389,1.0,4.704,1514.56
2026-06-06 22:00:00,156,2,TK-02,HSD,8.8689,2786.237,31.14,821.15,832.72,0.98611,2747.536,2287.928,1.3,4.131,1335.54
2026-06-06 22:00:00,156,2,TK-03,HSD,8.1408,2071.573,31.02,821.76,833.24,0.986226,2043.038,1702.335,1.4,3.859,1011.74
2026-06-06 22:00:00,156,2,TK-04,HSD,8.7211,2739.803,31.24,819.99,831.65,0.985987,2701.41,2246.617,1.3,4.279,1383.59
2026-06-06 22:00:00,156,2,TK-05,HSD,8.7205,3314.949,31.22,821.4,833.03,0.986047,3268.696,2722.912,1.4,4.779,1863.17
2026-06-07 06:00:00,157,0,TK-01,HSD,8.9525,2812.509,29.35,822.27,832.55,0.987651,2777.777,2312.65,1.4,4.048,1306.61
2026-06-07 06:00:00,157,0,TK-02,HSD,8.6791,2726.635,29.5,821.3,831.7,0.987493,2692.533,2239.378,1.0,4.321,1391.08
2026-06-07 06:00:00,157,0,TK-03,HSD,7.9638,2026.537,29.64,822.47,832.96,0.98741,2001.022,1666.765,1.3,4.036,1053.0
2026-06-07 06:00:00,157,0,TK-04,HSD,8.5263,2678.603,29.23,821.05,831.26,0.987714,2645.695,2199.268,1.8,4.474,1438.16
2026-06-07 06:00:00,157,0,TK-05,HSD,8.5342,3244.145,29.32,821.43,831.71,0.987646,3204.068,2664.845,1.0,4.966,1929.22
2026-06-07 14:00:00,157,1,TK-01,HSD,8.8028,2765.482,36.21,816.84,832.08,0.981689,2714.843,2258.959,1.0,4.197,1367.69
2026-06-07 14:00:00,157,1,TK-02,HSD,8.542,2683.563,35.73,817.4,832.29,0.982112,2635.56,2193.543,1.4,4.458,1450.3
2026-06-07 14:00:00,157,1,TK-03,HSD,7.8248,1991.159,35.87,817.74,832.72,0.982011,1955.341,1628.248,1.5,4.175,1097.0
2026-06-07 14:00:00,157,1,TK-04,HSD,8.3853,2634.321,36.01,817.81,832.88,0.981903,2586.649,2154.37,1.3,4.615,1496.35
2026-06-07 14:00:00,157,1,TK-05,HSD,9.2222,3505.671,35.95,815.75,830.82,0.98186,3442.079,2859.743,1.2,4.278,1688.68
2026-06-07 22:00:00,157,2,TK-01,HSD,8.6534,2718.559,29.92,820.45,831.16,0.987115,2683.53,2230.45,1.3,4.347,1399.97
2026-06-07 22:00:00,157,2,TK-02,HSD,8.39,2635.796,29.87,821.17,831.84,0.987172,2601.985,2164.424,1.2,4.61,1481.59
2026-06-07 22:00:00,157,2,TK-03,HSD,7.6945,1958.02,29.58,820.43,830.9,0.987399,1933.346,1606.414,1.1,4.305,1120.25
2026-06-07 22:00:00,157,2,TK-04,HSD,8.8794,2789.555,29.89,821.31,831.98,0.987166,2753.755,2291.081,1.3,4.121,1330.93
2026-06-07 22:00:00,157,2,TK-05,HSD,9.0626,3445.005,29.96,820.62,831.36,0.98708,3400.495,2827.027,0.7,4.437,1729.59
2026-06-08 06:00:00,158,0,TK-01,HSD,8.4742,2662.252,28.38,822.64,832.23,0.98848,2631.582,2190.084,1.3,4.526,1453.05
2026-06-08 06:00:00,158,0,TK-02,HSD,8.2197,2582.305,28.78,823.2,833.06,0.988153,2551.713,2125.742,1.2,4.78,1533.06
2026-06-08 06:00:00,158,0,TK-03,HSD,8.3525,2125.446,29.23,823.02,833.21,0.987767,2099.446,1749.288,1.3,3.648,953.03
2026-06-08 06:00:00,158,0,TK-04,HSD,8.6909,2730.334,28.83,822.05,831.97,0.988076,2697.779,2244.477,1.1,4.309,1385.38
2026-06-08 06:00:00,158,0,TK-05,HSD,8.8757,3373.926,28.27,822.03,831.55,0.988552,3335.302,2773.465,1.1,4.624,1796.88
2026-06-08 14:00:00,158,1,TK-01,HSD,8.3856,2634.41,37.02,815.94,831.77,0.980972,2584.282,2149.519,1.7,4.614,1498.2
2026-06-08 14:00:00,158,1,TK-02,HSD,8.8333,2775.061,36.97,817.08,832.85,0.981067,2722.52,2267.455,0.6,4.167,1361.04
2026-06-08 14:00:00,158,1,TK-03,HSD,8.2771,2106.262,37.3,816.94,832.94,0.980781,2065.781,1720.681,0.8,3.723,989.08
2026-06-08 14:00:00,158,1,TK-04,HSD,8.6082,2704.34,37.1,814.98,830.88,0.980859,2652.576,2203.979,1.4,4.392,1431.69
2026-06-08 14:00:00,158,1,TK-05,HSD,8.7935,3342.691,37.19,814.79,830.76,0.980775,3278.428,2723.578,1.5,4.707,1854.1
2026-06-08 22:00:00,158,2,TK-01,HSD,8.7412,2746.117,30.78,820.6,831.92,0.986388,2708.737,2253.46,1.6,4.259,1375.38
2026-06-08 22:00:00,158,2,TK-02,HSD,8.6532,2718.475,30.92,820.69,832.11,0.986273,2681.159,2231.031,1.2,4.347,1403.44
2026-06-08 22:00:00,158,2,TK-03,HSD,8.0925,2059.285,30.47,822.49,833.56,0.986713,2031.924,1693.735,1.5,3.908,1021.22
2026-06-08 22:00:00,158,2,TK-04,HSD,8.4269,2647.383,30.71,820.7,831.97,0.98645,2611.511,2172.711,1.4,4.573,1472.98
2026-06-08 22:00:00,158,2,TK-05,HSD,8.6042,3270.734,30.69,820.36,831.62,0.986455,3226.434,2683.182,1.2,4.896,1905.13
2026-06-09 06:00:00,159,0,TK-01,HSD,8.5953,2700.306,29.17,821.4,831.57,0.987777,2667.299,2218.037,1.3,4.405,1416.76
2026-06-09 06:00:00,159,0,TK-02,HSD,8.5016,2670.854,28.45,822.55,832.19,0.988417,2639.917,2196.919,0.9,4.498,1444.39
2026-06-09 06:00:00,159,0,TK-03,HSD,7.9557,2024.482,28.66,822.76,832.55,0.988239,2000.672,1665.656,1.2,4.044,1052.27
2026-06-09 06:00:00,159,0,TK-04,HSD,8.2797,2601.14,28.61,821.18,830.95,0.988241,2570.554,2135.996,0.7,4.72,1512.87
2026-06-09 06:00:00,159,0,TK-05,HSD,9.0999,3459.178,28.89,822.25,832.21,0.988034,3417.786,2844.32,1.1,4.4,1713.22
2026-06-09 14:00:00,159,1,TK-01,HSD,8.4694,2660.735,36.81,816.14,831.81,0.981156,2610.596,2171.527,0.7,4.531,1474.1
2026-06-09 14:00:00,159,1,TK-02,HSD,8.3795,2632.495,36.75,816.36,831.99,0.981214,2583.041,2149.065,1.6,4.621,1501.13
2026-06-09 14:00:00,159,1,TK-03,HSD,7.8405,1995.156,36.81,817.41,833.06,0.981213,1957.673,1630.868,0.9,4.16,1095.29
2026-06-09 14:00:00,159,1,TK-04,HSD,8.9115,2799.63,36.53,815.33,830.82,0.981355,2747.431,2282.628,1.2,4.089,1335.76
2026-06-09 14:00:00,159,1,TK-05,HSD,8.964,3407.502,36.41,815.6,831.0,0.981473,3344.369,2779.172,1.3,4.536,1786.7
2026-06-09 22:00:00,159,2,TK-01,HSD,8.3399,2620.066,33.0,819.04,831.96,0.984469,2579.374,2145.939,1.6,4.66,1504.95
2026-06-09 22:00:00,159,2,TK-02,HSD,8.8134,2768.802,32.86,818.99,831.82,0.984581,2726.111,2267.633,1.2,4.187,1357.69
2026-06-09 22:00:00,159,2,TK-03,HSD,7.7283,1966.62,33.06,818.89,831.85,0.984417,1935.974,1610.442,1.0,4.272,1118.44
2026-06-09 22:00:00,159,2,TK-04,HSD,8.7838,2759.507,32.86,817.34,830.2,0.98452,2716.79,2255.468,1.5,4.216,1368.25
2026-06-09 22:00:00,159,2,TK-05,HSD,8.8312,3357.024,32.93,818.83,831.71,0.984519,3305.054,2748.833,1.2,4.669,1826.25
2026-06-10 06:00:00,160,0,TK-01,HSD,8.9228,2803.17,29.83,821.76,832.39,0.987231,2767.376,2303.524,1.1,4.077,1316.16
2026-06-10 06:00:00,160,0,TK-02,HSD,8.6427,2715.185,29.7,821.02,831.57,0.987311,2680.731,2229.211,1.4,4.357,1403.53
2026-06-10 06:00:00,160,0,TK-03,HSD,7.5701,1926.354,29.5,821.85,832.25,0.987507,1902.288,1583.176,0.9,4.43,1150.97
2026-06-10 06:00:00,160,0,TK-04,HSD,8.6005,2701.926,29.04,821.94,832.01,0.987899,2669.23,2220.821,1.2,4.4,1413.91
2026-06-10 06:00:00,160,0,TK-05,HSD,8.6568,3290.734,28.81,822.45,832.34,0.988108,3251.6,2706.452,1.0,4.843,1881.82
2026-06-10 14:00:00,160,1,TK-01,HSD,8.7957,2763.265,35.3,817.61,832.19,0.982482,2714.858,2259.28,1.5,4.204,1370.84
2026-06-10 14:00:00,160,1,TK-02,HSD,8.5125,2674.28,35.13,817.05,831.51,0.982606,2627.763,2185.012,1.9,4.488,1456.48
2026-06-10 14:00:00,160,1,TK-03,HSD,8.7127,2217.102,35.3,817.95,832.52,0.982499,2178.3,1813.472,1.1,3.287,874.88
2026-06-10 14:00:00,160,1,TK-04,HSD,8.4828,2664.951,34.79,817.16,831.38,0.982893,2619.362,2177.686,0.9,4.517,1466.65
2026-06-10 14:00:00,160,1,TK-05,HSD,8.5344,3244.187,35.59,817.39,832.18,0.982236,3186.558,2651.775,1.1,4.966,1946.02
2026-06-10 22:00:00,160,2,TK-01,HSD,8.6509,2717.766,31.45,820.93,832.72,0.985841,2679.285,2231.096,1.1,4.349,1405.9
2026-06-10 22:00:00,160,2,TK-02,HSD,8.3809,2632.93,31.92,820.13,832.27,0.985414,2594.527,2159.357,1.2,4.619,1490.43
2026-06-10 22:00:00,160,2,TK-03,HSD,8.5813,2183.674,32.08,820.85,833.09,0.985307,2151.59,1792.466,1.0,3.419,903.04
2026-06-10 22:00:00,160,2,TK-04,HSD,8.3458,2621.905,32.22,819.2,831.56,0.985129,2582.915,2147.858,1.8,4.654,1500.48
2026-06-10 22:00:00,160,2,TK-05,HSD,8.8249,3354.65,32.0,820.19,832.38,0.985347,3305.493,2751.439,0.9,4.675,1827.23
2026-06-11 06:00:00,161,0,TK-01,HSD,8.4962,2669.152,30.88,819.92,831.31,0.986287,2632.55,2188.479,1.0,4.504,1452.47
2026-06-11 06:00:00,161,0,TK-02,HSD,8.2244,2583.769,30.77,820.56,831.87,0.9864,2548.631,2120.128,0.8,4.776,1535.53
2026-06-11 06:00:00,161,0,TK-03,HSD,8.4184,2142.224,30.44,821.34,832.41,0.986704,2113.74,1759.498,0.9,3.582,940.43
2026-06-11 06:00:00,161,0,TK-04,HSD,8.8764,2788.611,30.77,819.65,830.98,0.98637,2750.603,2285.686,1.2,4.124,1335.04
2026-06-11 06:00:00,161,0,TK-05,HSD,8.6579,3291.141,30.86,820.99,832.37,0.986334,3246.166,2701.997,1.3,4.842,1884.69
2026-06-11 14:00:00,161,1,TK-01,HSD,8.3347,2618.418,36.02,817.05,832.15,0.981858,2570.914,2139.387,1.6,4.665,1513.63
2026-06-11 14:00:00,161,1,TK-02,HSD,8.8999,2795.986,36.34,816.26,831.6,0.981557,2744.42,2282.26,1.2,4.1,1337.76
2026-06-11 14:00:00,161,1,TK-03,HSD,8.2603,2102.002,36.08,817.02,832.16,0.981807,2063.761,1717.385,0.6,3.74,989.55
2026-06-11 14:00:00,161,1,TK-04,HSD,8.7081,2735.722,36.18,816.57,831.79,0.981704,2685.668,2233.91,1.5,4.292,1398.93
2026-06-11 14:00:00,161,1,TK-05,HSD,8.5041,3232.703,36.02,816.2,831.31,0.981823,3173.943,2638.54,1.5,4.996,1960.16
2026-06-11 22:00:00,161,2,TK-01,HSD,8.218,2581.758,32.2,820.62,832.95,0.985195,2543.534,2118.635,1.0,4.782,1541.99
2026-06-11 22:00:00,161,2,TK-02,HSD,8.7704,2755.305,31.61,819.34,831.26,0.985651,2715.77,2257.521,1.2,4.23,1368.06
2026-06-11 22:00:00,161,2,TK-03,HSD,8.1402,2071.421,31.89,821.11,833.21,0.985477,2041.337,1700.865,1.2,3.86,1012.32
2026-06-11 22:00:00,161,2,TK-04,HSD,8.5757,2694.14,32.0,818.88,831.09,0.985305,2654.549,2206.165,1.3,4.424,1428.55
2026-06-11 22:00:00,161,2,TK-05,HSD,8.7849,3339.441,31.63,820.64,832.57,0.985676,3291.605,2740.477,1.0,4.715,1840.48
2026-06-12 06:00:00,162,0,TK-01,HSD,8.9946,2825.748,29.38,820.24,830.57,0.987562,2790.602,2317.779,1.5,4.005,1290.08
2026-06-12 06:00:00,162,0,TK-02,HSD,8.5852,2697.129,30.08,821.38,832.2,0.987004,2662.076,2215.377,1.9,4.415,1421.71
2026-06-12 06:00:00,162,0,TK-03,HSD,7.9655,2026.977,29.8,822.1,832.71,0.987266,2001.166,1666.382,1.0,4.034,1052.64
2026-06-12 06:00:00,162,0,TK-04,HSD,8.3958,2637.626,29.68,820.42,830.97,0.98731,2604.155,2163.969,1.0,4.604,1481.01
2026-06-12 06:00:00,162,0,TK-05,HSD,8.5942,3266.952,29.63,821.94,832.43,0.987401,3225.791,2685.239,1.4,4.906,1905.49
2026-06-12 14:00:00,162,1,TK-01,HSD,8.845,2778.751,34.79,817.56,831.78,0.982906,2731.252,2271.793,0.9,4.155,1352.84
2026-06-12 14:00:00,162,1,TK-02,HSD,8.4316,2648.862,35.02,817.73,832.11,0.982725,2603.104,2166.064,0.8,4.568,1481.51
2026-06-12 14:00:00,162,1,TK-03,HSD,7.8215,1990.32,34.53,818.42,832.44,0.983161,1956.805,1628.924,1.1,4.179,1097.58
2026-06-12 14:00:00,162,1,TK-04,HSD,8.2416,2589.173,35.02,816.29,830.69,0.982668,2544.298,2113.521,0.9,4.758,1539.48
2026-06-12 14:00:00,162,1,TK-05,HSD,9.1044,3460.863,34.58,817.94,832.0,0.983103,3402.386,2830.781,1.5,4.396,1729.81
2026-06-12 22:00:00,162,2,TK-01,HSD,8.7166,2738.398,31.0,820.92,832.39,0.986219,2700.659,2247.994,1.0,4.283,1384.47
2026-06-12 22:00:00,162,2,TK-02,HSD,8.2984,2607.019,31.07,820.58,832.11,0.986142,2570.891,2139.265,1.3,4.702,1511.66
2026-06-12 22:00:00,162,2,TK-03,HSD,7.696,1958.398,30.6,821.69,832.87,0.986581,1932.118,1609.2,1.4,4.304,1120.24
2026-06-12 22:00:00,162,2,TK-04,HSD,8.6575,2719.848,30.46,820.83,831.92,0.986669,2683.59,2232.534,1.7,4.342,1399.81
2026-06-12 22:00:00,162,2,TK-05,HSD,8.9666,3408.482,30.82,820.46,831.81,0.986356,3361.976,2796.522,1.0,4.533,1769.22
2026-06-13 06:00:00,163,0,TK-01,HSD,8.5183,2676.088,29.44,821.86,832.21,0.987562,2642.802,2199.367,1.5,4.482,1440.34
2026-06-13 06:00:00,163,0,TK-02,HSD,8.8996,2795.884,29.44,821.24,831.6,0.987543,2761.055,2296.101,1.2,4.1,1322.52
2026-06-13 06:00:00,163,0,TK-03,HSD,7.5359,1917.642,29.29,821.63,831.88,0.987681,1894.018,1575.59,1.2,4.464,1160.25
2026-06-13 06:00:00,163,0,TK-04,HSD,8.4752,2662.55,29.68,821.32,831.85,0.987342,2628.847,2186.813,1.4,4.525,1455.35
2026-06-13 06:00:00,163,0,TK-05,HSD,8.7836,3338.949,30.03,820.7,831.49,0.987022,3295.617,2740.284,1.3,4.716,1838.8
2026-06-13 14:00:00,163,1,TK-01,HSD,8.3967,2637.914,37.2,815.53,831.5,0.980803,2587.274,2151.308,1.5,4.603,1497.4
2026-06-13 14:00:00,163,1,TK-02,HSD,8.7671,2754.281,37.05,815.59,831.44,0.980931,2701.76,2246.352,1.5,4.233,1382.13
2026-06-13 14:00:00,163,1,TK-03,HSD,8.5185,2167.702,37.23,816.21,832.18,0.98081,2126.104,1769.3,1.4,3.481,926.62
2026-06-13 14:00:00,163,1,TK-04,HSD,8.346,2621.959,36.99,815.39,831.2,0.980977,2572.082,2137.921,1.1,4.654,1512.09
2026-06-13 14:00:00,163,1,TK-05,HSD,8.6354,3282.612,36.64,817.62,833.15,0.981369,3221.453,2683.946,1.5,4.865,1909.88
2026-06-13 22:00:00,163,2,TK-01,HSD,8.2585,2594.472,31.57,820.69,832.57,0.985732,2557.455,2129.255,1.4,4.742,1525.56
2026-06-13 22:00:00,163,2,TK-02,HSD,8.6312,2711.577,32.02,819.95,832.16,0.985327,2671.789,2223.351,1.3,4.369,1411.55
2026-06-13 22:00:00,163,2,TK-03,HSD,8.3935,2135.885,32.02,818.54,830.77,0.985279,2104.443,1748.31,1.5,3.607,949.77
2026-06-13 22:00:00,163,2,TK-04,HSD,8.6564,2719.502,31.23,819.14,830.81,0.985962,2681.326,2227.661,1.2,4.344,1404.09
2026-06-13 22:00:00,163,2,TK-05,HSD,8.5094,3234.707,31.94,820.33,832.48,0.985405,3187.495,2653.513,1.5,4.991,1944.96
2026-06-14 06:00:00,164,0,TK-01,HSD,8.1006,2544.877,31.21,819.84,831.47,0.986001,2509.252,2086.38,1.2,4.899,1573.56
2026-06-14 06:00:00,164,0,TK-02,HSD,8.4676,2660.19,31.54,819.28,831.16,0.985707,2622.168,2179.442,1.1,4.532,1461.68
2026-06-14 06:00:00,164,0,TK-03,HSD,8.2332,2095.087,31.58,819.54,831.45,0.985681,2065.087,1717.01,1.2,3.767,989.24
2026-06-14 06:00:00,164,0,TK-04,HSD,8.4973,2669.506,31.93,819.15,831.31,0.98537,2630.451,2186.714,1.0,4.503,1454.37
2026-06-14 06:00:00,164,0,TK-05,HSD,9.0478,3439.371,31.88,820.11,832.22,0.985448,3389.321,2820.647,1.7,4.452,1742.23
2026-06-14 14:00:00,164,1,TK-01,HSD,9.0214,2834.143,35.77,818.16,833.05,0.982117,2783.461,2318.771,1.3,3.979,1300.14
2026-06-14 14:00:00,164,1,TK-02,HSD,8.3225,2614.605,35.68,817.19,832.04,0.982153,2567.943,2136.636,1.6,4.677,1516.62
2026-06-14 14:00:00,164,1,TK-03,HSD,8.0904,2058.767,35.79,817.03,831.97,0.982047,2021.806,1682.075,0.9,3.91,1032.49
2026-06-14 14:00:00,164,1,TK-04,HSD,8.3468,2622.234,36.24,816.53,831.79,0.981655,2574.129,2141.125,1.6,4.653,1509.45
2026-06-14 14:00:00,164,1,TK-05,HSD,8.8883,3378.726,35.99,816.72,831.81,0.981866,3317.455,2759.484,1.0,4.612,1813.23
2026-06-14 22:00:00,164,2,TK-01,HSD,8.8289,2773.692,29.28,823.14,833.37,0.987728,2739.653,2283.135,1.5,4.171,1343.53
2026-06-14 22:00:00,164,2,TK-02,HSD,8.5815,2695.972,29.57,821.29,831.75,0.987434,2662.095,2214.186,1.4,4.418,1422.45
2026-06-14 22:00:00,164,2,TK-03,HSD,7.9189,2015.112,29.17,821.51,831.67,0.987775,1990.477,1655.426,0.6,4.081,1063.98
2026-06-14 22:00:00,164,2,TK-04,HSD,8.1668,2565.689,29.27,821.18,831.42,0.987686,2534.095,2106.901,1.0,4.833,1549.57
2026-06-14 22:00:00,164,2,TK-05,HSD,8.6972,3306.075,29.44,821.26,831.61,0.987543,3264.891,2715.132,1.5,4.803,1864.95
2026-06-15 06:00:00,165,0,TK-01,HSD,8.683,2727.857,29.23,822.76,832.95,0.987765,2694.483,2244.369,1.1,4.317,1388.67
2026-06-15 06:00:00,165,0,TK-02,HSD,8.4363,2650.335,29.08,822.18,832.27,0.987871,2618.188,2179.042,0.8,4.564,1466.3
2026-06-15 06:00:00,165,0,TK-03,HSD,7.7856,1981.206,29.29,823.39,833.62,0.987729,1956.895,1631.298,1.6,4.214,1096.76
2026-06-15 06:00:00,165,0,TK-04,HSD,8.8952,2794.523,29.53,821.41,831.83,0.987468,2759.503,2295.438,1.1,4.105,1325.41
2026-06-15 06:00:00,165,0,TK-05,HSD,8.5525,3251.075,28.74,822.4,832.25,0.988168,3212.609,2673.697,1.3,4.948,1918.77
2026-06-15 14:00:00,165,1,TK-01,HSD,8.5669,2691.384,37.61,816.15,832.39,0.980489,2638.872,2196.579,1.1,4.433,1445.78
2026-06-15 14:00:00,165,1,TK-02,HSD,8.3205,2613.966,37.98,814.78,831.3,0.980121,2562.003,2129.802,1.4,4.679,1521.77
2026-06-15 14:00:00,165,1,TK-03,HSD,7.6794,1954.164,37.79,815.73,832.1,0.980323,1915.713,1594.068,1.0,4.321,1138.22
2026-06-15 14:00:00,165,1,TK-04,HSD,8.77,2755.177,37.62,813.58,829.87,0.980362,2701.072,2241.551,1.2,4.23,1383.86
2026-06-15 14:00:00,165,1,TK-05,HSD,9.2104,3501.157,38.01,813.92,830.49,0.980048,3431.304,2849.657,1.4,4.29,1700.59
2026-06-15 22:00:00,165,2,TK-01,HSD,8.4044,2640.325,31.71,822.5,834.45,0.985673,2602.498,2171.658,1.8,4.596,1481.5
2026-06-15 22:00:00,165,2,TK-02,HSD,8.1656,2565.296,31.54,819.01,830.89,0.985701,2528.616,2101.006,1.1,4.834,1556.45
2026-06-15 22:00:00,165,2,TK-03,HSD,8.1999,2086.626,31.68,819.95,831.92,0.985612,2056.603,1710.931,1.2,3.8,997.24
2026-06-15 22:00:00,165,2,TK-04,HSD,8.6002,2701.825,31.48,818.59,830.43,0.985735,2663.284,2211.678,0.6,4.4,1420.42
2026-06-15 22:00:00,165,2,TK-05,HSD,9.0389,3435.987,31.86,817.46,829.6,0.985369,3385.716,2808.781,1.2,4.461,1747.04
2026-06-16 06:00:00,166,0,TK-01,HSD,8.2912,2604.769,30.87,821.54,832.91,0.986348,2569.209,2139.931,0.8,4.709,1516.38
2026-06-16 06:00:00,166,0,TK-02,HSD,8.8644,2784.845,30.94,820.81,832.24,0.986263,2746.59,2285.833,0.8,4.136,1336.13
2026-06-16 06:00:00,166,0,TK-03,HSD,8.0845,2057.263,30.78,820.37,831.7,0.986384,2029.252,1687.721,1.0,3.915,1024.8
2026-06-16 06:00:00,166,0,TK-04,HSD,8.4792,2663.821,30.94,819.67,831.12,0.986224,2627.125,2183.449,1.3,4.521,1456.12
2026-06-16 06:00:00,166,0,TK-05,HSD,8.9015,3383.738,30.48,820.3,831.41,0.986635,3338.513,2775.687,0.9,4.599,1792.41
2026-06-16 14:00:00,166,1,TK-01,HSD,9.1942,2888.447,35.87,818.9,833.85,0.982067,2836.647,2365.346,1.1,3.806,1247.47
2026-06-16 14:00:00,166,1,TK-02,HSD,8.7139,2737.556,36.34,817.3,832.62,0.981599,2687.182,2237.414,1.3,4.286,1397.88
2026-06-16 14:00:00,166,1,TK-03,HSD,7.9345,2019.082,35.78,816.46,831.39,0.982035,1982.809,1648.494,1.2,4.066,1070.4
2026-06-16 14:00:00,166,1,TK-04,HSD,8.3334,2618.01,36.41,814.68,830.09,0.981427,2569.386,2132.829,1.0,4.667,1515.18
2026-06-16 14:00:00,166,1,TK-05,HSD,8.7441,3323.933,36.05,816.08,831.22,0.981788,3263.396,2712.591,0.9,4.756,1867.46
2026-06-16 22:00:00,166,2,TK-01,HSD,9.0515,2843.62,31.48,821.22,833.04,0.985821,2803.299,2335.25,1.2,3.948,1279.6
2026-06-16 22:00:00,166,2,TK-02,HSD,8.5786,2695.052,32.02,820.92,833.12,0.985356,2655.587,2212.428,1.6,4.421,1428.3
2026-06-16 22:00:00,166,2,TK-03,HSD,7.8151,1988.702,31.77,818.74,830.79,0.985494,1959.854,1628.231,0.9,4.185,1092.86
2026-06-16 22:00:00,166,2,TK-04,HSD,8.7808,2758.568,32.26,819.3,831.69,0.985103,2717.473,2260.105,1.2,4.219,1366.03
2026-06-16 22:00:00,166,2,TK-05,HSD,8.6147,3274.736,32.11,818.33,830.63,0.985197,3226.259,2679.824,1.0,4.885,1904.42
2026-06-17 06:00:00,167,0,TK-01,HSD,8.8828,2790.614,29.99,822.06,832.8,0.987106,2754.632,2294.06,0.4,4.117,1328.01
2026-06-17 06:00:00,167,0,TK-02,HSD,8.421,2645.532,30.0,821.34,832.1,0.98707,2611.325,2172.879,0.9,4.579,1474.15
2026-06-17 06:00:00,167,0,TK-03,HSD,7.6669,1950.984,29.72,820.81,831.38,0.987293,1926.192,1601.392,1.6,4.333,1126.7
2026-06-17 06:00:00,167,0,TK-04,HSD,8.6147,2706.392,30.26,820.97,831.92,0.986842,2670.781,2221.865,1.1,4.385,1412.95
2026-06-17 06:00:00,167,0,TK-05,HSD,9.0901,3455.434,30.02,820.2,830.99,0.987023,3410.594,2834.152,1.5,4.41,1719.04
2026-06-17 14:00:00,167,1,TK-01,HSD,8.7588,2751.654,35.67,816.34,831.2,0.982121,2702.457,2246.272,1.2,4.241,1381.21
2026-06-17 14:00:00,167,1,TK-02,HSD,8.3029,2608.425,35.86,816.36,831.36,0.981962,2561.375,2129.423,1.6,4.697,1524.53
2026-06-17 14:00:00,167,1,TK-03,HSD,8.7044,2215.008,35.0,816.82,831.2,0.982703,2176.695,1809.268,1.7,3.296,877.23
2026-06-17 14:00:00,167,1,TK-04,HSD,8.491,2667.533,35.65,815.5,830.36,0.982105,2619.797,2175.375,0.8,4.509,1464.52
2026-06-17 14:00:00,167,1,TK-05,HSD,8.9686,3409.275,35.56,816.66,831.43,0.982229,3348.687,2784.212,0.8,4.531,1784.93
2026-06-17 22:00:00,167,2,TK-01,HSD,8.6294,2711.001,33.21,819.55,832.61,0.984314,2668.477,2221.807,1.6,4.371,1414.39
2026-06-17 22:00:00,167,2,TK-02,HSD,8.7508,2749.159,32.7,820.47,833.16,0.984777,2707.309,2255.61,0.9,4.249,1377.63
2026-06-17 22:00:00,167,2,TK-03,HSD,8.5795,2183.226,33.03,818.03,830.99,0.984402,2149.172,1785.935,1.0,3.42,903.94
2026-06-17 22:00:00,167,2,TK-04,HSD,8.3672,2628.624,32.71,817.48,830.22,0.984652,2588.28,2148.853,0.6,4.633,1496.67
2026-06-17 22:00:00,167,2,TK-05,HSD,8.8325,3357.539,33.1,818.0,831.01,0.984347,3304.982,2746.482,1.2,4.667,1826.01
2026-06-18 06:00:00,168,0,TK-01,HSD,8.4631,2658.758,30.06,823.13,833.91,0.987078,2624.4,2188.502,1.4,4.537,1458.0
2026-06-18 06:00:00,168,0,TK-02,HSD,8.5776,2694.725,29.92,822.99,833.67,0.987188,2660.2,2217.735,1.5,4.422,1421.84
2026-06-18 06:00:00,168,0,TK-03,HSD,8.4176,2142.031,29.65,820.84,831.35,0.987348,2114.931,1758.257,1.3,3.582,939.06
2026-06-18 06:00:00,168,0,TK-04,HSD,8.8927,2793.709,29.95,821.95,832.66,0.987135,2757.767,2296.277,1.6,4.107,1326.91
2026-06-18 06:00:00,168,0,TK-05,HSD,8.6643,3293.595,29.93,820.42,831.14,0.987104,3251.12,2702.147,1.7,4.836,1880.01
2026-06-18 14:00:00,168,1,TK-01,HSD,8.3593,2626.143,37.42,816.36,832.46,0.980658,2575.349,2143.877,1.0,4.641,1507.28
2026-06-18 14:00:00,168,1,TK-02,HSD,8.4835,2665.155,37.5,815.44,831.61,0.980547,2613.31,2173.266,1.3,4.517,1471.79
2026-06-18 14:00:00,168,1,TK-03,HSD,8.3164,2116.268,37.99,815.26,831.78,0.980134,2074.226,1725.302,1.4,3.684,978.74
2026-06-18 14:00:00,168,1,TK-04,HSD,8.7815,2758.774,37.36,814.75,830.84,0.980638,2705.358,2247.714,1.5,4.219,1378.64
2026-06-18 14:00:00,168,1,TK-05,HSD,9.2301,3508.675,37.91,816.37,832.82,0.980251,3439.382,2864.377,1.4,4.27,1691.96
2026-06-18 22:00:00,168,2,TK-01,HSD,8.6344,2712.591,30.51,821.93,833.04,0.986658,2676.399,2229.555,1.3,4.366,1406.99
2026-06-18 22:00:00,168,2,TK-02,HSD,8.3274,2616.126,30.03,821.73,832.51,0.98706,2582.274,2149.762,0.8,4.673,1501.32
2026-06-18 22:00:00,168,2,TK-03,HSD,8.1687,2078.692,30.58,820.8,831.98,0.986562,2050.76,1706.182,1.4,3.831,1002.19
2026-06-18 22:00:00,168,2,TK-04,HSD,8.6238,2709.24,30.28,820.59,831.56,0.986809,2673.503,2223.185,1.3,4.376,1409.22
2026-06-18 22:00:00,168,2,TK-05,HSD,9.0594,3443.786,30.03,820.78,831.56,0.98703,3399.119,2826.584,1.5,4.441,1730.84
2026-06-19 06:00:00,169,0,TK-01,HSD,8.4739,2662.168,28.16,823.52,832.94,0.988689,2632.055,2192.356,1.1,4.526,1452.64
2026-06-19 06:00:00,169,0,TK-02,HSD,8.7879,2760.793,28.15,820.18,829.63,0.9886,2729.319,2264.338,0.9,4.212,1354.52
2026-06-19 06:00:00,169,0,TK-03,HSD,8.0116,2038.715,28.07,822.42,831.8,0.988729,2015.737,1676.683,1.0,3.988,1037.17
2026-06-19 06:00:00,169,0,TK-04,HSD,8.4649,2659.34,28.18,821.66,831.12,0.988618,2629.071,2185.078,0.9,4.535,1454.84
2026-06-19 06:00:00,169,0,TK-05,HSD,8.9003,3383.302,28.14,821.68,831.11,0.988649,3344.898,2779.99,1.6,4.6,1788.84
2026-06-19 14:00:00,169,1,TK-01,HSD,8.3298,2616.893,37.59,816.68,832.9,0.980535,2565.955,2137.174,1.3,4.67,1519.37
2026-06-19 14:00:00,169,1,TK-02,HSD,8.6428,2715.226,38.01,814.48,831.03,0.980082,2661.144,2211.488,1.3,4.357,1423.73
2026-06-19 14:00:00,169,1,TK-03,HSD,7.8804,2005.313,37.79,814.98,831.37,0.980283,1965.774,1634.29,1.0,4.12,1088.31
2026-06-19 14:00:00,169,1,TK-04,HSD,9.2546,2907.421,38.43,814.75,831.6,0.979737,2848.507,2368.809,0.5,3.745,1235.3
2026-06-19 14:00:00,169,1,TK-05,HSD,8.7434,3323.665,37.82,814.69,831.11,0.980244,3258.003,2707.772,1.3,4.757,1873.61
2026-06-19 22:00:00,169,2,TK-01,HSD,8.6838,2728.088,29.92,824.54,835.2,0.987237,2693.269,2249.41,0.5,4.316,1388.83
2026-06-19 22:00:00,169,2,TK-02,HSD,8.4604,2657.909,29.56,819.79,830.25,0.987393,2624.401,2178.914,0.8,4.54,1458.89
2026-06-19 22:00:00,169,2,TK-03,HSD,7.7207,1964.67,29.72,820.39,830.96,0.987279,1939.676,1611.792,1.5,4.279,1114.28
2026-06-19 22:00:00,169,2,TK-04,HSD,9.0648,2847.785,30.29,820.39,831.36,0.9868,2810.196,2336.283,0.9,3.935,1272.95
2026-06-19 22:00:00,169,2,TK-05,HSD,8.5687,3257.226,29.5,820.04,830.46,0.987456,3216.366,2671.056,1.7,4.931,1916.66
2026-06-20 06:00:00,170,0,TK-01,HSD,8.5564,2688.077,30.71,822.35,833.6,0.986504,2651.798,2210.543,1.7,4.444,1429.8
2026-06-20 06:00:00,170,0,TK-02,HSD,8.3458,2621.915,31.18,819.24,830.87,0.986011,2585.237,2147.989,1.1,4.654,1498.8
2026-06-20 06:00:00,170,0,TK-03,HSD,7.6119,1936.991,31.09,819.72,831.27,0.986104,1910.075,1587.794,0.6,4.388,1143.76
2026-06-20 06:00:00,170,0,TK-04,HSD,8.9368,2807.57,30.89,819.42,830.84,0.986263,2769.001,2300.586,1.6,4.063,1315.68
2026-06-20 06:00:00,170,0,TK-05,HSD,9.0815,3452.164,31.5,819.9,831.74,0.985761,3403.009,2830.422,0.9,4.419,1729.16
2026-06-20 14:00:00,170,1,TK-01,HSD,8.4138,2643.272,36.82,818.04,833.69,0.981232,2593.662,2162.313,1.3,4.586,1491.41
2026-06-20 14:00:00,170,1,TK-02,HSD,8.1939,2574.18,37.11,814.74,830.65,0.980848,2524.879,2097.299,0.8,4.806,1558.8
2026-06-20 14:00:00,170,1,TK-03,HSD,8.6143,2192.068,37.35,816.12,832.17,0.980705,2149.772,1788.984,1.2,3.386,904.81
2026-06-20 14:00:00,170,1,TK-04,HSD,8.7764,2757.179,37.32,814.87,830.93,0.980676,2703.899,2246.738,1.0,4.224,1379.93
2026-06-20 14:00:00,170,1,TK-05,HSD,8.912,3387.733,37.4,815.81,831.92,0.980646,3322.167,2763.762,0.8,4.588,1808.13
2026-06-20 22:00:00,170,2,TK-01,HSD,8.2792,2600.993,32.85,820.77,833.56,0.984657,2561.085,2134.817,0.9,4.721,1524.67
2026-06-20 22:00:00,170,2,TK-02,HSD,8.5369,2681.943,32.03,819.43,831.66,0.985297,2642.51,2197.673,1.6,4.463,1441.74
2026-06-20 22:00:00,170,2,TK-03,HSD,8.4577,2152.222,32.0,819.76,831.96,0.985336,2120.663,1764.307,1.3,3.542,932.38
2026-06-20 22:00:00,170,2,TK-04,HSD,8.628,2710.56,32.37,817.73,830.22,0.984951,2669.77,2216.5,0.9,4.372,1414.63
2026-06-20 22:00:00,170,2,TK-05,HSD,8.7598,3329.897,32.5,820.19,832.74,0.984931,3279.719,2731.151,1.0,4.74,1850.77
2026-06-21 06:00:00,171,0,TK-01,HSD,8.9037,2797.187,30.62,822.04,833.23,0.986567,2759.613,2299.392,0.9,4.096,1325.78
2026-06-21 06:00:00,171,0,TK-02,HSD,8.3702,2629.561,30.61,817.11,828.36,0.986422,2593.858,2148.651,1.2,4.63,1491.54
2026-06-21 06:00:00,171,0,TK-03,HSD,8.2939,2110.545,30.6,820.72,831.92,0.986544,2082.144,1732.172,1.8,3.706,972.37
2026-06-21 06:00:00,171,0,TK-04,HSD,8.4535,2655.744,30.69,819.04,830.32,0.986419,2619.677,2175.162,1.0,4.547,1464.95
2026-06-21 06:00:00,171,0,TK-05,HSD,8.5774,3260.553,30.27,822.47,833.4,0.98688,3217.773,2681.699,1.5,4.923,1912.62
2026-06-21 14:00:00,171,1,TK-01,HSD,8.7216,2739.968,36.37,817.95,833.28,0.981606,2689.57,2241.164,1.0,4.278,1393.28
2026-06-21 14:00:00,171,1,TK-02,HSD,8.2061,2578.029,36.56,815.66,831.16,0.981348,2529.943,2102.798,1.0,4.794,1554.99
2026-06-21 14:00:00,171,1,TK-03,HSD,8.1246,2067.449,36.71,816.16,831.76,0.981244,2028.671,1687.36,1.0,3.875,1023.3
2026-06-21 14:00:00,171,1,TK-04,HSD,8.2911,2604.722,36.73,815.6,831.23,0.981202,2555.76,2124.412,1.4,4.709,1529.04
2026-06-21 14:00:00,171,1,TK-05,HSD,9.0356,3434.735,36.31,817.31,832.61,0.981625,3371.622,2807.255,1.4,4.464,1757.96
2026-06-21 22:00:00,171,2,TK-01,HSD,8.5858,2697.308,32.1,821.78,834.02,0.985324,2657.721,2216.599,1.2,4.414,1428.14
2026-06-21 22:00:00,171,2,TK-02,HSD,8.5015,2670.836,31.89,819.29,831.43,0.985409,2631.866,2188.2,1.6,4.498,1450.9
2026-06-21 22:00:00,171,2,TK-03,HSD,7.992,2033.723,32.28,819.12,831.53,0.985073,2003.366,1665.859,1.0,4.008,1049.6
2026-06-21 22:00:00,171,2,TK-04,HSD,8.1459,2559.102,32.0,818.24,830.46,0.985284,2521.442,2093.962,0.9,4.854,1562.15
2026-06-21 22:00:00,171,2,TK-05,HSD,8.8941,3380.951,32.58,818.99,831.61,0.98482,3329.628,2768.956,1.4,4.606,1801.67
2026-06-22 06:00:00,172,0,TK-01,HSD,8.4082,2641.51,30.75,821.59,832.87,0.986449,2605.715,2170.232,1.3,4.592,1478.7
2026-06-22 06:00:00,172,0,TK-02,HSD,8.3329,2617.858,30.39,820.29,831.34,0.986709,2583.063,2147.403,0.8,4.667,1501.03
2026-06-22 06:00:00,172,0,TK-03,HSD,7.8281,1992.021,30.42,820.32,831.38,0.986688,1965.503,1634.089,1.4,4.172,1087.75
2026-06-22 06:00:00,172,0,TK-04,HSD,8.7921,2762.113,30.66,818.68,829.94,0.986433,2724.639,2261.279,1.1,4.208,1360.52
2026-06-22 06:00:00,172,0,TK-05,HSD,8.7169,3313.569,30.98,820.32,831.79,0.98621,3267.876,2718.198,1.1,4.783,1865.06
2026-06-22 14:00:00,172,1,TK-01,HSD,8.2529,2592.734,36.2,818.24,833.44,0.981761,2545.446,2121.481,1.3,4.747,1539.45
2026-06-22 14:00:00,172,1,TK-02,HSD,9.0572,2845.41,35.76,816.11,831.04,0.98204,2794.306,2322.167,1.1,3.943,1289.77
2026-06-22 14:00:00,172,1,TK-03,HSD,7.683,1955.091,36.06,816.79,831.92,0.981817,1919.541,1596.903,2.0,4.317,1133.59
2026-06-22 14:00:00,172,1,TK-04,HSD,8.6163,2706.895,36.01,815.58,830.7,0.981801,2657.633,2207.695,1.7,4.384,1424.03
2026-06-22 14:00:00,172,1,TK-05,HSD,8.5536,3251.492,36.29,816.48,831.77,0.981611,3191.701,2654.768,1.1,4.946,1941.23
2026-06-22 22:00:00,172,2,TK-01,HSD,8.8391,2776.889,32.58,819.96,832.57,0.984853,2734.827,2276.941,1.6,4.161,1351.03
2026-06-22 22:00:00,172,2,TK-02,HSD,8.917,2801.362,32.48,818.64,831.2,0.984891,2759.036,2293.304,1.2,4.083,1325.51
2026-06-22 22:00:00,172,2,TK-03,HSD,7.5602,1923.835,32.55,818.51,831.12,0.984831,1894.652,1574.682,1.3,4.44,1158.15
2026-06-22 22:00:00,172,2,TK-04,HSD,8.4855,2665.787,32.26,817.89,830.31,0.985052,2625.939,2180.332,0.9,4.515,1458.06
2026-06-22 22:00:00,172,2,TK-05,HSD,8.407,3195.773,32.28,819.6,832.0,0.985095,3148.14,2619.244,0.4,5.093,1982.05
2026-06-23 06:00:00,173,0,TK-01,HSD,8.6543,2718.822,29.51,821.93,832.34,0.987501,2684.841,2234.693,1.3,4.346,1398.44
2026-06-23 06:00:00,173,0,TK-02,HSD,8.7352,2744.254,29.57,820.3,830.76,0.987402,2709.681,2251.103,1.1,4.265,1373.37
2026-06-23 06:00:00,173,0,TK-03,HSD,7.4109,1885.833,29.5,822.03,832.42,0.987515,1862.288,1550.204,1.0,4.589,1191.04
2026-06-23 06:00:00,173,0,TK-04,HSD,8.3117,2611.197,29.43,821.51,831.86,0.987555,2578.701,2145.125,0.9,4.688,1503.61
2026-06-23 06:00:00,173,0,TK-05,HSD,8.8155,3351.069,29.43,819.25,829.62,0.987493,3309.156,2745.356,0.8,4.684,1821.21
2026-06-23 14:00:00,173,1,TK-01,HSD,8.5474,2685.243,35.49,818.61,833.31,0.982365,2637.889,2198.167,1.0,4.453,1444.92
2026-06-23 14:00:00,173,1,TK-02,HSD,8.6312,2711.567,35.51,816.57,831.32,0.982268,2663.486,2214.197,1.0,4.369,1420.28
2026-06-23 14:00:00,173,1,TK-03,HSD,8.3793,2132.281,35.81,816.33,831.29,0.982005,2093.91,1740.641,0.8,3.621,959.4
2026-06-23 14:00:00,173,1,TK-04,HSD,8.2205,2582.536,35.72,816.09,830.99,0.982069,2536.229,2107.588,1.0,4.78,1548.26
2026-06-23 14:00:00,173,1,TK-05,HSD,8.7121,3311.763,35.35,817.23,831.85,0.982431,3253.578,2706.484,1.3,4.788,1878.5
2026-06-23 22:00:00,173,2,TK-01,HSD,8.3937,2636.96,31.53,821.15,833.0,0.985775,2599.449,2165.35,1.0,4.606,1484.18
2026-06-23 22:00:00,173,2,TK-02,HSD,8.4695,2660.781,31.15,819.9,831.49,0.986052,2623.669,2181.561,1.3,4.53,1459.91
2026-06-23 22:00:00,173,2,TK-03,HSD,8.2275,2093.635,31.56,819.74,831.63,0.985704,2063.703,1716.237,1.6,3.773,990.56
2026-06-23 22:00:00,173,2,TK-04,HSD,8.5269,2678.809,31.88,818.37,830.51,0.985384,2639.654,2192.253,0.7,4.473,1443.79
2026-06-23 22:00:00,173,2,TK-05,HSD,8.5543,3251.76,31.39,820.46,832.21,0.985876,3205.831,2667.936,1.2,4.946,1926.9
2026-06-24 06:00:00,174,0,TK-01,HSD,8.2298,2585.479,29.04,823.26,833.31,0.987933,2554.281,2128.514,1.1,4.77,1530.24
2026-06-24 06:00:00,174,0,TK-02,HSD,8.3184,2613.294,30.03,819.29,830.09,0.986985,2579.281,2141.033,1.2,4.682,1506.39
2026-06-24 06:00:00,174,0,TK-03,HSD,8.0624,2051.618,29.36,821.07,831.38,0.987606,2026.191,1684.529,0.8,3.938,1027.11
2026-06-24 06:00:00,174,0,TK-04,HSD,8.3624,2627.14,29.07,821.05,831.15,0.987848,2595.215,2157.002,1.4,4.638,1490.56
2026-06-24 06:00:00,174,0,TK-05,HSD,8.9985,3420.636,29.44,819.66,830.04,0.987492,3377.85,2803.762,1.0,4.501,1755.17
2026-06-24 14:00:00,174,1,TK-01,HSD,9.0975,2858.069,36.24,817.46,832.7,0.981693,2805.746,2336.357,1.7,3.902,1279.51
2026-06-24 14:00:00,174,1,TK-02,HSD,8.1811,2570.165,36.42,815.36,830.76,0.981452,2522.493,2095.598,1.3,4.819,1563.37
2026-06-24 14:00:00,174,1,TK-03,HSD,7.9339,2018.921,36.56,815.76,831.26,0.981351,1981.27,1646.954,0.8,4.066,1071.9
2026-06-24 14:00:00,174,1,TK-04,HSD,8.2303,2585.616,36.61,815.97,831.51,0.981318,2537.313,2109.791,1.3,4.77,1547.89
2026-06-24 14:00:00,174,1,TK-05,HSD,8.8524,3365.076,36.5,814.12,829.61,0.98133,3302.25,2739.578,0.7,4.648,1829.81
2026-06-24 22:00:00,174,2,TK-01,HSD,8.9459,2810.443,32.98,819.24,832.15,0.984489,2766.851,2302.436,1.4,4.054,1318.4
2026-06-24 22:00:00,174,2,TK-02,HSD,8.4671,2660.032,32.52,819.17,831.74,0.984879,2619.809,2179.009,1.7,4.533,1463.94
2026-06-24 22:00:00,174,2,TK-03,HSD,7.7991,1984.629,32.87,819.34,832.17,0.984588,1954.042,1626.095,1.2,4.201,1099.39
2026-06-24 22:00:00,174,2,TK-04,HSD,8.0927,2542.404,33.09,817.93,830.93,0.984349,2502.612,2079.505,1.2,4.907,1583.06
2026-06-24 22:00:00,174,2,TK-05,HSD,8.7,3307.155,32.91,818.63,831.49,0.984527,3255.983,2707.331,1.6,4.8,1875.61
2026-06-25 06:00:00,175,0,TK-01,HSD,8.7305,2742.757,29.44,823.29,833.63,0.9876,2708.747,2258.082,0.7,4.27,1376.48
2026-06-25 06:00:00,175,0,TK-02,HSD,8.2677,2597.377,29.47,821.44,831.83,0.987519,2564.961,2133.599,1.3,4.732,1518.96
2026-06-25 06:00:00,175,0,TK-03,HSD,7.6117,1936.949,29.47,821.09,831.48,0.987511,1912.759,1590.417,1.5,4.388,1140.43
2026-06-25 06:00:00,175,0,TK-04,HSD,8.5566,2688.138,29.77,820.54,831.14,0.987241,2653.839,2205.723,0.8,4.443,1430.03
2026-06-25 06:00:00,175,0,TK-05,HSD,8.495,3229.228,29.98,821.0,831.75,0.987078,3187.501,2651.212,1.3,5.005,1943.99
2026-06-25 14:00:00,175,1,TK-01,HSD,8.6003,2701.867,37.21,817.58,833.5,0.980892,2650.24,2208.985,1.2,4.4,1434.13
2026-06-25 14:00:00,175,1,TK-02,HSD,8.1474,2559.572,37.38,815.86,831.95,0.980666,2510.086,2088.261,1.1,4.853,1573.58
2026-06-25 14:00:00,175,1,TK-03,HSD,7.4982,1908.065,37.06,816.11,831.96,0.980947,1871.711,1557.191,1.0,4.502,1181.16
2026-06-25 14:00:00,175,1,TK-04,HSD,8.4379,2650.842,37.82,815.11,831.51,0.980269,2598.537,2160.718,1.3,4.562,1486.54
2026-06-25 14:00:00,175,1,TK-05,HSD,9.0568,3442.8,36.95,815.0,830.79,0.980992,3377.359,2805.893,1.3,4.443,1754.64
2026-06-25 22:00:00,175,2,TK-01,HSD,8.457,2656.838,32.75,820.45,833.17,0.984733,2616.276,2179.812,1.2,4.543,1467.76
2026-06-25 22:00:00,175,2,TK-02,HSD,8.0179,2518.905,33.19,818.19,831.26,0.984281,2479.311,2060.942,1.3,4.982,1605.44
2026-06-25 22:00:00,175,2,TK-03,HSD,7.9132,2013.66,32.74,819.3,832.04,0.984696,1982.844,1649.799,0.7,4.087,1070.85
2026-06-25 22:00:00,175,2,TK-04,HSD,8.2973,2606.661,33.38,817.5,830.71,0.984094,2565.199,2130.946,1.2,4.703,1519.51
2026-06-25 22:00:00,175,2,TK-05,HSD,8.908,3386.222,32.94,817.49,830.4,0.984462,3333.606,2768.214,0.8,4.592,1797.5
2026-06-26 06:00:00,176,0,TK-01,HSD,8.2914,2604.807,30.39,821.65,832.68,0.98675,2570.293,2140.231,1.7,4.709,1513.88
2026-06-26 06:00:00,176,0,TK-02,HSD,8.437,2650.555,31.03,818.82,830.34,0.986125,2613.778,2170.329,1.3,4.563,1470.48
2026-06-26 06:00:00,176,0,TK-03,HSD,7.7624,1975.292,30.9,820.82,832.23,0.986294,1948.219,1621.365,1.2,4.238,1105.8
2026-06-26 06:00:00,176,0,TK-04,HSD,8.1257,2552.755,30.88,820.21,831.61,0.986296,2517.771,2093.805,1.3,4.874,1564.72
2026-06-26 06:00:00,176,0,TK-05,HSD,8.7369,3321.182,31.03,818.65,830.18,0.986114,3275.063,2718.877,1.5,4.763,1856.28
2026-06-26 14:00:00,176,1,TK-01,HSD,8.1684,2566.177,37.31,816.84,832.86,0.980769,2516.826,2096.163,1.6,4.832,1568.12
2026-06-26 14:00:00,176,1,TK-02,HSD,8.3089,2610.305,37.54,814.68,830.9,0.980482,2559.357,2126.566,1.8,4.691,1525.64
2026-06-26 14:00:00,176,1,TK-03,HSD,7.6396,1944.033,37.12,816.68,832.56,0.980926,1906.952,1587.646,1.9,4.36,1146.91
2026-06-26 14:00:00,176,1,TK-04,HSD,9.0414,2840.437,37.5,814.53,830.72,0.980506,2785.065,2313.607,1.2,3.959,1301.05
2026-06-26 14:00:00,176,1,TK-05,HSD,8.6045,3270.865,37.31,814.69,830.75,0.980671,3207.643,2664.74,1.0,4.895,1925.4
2026-06-26 22:00:00,176,2,TK-01,HSD,8.6289,2710.86,32.82,820.27,833.04,0.984669,2669.3,2223.645,1.0,4.371,1413.61
2026-06-26 22:00:00,176,2,TK-02,HSD,8.1834,2570.891,33.33,817.67,830.85,0.984139,2530.115,2102.153,1.4,4.817,1554.07
2026-06-26 22:00:00,176,2,TK-03,HSD,7.5258,1915.093,33.15,818.58,831.61,0.984328,1885.078,1567.65,1.4,4.474,1168.1
2026-06-26 22:00:00,176,2,TK-04,HSD,8.898,2795.374,33.21,819.21,832.28,0.984301,2751.49,2290.005,1.8,4.102,1331.98
2026-06-26 22:00:00,176,2,TK-05,HSD,8.4719,3220.442,33.23,818.65,831.74,0.984261,3169.755,2636.399,0.9,5.028,1961.04
2026-06-27 06:00:00,177,0,TK-01,HSD,8.4566,2656.717,29.92,821.24,831.94,0.987137,2622.545,2181.809,1.3,4.543,1460.49
2026-06-27 06:00:00,177,0,TK-02,HSD,8.0146,2517.874,29.42,820.02,830.38,0.987523,2486.459,2064.716,0.9,4.985,1598.48
2026-06-27 06:00:00,177,0,TK-03,HSD,8.3273,2119.05,29.49,820.84,831.24,0.987482,2092.524,1739.396,1.4,3.673,961.01
2026-06-27 06:00:00,177,0,TK-04,HSD,8.7151,2737.932,29.67,821.42,831.94,0.987353,2703.304,2248.996,1.6,4.285,1380.28
2026-06-27 06:00:00,177,0,TK-05,HSD,8.2993,3154.822,29.83,820.15,830.8,0.987178,3114.37,2587.419,1.8,5.201,2016.69
2026-06-27 14:00:00,177,1,TK-01,HSD,8.3071,2609.767,37.35,816.4,832.45,0.980718,2559.446,2130.622,1.4,4.693,1523.69
2026-06-27 14:00:00,177,1,TK-02,HSD,8.8749,2788.129,37.16,816.79,832.7,0.980897,2734.866,2277.309,1.2,4.125,1349.72
2026-06-27 14:00:00,177,1,TK-03,HSD,8.1825,2082.196,37.09,815.48,831.37,0.980896,2042.418,1697.995,1.4,3.817,1011.42
2026-06-27 14:00:00,177,1,TK-04,HSD,8.5647,2690.677,37.12,815.7,831.6,0.980883,2639.239,2194.784,1.0,4.435,1445.42
2026-06-27 14:00:00,177,1,TK-05,HSD,8.1588,3101.419,37.5,813.95,830.16,0.980483,3040.889,2524.41,0.7,5.341,2091.74
2026-06-27 22:00:00,177,2,TK-01,HSD,8.1855,2571.546,32.74,819.63,832.35,0.984713,2532.234,2107.71,1.1,4.815,1552.18
2026-06-27 22:00:00,177,2,TK-02,HSD,8.7431,2746.726,32.93,817.89,830.78,0.984483,2704.106,2246.51,1.7,4.257,1380.14
2026-06-27 22:00:00,177,2,TK-03,HSD,8.0558,2049.957,32.7,819.58,832.28,0.984741,2018.676,1680.113,1.2,3.944,1034.14
2026-06-27 22:00:00,177,2,TK-04,HSD,8.4364,2650.358,33.02,817.27,830.24,0.984386,2608.975,2166.069,1.7,4.564,1474.78
2026-06-27 22:00:00,177,2,TK-05,HSD,8.543,3247.463,33.1,819.04,832.03,0.984386,3196.758,2659.795,1.5,4.957,1935.87
2026-06-28 06:00:00,178,0,TK-01,HSD,8.7754,2756.86,31.0,819.6,831.1,0.986171,2718.736,2259.53,1.2,4.225,1364.66
2026-06-28 06:00:00,178,0,TK-02,HSD,8.5814,2695.916,30.74,819.5,830.8,0.986389,2659.221,2209.294,1.1,4.419,1424.92
2026-06-28 06:00:00,178,0,TK-03,HSD,7.9139,2013.847,30.72,820.74,832.01,0.986444,1986.548,1652.837,1.1,4.086,1067.59
2026-06-28 06:00:00,178,0,TK-04,HSD,8.2785,2600.761,30.73,819.93,831.22,0.986412,2565.422,2132.439,1.6,4.722,1517.99
2026-06-28 06:00:00,178,0,TK-05,HSD,8.3806,3185.733,30.64,820.43,831.66,0.986499,3142.723,2613.664,1.3,5.119,1988.8
2026-06-28 14:00:00,178,1,TK-01,HSD,8.6257,2709.843,35.96,815.4,830.49,0.981834,2660.616,2209.607,1.4,4.374,1421.79
2026-06-28 14:00:00,178,1,TK-02,HSD,8.4414,2651.946,36.42,814.98,830.4,0.981429,2602.697,2161.282,1.4,4.559,1480.79
2026-06-28 14:00:00,178,1,TK-03,HSD,7.7793,1979.582,35.87,816.12,831.13,0.981941,1943.832,1615.579,1.3,4.221,1109.31
2026-06-28 14:00:00,178,1,TK-04,HSD,8.1419,2557.861,35.78,816.23,831.16,0.982028,2511.89,2087.794,0.9,4.858,1571.9
2026-06-28 14:00:00,178,1,TK-05,HSD,8.9656,3408.136,36.57,816.54,832.03,0.981377,3344.665,2782.864,1.2,4.534,1785.69
2026-06-28 22:00:00,178,2,TK-01,HSD,8.4802,2664.142,30.41,821.21,832.26,0.986725,2628.775,2187.832,0.5,4.52,1455.42
2026-06-28 22:00:00,178,2,TK-02,HSD,8.2927,2605.236,30.41,819.78,830.85,0.986675,2570.522,2135.716,1.0,4.707,1513.67
2026-06-28 22:00:00,178,2,TK-03,HSD,7.6489,1946.413,30.66,819.62,830.87,0.986457,1920.054,1595.318,1.0,4.351,1133.87
2026-06-28 22:00:00,178,2,TK-04,HSD,8.4922,2667.904,30.08,821.37,832.18,0.987005,2633.233,2191.334,1.2,4.508,1450.3
2026-06-28 22:00:00,178,2,TK-05,HSD,8.8128,3350.053,30.72,818.97,830.27,0.986388,3304.452,2743.597,1.6,4.687,1827.95
2026-06-29 06:00:00,179,0,TK-01,HSD,8.3483,2622.682,31.17,819.17,830.79,0.986013,2585.999,2148.412,0.7,4.652,1498.98
2026-06-29 06:00:00,179,0,TK-02,HSD,8.162,2564.153,30.96,818.47,829.95,0.986166,2528.681,2098.685,1.7,4.838,1556.27
2026-06-29 06:00:00,179,0,TK-03,HSD,8.4999,2162.97,31.18,821.82,833.41,0.986094,2132.891,1777.571,1.2,3.5,920.07
2026-06-29 06:00:00,179,0,TK-04,HSD,8.3582,2625.811,30.72,820.6,831.88,0.986445,2590.218,2154.748,1.5,4.642,1493.95
2026-06-29 06:00:00,179,0,TK-05,HSD,8.6625,3292.915,31.29,818.83,830.54,0.985906,3246.505,2696.352,0.9,4.837,1882.71
2026-06-29 14:00:00,179,1,TK-01,HSD,8.2121,2579.917,37.36,815.98,832.05,0.980689,2530.096,2105.16,0.8,4.788,1554.1
2026-06-29 14:00:00,179,1,TK-02,HSD,9.0132,2831.572,37.27,814.84,830.87,0.980718,2776.974,2307.292,1.7,3.987,1308.34
2026-06-29 14:00:00,179,1,TK-03,HSD,8.3635,2128.252,36.81,815.98,831.65,0.981149,2088.131,1736.601,1.1,3.636,965.56
2026-06-29 14:00:00,179,1,TK-04,HSD,8.2242,2583.71,36.72,815.89,831.51,0.981221,2535.19,2108.029,1.5,4.776,1549.17
2026-06-29 14:00:00,179,1,TK-05,HSD,8.5314,3243.052,37.25,815.3,831.3,0.980756,3180.642,2644.052,0.9,4.969,1951.98
2026-06-29 22:00:00,179,2,TK-01,HSD,8.5524,2686.81,30.97,821.75,833.19,0.986268,2649.915,2207.892,1.4,4.448,1435.07
2026-06-29 22:00:00,179,2,TK-02,HSD,8.8491,2780.024,31.49,819.09,830.94,0.985743,2740.389,2277.094,1.0,4.151,1344.04
2026-06-29 22:00:00,179,2,TK-03,HSD,8.2131,2089.991,31.18,820.32,831.93,0.986045,2060.825,1714.455,1.5,3.787,992.42
2026-06-29 22:00:00,179,2,TK-04,HSD,8.0826,2539.238,31.42,820.83,832.6,0.985862,2503.339,2084.281,1.2,4.917,1581.78
2026-06-29 22:00:00,179,2,TK-05,HSD,8.3732,3182.926,31.31,818.55,830.28,0.985879,3137.98,2605.393,1.3,5.127,1992.89
