timestamp,day,slot,meter_id,meter_kl15,weighbridge_kl15,days_since_proving
2026-01-01 06:00:00,0,0,LB-03,11.7048,11.728,0
2026-01-01 06:00:00,0,0,LB-03,11.6957,11.6634,0
2026-01-01 06:00:00,0,0,LB-04,11.2441,11.2267,0
2026-01-01 06:00:00,0,0,LB-09,11.166,11.1439,0
2026-01-01 06:00:00,0,0,LB-10,11.7176,11.6691,0
2026-01-01 14:00:00,0,1,LB-02,11.0428,11.0657,0
2026-01-01 14:00:00,0,1,LB-02,11.2962,11.2323,0
2026-01-01 14:00:00,0,1,LB-02,10.9271,10.9633,0
2026-01-01 14:00:00,0,1,LB-03,10.4017,10.4192,0
2026-01-01 14:00:00,0,1,LB-03,11.4738,11.4387,0
2026-01-01 14:00:00,0,1,LB-03,10.5505,10.4985,0
2026-01-01 14:00:00,0,1,LB-04,11.3044,11.3324,0
2026-01-01 14:00:00,0,1,LB-05,11.3903,11.4531,0
2026-01-01 14:00:00,0,1,LB-05,11.7568,11.6815,0
2026-01-01 14:00:00,0,1,LB-06,11.0625,11.0532,0
2026-01-01 14:00:00,0,1,LB-08,10.9893,10.9825,0
2026-01-01 14:00:00,0,1,LB-09,11.1965,11.2222,0
2026-01-01 14:00:00,0,1,LB-10,11.3005,11.3157,0
2026-01-01 22:00:00,0,2,LB-08,10.7342,10.7838,0
2026-01-01 22:00:00,0,2,LB-08,11.134,11.1192,0
2026-01-01 22:00:00,0,2,LB-09,10.8264,10.8089,0
2026-01-02 06:00:00,1,0,LB-03,11.5003,11.5532,1
2026-01-02 06:00:00,1,0,LB-04,11.8321,11.8439,1
2026-01-02 06:00:00,1,0,LB-07,11.1088,11.1601,1
2026-01-02 06:00:00,1,0,LB-07,11.0334,11.0544,1
2026-01-02 06:00:00,1,0,LB-08,10.9228,10.8864,1
2026-01-02 14:00:00,1,1,LB-03,11.2332,11.245,1
2026-01-02 14:00:00,1,1,LB-04,10.8727,10.8714,1
2026-01-02 14:00:00,1,1,LB-05,10.7112,10.7333,1
2026-01-02 14:00:00,1,1,LB-06,10.7147,10.689,1
2026-01-02 14:00:00,1,1,LB-07,11.594,11.5868,1
2026-01-02 14:00:00,1,1,LB-07,10.8883,10.9251,1
2026-01-02 14:00:00,1,1,LB-08,11.9856,11.9978,1
2026-01-02 14:00:00,1,1,LB-08,10.8313,10.8014,1
2026-01-02 14:00:00,1,1,LB-09,10.6895,10.6551,1
2026-01-02 14:00:00,1,1,LB-10,10.9035,10.8894,1
2026-01-02 22:00:00,1,2,LB-01,10.4886,10.4921,1
2026-01-02 22:00:00,1,2,LB-05,10.5812,10.5682,1
2026-01-02 22:00:00,1,2,LB-05,10.92,10.9686,1
2026-01-02 22:00:00,1,2,LB-07,11.9121,11.8768,1
2026-01-02 22:00:00,1,2,LB-09,11.4758,11.4854,1
2026-01-03 06:00:00,2,0,LB-03,11.9735,12.0259,2
2026-01-03 06:00:00,2,0,LB-06,10.6782,10.6741,2
2026-01-03 06:00:00,2,0,LB-10,11.5907,11.6143,2
2026-01-03 14:00:00,2,1,LB-02,11.3344,11.3284,2
2026-01-03 14:00:00,2,1,LB-06,11.4742,11.5118,2
2026-01-03 14:00:00,2,1,LB-07,11.9696,11.898,2
2026-01-03 14:00:00,2,1,LB-08,10.4708,10.4855,2
2026-01-03 14:00:00,2,1,LB-08,10.8857,10.901,2
2026-01-03 14:00:00,2,1,LB-10,11.215,11.2567,2
2026-01-03 22:00:00,2,2,LB-01,11.3698,11.3534,2
2026-01-03 22:00:00,2,2,LB-03,11.8356,11.856,2
2026-01-04 06:00:00,3,0,LB-02,11.2887,11.2951,3
2026-01-04 06:00:00,3,0,LB-03,10.8557,10.9075,3
2026-01-04 06:00:00,3,0,LB-03,12.0035,12.0501,3
2026-01-04 06:00:00,3,0,LB-04,11.1048,11.1003,3
2026-01-04 06:00:00,3,0,LB-05,10.8278,10.8026,3
2026-01-04 06:00:00,3,0,LB-07,11.9726,11.9316,3
2026-01-04 06:00:00,3,0,LB-09,11.607,11.6244,3
2026-01-04 06:00:00,3,0,LB-10,11.0822,11.0771,3
2026-01-04 14:00:00,3,1,LB-01,10.6981,10.7001,3
2026-01-04 14:00:00,3,1,LB-02,11.5083,11.5485,3
2026-01-04 14:00:00,3,1,LB-02,10.8827,10.8383,3
2026-01-04 14:00:00,3,1,LB-04,11.5511,11.5559,3
2026-01-04 14:00:00,3,1,LB-05,11.9187,11.9696,3
2026-01-04 14:00:00,3,1,LB-10,11.3988,11.4099,3
2026-01-04 22:00:00,3,2,LB-01,10.4111,10.4058,3
2026-01-04 22:00:00,3,2,LB-09,10.5189,10.5609,3
2026-01-05 06:00:00,4,0,LB-01,11.4537,11.4661,4
2026-01-05 06:00:00,4,0,LB-01,11.181,11.1402,4
2026-01-05 06:00:00,4,0,LB-04,11.6993,11.693,4
2026-01-05 06:00:00,4,0,LB-06,11.7493,11.7841,4
2026-01-05 06:00:00,4,0,LB-06,10.3813,10.3693,4
2026-01-05 14:00:00,4,1,LB-03,11.1358,11.0974,4
2026-01-05 14:00:00,4,1,LB-04,11.0123,10.9431,4
2026-01-05 14:00:00,4,1,LB-06,11.6094,11.6563,4
2026-01-05 14:00:00,4,1,LB-07,10.3346,10.3237,4
2026-01-05 14:00:00,4,1,LB-08,11.8042,11.7964,4
2026-01-05 14:00:00,4,1,LB-08,11.5262,11.547,4
2026-01-05 14:00:00,4,1,LB-09,10.62,10.5909,4
2026-01-05 22:00:00,4,2,LB-01,11.9264,11.9526,4
2026-01-05 22:00:00,4,2,LB-09,10.7398,10.7354,4
2026-01-06 06:00:00,5,0,LB-01,11.9522,11.8931,5
2026-01-06 06:00:00,5,0,LB-05,10.4781,10.4712,5
2026-01-06 06:00:00,5,0,LB-07,10.5814,10.5737,5
2026-01-06 06:00:00,5,0,LB-07,11.4925,11.4419,5
2026-01-06 06:00:00,5,0,LB-08,11.3196,11.3236,5
2026-01-06 06:00:00,5,0,LB-09,10.5424,10.5703,5
2026-01-06 06:00:00,5,0,LB-10,11.4115,11.4017,5
2026-01-06 14:00:00,5,1,LB-04,10.6629,10.639,5
2026-01-06 14:00:00,5,1,LB-04,11.4977,11.5061,5
2026-01-06 14:00:00,5,1,LB-06,11.1579,11.147,5
2026-01-06 14:00:00,5,1,LB-06,11.1173,11.0892,5
2026-01-06 14:00:00,5,1,LB-08,10.8733,10.9414,5
2026-01-06 14:00:00,5,1,LB-08,11.9072,11.9341,5
2026-01-06 14:00:00,5,1,LB-09,10.3197,10.3429,5
2026-01-06 22:00:00,5,2,LB-02,10.747,10.7357,5
2026-01-06 22:00:00,5,2,LB-05,10.7764,10.7999,5
2026-01-06 22:00:00,5,2,LB-06,11.7822,11.791,5
2026-01-06 22:00:00,5,2,LB-07,11.8818,11.8489,5
2026-01-06 22:00:00,5,2,LB-08,10.6519,10.6434,5
2026-01-07 06:00:00,6,0,LB-01,11.1441,11.1528,6
2026-01-07 06:00:00,6,0,LB-03,11.6905,11.687,6
2026-01-07 06:00:00,6,0,LB-08,11.9682,12.001,6
2026-01-07 14:00:00,6,1,LB-03,10.8456,10.8726,6
2026-01-07 14:00:00,6,1,LB-04,11.4804,11.4691,6
2026-01-07 14:00:00,6,1,LB-05,11.7311,11.7744,6
2026-01-07 14:00:00,6,1,LB-05,11.5876,11.5995,6
2026-01-07 14:00:00,6,1,LB-06,10.9296,10.9002,6
2026-01-07 14:00:00,6,1,LB-07,11.6425,11.6219,6
2026-01-07 14:00:00,6,1,LB-09,11.0341,10.9986,6
2026-01-07 14:00:00,6,1,LB-10,10.7925,10.7474,6
2026-01-07 22:00:00,6,2,LB-03,11.495,11.458,6
2026-01-07 22:00:00,6,2,LB-03,11.5171,11.5576,6
2026-01-07 22:00:00,6,2,LB-04,10.9134,10.9609,6
2026-01-07 22:00:00,6,2,LB-04,10.5508,10.5378,6
2026-01-07 22:00:00,6,2,LB-06,11.6848,11.6604,6
2026-01-08 06:00:00,7,0,LB-04,11.7729,11.7493,7
2026-01-08 06:00:00,7,0,LB-04,10.5716,10.5884,7
2026-01-08 06:00:00,7,0,LB-06,10.3289,10.34,7
2026-01-08 06:00:00,7,0,LB-07,11.8217,11.8033,7
2026-01-08 06:00:00,7,0,LB-08,10.639,10.6115,7
2026-01-08 06:00:00,7,0,LB-10,10.7373,10.7297,7
2026-01-08 14:00:00,7,1,LB-04,11.082,11.1138,7
2026-01-08 14:00:00,7,1,LB-05,11.184,11.207,7
2026-01-08 14:00:00,7,1,LB-05,11.951,11.877,7
2026-01-08 14:00:00,7,1,LB-05,10.7404,10.6826,7
2026-01-08 14:00:00,7,1,LB-08,10.7099,10.6801,7
2026-01-08 22:00:00,7,2,LB-08,11.9613,11.9163,7
2026-01-09 06:00:00,8,0,LB-04,11.3708,11.3513,8
2026-01-09 06:00:00,8,0,LB-05,11.2633,11.2399,8
2026-01-09 06:00:00,8,0,LB-06,11.4894,11.4524,8
2026-01-09 06:00:00,8,0,LB-09,10.7755,10.8487,8
2026-01-09 06:00:00,8,0,LB-10,11.507,11.533,8
2026-01-09 14:00:00,8,1,LB-02,11.1712,11.0898,8
2026-01-09 14:00:00,8,1,LB-02,11.2262,11.2741,8
2026-01-09 14:00:00,8,1,LB-03,11.9319,11.9209,8
2026-01-09 14:00:00,8,1,LB-04,10.7934,10.7945,8
2026-01-09 14:00:00,8,1,LB-06,11.9226,11.9589,8
2026-01-09 14:00:00,8,1,LB-08,11.015,11.0399,8
2026-01-09 22:00:00,8,2,LB-07,10.6521,10.6732,8
2026-01-09 22:00:00,8,2,LB-09,10.9223,10.914,8
2026-01-10 06:00:00,9,0,LB-04,10.6636,10.6371,9
2026-01-10 06:00:00,9,0,LB-07,11.0297,11.0167,9
2026-01-10 14:00:00,9,1,LB-01,11.3831,11.3808,9
2026-01-10 14:00:00,9,1,LB-02,11.6858,11.6624,9
2026-01-10 14:00:00,9,1,LB-04,11.6207,11.6434,9
2026-01-10 14:00:00,9,1,LB-08,11.4922,11.4831,9
2026-01-10 14:00:00,9,1,LB-09,11.2231,11.2628,9
2026-01-10 22:00:00,9,2,LB-01,10.3352,10.3571,9
2026-01-10 22:00:00,9,2,LB-02,10.9765,10.978,9
2026-01-10 22:00:00,9,2,LB-05,10.7434,10.7319,9
2026-01-11 06:00:00,10,0,LB-01,10.7573,10.7402,10
2026-01-11 06:00:00,10,0,LB-05,11.2784,11.3976,10
2026-01-11 06:00:00,10,0,LB-09,11.489,11.5076,10
2026-01-11 06:00:00,10,0,LB-10,11.8868,11.9428,10
2026-01-11 14:00:00,10,1,LB-01,11.5306,11.4511,10
2026-01-11 14:00:00,10,1,LB-01,11.9557,11.9361,10
2026-01-11 14:00:00,10,1,LB-03,11.5643,11.5459,10
2026-01-11 14:00:00,10,1,LB-03,10.8189,10.8354,10
2026-01-11 14:00:00,10,1,LB-06,11.8105,11.8142,10
2026-01-11 14:00:00,10,1,LB-07,11.1073,11.0418,10
2026-01-11 14:00:00,10,1,LB-09,11.6717,11.7105,10
2026-01-11 22:00:00,10,2,LB-03,10.6448,10.6549,10
2026-01-12 06:00:00,11,0,LB-01,10.7351,10.7551,11
2026-01-12 06:00:00,11,0,LB-03,10.487,10.4612,11
2026-01-12 06:00:00,11,0,LB-06,11.2474,11.2344,11
2026-01-12 06:00:00,11,0,LB-06,11.5834,11.6048,11
2026-01-12 06:00:00,11,0,LB-08,10.6779,10.6966,11
2026-01-12 14:00:00,11,1,LB-08,11.8271,11.816,11
2026-01-12 14:00:00,11,1,LB-09,11.3171,11.3272,11
2026-01-12 14:00:00,11,1,LB-09,11.4448,11.3936,11
2026-01-12 14:00:00,11,1,LB-09,10.8321,10.8191,11
2026-01-12 22:00:00,11,2,LB-03,11.2751,11.2818,11
2026-01-12 22:00:00,11,2,LB-04,10.7723,10.7908,11
2026-01-12 22:00:00,11,2,LB-05,10.8158,10.7407,11
2026-01-12 22:00:00,11,2,LB-07,10.4604,10.4699,11
2026-01-13 06:00:00,12,0,LB-04,11.0761,11.098,12
2026-01-13 06:00:00,12,0,LB-06,10.5317,10.5006,12
2026-01-13 06:00:00,12,0,LB-07,10.5862,10.5916,12
2026-01-13 06:00:00,12,0,LB-07,10.502,10.5542,12
2026-01-13 06:00:00,12,0,LB-09,11.1948,11.1952,12
2026-01-13 14:00:00,12,1,LB-02,11.0702,11.1023,12
2026-01-13 14:00:00,12,1,LB-03,11.1653,11.1965,12
2026-01-13 14:00:00,12,1,LB-03,10.6662,10.6877,12
2026-01-13 14:00:00,12,1,LB-04,10.42,10.4272,12
2026-01-13 14:00:00,12,1,LB-04,10.5037,10.5529,12
2026-01-13 14:00:00,12,1,LB-05,11.9143,11.8863,12
2026-01-13 14:00:00,12,1,LB-05,11.1839,11.1881,12
2026-01-13 14:00:00,12,1,LB-06,11.1168,11.1293,12
2026-01-13 14:00:00,12,1,LB-08,10.9814,11.0107,12
2026-01-13 14:00:00,12,1,LB-09,11.3585,11.3879,12
2026-01-13 14:00:00,12,1,LB-10,11.8293,11.8618,12
2026-01-13 22:00:00,12,2,LB-03,11.4212,11.4301,12
2026-01-13 22:00:00,12,2,LB-03,10.6325,10.6439,12
2026-01-13 22:00:00,12,2,LB-06,11.6837,11.6971,12
2026-01-13 22:00:00,12,2,LB-10,10.5845,10.5371,12
2026-01-14 06:00:00,13,0,LB-02,11.4503,11.4537,13
2026-01-14 06:00:00,13,0,LB-03,11.0458,11.0504,13
2026-01-14 06:00:00,13,0,LB-06,11.5447,11.549,13
2026-01-14 06:00:00,13,0,LB-06,10.3919,10.4251,13
2026-01-14 14:00:00,13,1,LB-02,11.6835,11.6946,13
2026-01-14 14:00:00,13,1,LB-02,10.416,10.3997,13
2026-01-14 14:00:00,13,1,LB-03,11.6403,11.6989,13
2026-01-14 14:00:00,13,1,LB-04,10.4943,10.4973,13
2026-01-14 22:00:00,13,2,LB-01,11.493,11.5089,13
2026-01-14 22:00:00,13,2,LB-01,10.8283,10.842,13
2026-01-14 22:00:00,13,2,LB-05,10.9678,10.9839,13
2026-01-14 22:00:00,13,2,LB-06,10.9549,10.9536,13
2026-01-14 22:00:00,13,2,LB-07,10.5412,10.5635,13
2026-01-14 22:00:00,13,2,LB-09,10.5846,10.6558,13
2026-01-14 22:00:00,13,2,LB-10,11.8077,11.7911,13
2026-01-15 06:00:00,14,0,LB-03,10.7815,10.7752,14
2026-01-15 06:00:00,14,0,LB-04,10.8662,10.8477,14
2026-01-15 06:00:00,14,0,LB-07,10.5517,10.5327,14
2026-01-15 06:00:00,14,0,LB-08,11.1866,11.1938,14
2026-01-15 06:00:00,14,0,LB-08,11.4517,11.4194,14
2026-01-15 06:00:00,14,0,LB-09,11.8815,11.8855,14
2026-01-15 06:00:00,14,0,LB-10,11.6353,11.6477,14
2026-01-15 14:00:00,14,1,LB-04,10.5785,10.6157,14
2026-01-15 14:00:00,14,1,LB-04,11.2444,11.2452,14
2026-01-15 14:00:00,14,1,LB-09,11.848,11.7977,14
2026-01-15 14:00:00,14,1,LB-09,11.6898,11.7091,14
2026-01-15 22:00:00,14,2,LB-05,11.7406,11.6858,14
2026-01-15 22:00:00,14,2,LB-06,11.2802,11.3526,14
2026-01-15 22:00:00,14,2,LB-07,11.5036,11.5258,14
2026-01-15 22:00:00,14,2,LB-10,11.2915,11.2757,14
2026-01-16 06:00:00,15,0,LB-01,10.4263,10.4882,15
2026-01-16 06:00:00,15,0,LB-01,10.3757,10.3807,15
2026-01-16 06:00:00,15,0,LB-02,10.7218,10.7021,15
2026-01-16 06:00:00,15,0,LB-04,10.4637,10.5117,15
2026-01-16 06:00:00,15,0,LB-10,11.0241,11.0438,15
2026-01-16 14:00:00,15,1,LB-02,11.6526,11.6611,15
2026-01-16 14:00:00,15,1,LB-03,11.8563,11.843,15
2026-01-16 14:00:00,15,1,LB-05,11.1876,11.1543,15
2026-01-16 14:00:00,15,1,LB-05,10.4719,10.4776,15
2026-01-16 14:00:00,15,1,LB-07,10.5268,10.511,15
2026-01-16 14:00:00,15,1,LB-07,10.8561,10.8952,15
2026-01-16 14:00:00,15,1,LB-07,11.973,12.0016,15
2026-01-16 14:00:00,15,1,LB-10,10.5931,10.6297,15
2026-01-16 22:00:00,15,2,LB-03,11.4209,11.4605,15
2026-01-16 22:00:00,15,2,LB-04,10.9078,10.8909,15
2026-01-16 22:00:00,15,2,LB-05,10.9989,10.9903,15
2026-01-16 22:00:00,15,2,LB-06,10.7078,10.7361,15
2026-01-16 22:00:00,15,2,LB-07,11.0253,11.0546,15
2026-01-17 06:00:00,16,0,LB-02,10.4033,10.4192,16
2026-01-17 06:00:00,16,0,LB-04,11.3773,11.4146,16
2026-01-17 06:00:00,16,0,LB-06,11.6901,11.6722,16
2026-01-17 06:00:00,16,0,LB-10,11.2767,11.301,16
2026-01-17 06:00:00,16,0,LB-10,10.8057,10.7778,16
2026-01-17 14:00:00,16,1,LB-01,10.6138,10.625,16
2026-01-17 22:00:00,16,2,LB-01,10.7,10.731,16
2026-01-17 22:00:00,16,2,LB-09,11.962,11.948,16
2026-01-17 22:00:00,16,2,LB-10,11.0767,11.035,16
2026-01-18 06:00:00,17,0,LB-01,10.3499,10.3343,17
2026-01-18 06:00:00,17,0,LB-03,11.8138,11.8449,17
2026-01-18 06:00:00,17,0,LB-06,11.4803,11.487,17
2026-01-18 14:00:00,17,1,LB-02,11.3817,11.4506,17
2026-01-18 14:00:00,17,1,LB-03,11.7781,11.8306,17
2026-01-18 14:00:00,17,1,LB-03,10.5661,10.501,17
2026-01-18 14:00:00,17,1,LB-05,10.7918,10.7994,17
2026-01-18 14:00:00,17,1,LB-09,10.5686,10.5625,17
2026-01-18 14:00:00,17,1,LB-10,10.9254,10.8769,17
2026-01-18 22:00:00,17,2,LB-04,10.4569,10.4571,17
2026-01-19 06:00:00,18,0,LB-06,11.1797,11.2138,18
2026-01-19 06:00:00,18,0,LB-08,11.6111,11.6402,18
2026-01-19 14:00:00,18,1,LB-03,10.4421,10.4645,18
2026-01-19 14:00:00,18,1,LB-04,11.2329,11.2611,18
2026-01-19 14:00:00,18,1,LB-06,11.1312,11.0999,18
2026-01-19 14:00:00,18,1,LB-06,11.9455,11.918,18
2026-01-19 14:00:00,18,1,LB-07,11.8434,11.8751,18
2026-01-19 14:00:00,18,1,LB-08,11.0116,11.0103,18
2026-01-19 22:00:00,18,2,LB-02,10.9709,10.9203,18
2026-01-19 22:00:00,18,2,LB-03,10.36,10.3002,18
2026-01-20 06:00:00,19,0,LB-02,11.6777,11.7076,19
2026-01-20 06:00:00,19,0,LB-03,11.9508,11.9616,19
2026-01-20 06:00:00,19,0,LB-04,11.5202,11.5046,19
2026-01-20 06:00:00,19,0,LB-07,11.0762,11.0692,19
2026-01-20 06:00:00,19,0,LB-07,11.9239,11.9328,19
2026-01-20 06:00:00,19,0,LB-08,10.6601,10.6696,19
2026-01-20 14:00:00,19,1,LB-01,10.9094,10.9103,19
2026-01-20 14:00:00,19,1,LB-02,11.0533,10.9974,19
2026-01-20 14:00:00,19,1,LB-03,11.9695,11.9936,19
2026-01-20 14:00:00,19,1,LB-03,10.8874,10.8617,19
2026-01-20 14:00:00,19,1,LB-04,10.6469,10.6307,19
2026-01-20 14:00:00,19,1,LB-06,11.2897,11.2199,19
2026-01-20 14:00:00,19,1,LB-07,10.6572,10.6372,19
2026-01-20 14:00:00,19,1,LB-08,11.7755,11.7822,19
2026-01-20 14:00:00,19,1,LB-09,11.0699,11.0831,19
2026-01-20 14:00:00,19,1,LB-10,11.9275,11.8881,19
2026-01-20 14:00:00,19,1,LB-10,10.3439,10.3322,19
2026-01-20 22:00:00,19,2,LB-07,11.1147,11.0894,19
2026-01-20 22:00:00,19,2,LB-08,11.4339,11.4067,19
2026-01-21 06:00:00,20,0,LB-03,11.5602,11.5969,20
2026-01-21 06:00:00,20,0,LB-03,10.5232,10.4978,20
2026-01-21 06:00:00,20,0,LB-08,11.1473,11.1685,20
2026-01-21 06:00:00,20,0,LB-08,11.3393,11.3573,20
2026-01-21 06:00:00,20,0,LB-08,11.7616,11.742,20
2026-01-21 14:00:00,20,1,LB-01,10.7951,10.7775,20
2026-01-21 14:00:00,20,1,LB-02,10.9131,10.911,20
2026-01-21 14:00:00,20,1,LB-04,11.9381,11.9309,20
2026-01-21 14:00:00,20,1,LB-04,10.9101,10.9152,20
2026-01-21 14:00:00,20,1,LB-06,11.4642,11.4269,20
2026-01-21 14:00:00,20,1,LB-08,11.3529,11.312,20
2026-01-21 14:00:00,20,1,LB-09,10.3353,10.3447,20
2026-01-21 14:00:00,20,1,LB-09,10.3433,10.3757,20
2026-01-21 22:00:00,20,2,LB-01,10.4418,10.4462,20
2026-01-21 22:00:00,20,2,LB-04,10.5819,10.5629,20
2026-01-22 06:00:00,21,0,LB-02,11.3923,11.4132,21
2026-01-22 06:00:00,21,0,LB-03,10.3281,10.3724,21
2026-01-22 06:00:00,21,0,LB-04,10.8959,10.9695,21
2026-01-22 06:00:00,21,0,LB-04,11.3862,11.379,21
2026-01-22 06:00:00,21,0,LB-05,11.9413,11.9013,21
2026-01-22 06:00:00,21,0,LB-09,11.6599,11.6474,21
2026-01-22 14:00:00,21,1,LB-02,11.4881,11.5152,21
2026-01-22 14:00:00,21,1,LB-04,11.9446,11.9132,21
2026-01-22 14:00:00,21,1,LB-06,11.1336,11.11,21
2026-01-22 14:00:00,21,1,LB-08,11.507,11.5072,21
2026-01-22 14:00:00,21,1,LB-10,10.4553,10.4365,21
2026-01-22 14:00:00,21,1,LB-10,11.8555,11.9044,21
2026-01-22 22:00:00,21,2,LB-02,10.5922,10.6271,21
2026-01-22 22:00:00,21,2,LB-06,10.4988,10.4838,21
2026-01-23 06:00:00,22,0,LB-08,11.9667,11.9808,22
2026-01-23 06:00:00,22,0,LB-09,11.1447,11.1725,22
2026-01-23 14:00:00,22,1,LB-01,11.783,11.7916,22
2026-01-23 14:00:00,22,1,LB-06,11.5975,11.645,22
2026-01-23 14:00:00,22,1,LB-08,10.5723,10.5649,22
2026-01-23 14:00:00,22,1,LB-08,11.3893,11.3799,22
2026-01-23 22:00:00,22,2,LB-01,11.78,11.8504,22
2026-01-23 22:00:00,22,2,LB-07,11.1534,11.1161,22
2026-01-23 22:00:00,22,2,LB-10,10.6473,10.6737,22
2026-01-24 06:00:00,23,0,LB-02,11.4444,11.4355,23
2026-01-24 06:00:00,23,0,LB-02,11.99,11.9889,23
2026-01-24 06:00:00,23,0,LB-03,11.1645,11.1864,23
2026-01-24 06:00:00,23,0,LB-03,11.1928,11.2583,23
2026-01-24 06:00:00,23,0,LB-04,10.6246,10.6481,23
2026-01-24 06:00:00,23,0,LB-06,11.8421,11.792,23
2026-01-24 06:00:00,23,0,LB-06,10.3288,10.3692,23
2026-01-24 06:00:00,23,0,LB-10,10.4007,10.422,23
2026-01-24 14:00:00,23,1,LB-02,10.3781,10.4071,23
2026-01-24 14:00:00,23,1,LB-04,10.7037,10.724,23
2026-01-24 14:00:00,23,1,LB-05,10.832,10.8695,23
2026-01-24 14:00:00,23,1,LB-06,10.3925,10.3598,23
2026-01-24 14:00:00,23,1,LB-09,11.8224,11.8129,23
2026-01-24 22:00:00,23,2,LB-04,10.5973,10.5446,23
2026-01-24 22:00:00,23,2,LB-05,11.8796,11.8244,23
2026-01-24 22:00:00,23,2,LB-05,10.5328,10.5754,23
2026-01-24 22:00:00,23,2,LB-05,10.6552,10.6855,23
2026-01-24 22:00:00,23,2,LB-05,11.4302,11.4383,23
2026-01-24 22:00:00,23,2,LB-09,10.3969,10.4397,23
2026-01-25 06:00:00,24,0,LB-02,11.2667,11.211,24
2026-01-25 06:00:00,24,0,LB-02,11.8887,11.7852,24
2026-01-25 06:00:00,24,0,LB-05,11.2446,11.2687,24
2026-01-25 06:00:00,24,0,LB-05,10.8046,10.8113,24
2026-01-25 06:00:00,24,0,LB-06,11.3306,11.314,24
2026-01-25 06:00:00,24,0,LB-07,11.1812,11.1528,24
2026-01-25 06:00:00,24,0,LB-07,10.5374,10.553,24
2026-01-25 06:00:00,24,0,LB-09,11.9301,11.9508,24
2026-01-25 06:00:00,24,0,LB-09,11.5123,11.5342,24
2026-01-25 06:00:00,24,0,LB-10,11.7555,11.7235,24
2026-01-25 14:00:00,24,1,LB-01,10.4762,10.4285,24
2026-01-25 14:00:00,24,1,LB-04,10.9294,10.9228,24
2026-01-25 14:00:00,24,1,LB-04,11.2818,11.2695,24
2026-01-25 14:00:00,24,1,LB-10,11.6794,11.6145,24
2026-01-25 22:00:00,24,2,LB-01,11.4264,11.375,24
2026-01-25 22:00:00,24,2,LB-03,11.159,11.2055,24
2026-01-25 22:00:00,24,2,LB-04,11.837,11.8238,24
2026-01-25 22:00:00,24,2,LB-06,11.3246,11.2766,24
2026-01-25 22:00:00,24,2,LB-08,11.9859,11.9541,24
2026-01-26 06:00:00,25,0,LB-01,11.5263,11.5061,25
2026-01-26 06:00:00,25,0,LB-03,11.5485,11.5589,25
2026-01-26 06:00:00,25,0,LB-06,10.4916,10.4678,25
2026-01-26 06:00:00,25,0,LB-09,10.6768,10.6754,25
2026-01-26 06:00:00,25,0,LB-09,11.2385,11.2607,25
2026-01-26 06:00:00,25,0,LB-10,10.4137,10.4412,25
2026-01-26 14:00:00,25,1,LB-02,11.6999,11.704,25
2026-01-26 14:00:00,25,1,LB-06,10.5498,10.5198,25
2026-01-26 14:00:00,25,1,LB-09,10.6947,10.7298,25
2026-01-26 22:00:00,25,2,LB-01,11.2741,11.1608,25
2026-01-26 22:00:00,25,2,LB-02,10.9129,10.9127,25
2026-01-26 22:00:00,25,2,LB-07,10.4028,10.3773,25
2026-01-26 22:00:00,25,2,LB-07,11.3447,11.3293,25
2026-01-26 22:00:00,25,2,LB-10,11.9836,11.9745,25
2026-01-27 06:00:00,26,0,LB-04,11.9375,11.9661,26
2026-01-27 06:00:00,26,0,LB-08,11.0575,11.0331,26
2026-01-27 06:00:00,26,0,LB-10,11.6451,11.6653,26
2026-01-27 14:00:00,26,1,LB-02,11.4195,11.3495,26
2026-01-27 14:00:00,26,1,LB-07,11.6646,11.6919,26
2026-01-27 14:00:00,26,1,LB-07,11.7063,11.6849,26
2026-01-27 14:00:00,26,1,LB-09,10.931,10.8869,26
2026-01-27 14:00:00,26,1,LB-09,11.1405,11.1479,26
2026-01-27 14:00:00,26,1,LB-10,11.9649,11.9806,26
2026-01-27 22:00:00,26,2,LB-06,10.4849,10.5044,26
2026-01-28 06:00:00,27,0,LB-03,10.383,10.4227,27
2026-01-28 06:00:00,27,0,LB-04,11.6247,11.5731,27
2026-01-28 06:00:00,27,0,LB-05,11.9164,12.0189,27
2026-01-28 06:00:00,27,0,LB-07,10.9681,10.9998,27
2026-01-28 06:00:00,27,0,LB-09,10.9348,10.9062,27
2026-01-28 06:00:00,27,0,LB-10,11.0966,11.0986,27
2026-01-28 14:00:00,27,1,LB-06,11.8792,11.8326,27
2026-01-28 14:00:00,27,1,LB-06,10.85,10.8212,27
2026-01-28 14:00:00,27,1,LB-07,10.9996,10.9477,27
2026-01-28 14:00:00,27,1,LB-07,10.7706,10.7559,27
2026-01-28 14:00:00,27,1,LB-10,10.9579,10.8938,27
2026-01-28 22:00:00,27,2,LB-07,10.795,10.8147,27
2026-01-29 06:00:00,28,0,LB-01,11.3429,11.394,28
2026-01-29 06:00:00,28,0,LB-01,11.3697,11.3982,28
2026-01-29 06:00:00,28,0,LB-02,11.0366,11.0385,28
2026-01-29 06:00:00,28,0,LB-07,11.0072,10.9875,28
2026-01-29 06:00:00,28,0,LB-08,10.6971,10.6988,28
2026-01-29 06:00:00,28,0,LB-10,10.5712,10.532,28
2026-01-29 06:00:00,28,0,LB-10,11.3421,11.2792,28
2026-01-29 14:00:00,28,1,LB-03,11.6626,11.6441,28
2026-01-29 14:00:00,28,1,LB-06,11.2285,11.2468,28
2026-01-29 14:00:00,28,1,LB-07,10.9263,10.9323,28
2026-01-29 14:00:00,28,1,LB-08,11.0697,11.0648,28
2026-01-29 14:00:00,28,1,LB-09,11.0381,11.104,28
2026-01-29 22:00:00,28,2,LB-03,11.2277,11.3196,28
2026-01-29 22:00:00,28,2,LB-05,10.9466,10.9866,28
2026-01-29 22:00:00,28,2,LB-10,11.1823,11.1427,28
2026-01-30 06:00:00,29,0,LB-02,11.7433,11.7662,29
2026-01-30 06:00:00,29,0,LB-06,10.5401,10.5392,29
2026-01-30 14:00:00,29,1,LB-01,10.8439,10.8495,29
2026-01-30 14:00:00,29,1,LB-07,11.4687,11.4652,29
2026-01-30 14:00:00,29,1,LB-08,11.291,11.2612,29
2026-01-30 14:00:00,29,1,LB-10,10.7245,10.7413,29
2026-01-30 22:00:00,29,2,LB-02,11.3455,11.2901,29
2026-01-30 22:00:00,29,2,LB-05,10.7397,10.7291,29
2026-01-30 22:00:00,29,2,LB-05,11.3242,11.2959,29
2026-01-30 22:00:00,29,2,LB-06,10.5473,10.5572,29
2026-01-31 06:00:00,30,0,LB-03,11.4254,11.4906,30
2026-01-31 06:00:00,30,0,LB-05,11.4449,11.4231,30
2026-01-31 06:00:00,30,0,LB-09,10.3287,10.3013,30
2026-01-31 06:00:00,30,0,LB-09,10.669,10.6955,30
2026-01-31 06:00:00,30,0,LB-09,10.8366,10.8467,30
2026-01-31 14:00:00,30,1,LB-03,11.6743,11.7114,30
2026-01-31 14:00:00,30,1,LB-04,10.8126,10.8033,30
2026-01-31 14:00:00,30,1,LB-05,11.8618,11.8606,30
2026-01-31 14:00:00,30,1,LB-06,11.6577,11.6948,30
2026-01-31 14:00:00,30,1,LB-07,10.5934,10.5884,30
2026-01-31 14:00:00,30,1,LB-10,10.9661,11.0008,30
2026-01-31 22:00:00,30,2,LB-05,11.0026,11.0086,30
2026-01-31 22:00:00,30,2,LB-10,10.8396,10.8843,30
2026-02-01 06:00:00,31,0,LB-03,11.0179,11.0676,31
2026-02-01 06:00:00,31,0,LB-04,11.0598,11.0194,31
2026-02-01 06:00:00,31,0,LB-08,11.3675,11.3168,31
2026-02-01 06:00:00,31,0,LB-09,10.6668,10.6976,31
2026-02-01 14:00:00,31,1,LB-01,11.2143,11.1734,31
2026-02-01 14:00:00,31,1,LB-04,11.7938,11.802,31
2026-02-01 14:00:00,31,1,LB-04,11.593,11.617,31
2026-02-01 14:00:00,31,1,LB-04,10.3399,10.3569,31
2026-02-01 14:00:00,31,1,LB-05,11.0375,11.0587,31
2026-02-01 14:00:00,31,1,LB-06,11.1577,11.1401,31
2026-02-01 14:00:00,31,1,LB-06,10.4987,10.5385,31
2026-02-01 14:00:00,31,1,LB-07,11.791,11.7574,31
2026-02-01 14:00:00,31,1,LB-07,11.4919,11.4471,31
2026-02-01 22:00:00,31,2,LB-06,10.8117,10.8342,31
2026-02-02 06:00:00,32,0,LB-01,11.9786,12.0283,32
2026-02-02 14:00:00,32,1,LB-01,11.4814,11.5138,32
2026-02-02 14:00:00,32,1,LB-04,10.8094,10.8083,32
2026-02-02 14:00:00,32,1,LB-06,11.8621,11.7941,32
2026-02-02 14:00:00,32,1,LB-08,11.33,11.3602,32
2026-02-02 14:00:00,32,1,LB-08,10.5761,10.6269,32
2026-02-02 14:00:00,32,1,LB-10,11.752,11.753,32
2026-02-02 22:00:00,32,2,LB-10,11.3834,11.3537,32
2026-02-03 06:00:00,33,0,LB-02,11.4631,11.4804,33
2026-02-03 06:00:00,33,0,LB-03,10.6233,10.706,33
2026-02-03 06:00:00,33,0,LB-03,11.886,11.8651,33
2026-02-03 06:00:00,33,0,LB-04,11.1511,11.191,33
2026-02-03 06:00:00,33,0,LB-05,11.1847,11.1455,33
2026-02-03 06:00:00,33,0,LB-07,10.9664,10.9426,33
2026-02-03 06:00:00,33,0,LB-09,11.6826,11.6464,33
2026-02-03 14:00:00,33,1,LB-02,10.893,10.8437,33
2026-02-03 14:00:00,33,1,LB-03,11.1338,11.1875,33
2026-02-03 14:00:00,33,1,LB-07,10.989,11.0139,33
2026-02-03 22:00:00,33,2,LB-03,10.6619,10.7403,33
2026-02-03 22:00:00,33,2,LB-05,10.7864,10.7213,33
2026-02-04 06:00:00,34,0,LB-03,11.4358,11.4776,34
2026-02-04 06:00:00,34,0,LB-07,10.8375,10.8299,34
2026-02-04 06:00:00,34,0,LB-08,11.5072,11.5239,34
2026-02-04 06:00:00,34,0,LB-08,11.1683,11.2007,34
2026-02-04 06:00:00,34,0,LB-09,11.5022,11.5427,34
2026-02-04 06:00:00,34,0,LB-10,10.8981,10.8896,34
2026-02-04 14:00:00,34,1,LB-01,10.8323,10.8254,34
2026-02-04 14:00:00,34,1,LB-03,11.7064,11.7465,34
2026-02-04 14:00:00,34,1,LB-05,11.3727,11.3748,34
2026-02-04 14:00:00,34,1,LB-05,11.3885,11.4395,34
2026-02-04 14:00:00,34,1,LB-06,10.7322,10.7028,34
2026-02-04 14:00:00,34,1,LB-07,10.665,10.5909,34
2026-02-04 22:00:00,34,2,LB-02,11.7244,11.698,34
2026-02-04 22:00:00,34,2,LB-05,10.8241,10.8443,34
2026-02-04 22:00:00,34,2,LB-07,10.3904,10.3716,34
2026-02-04 22:00:00,34,2,LB-08,10.4552,10.4522,34
2026-02-04 22:00:00,34,2,LB-08,11.8142,11.8052,34
2026-02-05 06:00:00,35,0,LB-02,10.7648,10.7362,35
2026-02-05 06:00:00,35,0,LB-03,10.9505,10.9629,35
2026-02-05 06:00:00,35,0,LB-03,11.7003,11.775,35
2026-02-05 06:00:00,35,0,LB-04,11.688,11.703,35
2026-02-05 06:00:00,35,0,LB-05,11.609,11.6889,35
2026-02-05 06:00:00,35,0,LB-06,10.9403,10.9738,35
2026-02-05 06:00:00,35,0,LB-06,10.6285,10.5829,35
2026-02-05 06:00:00,35,0,LB-07,10.4825,10.4895,35
2026-02-05 06:00:00,35,0,LB-08,10.7939,10.7868,35
2026-02-05 06:00:00,35,0,LB-09,11.8861,11.9012,35
2026-02-05 06:00:00,35,0,LB-10,10.5757,10.5053,35
2026-02-05 14:00:00,35,1,LB-01,11.7029,11.7032,35
2026-02-05 14:00:00,35,1,LB-05,10.4956,10.5058,35
2026-02-05 14:00:00,35,1,LB-05,10.647,10.6446,35
2026-02-05 14:00:00,35,1,LB-05,10.3641,10.3826,35
2026-02-05 14:00:00,35,1,LB-08,10.9963,11.0374,35
2026-02-05 14:00:00,35,1,LB-09,11.8302,11.8905,35
2026-02-05 22:00:00,35,2,LB-01,10.4996,10.5021,35
2026-02-05 22:00:00,35,2,LB-08,11.3851,11.3439,35
2026-02-05 22:00:00,35,2,LB-09,11.1583,11.1249,35
2026-02-05 22:00:00,35,2,LB-10,11.401,11.4404,35
2026-02-06 06:00:00,36,0,LB-02,10.6113,10.6485,36
2026-02-06 06:00:00,36,0,LB-04,11.2341,11.1899,36
2026-02-06 06:00:00,36,0,LB-05,11.5183,11.4519,36
2026-02-06 06:00:00,36,0,LB-08,11.7652,11.7449,36
2026-02-06 06:00:00,36,0,LB-09,11.4519,11.4445,36
2026-02-06 14:00:00,36,1,LB-01,11.6533,11.6754,36
2026-02-06 14:00:00,36,1,LB-04,11.0451,11.0973,36
2026-02-06 14:00:00,36,1,LB-04,10.791,10.7564,36
2026-02-06 14:00:00,36,1,LB-05,11.4079,11.3661,36
2026-02-06 14:00:00,36,1,LB-08,11.2516,11.2432,36
2026-02-06 14:00:00,36,1,LB-08,11.3116,11.2984,36
2026-02-06 14:00:00,36,1,LB-09,11.936,11.9238,36
2026-02-06 14:00:00,36,1,LB-09,11.0887,11.095,36
2026-02-06 22:00:00,36,2,LB-01,10.4301,10.4251,36
2026-02-06 22:00:00,36,2,LB-02,11.7477,11.6953,36
2026-02-06 22:00:00,36,2,LB-04,10.6675,10.6736,36
2026-02-06 22:00:00,36,2,LB-05,10.3952,10.3202,36
2026-02-06 22:00:00,36,2,LB-06,11.7279,11.7249,36
2026-02-07 06:00:00,37,0,LB-02,11.8413,11.8572,37
2026-02-07 06:00:00,37,0,LB-04,11.8141,11.7827,37
2026-02-07 06:00:00,37,0,LB-10,11.6864,11.6828,37
2026-02-07 14:00:00,37,1,LB-02,11.4305,11.4476,37
2026-02-07 14:00:00,37,1,LB-06,10.7412,10.728,37
2026-02-07 14:00:00,37,1,LB-09,11.8797,11.901,37
2026-02-07 14:00:00,37,1,LB-10,11.9269,11.9452,37
2026-02-08 06:00:00,38,0,LB-04,10.4227,10.4153,38
2026-02-08 06:00:00,38,0,LB-05,10.9303,10.9174,38
2026-02-08 06:00:00,38,0,LB-06,11.5537,11.5338,38
2026-02-08 06:00:00,38,0,LB-08,11.2176,11.2402,38
2026-02-08 14:00:00,38,1,LB-01,11.1122,11.1516,38
2026-02-08 14:00:00,38,1,LB-02,10.8945,10.8991,38
2026-02-08 22:00:00,38,2,LB-01,11.7257,11.7524,38
2026-02-08 22:00:00,38,2,LB-03,10.5286,10.6505,38
2026-02-08 22:00:00,38,2,LB-04,10.481,10.5034,38
2026-02-08 22:00:00,38,2,LB-05,10.4967,10.4682,38
2026-02-09 06:00:00,39,0,LB-01,10.535,10.5752,39
2026-02-09 06:00:00,39,0,LB-03,11.4808,11.5307,39
2026-02-09 06:00:00,39,0,LB-03,11.6365,11.7128,39
2026-02-09 06:00:00,39,0,LB-10,10.6299,10.6157,39
2026-02-09 06:00:00,39,0,LB-10,11.0295,11.0309,39
2026-02-09 14:00:00,39,1,LB-02,11.9507,11.9196,39
2026-02-09 14:00:00,39,1,LB-05,11.4964,11.4773,39
2026-02-09 14:00:00,39,1,LB-06,10.7617,10.7658,39
2026-02-09 14:00:00,39,1,LB-07,10.7248,10.7783,39
2026-02-09 14:00:00,39,1,LB-08,10.7065,10.6627,39
2026-02-09 14:00:00,39,1,LB-09,10.9947,10.9962,39
2026-02-09 14:00:00,39,1,LB-09,10.8061,10.8622,39
2026-02-09 22:00:00,39,2,LB-04,11.6821,11.7075,39
2026-02-09 22:00:00,39,2,LB-06,10.3622,10.3591,39
2026-02-09 22:00:00,39,2,LB-10,11.2045,11.2375,39
2026-02-10 06:00:00,40,0,LB-03,11.6628,11.7417,40
2026-02-10 06:00:00,40,0,LB-07,11.3865,11.3573,40
2026-02-10 06:00:00,40,0,LB-08,11.573,11.5595,40
2026-02-10 06:00:00,40,0,LB-08,10.7478,10.7696,40
2026-02-10 06:00:00,40,0,LB-10,10.4502,10.4502,40
2026-02-10 14:00:00,40,1,LB-03,11.0601,11.0917,40
2026-02-10 14:00:00,40,1,LB-04,11.2188,11.2156,40
2026-02-10 14:00:00,40,1,LB-05,11.5435,11.5401,40
2026-02-10 14:00:00,40,1,LB-07,10.6369,10.5993,40
2026-02-10 14:00:00,40,1,LB-08,10.583,10.6146,40
2026-02-10 22:00:00,40,2,LB-01,10.5201,10.529,40
2026-02-10 22:00:00,40,2,LB-02,11.5879,11.6287,40
2026-02-10 22:00:00,40,2,LB-04,11.7016,11.7206,40
2026-02-10 22:00:00,40,2,LB-06,11.436,11.3937,40
2026-02-10 22:00:00,40,2,LB-10,10.4148,10.4133,40
2026-02-11 06:00:00,41,0,LB-02,10.6841,10.7021,41
2026-02-11 06:00:00,41,0,LB-05,11.451,11.4865,41
2026-02-11 06:00:00,41,0,LB-07,11.9646,12.009,41
2026-02-11 06:00:00,41,0,LB-10,10.3591,10.3595,41
2026-02-11 14:00:00,41,1,LB-01,11.9892,11.9427,41
2026-02-11 14:00:00,41,1,LB-04,10.9437,10.9529,41
2026-02-11 14:00:00,41,1,LB-04,10.5303,10.5598,41
2026-02-11 14:00:00,41,1,LB-07,11.3203,11.2873,41
2026-02-11 14:00:00,41,1,LB-08,11.7385,11.6579,41
2026-02-11 14:00:00,41,1,LB-09,10.3413,10.299,41
2026-02-11 14:00:00,41,1,LB-10,11.3206,11.2935,41
2026-02-11 14:00:00,41,1,LB-10,10.4281,10.4864,41
2026-02-11 22:00:00,41,2,LB-05,10.9423,10.9663,41
2026-02-11 22:00:00,41,2,LB-07,11.2675,11.2715,41
2026-02-11 22:00:00,41,2,LB-10,11.4843,11.4825,41
2026-02-12 06:00:00,42,0,LB-01,10.9271,10.9793,42
2026-02-12 06:00:00,42,0,LB-01,11.7628,11.7199,42
2026-02-12 06:00:00,42,0,LB-02,11.672,11.651,42
2026-02-12 06:00:00,42,0,LB-03,11.0982,11.1586,42
2026-02-12 06:00:00,42,0,LB-04,11.7542,11.7233,42
2026-02-12 06:00:00,42,0,LB-09,11.1578,11.1294,42
2026-02-12 06:00:00,42,0,LB-09,11.0847,11.1191,42
2026-02-12 14:00:00,42,1,LB-01,11.9605,11.9866,42
2026-02-12 14:00:00,42,1,LB-06,11.3062,11.3622,42
2026-02-12 14:00:00,42,1,LB-08,10.8426,10.8302,42
2026-02-12 14:00:00,42,1,LB-09,11.5351,11.5282,42
2026-02-12 14:00:00,42,1,LB-10,11.1692,11.1396,42
2026-02-12 22:00:00,42,2,LB-01,11.6594,11.6122,42
2026-02-12 22:00:00,42,2,LB-02,10.4578,10.4194,42
2026-02-12 22:00:00,42,2,LB-04,10.9907,10.9867,42
2026-02-12 22:00:00,42,2,LB-06,11.3389,11.3074,42
2026-02-12 22:00:00,42,2,LB-06,11.665,11.7049,42
2026-02-12 22:00:00,42,2,LB-09,10.6696,10.6781,42
2026-02-12 22:00:00,42,2,LB-10,10.9831,11.0302,42
2026-02-13 06:00:00,43,0,LB-06,11.8113,11.85,43
2026-02-13 06:00:00,43,0,LB-10,11.2138,11.2514,43
2026-02-13 14:00:00,43,1,LB-01,10.7105,10.7075,43
2026-02-13 14:00:00,43,1,LB-02,11.4951,11.5033,43
2026-02-13 14:00:00,43,1,LB-02,10.7924,10.7944,43
2026-02-13 14:00:00,43,1,LB-04,10.4619,10.424,43
2026-02-13 14:00:00,43,1,LB-04,10.6847,10.7173,43
2026-02-13 14:00:00,43,1,LB-06,10.8691,10.876,43
2026-02-13 14:00:00,43,1,LB-06,11.4417,11.4818,43
2026-02-13 14:00:00,43,1,LB-07,11.6089,11.534,43
2026-02-13 14:00:00,43,1,LB-09,11.5346,11.5297,43
2026-02-13 14:00:00,43,1,LB-10,10.9443,10.8917,43
2026-02-13 22:00:00,43,2,LB-01,10.9112,10.9786,43
2026-02-13 22:00:00,43,2,LB-04,10.6473,10.6348,43
2026-02-13 22:00:00,43,2,LB-05,11.7271,11.6769,43
2026-02-13 22:00:00,43,2,LB-08,10.599,10.6699,43
2026-02-14 06:00:00,44,0,LB-01,11.5311,11.5584,44
2026-02-14 06:00:00,44,0,LB-04,11.5735,11.636,44
2026-02-14 06:00:00,44,0,LB-04,10.823,10.8063,44
2026-02-14 06:00:00,44,0,LB-10,11.8049,11.8273,44
2026-02-14 06:00:00,44,0,LB-10,10.547,10.5333,44
2026-02-14 14:00:00,44,1,LB-01,10.3693,10.3977,44
2026-02-14 14:00:00,44,1,LB-01,11.4122,11.3957,44
2026-02-14 14:00:00,44,1,LB-03,11.0503,11.1094,44
2026-02-14 14:00:00,44,1,LB-04,10.7477,10.7142,44
2026-02-14 14:00:00,44,1,LB-05,10.5446,10.6027,44
2026-02-14 14:00:00,44,1,LB-05,11.463,11.4453,44
2026-02-14 14:00:00,44,1,LB-06,10.8834,10.8205,44
2026-02-14 14:00:00,44,1,LB-08,11.9234,11.9384,44
2026-02-14 22:00:00,44,2,LB-02,10.4157,10.4026,44
2026-02-14 22:00:00,44,2,LB-06,11.4875,11.4329,44
2026-02-14 22:00:00,44,2,LB-06,10.9461,10.9513,44
2026-02-14 22:00:00,44,2,LB-07,11.0112,10.9311,44
2026-02-14 22:00:00,44,2,LB-09,11.7856,11.7054,44
2026-02-14 22:00:00,44,2,LB-10,11.0559,10.9933,44
2026-02-15 06:00:00,45,0,LB-02,11.5636,11.5516,45
2026-02-15 06:00:00,45,0,LB-03,11.8864,11.9472,45
2026-02-15 06:00:00,45,0,LB-08,11.8387,11.8686,45
2026-02-15 14:00:00,45,1,LB-01,11.4632,11.5301,45
2026-02-15 14:00:00,45,1,LB-06,10.6833,10.651,45
2026-02-15 14:00:00,45,1,LB-08,10.4204,10.4723,45
2026-02-15 22:00:00,45,2,LB-03,11.9288,11.9552,45
2026-02-15 22:00:00,45,2,LB-03,10.6955,10.7267,45
2026-02-15 22:00:00,45,2,LB-08,11.7169,11.736,45
2026-02-16 06:00:00,46,0,LB-02,10.4896,10.474,46
2026-02-16 06:00:00,46,0,LB-04,11.3352,11.3533,46
2026-02-16 06:00:00,46,0,LB-06,11.7818,11.7643,46
2026-02-16 06:00:00,46,0,LB-07,11.5035,11.5515,46
2026-02-16 06:00:00,46,0,LB-08,11.2123,11.2148,46
2026-02-16 06:00:00,46,0,LB-10,11.3858,11.4053,46
2026-02-16 14:00:00,46,1,LB-01,11.0071,11.0129,46
2026-02-16 14:00:00,46,1,LB-01,10.9498,10.9512,46
2026-02-16 14:00:00,46,1,LB-01,11.1669,11.1528,46
2026-02-16 14:00:00,46,1,LB-01,11.6948,11.7128,46
2026-02-16 14:00:00,46,1,LB-02,11.6888,11.7094,46
2026-02-16 14:00:00,46,1,LB-03,11.3336,11.3734,46
2026-02-16 14:00:00,46,1,LB-06,10.321,10.3547,46
2026-02-16 14:00:00,46,1,LB-06,10.4435,10.3883,46
2026-02-16 22:00:00,46,2,LB-01,11.0095,11.0248,46
2026-02-16 22:00:00,46,2,LB-05,10.9639,11.0187,46
2026-02-16 22:00:00,46,2,LB-06,10.7362,10.7413,46
2026-02-16 22:00:00,46,2,LB-08,10.8128,10.7796,46
2026-02-16 22:00:00,46,2,LB-09,10.804,10.7698,46
2026-02-17 06:00:00,47,0,LB-04,11.066,11.0299,47
2026-02-17 06:00:00,47,0,LB-06,10.7073,10.7235,47
2026-02-17 06:00:00,47,0,LB-08,11.7962,11.7915,47
2026-02-17 14:00:00,47,1,LB-01,10.5871,10.6378,47
2026-02-17 14:00:00,47,1,LB-05,11.416,11.4095,47
2026-02-17 14:00:00,47,1,LB-07,10.4386,10.454,47
2026-02-17 14:00:00,47,1,LB-07,11.2211,11.2139,47
2026-02-17 14:00:00,47,1,LB-08,11.3274,11.3264,47
2026-02-17 14:00:00,47,1,LB-10,10.4197,10.3987,47
2026-02-17 22:00:00,47,2,LB-02,11.8189,11.8447,47
2026-02-18 06:00:00,48,0,LB-08,10.4686,10.5102,48
2026-02-18 14:00:00,48,1,LB-02,11.3379,11.3373,48
2026-02-18 14:00:00,48,1,LB-03,10.5429,10.647,48
2026-02-18 14:00:00,48,1,LB-04,10.4988,10.4953,48
2026-02-18 14:00:00,48,1,LB-09,11.6979,11.7079,48
2026-02-18 22:00:00,48,2,LB-03,10.426,10.4836,48
2026-02-18 22:00:00,48,2,LB-07,12.0083,11.9405,48
2026-02-19 06:00:00,49,0,LB-02,11.0706,11.1095,49
2026-02-19 06:00:00,49,0,LB-03,10.5946,10.566,49
2026-02-19 06:00:00,49,0,LB-08,11.5507,11.6196,49
2026-02-19 06:00:00,49,0,LB-09,10.565,10.5613,49
2026-02-19 14:00:00,49,1,LB-03,11.7435,11.7863,49
2026-02-19 14:00:00,49,1,LB-03,11.7173,11.8018,49
2026-02-19 14:00:00,49,1,LB-05,11.4836,11.5671,49
2026-02-19 14:00:00,49,1,LB-08,11.5287,11.5327,49
2026-02-19 14:00:00,49,1,LB-09,10.7663,10.7852,49
2026-02-19 14:00:00,49,1,LB-10,10.9452,10.9222,49
2026-02-19 22:00:00,49,2,LB-02,10.3663,10.3593,49
2026-02-19 22:00:00,49,2,LB-04,10.9838,10.9661,49
2026-02-20 06:00:00,50,0,LB-01,11.623,11.5942,50
2026-02-20 06:00:00,50,0,LB-02,11.5042,11.4696,50
2026-02-20 06:00:00,50,0,LB-04,11.2074,11.2345,50
2026-02-20 06:00:00,50,0,LB-04,10.4133,10.3414,50
2026-02-20 06:00:00,50,0,LB-09,10.435,10.405,50
2026-02-20 06:00:00,50,0,LB-09,11.8507,11.9022,50
2026-02-20 14:00:00,50,1,LB-01,11.2887,11.2305,50
2026-02-20 14:00:00,50,1,LB-05,10.8934,10.921,50
2026-02-20 14:00:00,50,1,LB-10,11.3165,11.313,50
2026-02-20 22:00:00,50,2,LB-01,11.2887,11.2792,50
2026-02-20 22:00:00,50,2,LB-02,11.6964,11.7414,50
2026-02-20 22:00:00,50,2,LB-03,10.3571,10.3883,50
2026-02-20 22:00:00,50,2,LB-04,11.0741,11.0596,50
2026-02-21 06:00:00,51,0,LB-02,11.8244,11.7731,51
2026-02-21 06:00:00,51,0,LB-03,10.5804,10.6736,51
2026-02-21 06:00:00,51,0,LB-04,10.659,10.6647,51
2026-02-21 06:00:00,51,0,LB-04,11.8476,11.8613,51
2026-02-21 06:00:00,51,0,LB-07,10.9271,10.8869,51
2026-02-21 06:00:00,51,0,LB-08,10.9659,10.9667,51
2026-02-21 14:00:00,51,1,LB-02,11.7662,11.7362,51
2026-02-21 14:00:00,51,1,LB-02,10.3834,10.4038,51
2026-02-21 14:00:00,51,1,LB-03,11.7812,11.8835,51
2026-02-21 14:00:00,51,1,LB-04,11.4719,11.4537,51
2026-02-21 14:00:00,51,1,LB-06,10.8265,10.7569,51
2026-02-21 14:00:00,51,1,LB-06,11.2662,11.273,51
2026-02-21 14:00:00,51,1,LB-08,10.7461,10.7629,51
2026-02-21 14:00:00,51,1,LB-10,11.6828,11.6713,51
2026-02-21 22:00:00,51,2,LB-03,11.3192,11.3838,51
2026-02-21 22:00:00,51,2,LB-04,10.7944,10.7559,51
2026-02-21 22:00:00,51,2,LB-07,11.4034,11.3693,51
2026-02-21 22:00:00,51,2,LB-09,10.418,10.4815,51
2026-02-22 06:00:00,52,0,LB-04,10.6884,10.6596,52
2026-02-22 06:00:00,52,0,LB-08,10.6089,10.5851,52
2026-02-22 06:00:00,52,0,LB-08,10.6223,10.5535,52
2026-02-22 06:00:00,52,0,LB-09,10.8815,10.8349,52
2026-02-22 06:00:00,52,0,LB-10,11.5987,11.6111,52
2026-02-22 14:00:00,52,1,LB-02,11.4965,11.4603,52
2026-02-22 14:00:00,52,1,LB-04,10.8587,10.8483,52
2026-02-22 14:00:00,52,1,LB-06,10.6612,10.7164,52
2026-02-22 14:00:00,52,1,LB-07,10.8799,10.7957,52
2026-02-22 14:00:00,52,1,LB-08,11.7083,11.706,52
2026-02-22 14:00:00,52,1,LB-08,11.4232,11.4755,52
2026-02-22 22:00:00,52,2,LB-01,11.065,11.0568,52
2026-02-22 22:00:00,52,2,LB-02,10.7225,10.7188,52
2026-02-22 22:00:00,52,2,LB-02,11.108,11.1111,52
2026-02-22 22:00:00,52,2,LB-04,11.1015,11.0894,52
2026-02-22 22:00:00,52,2,LB-04,10.7115,10.677,52
2026-02-22 22:00:00,52,2,LB-07,11.6752,11.6033,52
2026-02-23 06:00:00,53,0,LB-02,10.7357,10.6996,53
2026-02-23 06:00:00,53,0,LB-02,10.4701,10.4593,53
2026-02-23 06:00:00,53,0,LB-05,11.8179,11.8514,53
2026-02-23 06:00:00,53,0,LB-07,11.6025,11.5238,53
2026-02-23 14:00:00,53,1,LB-02,11.4226,11.3918,53
2026-02-23 14:00:00,53,1,LB-02,11.245,11.2633,53
2026-02-23 14:00:00,53,1,LB-07,11.5166,11.4982,53
2026-02-23 14:00:00,53,1,LB-08,11.6568,11.6733,53
2026-02-23 14:00:00,53,1,LB-08,11.5731,11.497,53
2026-02-23 14:00:00,53,1,LB-09,11.5134,11.5336,53
2026-02-23 14:00:00,53,1,LB-10,11.7257,11.7214,53
2026-02-23 22:00:00,53,2,LB-01,10.4962,10.4206,53
2026-02-23 22:00:00,53,2,LB-05,11.983,12.0242,53
2026-02-23 22:00:00,53,2,LB-07,11.7536,11.696,53
2026-02-23 22:00:00,53,2,LB-08,11.8027,11.8099,53
2026-02-23 22:00:00,53,2,LB-10,11.9595,11.9388,53
2026-02-24 06:00:00,54,0,LB-05,11.6021,11.6042,54
2026-02-24 06:00:00,54,0,LB-05,11.909,11.8885,54
2026-02-24 06:00:00,54,0,LB-08,11.4256,11.3909,54
2026-02-24 06:00:00,54,0,LB-10,10.9409,10.91,54
2026-02-24 14:00:00,54,1,LB-01,10.9135,10.9422,54
2026-02-24 14:00:00,54,1,LB-02,10.7664,10.7253,54
2026-02-24 14:00:00,54,1,LB-03,11.8869,11.9665,54
2026-02-24 14:00:00,54,1,LB-08,11.1236,11.1826,54
2026-02-24 14:00:00,54,1,LB-09,10.593,10.6371,54
2026-02-24 14:00:00,54,1,LB-10,11.2648,11.3106,54
2026-02-24 22:00:00,54,2,LB-01,11.9527,11.9901,54
2026-02-24 22:00:00,54,2,LB-02,10.5985,10.5689,54
2026-02-24 22:00:00,54,2,LB-04,10.6058,10.6185,54
2026-02-24 22:00:00,54,2,LB-08,11.2865,11.2723,54
2026-02-24 22:00:00,54,2,LB-09,11.8705,11.9474,54
2026-02-25 06:00:00,55,0,LB-02,10.6397,10.6457,55
2026-02-25 06:00:00,55,0,LB-03,11.0204,11.0533,55
2026-02-25 06:00:00,55,0,LB-04,11.0083,11.0143,55
2026-02-25 06:00:00,55,0,LB-06,10.6673,10.6946,55
2026-02-25 06:00:00,55,0,LB-10,11.6648,11.7354,55
2026-02-25 14:00:00,55,1,LB-02,10.9918,10.948,55
2026-02-25 14:00:00,55,1,LB-03,10.9048,10.9707,55
2026-02-25 14:00:00,55,1,LB-05,11.2799,11.2824,55
2026-02-25 14:00:00,55,1,LB-06,10.9822,10.9889,55
2026-02-25 14:00:00,55,1,LB-07,11.6678,11.7048,55
2026-02-25 22:00:00,55,2,LB-07,11.0463,10.9658,55
2026-02-25 22:00:00,55,2,LB-08,11.5943,11.6086,55
2026-02-25 22:00:00,55,2,LB-10,10.9798,11.0255,55
2026-02-26 06:00:00,56,0,LB-03,10.5378,10.5896,56
2026-02-26 06:00:00,56,0,LB-06,11.3875,11.4179,56
2026-02-26 06:00:00,56,0,LB-07,11.2005,11.192,56
2026-02-26 06:00:00,56,0,LB-10,11.2994,11.3243,56
2026-02-26 14:00:00,56,1,LB-02,11.5081,11.5114,56
2026-02-26 14:00:00,56,1,LB-04,11.2174,11.2135,56
2026-02-26 14:00:00,56,1,LB-05,11.8071,11.7876,56
2026-02-26 14:00:00,56,1,LB-06,10.855,10.8981,56
2026-02-26 14:00:00,56,1,LB-07,11.6782,11.5735,56
2026-02-26 14:00:00,56,1,LB-08,11.2236,11.2527,56
2026-02-26 14:00:00,56,1,LB-08,11.7364,11.7801,56
2026-02-26 14:00:00,56,1,LB-08,10.7112,10.7501,56
2026-02-26 14:00:00,56,1,LB-09,11.8592,11.8749,56
2026-02-26 22:00:00,56,2,LB-09,11.6127,11.6511,56
2026-02-27 06:00:00,57,0,LB-01,11.0118,11.033,57
2026-02-27 06:00:00,57,0,LB-02,10.6675,10.6568,57
2026-02-27 06:00:00,57,0,LB-03,11.7482,11.8134,57
2026-02-27 06:00:00,57,0,LB-03,11.811,11.907,57
2026-02-27 06:00:00,57,0,LB-03,11.8567,11.9473,57
2026-02-27 06:00:00,57,0,LB-04,11.8934,11.8834,57
2026-02-27 06:00:00,57,0,LB-05,10.989,10.9643,57
2026-02-27 14:00:00,57,1,LB-03,10.4734,10.5275,57
2026-02-27 14:00:00,57,1,LB-06,11.4794,11.4951,57
2026-02-27 14:00:00,57,1,LB-09,10.4672,10.4684,57
2026-02-27 14:00:00,57,1,LB-10,11.5917,11.5875,57
2026-02-28 06:00:00,58,0,LB-05,11.9276,11.9512,58
2026-02-28 06:00:00,58,0,LB-06,10.9976,11.0357,58
2026-02-28 06:00:00,58,0,LB-08,10.7891,10.7407,58
2026-02-28 06:00:00,58,0,LB-10,11.9445,11.9677,58
2026-02-28 14:00:00,58,1,LB-02,11.5236,11.5192,58
2026-02-28 14:00:00,58,1,LB-03,10.4922,10.5899,58
2026-02-28 14:00:00,58,1,LB-03,11.6998,11.7076,58
2026-02-28 14:00:00,58,1,LB-04,10.8778,10.8275,58
2026-02-28 14:00:00,58,1,LB-05,10.7331,10.7322,58
2026-02-28 14:00:00,58,1,LB-05,11.8135,11.8439,58
2026-02-28 14:00:00,58,1,LB-06,11.6502,11.5839,58
2026-02-28 14:00:00,58,1,LB-06,10.5091,10.4878,58
2026-02-28 14:00:00,58,1,LB-07,10.6945,10.6413,58
2026-02-28 14:00:00,58,1,LB-07,11.4241,11.4216,58
2026-02-28 14:00:00,58,1,LB-09,11.0856,11.1049,58
2026-02-28 14:00:00,58,1,LB-10,11.6054,11.6177,58
2026-02-28 22:00:00,58,2,LB-08,11.5019,11.5148,58
2026-03-01 06:00:00,59,0,LB-01,11.9919,11.9374,59
2026-03-01 06:00:00,59,0,LB-07,10.3879,10.3614,59
2026-03-01 14:00:00,59,1,LB-02,11.8498,11.8695,59
2026-03-01 14:00:00,59,1,LB-03,11.6828,11.789,59
2026-03-01 14:00:00,59,1,LB-05,10.9267,10.8692,59
2026-03-01 14:00:00,59,1,LB-06,11.1441,11.1578,59
2026-03-01 14:00:00,59,1,LB-06,10.9942,11.0106,59
2026-03-01 14:00:00,59,1,LB-07,11.5868,11.5614,59
2026-03-01 14:00:00,59,1,LB-10,10.4794,10.4732,59
2026-03-01 22:00:00,59,2,LB-04,10.6445,10.6161,59
2026-03-01 22:00:00,59,2,LB-07,11.4382,11.4113,59
2026-03-01 22:00:00,59,2,LB-10,10.7004,10.7055,59
2026-03-02 06:00:00,60,0,LB-07,10.8569,10.8488,60
2026-03-02 06:00:00,60,0,LB-08,11.2587,11.2693,60
2026-03-02 06:00:00,60,0,LB-10,11.9723,11.9946,60
2026-03-02 06:00:00,60,0,LB-10,11.3427,11.3193,60
2026-03-02 14:00:00,60,1,LB-01,11.1921,11.1788,60
2026-03-02 14:00:00,60,1,LB-04,10.881,10.8774,60
2026-03-02 14:00:00,60,1,LB-04,10.6225,10.651,60
2026-03-02 14:00:00,60,1,LB-05,11.4792,11.497,60
2026-03-02 14:00:00,60,1,LB-09,11.4359,11.3592,60
2026-03-02 22:00:00,60,2,LB-02,10.7539,10.7691,60
2026-03-02 22:00:00,60,2,LB-08,10.5654,10.5764,60
2026-03-02 22:00:00,60,2,LB-10,10.3219,10.3122,60
2026-03-02 22:00:00,60,2,LB-10,11.5605,11.5927,60
2026-03-03 06:00:00,61,0,LB-01,11.7648,11.7666,61
2026-03-03 06:00:00,61,0,LB-03,10.8169,10.8498,61
2026-03-03 06:00:00,61,0,LB-03,10.3194,10.3735,61
2026-03-03 06:00:00,61,0,LB-04,10.4229,10.4483,61
2026-03-03 06:00:00,61,0,LB-08,11.1075,11.1199,61
2026-03-03 06:00:00,61,0,LB-09,11.8526,11.8633,61
2026-03-03 14:00:00,61,1,LB-01,11.0302,10.9918,61
2026-03-03 14:00:00,61,1,LB-03,10.7736,10.8332,61
2026-03-03 14:00:00,61,1,LB-05,11.099,11.1055,61
2026-03-03 14:00:00,61,1,LB-05,11.3383,11.2584,61
2026-03-03 14:00:00,61,1,LB-06,11.2037,11.218,61
2026-03-03 14:00:00,61,1,LB-06,10.9674,10.9645,61
2026-03-03 14:00:00,61,1,LB-10,10.846,10.8097,61
2026-03-03 22:00:00,61,2,LB-02,11.3933,11.381,61
2026-03-03 22:00:00,61,2,LB-03,11.3002,11.3301,61
2026-03-03 22:00:00,61,2,LB-03,11.7111,11.6968,61
2026-03-03 22:00:00,61,2,LB-06,11.5597,11.5969,61
2026-03-03 22:00:00,61,2,LB-06,10.7048,10.7426,61
2026-03-03 22:00:00,61,2,LB-09,11.1861,11.112,61
2026-03-04 06:00:00,62,0,LB-05,11.5924,11.5873,62
2026-03-04 06:00:00,62,0,LB-06,11.1427,11.1165,62
2026-03-04 06:00:00,62,0,LB-07,10.4258,10.4025,62
2026-03-04 06:00:00,62,0,LB-10,11.7926,11.7328,62
2026-03-04 14:00:00,62,1,LB-01,10.6972,10.6532,62
2026-03-04 14:00:00,62,1,LB-05,10.5294,10.5813,62
2026-03-04 14:00:00,62,1,LB-07,10.3994,10.3527,62
2026-03-04 14:00:00,62,1,LB-08,10.8586,10.8833,62
2026-03-04 14:00:00,62,1,LB-08,11.464,11.5024,62
2026-03-04 14:00:00,62,1,LB-10,10.8849,10.9209,62
2026-03-04 22:00:00,62,2,LB-01,11.1158,11.1372,62
2026-03-04 22:00:00,62,2,LB-02,11.7582,11.731,62
2026-03-04 22:00:00,62,2,LB-04,11.7525,11.7691,62
2026-03-04 22:00:00,62,2,LB-10,10.9458,10.9189,62
2026-03-05 06:00:00,63,0,LB-01,11.9282,11.8904,63
2026-03-05 06:00:00,63,0,LB-02,11.9312,11.9817,63
2026-03-05 06:00:00,63,0,LB-08,11.1646,11.1899,63
2026-03-05 14:00:00,63,1,LB-02,10.3654,10.3716,63
2026-03-05 14:00:00,63,1,LB-03,10.7803,10.8189,63
2026-03-05 14:00:00,63,1,LB-04,11.8116,11.7797,63
2026-03-05 14:00:00,63,1,LB-08,11.2263,11.2204,63
2026-03-05 14:00:00,63,1,LB-09,11.3954,11.3991,63
2026-03-05 14:00:00,63,1,LB-10,10.3499,10.3357,63
2026-03-05 14:00:00,63,1,LB-10,11.3764,11.3987,63
2026-03-05 22:00:00,63,2,LB-03,11.0742,11.0754,63
2026-03-05 22:00:00,63,2,LB-06,10.645,10.6298,63
2026-03-06 06:00:00,64,0,LB-02,10.6931,10.6863,64
2026-03-06 06:00:00,64,0,LB-06,11.1096,11.0788,64
2026-03-06 14:00:00,64,1,LB-03,11.4669,11.5216,64
2026-03-06 14:00:00,64,1,LB-04,11.7241,11.7044,64
2026-03-06 14:00:00,64,1,LB-06,11.2533,11.2433,64
2026-03-06 14:00:00,64,1,LB-06,11.3995,11.4326,64
2026-03-06 14:00:00,64,1,LB-08,10.4539,10.4313,64
2026-03-06 14:00:00,64,1,LB-10,10.4817,10.4566,64
2026-03-06 22:00:00,64,2,LB-03,11.5337,11.5775,64
2026-03-06 22:00:00,64,2,LB-05,10.5668,10.5473,64
2026-03-07 06:00:00,65,0,LB-04,10.7185,10.7686,65
2026-03-07 06:00:00,65,0,LB-05,11.867,11.8585,65
2026-03-07 06:00:00,65,0,LB-05,10.5399,10.5767,65
2026-03-07 06:00:00,65,0,LB-06,11.4681,11.5008,65
2026-03-07 06:00:00,65,0,LB-08,11.1872,11.1736,65
2026-03-07 06:00:00,65,0,LB-10,11.6173,11.6241,65
2026-03-07 14:00:00,65,1,LB-05,11.1577,11.1161,65
2026-03-07 14:00:00,65,1,LB-06,11.8988,11.8694,65
2026-03-07 14:00:00,65,1,LB-09,10.5519,10.533,65
2026-03-07 22:00:00,65,2,LB-01,10.607,10.6408,65
2026-03-07 22:00:00,65,2,LB-03,11.2663,11.3623,65
2026-03-07 22:00:00,65,2,LB-04,11.5183,11.4801,65
2026-03-07 22:00:00,65,2,LB-05,11.5823,11.5993,65
2026-03-07 22:00:00,65,2,LB-06,10.9526,10.9085,65
2026-03-08 06:00:00,66,0,LB-01,10.6426,10.613,66
2026-03-08 06:00:00,66,0,LB-03,10.9458,10.9648,66
2026-03-08 06:00:00,66,0,LB-06,10.6661,10.66,66
2026-03-08 06:00:00,66,0,LB-07,11.3954,11.3453,66
2026-03-08 14:00:00,66,1,LB-02,10.8573,10.8888,66
2026-03-08 14:00:00,66,1,LB-06,10.3417,10.3077,66
2026-03-08 22:00:00,66,2,LB-01,10.937,10.9419,66
2026-03-08 22:00:00,66,2,LB-08,11.8961,11.9191,66
2026-03-09 06:00:00,67,0,LB-02,10.4332,10.465,67
2026-03-09 06:00:00,67,0,LB-04,11.4737,11.463,67
2026-03-09 06:00:00,67,0,LB-06,11.1571,11.1563,67
2026-03-09 06:00:00,67,0,LB-07,10.7669,10.7534,67
2026-03-09 14:00:00,67,1,LB-02,11.657,11.6786,67
2026-03-09 14:00:00,67,1,LB-03,10.3735,10.4181,67
2026-03-09 14:00:00,67,1,LB-03,11.1337,11.2474,67
2026-03-09 14:00:00,67,1,LB-04,10.9711,10.9484,67
2026-03-09 14:00:00,67,1,LB-06,10.3292,10.3427,67
2026-03-09 14:00:00,67,1,LB-09,11.7062,11.6887,67
2026-03-09 22:00:00,67,2,LB-02,11.5956,11.6277,67
2026-03-09 22:00:00,67,2,LB-07,10.3935,10.311,67
2026-03-09 22:00:00,67,2,LB-08,11.9002,11.9016,67
2026-03-10 06:00:00,68,0,LB-01,11.9193,11.8941,68
2026-03-10 06:00:00,68,0,LB-03,10.9119,10.9829,68
2026-03-10 06:00:00,68,0,LB-06,10.8047,10.7991,68
2026-03-10 06:00:00,68,0,LB-07,10.7871,10.7765,68
2026-03-10 14:00:00,68,1,LB-01,10.9127,10.9769,68
2026-03-10 14:00:00,68,1,LB-01,10.4848,10.5302,68
2026-03-10 14:00:00,68,1,LB-06,11.7167,11.7356,68
2026-03-10 14:00:00,68,1,LB-06,11.6562,11.7234,68
2026-03-10 14:00:00,68,1,LB-07,10.9616,10.8765,68
2026-03-10 14:00:00,68,1,LB-08,10.4798,10.4614,68
2026-03-10 14:00:00,68,1,LB-09,10.364,10.348,68
2026-03-10 14:00:00,68,1,LB-09,11.7813,11.7774,68
2026-03-10 14:00:00,68,1,LB-10,11.549,11.5274,68
2026-03-10 22:00:00,68,2,LB-01,11.4052,11.3805,68
2026-03-10 22:00:00,68,2,LB-02,11.6587,11.6557,68
2026-03-10 22:00:00,68,2,LB-04,11.0714,11.0808,68
2026-03-11 06:00:00,69,0,LB-02,11.385,11.4233,69
2026-03-11 06:00:00,69,0,LB-08,11.1924,11.1529,69
2026-03-11 06:00:00,69,0,LB-09,10.4123,10.3884,69
2026-03-11 06:00:00,69,0,LB-10,10.8147,10.8483,69
2026-03-11 14:00:00,69,1,LB-02,10.7603,10.7477,69
2026-03-11 14:00:00,69,1,LB-04,11.867,11.8757,69
2026-03-11 14:00:00,69,1,LB-05,11.1709,11.1395,69
2026-03-11 14:00:00,69,1,LB-10,11.6913,11.6685,69
2026-03-11 22:00:00,69,2,LB-01,10.6251,10.6717,69
2026-03-11 22:00:00,69,2,LB-05,11.0905,11.0761,69
2026-03-11 22:00:00,69,2,LB-08,11.5267,11.5518,69
2026-03-11 22:00:00,69,2,LB-10,10.4852,10.5608,69
2026-03-12 06:00:00,70,0,LB-01,11.2012,11.2226,70
2026-03-12 06:00:00,70,0,LB-02,11.985,12.0127,70
2026-03-12 06:00:00,70,0,LB-05,11.4339,11.4556,70
2026-03-12 06:00:00,70,0,LB-08,11.741,11.7452,70
2026-03-12 06:00:00,70,0,LB-08,11.8913,11.9381,70
2026-03-12 06:00:00,70,0,LB-09,11.8084,11.8321,70
2026-03-12 14:00:00,70,1,LB-01,10.5412,10.473,70
2026-03-12 14:00:00,70,1,LB-03,10.8326,10.9483,70
2026-03-12 14:00:00,70,1,LB-05,11.8377,11.7777,70
2026-03-12 14:00:00,70,1,LB-09,11.6949,11.6932,70
2026-03-12 14:00:00,70,1,LB-09,11.9551,11.9407,70
2026-03-12 22:00:00,70,2,LB-04,11.0525,11.066,70
2026-03-12 22:00:00,70,2,LB-05,11.3527,11.4049,70
2026-03-12 22:00:00,70,2,LB-07,11.0516,11.01,70
2026-03-12 22:00:00,70,2,LB-09,10.8572,10.8978,70
2026-03-12 22:00:00,70,2,LB-10,10.4704,10.4878,70
2026-03-13 06:00:00,71,0,LB-01,11.5303,11.5156,71
2026-03-13 06:00:00,71,0,LB-04,11.2256,11.2272,71
2026-03-13 06:00:00,71,0,LB-08,11.5352,11.5636,71
2026-03-13 14:00:00,71,1,LB-02,11.2444,11.2303,71
2026-03-13 14:00:00,71,1,LB-03,11.3247,11.3859,71
2026-03-13 14:00:00,71,1,LB-03,10.8101,10.8841,71
2026-03-13 14:00:00,71,1,LB-05,11.9777,12.0234,71
2026-03-13 14:00:00,71,1,LB-07,11.9917,11.9668,71
2026-03-13 14:00:00,71,1,LB-08,11.083,11.1307,71
2026-03-13 14:00:00,71,1,LB-10,11.5347,11.5479,71
2026-03-13 22:00:00,71,2,LB-03,10.824,10.9298,71
2026-03-13 22:00:00,71,2,LB-07,11.2451,11.1565,71
2026-03-14 06:00:00,72,0,LB-01,11.3138,11.2989,72
2026-03-14 06:00:00,72,0,LB-06,10.5621,10.5771,72
2026-03-14 06:00:00,72,0,LB-06,10.7787,10.839,72
2026-03-14 06:00:00,72,0,LB-07,11.3954,11.354,72
2026-03-14 06:00:00,72,0,LB-09,11.4645,11.4656,72
2026-03-14 14:00:00,72,1,LB-03,10.3526,10.4085,72
2026-03-14 14:00:00,72,1,LB-04,10.6759,10.6246,72
2026-03-14 14:00:00,72,1,LB-05,10.7154,10.7248,72
2026-03-14 14:00:00,72,1,LB-08,10.5638,10.5886,72
2026-03-14 14:00:00,72,1,LB-09,10.5761,10.504,72
2026-03-14 14:00:00,72,1,LB-10,11.7883,11.8242,72
2026-03-14 22:00:00,72,2,LB-04,10.9357,10.9375,72
2026-03-14 22:00:00,72,2,LB-07,11.5268,11.5089,72
2026-03-15 06:00:00,73,0,LB-01,11.8927,11.8738,73
2026-03-15 06:00:00,73,0,LB-02,10.9435,10.9679,73
2026-03-15 06:00:00,73,0,LB-02,10.3817,10.4134,73
2026-03-15 06:00:00,73,0,LB-06,11.2026,11.2052,73
2026-03-15 06:00:00,73,0,LB-08,11.1327,11.156,73
2026-03-15 06:00:00,73,0,LB-09,11.1328,11.1137,73
2026-03-15 14:00:00,73,1,LB-01,10.85,10.861,73
2026-03-15 14:00:00,73,1,LB-01,10.823,10.861,73
2026-03-15 14:00:00,73,1,LB-05,11.8301,11.7746,73
2026-03-15 14:00:00,73,1,LB-06,11.5245,11.599,73
2026-03-15 14:00:00,73,1,LB-09,11.71,11.7578,73
2026-03-15 14:00:00,73,1,LB-10,11.394,11.3601,73
2026-03-15 22:00:00,73,2,LB-04,11.4991,11.4742,73
2026-03-15 22:00:00,73,2,LB-09,10.7551,10.7863,73
2026-03-16 06:00:00,74,0,LB-03,11.2771,11.3998,74
2026-03-16 06:00:00,74,0,LB-04,11.1897,11.1795,74
2026-03-16 06:00:00,74,0,LB-05,10.8359,10.7898,74
2026-03-16 06:00:00,74,0,LB-08,11.5469,11.5269,74
2026-03-16 14:00:00,74,1,LB-07,11.7931,11.7161,74
2026-03-16 14:00:00,74,1,LB-08,11.4846,11.5328,74
2026-03-16 14:00:00,74,1,LB-08,11.66,11.6895,74
2026-03-16 14:00:00,74,1,LB-09,11.2563,11.2199,74
2026-03-16 22:00:00,74,2,LB-03,11.4402,11.4714,74
2026-03-16 22:00:00,74,2,LB-05,11.5166,11.4918,74
2026-03-16 22:00:00,74,2,LB-07,10.6927,10.692,74
2026-03-16 22:00:00,74,2,LB-10,11.0929,11.0623,74
2026-03-17 06:00:00,75,0,LB-06,11.7047,11.682,75
2026-03-17 14:00:00,75,1,LB-08,10.3899,10.3457,75
2026-03-17 14:00:00,75,1,LB-09,10.9752,10.9682,75
2026-03-17 22:00:00,75,2,LB-07,10.7754,10.7291,75
2026-03-17 22:00:00,75,2,LB-10,10.4916,10.4344,75
2026-03-18 06:00:00,76,0,LB-02,10.3561,10.3248,76
2026-03-18 06:00:00,76,0,LB-05,10.5412,10.5619,76
2026-03-18 06:00:00,76,0,LB-06,11.8674,11.9541,76
2026-03-18 06:00:00,76,0,LB-08,11.7122,11.6358,76
2026-03-18 06:00:00,76,0,LB-08,10.9649,10.9462,76
2026-03-18 14:00:00,76,1,LB-01,11.585,11.6431,76
2026-03-18 14:00:00,76,1,LB-02,11.943,11.9598,76
2026-03-18 14:00:00,76,1,LB-04,10.411,10.4425,76
2026-03-18 14:00:00,76,1,LB-06,11.42,11.4125,76
2026-03-18 14:00:00,76,1,LB-10,11.4356,11.4998,76
2026-03-18 22:00:00,76,2,LB-01,11.2805,11.2632,76
2026-03-18 22:00:00,76,2,LB-02,11.0388,10.9724,76
2026-03-18 22:00:00,76,2,LB-03,10.4924,10.5849,76
2026-03-18 22:00:00,76,2,LB-04,11.6917,11.6879,76
2026-03-18 22:00:00,76,2,LB-06,11.0402,11.0665,76
2026-03-19 06:00:00,77,0,LB-01,10.4244,10.4356,77
2026-03-19 06:00:00,77,0,LB-04,11.3717,11.3434,77
2026-03-19 06:00:00,77,0,LB-05,10.3373,10.3838,77
2026-03-19 14:00:00,77,1,LB-01,10.3507,10.3605,77
2026-03-19 14:00:00,77,1,LB-02,11.7826,11.7827,77
2026-03-19 14:00:00,77,1,LB-05,10.7102,10.6539,77
2026-03-19 14:00:00,77,1,LB-06,10.4467,10.4369,77
2026-03-19 14:00:00,77,1,LB-07,10.7384,10.7078,77
2026-03-19 14:00:00,77,1,LB-10,10.5706,10.5567,77
2026-03-19 22:00:00,77,2,LB-10,10.8689,10.8772,77
2026-03-20 06:00:00,78,0,LB-01,11.2578,11.3074,78
2026-03-20 06:00:00,78,0,LB-02,10.7678,10.72,78
2026-03-20 06:00:00,78,0,LB-04,11.1434,11.1495,78
2026-03-20 06:00:00,78,0,LB-05,10.5665,10.5336,78
2026-03-20 06:00:00,78,0,LB-07,11.7475,11.689,78
2026-03-20 06:00:00,78,0,LB-09,11.8645,11.887,78
2026-03-20 06:00:00,78,0,LB-10,11.9008,11.9032,78
2026-03-20 14:00:00,78,1,LB-03,10.6275,10.7444,78
2026-03-20 14:00:00,78,1,LB-08,10.9495,10.9824,78
2026-03-20 14:00:00,78,1,LB-08,10.6701,10.7034,78
2026-03-20 22:00:00,78,2,LB-03,11.6532,11.7488,78
2026-03-20 22:00:00,78,2,LB-04,10.8963,10.8934,78
2026-03-20 22:00:00,78,2,LB-05,10.3822,10.4133,78
2026-03-20 22:00:00,78,2,LB-07,11.2007,11.1452,78
2026-03-21 06:00:00,79,0,LB-01,10.9977,11.0172,79
2026-03-21 06:00:00,79,0,LB-06,11.5862,11.5881,79
2026-03-21 06:00:00,79,0,LB-06,10.5217,10.5169,79
2026-03-21 06:00:00,79,0,LB-09,11.8362,11.8181,79
2026-03-21 06:00:00,79,0,LB-10,11.4651,11.5408,79
2026-03-21 14:00:00,79,1,LB-01,11.9001,11.8103,79
2026-03-21 14:00:00,79,1,LB-05,10.5332,10.5581,79
2026-03-21 14:00:00,79,1,LB-10,11.5177,11.5301,79
2026-03-21 22:00:00,79,2,LB-03,11.4556,11.5211,79
2026-03-21 22:00:00,79,2,LB-03,11.3623,11.463,79
2026-03-21 22:00:00,79,2,LB-05,10.9914,11.0063,79
2026-03-21 22:00:00,79,2,LB-05,11.1967,11.1625,79
2026-03-21 22:00:00,79,2,LB-10,11.172,11.217,79
2026-03-22 06:00:00,80,0,LB-03,10.635,10.737,80
2026-03-22 06:00:00,80,0,LB-04,10.4395,10.4452,80
2026-03-22 06:00:00,80,0,LB-07,10.9712,10.8916,80
2026-03-22 06:00:00,80,0,LB-10,11.387,11.384,80
2026-03-22 14:00:00,80,1,LB-01,11.9578,11.9348,80
2026-03-22 14:00:00,80,1,LB-02,11.5098,11.595,80
2026-03-22 14:00:00,80,1,LB-06,11.9139,11.9718,80
2026-03-22 14:00:00,80,1,LB-06,11.3496,11.3879,80
2026-03-22 14:00:00,80,1,LB-07,11.9213,11.8462,80
2026-03-22 14:00:00,80,1,LB-07,11.9443,11.9642,80
2026-03-22 14:00:00,80,1,LB-08,10.7591,10.748,80
2026-03-22 14:00:00,80,1,LB-10,11.1733,11.1555,80
2026-03-22 14:00:00,80,1,LB-10,11.203,11.1799,80
2026-03-22 22:00:00,80,2,LB-08,11.9499,12.0419,80
2026-03-22 22:00:00,80,2,LB-09,11.9501,11.9812,80
2026-03-22 22:00:00,80,2,LB-10,11.0294,11.0853,80
2026-03-23 06:00:00,81,0,LB-02,10.6818,10.7073,81
2026-03-23 06:00:00,81,0,LB-03,10.3372,10.459,81
2026-03-23 06:00:00,81,0,LB-04,11.673,11.6695,81
2026-03-23 06:00:00,81,0,LB-08,11.4081,11.4355,81
2026-03-23 06:00:00,81,0,LB-09,11.4066,11.4187,81
2026-03-23 06:00:00,81,0,LB-10,11.4541,11.4947,81
2026-03-23 14:00:00,81,1,LB-01,10.538,10.551,81
2026-03-23 14:00:00,81,1,LB-01,11.4265,11.3922,81
2026-03-23 14:00:00,81,1,LB-02,10.8876,10.8698,81
2026-03-23 14:00:00,81,1,LB-04,11.0291,11.0895,81
2026-03-23 14:00:00,81,1,LB-05,10.7822,10.7719,81
2026-03-23 14:00:00,81,1,LB-07,11.548,11.524,81
2026-03-23 14:00:00,81,1,LB-08,11.1936,11.2431,81
2026-03-23 14:00:00,81,1,LB-09,11.7411,11.7233,81
2026-03-23 22:00:00,81,2,LB-07,10.7958,10.7191,81
2026-03-23 22:00:00,81,2,LB-08,11.9198,11.8464,81
2026-03-24 06:00:00,82,0,LB-03,11.7885,11.8698,82
2026-03-24 06:00:00,82,0,LB-04,11.3872,11.3806,82
2026-03-24 06:00:00,82,0,LB-08,11.5988,11.5657,82
2026-03-24 06:00:00,82,0,LB-08,11.5399,11.5601,82
2026-03-24 14:00:00,82,1,LB-03,11.3001,11.3484,82
2026-03-24 14:00:00,82,1,LB-04,11.9979,11.9996,82
2026-03-24 14:00:00,82,1,LB-05,10.702,10.7431,82
2026-03-24 14:00:00,82,1,LB-06,11.0826,11.0824,82
2026-03-24 14:00:00,82,1,LB-08,11.5827,11.6557,82
2026-03-24 22:00:00,82,2,LB-02,10.858,10.8412,82
2026-03-24 22:00:00,82,2,LB-03,11.5405,11.6252,82
2026-03-24 22:00:00,82,2,LB-06,11.1298,11.1118,82
2026-03-24 22:00:00,82,2,LB-08,11.433,11.3731,82
2026-03-25 06:00:00,83,0,LB-07,11.8334,11.7513,83
2026-03-25 06:00:00,83,0,LB-07,11.7329,11.6961,83
2026-03-25 06:00:00,83,0,LB-10,11.4643,11.5,83
2026-03-25 14:00:00,83,1,LB-03,11.8239,11.9185,83
2026-03-25 14:00:00,83,1,LB-04,10.5354,10.6142,83
2026-03-25 14:00:00,83,1,LB-05,10.4585,10.4833,83
2026-03-25 14:00:00,83,1,LB-08,11.0996,11.1238,83
2026-03-25 14:00:00,83,1,LB-08,11.734,11.7112,83
2026-03-25 14:00:00,83,1,LB-10,10.386,10.3691,83
2026-03-25 22:00:00,83,2,LB-02,11.5223,11.5299,83
2026-03-25 22:00:00,83,2,LB-04,10.864,10.8984,83
2026-03-25 22:00:00,83,2,LB-05,11.6602,11.6782,83
2026-03-25 22:00:00,83,2,LB-06,10.3823,10.3922,83
2026-03-25 22:00:00,83,2,LB-09,10.8377,10.87,83
2026-03-26 06:00:00,84,0,LB-05,10.9888,10.9745,84
2026-03-26 06:00:00,84,0,LB-09,10.4212,10.4469,84
2026-03-26 06:00:00,84,0,LB-10,10.9255,10.9141,84
2026-03-26 14:00:00,84,1,LB-01,11.8384,11.8299,84
2026-03-26 14:00:00,84,1,LB-03,10.3323,10.359,84
2026-03-26 14:00:00,84,1,LB-06,11.2135,11.2309,84
2026-03-26 14:00:00,84,1,LB-07,11.9901,11.9608,84
2026-03-26 14:00:00,84,1,LB-08,10.762,10.7384,84
2026-03-26 14:00:00,84,1,LB-10,10.5755,10.6348,84
2026-03-26 22:00:00,84,2,LB-01,10.5472,10.5501,84
2026-03-26 22:00:00,84,2,LB-03,11.2291,11.3641,84
2026-03-26 22:00:00,84,2,LB-09,11.4681,11.4495,84
2026-03-26 22:00:00,84,2,LB-09,11.9443,11.9795,84
2026-03-26 22:00:00,84,2,LB-10,10.6301,10.6244,84
2026-03-27 06:00:00,85,0,LB-08,11.5846,11.5444,85
2026-03-27 06:00:00,85,0,LB-09,10.6077,10.6527,85
2026-03-27 14:00:00,85,1,LB-01,11.7815,11.7784,85
2026-03-27 14:00:00,85,1,LB-04,11.4149,11.4293,85
2026-03-27 14:00:00,85,1,LB-05,12.0022,11.9468,85
2026-03-27 14:00:00,85,1,LB-07,10.8371,10.7602,85
2026-03-27 14:00:00,85,1,LB-08,11.5833,11.5679,85
2026-03-27 14:00:00,85,1,LB-08,10.9896,10.9963,85
2026-03-27 14:00:00,85,1,LB-09,11.1287,11.1706,85
2026-03-27 14:00:00,85,1,LB-10,11.6833,11.6808,85
2026-03-27 22:00:00,85,2,LB-04,11.3229,11.365,85
2026-03-27 22:00:00,85,2,LB-05,11.0621,11.0671,85
2026-03-27 22:00:00,85,2,LB-09,10.9701,10.9606,85
2026-03-28 06:00:00,86,0,LB-01,11.1091,11.0928,86
2026-03-28 06:00:00,86,0,LB-02,10.6299,10.6043,86
2026-03-28 06:00:00,86,0,LB-05,11.9963,12.0398,86
2026-03-28 06:00:00,86,0,LB-06,11.9621,11.95,86
2026-03-28 06:00:00,86,0,LB-07,10.3887,10.3816,86
2026-03-28 06:00:00,86,0,LB-08,10.6026,10.6313,86
2026-03-28 06:00:00,86,0,LB-10,11.4604,11.523,86
2026-03-28 14:00:00,86,1,LB-02,11.3586,11.3073,86
2026-03-28 14:00:00,86,1,LB-03,11.8676,12.0135,86
2026-03-28 14:00:00,86,1,LB-04,10.617,10.5629,86
2026-03-28 14:00:00,86,1,LB-05,11.9981,12.0528,86
2026-03-28 14:00:00,86,1,LB-07,10.6854,10.665,86
2026-03-28 14:00:00,86,1,LB-08,10.3796,10.415,86
2026-03-28 14:00:00,86,1,LB-08,11.909,11.8903,86
2026-03-28 14:00:00,86,1,LB-10,10.3856,10.3984,86
2026-03-28 22:00:00,86,2,LB-06,11.9811,12.0074,86
2026-03-29 06:00:00,87,0,LB-01,11.6223,11.6376,87
2026-03-29 06:00:00,87,0,LB-01,10.6634,10.6689,87
2026-03-29 06:00:00,87,0,LB-02,10.4536,10.475,87
2026-03-29 06:00:00,87,0,LB-03,11.1112,11.1763,87
2026-03-29 06:00:00,87,0,LB-06,10.3828,10.3928,87
2026-03-29 06:00:00,87,0,LB-08,11.6865,11.7583,87
2026-03-29 06:00:00,87,0,LB-08,10.6553,10.6918,87
2026-03-29 06:00:00,87,0,LB-10,10.3771,10.3448,87
2026-03-29 14:00:00,87,1,LB-01,10.8243,10.8169,87
2026-03-29 14:00:00,87,1,LB-03,10.7547,10.8332,87
2026-03-29 14:00:00,87,1,LB-05,10.7183,10.6894,87
2026-03-29 14:00:00,87,1,LB-09,11.6137,11.6207,87
2026-03-29 22:00:00,87,2,LB-01,11.3211,11.3119,87
2026-03-29 22:00:00,87,2,LB-01,11.0177,11.039,87
2026-03-29 22:00:00,87,2,LB-02,11.5753,11.5668,87
2026-03-29 22:00:00,87,2,LB-07,11.5076,11.4686,87
2026-03-29 22:00:00,87,2,LB-08,11.2288,11.1937,87
2026-03-30 06:00:00,88,0,LB-03,10.7621,10.8434,88
2026-03-30 06:00:00,88,0,LB-04,10.8676,10.8414,88
2026-03-30 06:00:00,88,0,LB-05,10.7998,10.8313,88
2026-03-30 06:00:00,88,0,LB-07,11.637,11.5862,88
2026-03-30 06:00:00,88,0,LB-08,11.6799,11.6564,88
2026-03-30 06:00:00,88,0,LB-10,10.5278,10.5268,88
2026-03-30 14:00:00,88,1,LB-03,11.8111,11.9404,88
2026-03-30 14:00:00,88,1,LB-04,10.5423,10.5347,88
2026-03-30 14:00:00,88,1,LB-05,10.3291,10.3173,88
2026-03-30 14:00:00,88,1,LB-07,11.9787,11.8588,88
2026-03-30 14:00:00,88,1,LB-08,10.6313,10.6375,88
2026-03-30 14:00:00,88,1,LB-08,10.8641,10.8959,88
2026-03-30 22:00:00,88,2,LB-01,11.6785,11.6421,88
2026-03-30 22:00:00,88,2,LB-02,10.5893,10.5697,88
2026-03-30 22:00:00,88,2,LB-06,11.5427,11.5609,88
2026-03-30 22:00:00,88,2,LB-07,10.8248,10.7905,88
2026-03-31 06:00:00,89,0,LB-01,10.7545,10.6886,89
2026-03-31 06:00:00,89,0,LB-05,11.3733,11.3128,89
2026-03-31 06:00:00,89,0,LB-08,11.5266,11.5753,89
2026-03-31 06:00:00,89,0,LB-09,10.5215,10.5289,89
2026-03-31 14:00:00,89,1,LB-02,11.027,11.0353,89
2026-03-31 14:00:00,89,1,LB-04,10.9524,10.9264,89
2026-03-31 14:00:00,89,1,LB-04,11.8214,11.8341,89
2026-03-31 14:00:00,89,1,LB-05,10.5967,10.5593,89
2026-03-31 14:00:00,89,1,LB-07,11.1804,11.1473,89
2026-03-31 14:00:00,89,1,LB-10,11.2456,11.2726,89
2026-03-31 22:00:00,89,2,LB-01,10.9162,10.8252,89
2026-03-31 22:00:00,89,2,LB-07,10.5803,10.5308,89
2026-04-01 06:00:00,90,0,LB-02,11.9544,11.9776,0
2026-04-01 06:00:00,90,0,LB-02,11.875,11.8823,0
2026-04-01 06:00:00,90,0,LB-03,11.1943,11.2085,0
2026-04-01 06:00:00,90,0,LB-03,11.5396,11.4784,0
2026-04-01 06:00:00,90,0,LB-04,11.5929,11.5913,0
2026-04-01 06:00:00,90,0,LB-04,10.6046,10.638,0
2026-04-01 06:00:00,90,0,LB-07,11.8369,11.7581,0
2026-04-01 14:00:00,90,1,LB-03,10.7995,10.7713,0
2026-04-01 14:00:00,90,1,LB-03,10.7543,10.7161,0
2026-04-01 14:00:00,90,1,LB-03,10.6531,10.6108,0
2026-04-01 14:00:00,90,1,LB-04,10.3824,10.3615,0
2026-04-01 14:00:00,90,1,LB-05,11.3633,11.3449,0
2026-04-01 14:00:00,90,1,LB-06,11.2267,11.288,0
2026-04-01 14:00:00,90,1,LB-09,11.1174,11.1103,0
2026-04-01 14:00:00,90,1,LB-09,10.6704,10.632,0
2026-04-01 14:00:00,90,1,LB-10,10.807,10.7729,0
2026-04-01 22:00:00,90,2,LB-04,10.711,10.7308,0
2026-04-01 22:00:00,90,2,LB-05,10.956,10.9709,0
2026-04-01 22:00:00,90,2,LB-07,11.6007,11.6543,0
2026-04-02 06:00:00,91,0,LB-01,11.2237,11.2434,1
2026-04-02 06:00:00,91,0,LB-03,10.5627,10.5633,1
2026-04-02 06:00:00,91,0,LB-06,11.8465,11.8226,1
2026-04-02 06:00:00,91,0,LB-07,11.8878,11.8834,1
2026-04-02 06:00:00,91,0,LB-08,11.4692,11.5013,1
2026-04-02 14:00:00,91,1,LB-01,10.9277,10.914,1
2026-04-02 14:00:00,91,1,LB-02,11.4236,11.4632,1
2026-04-02 14:00:00,91,1,LB-04,11.8235,11.8412,1
2026-04-02 14:00:00,91,1,LB-04,11.7039,11.7221,1
2026-04-02 14:00:00,91,1,LB-05,11.8098,11.7811,1
2026-04-02 14:00:00,91,1,LB-06,10.4196,10.3757,1
2026-04-02 14:00:00,91,1,LB-06,11.1171,11.1544,1
2026-04-02 14:00:00,91,1,LB-08,11.2682,11.2607,1
2026-04-02 22:00:00,91,2,LB-02,10.6078,10.6273,1
2026-04-02 22:00:00,91,2,LB-07,11.5158,11.5088,1
2026-04-02 22:00:00,91,2,LB-09,11.6447,11.6895,1
2026-04-03 06:00:00,92,0,LB-05,11.061,11.0554,2
2026-04-03 06:00:00,92,0,LB-08,11.1937,11.1747,2
2026-04-03 06:00:00,92,0,LB-08,11.2034,11.225,2
2026-04-03 14:00:00,92,1,LB-01,11.5647,11.6111,2
2026-04-03 14:00:00,92,1,LB-02,11.0722,11.112,2
2026-04-03 14:00:00,92,1,LB-03,10.3459,10.3496,2
2026-04-03 14:00:00,92,1,LB-04,11.1189,11.1204,2
2026-04-03 14:00:00,92,1,LB-08,11.499,11.4703,2
2026-04-03 14:00:00,92,1,LB-08,11.1657,11.1582,2
2026-04-03 14:00:00,92,1,LB-10,11.5698,11.5365,2
2026-04-03 22:00:00,92,2,LB-02,10.9609,10.9927,2
2026-04-03 22:00:00,92,2,LB-06,10.7551,10.7317,2
2026-04-03 22:00:00,92,2,LB-10,11.0415,11.023,2
2026-04-04 06:00:00,93,0,LB-02,10.3382,10.3183,3
2026-04-04 06:00:00,93,0,LB-02,10.6874,10.7156,3
2026-04-04 06:00:00,93,0,LB-07,11.4044,11.4386,3
2026-04-04 06:00:00,93,0,LB-08,10.3547,10.3326,3
2026-04-04 06:00:00,93,0,LB-10,10.4938,10.4545,3
2026-04-04 14:00:00,93,1,LB-01,11.8347,11.835,3
2026-04-04 14:00:00,93,1,LB-02,11.4415,11.4147,3
2026-04-04 14:00:00,93,1,LB-03,10.3925,10.3511,3
2026-04-04 14:00:00,93,1,LB-03,11.5902,11.5849,3
2026-04-04 14:00:00,93,1,LB-04,11.5226,11.4677,3
2026-04-04 14:00:00,93,1,LB-07,10.6494,10.633,3
2026-04-04 14:00:00,93,1,LB-07,10.8386,10.8751,3
2026-04-04 14:00:00,93,1,LB-08,10.7994,10.8007,3
2026-04-04 22:00:00,93,2,LB-02,11.9657,11.927,3
2026-04-04 22:00:00,93,2,LB-10,11.0191,10.9897,3
2026-04-05 06:00:00,94,0,LB-01,11.3769,11.3773,4
2026-04-05 06:00:00,94,0,LB-07,11.0949,11.0477,4
2026-04-05 06:00:00,94,0,LB-07,11.8167,11.7295,4
2026-04-05 06:00:00,94,0,LB-09,11.2314,11.2518,4
2026-04-05 14:00:00,94,1,LB-04,11.9579,11.9878,4
2026-04-05 14:00:00,94,1,LB-07,10.4254,10.4784,4
2026-04-05 14:00:00,94,1,LB-08,11.7191,11.7329,4
2026-04-05 14:00:00,94,1,LB-08,10.7328,10.8074,4
2026-04-05 22:00:00,94,2,LB-02,10.612,10.6449,4
2026-04-05 22:00:00,94,2,LB-03,11.1286,11.0945,4
2026-04-05 22:00:00,94,2,LB-05,10.617,10.5799,4
2026-04-05 22:00:00,94,2,LB-10,11.9087,11.8705,4
2026-04-06 06:00:00,95,0,LB-08,11.8375,11.8777,5
2026-04-06 14:00:00,95,1,LB-03,11.8793,11.8216,5
2026-04-06 14:00:00,95,1,LB-05,11.1596,11.1678,5
2026-04-06 14:00:00,95,1,LB-05,11.6063,11.5888,5
2026-04-06 14:00:00,95,1,LB-09,11.0697,11.04,5
2026-04-06 14:00:00,95,1,LB-10,11.8884,11.8654,5
2026-04-06 22:00:00,95,2,LB-04,10.325,10.3277,5
2026-04-06 22:00:00,95,2,LB-07,10.5348,10.5651,5
2026-04-06 22:00:00,95,2,LB-10,10.4543,10.4869,5
2026-04-07 06:00:00,96,0,LB-02,11.849,11.7605,6
2026-04-07 06:00:00,96,0,LB-02,11.2974,11.3095,6
2026-04-07 06:00:00,96,0,LB-03,11.5247,11.5482,6
2026-04-07 06:00:00,96,0,LB-04,11.4758,11.4863,6
2026-04-07 06:00:00,96,0,LB-05,10.3543,10.3292,6
2026-04-07 06:00:00,96,0,LB-08,10.701,10.6802,6
2026-04-07 06:00:00,96,0,LB-10,11.4379,11.5007,6
2026-04-07 14:00:00,96,1,LB-01,11.2196,11.2326,6
2026-04-07 14:00:00,96,1,LB-03,11.7331,11.7491,6
2026-04-07 14:00:00,96,1,LB-04,10.6821,10.671,6
2026-04-07 14:00:00,96,1,LB-04,11.9883,11.9646,6
2026-04-07 14:00:00,96,1,LB-05,11.1875,11.2056,6
2026-04-07 14:00:00,96,1,LB-06,11.8506,11.8752,6
2026-04-07 14:00:00,96,1,LB-07,11.9956,11.9338,6
2026-04-07 14:00:00,96,1,LB-08,10.3497,10.3165,6
2026-04-07 14:00:00,96,1,LB-09,11.1452,11.0973,6
2026-04-07 22:00:00,96,2,LB-01,10.6538,10.6589,6
2026-04-07 22:00:00,96,2,LB-10,11.7122,11.7461,6
2026-04-08 06:00:00,97,0,LB-01,11.694,11.6854,7
2026-04-08 06:00:00,97,0,LB-01,11.2182,11.1989,7
2026-04-08 06:00:00,97,0,LB-03,10.936,10.9618,7
2026-04-08 06:00:00,97,0,LB-04,11.4053,11.4173,7
2026-04-08 06:00:00,97,0,LB-05,10.9256,10.9328,7
2026-04-08 06:00:00,97,0,LB-05,11.1407,11.1373,7
2026-04-08 06:00:00,97,0,LB-10,11.0283,11.033,7
2026-04-08 14:00:00,97,1,LB-01,10.462,10.4584,7
2026-04-08 14:00:00,97,1,LB-03,11.5758,11.5146,7
2026-04-08 14:00:00,97,1,LB-05,10.3419,10.3523,7
2026-04-08 14:00:00,97,1,LB-07,11.252,11.241,7
2026-04-08 22:00:00,97,2,LB-01,10.96,10.9927,7
2026-04-08 22:00:00,97,2,LB-03,10.9436,10.9659,7
2026-04-08 22:00:00,97,2,LB-08,10.9777,10.984,7
2026-04-09 06:00:00,98,0,LB-02,10.7048,10.7144,8
2026-04-09 06:00:00,98,0,LB-03,11.3264,11.3171,8
2026-04-09 06:00:00,98,0,LB-03,11.0571,11.028,8
2026-04-09 06:00:00,98,0,LB-05,10.6601,10.6793,8
2026-04-09 06:00:00,98,0,LB-05,10.6935,10.7501,8
2026-04-09 06:00:00,98,0,LB-06,11.7298,11.7508,8
2026-04-09 06:00:00,98,0,LB-08,10.6951,10.6894,8
2026-04-09 06:00:00,98,0,LB-08,11.2571,11.1564,8
2026-04-09 06:00:00,98,0,LB-09,11.9777,12.0313,8
2026-04-09 14:00:00,98,1,LB-01,11.024,11.0222,8
2026-04-09 14:00:00,98,1,LB-03,11.4347,11.4328,8
2026-04-09 14:00:00,98,1,LB-03,11.1102,11.1213,8
2026-04-09 14:00:00,98,1,LB-05,10.4113,10.4451,8
2026-04-09 14:00:00,98,1,LB-05,11.5516,11.5433,8
2026-04-09 14:00:00,98,1,LB-08,10.5695,10.5841,8
2026-04-09 14:00:00,98,1,LB-08,10.4393,10.4024,8
2026-04-09 14:00:00,98,1,LB-10,10.8729,10.8626,8
2026-04-09 14:00:00,98,1,LB-10,10.6106,10.6314,8
2026-04-09 22:00:00,98,2,LB-03,10.4925,10.435,8
2026-04-09 22:00:00,98,2,LB-06,11.3448,11.362,8
2026-04-10 06:00:00,99,0,LB-02,10.8681,10.8923,9
2026-04-10 06:00:00,99,0,LB-04,11.0081,10.8935,9
2026-04-10 06:00:00,99,0,LB-05,10.6977,10.676,9
2026-04-10 06:00:00,99,0,LB-07,10.3511,10.3255,9
2026-04-10 06:00:00,99,0,LB-08,11.4288,11.4039,9
2026-04-10 06:00:00,99,0,LB-08,10.3499,10.3455,9
2026-04-10 14:00:00,99,1,LB-03,10.5871,10.6276,9
2026-04-10 14:00:00,99,1,LB-04,11.7177,11.7004,9
2026-04-10 14:00:00,99,1,LB-07,10.9271,10.8647,9
2026-04-10 14:00:00,99,1,LB-07,10.8504,10.8633,9
2026-04-10 14:00:00,99,1,LB-08,11.8068,11.76,9
2026-04-10 14:00:00,99,1,LB-10,11.0194,11.0682,9
2026-04-10 22:00:00,99,2,LB-01,11.027,11.0213,9
2026-04-10 22:00:00,99,2,LB-03,11.7307,11.7332,9
2026-04-10 22:00:00,99,2,LB-04,10.8081,10.8251,9
2026-04-10 22:00:00,99,2,LB-06,11.0987,11.0927,9
2026-04-10 22:00:00,99,2,LB-10,11.0009,10.9916,9
2026-04-11 06:00:00,100,0,LB-03,10.7458,10.7024,10
2026-04-11 06:00:00,100,0,LB-03,10.8791,10.926,10
2026-04-11 06:00:00,100,0,LB-08,11.3364,11.316,10
2026-04-11 14:00:00,100,1,LB-03,10.505,10.5034,10
2026-04-11 14:00:00,100,1,LB-05,11.037,11.0526,10
2026-04-11 14:00:00,100,1,LB-05,10.6938,10.6762,10
2026-04-11 14:00:00,100,1,LB-08,11.9761,11.9395,10
2026-04-11 14:00:00,100,1,LB-08,10.6691,10.687,10
2026-04-11 22:00:00,100,2,LB-02,11.0801,11.0859,10
2026-04-11 22:00:00,100,2,LB-06,11.8742,11.8695,10
2026-04-11 22:00:00,100,2,LB-10,11.3236,11.2841,10
2026-04-12 06:00:00,101,0,LB-02,10.5064,10.5549,11
2026-04-12 06:00:00,101,0,LB-03,10.8736,10.8584,11
2026-04-12 06:00:00,101,0,LB-05,11.3414,11.3996,11
2026-04-12 06:00:00,101,0,LB-07,10.329,10.2981,11
2026-04-12 06:00:00,101,0,LB-08,10.6543,10.6948,11
2026-04-12 06:00:00,101,0,LB-10,11.8987,11.9178,11
2026-04-12 14:00:00,101,1,LB-01,11.6755,11.7546,11
2026-04-12 14:00:00,101,1,LB-02,11.8192,11.8137,11
2026-04-12 14:00:00,101,1,LB-02,11.411,11.3534,11
2026-04-12 14:00:00,101,1,LB-04,11.1769,11.2407,11
2026-04-12 14:00:00,101,1,LB-06,11.2154,11.1908,11
2026-04-12 14:00:00,101,1,LB-09,10.8062,10.805,11
2026-04-12 14:00:00,101,1,LB-10,10.5295,10.4821,11
2026-04-12 14:00:00,101,1,LB-10,11.486,11.4653,11
2026-04-12 22:00:00,101,2,LB-01,11.7984,11.8446,11
2026-04-12 22:00:00,101,2,LB-02,11.1532,11.1215,11
2026-04-12 22:00:00,101,2,LB-03,10.3426,10.3605,11
2026-04-12 22:00:00,101,2,LB-08,10.8977,10.8916,11
2026-04-13 06:00:00,102,0,LB-01,11.0767,11.1235,12
2026-04-13 06:00:00,102,0,LB-02,11.8312,11.8029,12
2026-04-13 06:00:00,102,0,LB-05,11.2445,11.2897,12
2026-04-13 06:00:00,102,0,LB-09,10.9699,10.8983,12
2026-04-13 14:00:00,102,1,LB-03,11.521,11.5049,12
2026-04-13 14:00:00,102,1,LB-03,10.7356,10.7287,12
2026-04-13 14:00:00,102,1,LB-06,10.5199,10.5559,12
2026-04-13 14:00:00,102,1,LB-07,11.2723,11.2513,12
2026-04-13 14:00:00,102,1,LB-10,10.9128,10.9486,12
2026-04-13 22:00:00,102,2,LB-02,11.8087,11.8185,12
2026-04-13 22:00:00,102,2,LB-10,10.8967,10.8755,12
2026-04-14 06:00:00,103,0,LB-06,11.5622,11.5042,13
2026-04-14 14:00:00,103,1,LB-03,11.6984,11.7092,13
2026-04-14 14:00:00,103,1,LB-05,11.9023,11.8844,13
2026-04-14 14:00:00,103,1,LB-06,11.057,11.0147,13
2026-04-14 14:00:00,103,1,LB-06,10.8965,10.8753,13
2026-04-14 14:00:00,103,1,LB-06,11.6377,11.6481,13
2026-04-14 14:00:00,103,1,LB-07,11.5199,11.5025,13
2026-04-14 22:00:00,103,2,LB-03,11.3128,11.3385,13
2026-04-15 06:00:00,104,0,LB-05,11.9607,11.9534,14
2026-04-15 06:00:00,104,0,LB-07,11.5519,11.5418,14
2026-04-15 06:00:00,104,0,LB-10,11.1343,11.1348,14
2026-04-15 14:00:00,104,1,LB-01,11.7776,11.7768,14
2026-04-15 14:00:00,104,1,LB-02,10.4747,10.4835,14
2026-04-15 14:00:00,104,1,LB-02,11.9466,11.954,14
2026-04-15 14:00:00,104,1,LB-06,11.6786,11.7442,14
2026-04-15 22:00:00,104,2,LB-02,11.7089,11.7385,14
2026-04-15 22:00:00,104,2,LB-03,11.7957,11.8052,14
2026-04-15 22:00:00,104,2,LB-10,10.4025,10.3983,14
2026-04-16 06:00:00,105,0,LB-01,10.7538,10.7554,15
2026-04-16 06:00:00,105,0,LB-03,10.7327,10.7678,15
2026-04-16 06:00:00,105,0,LB-06,11.7958,11.7382,15
2026-04-16 06:00:00,105,0,LB-07,10.4741,10.4828,15
2026-04-16 06:00:00,105,0,LB-10,11.5856,11.5486,15
2026-04-16 14:00:00,105,1,LB-03,10.7335,10.7749,15
2026-04-16 14:00:00,105,1,LB-04,10.8533,10.7761,15
2026-04-16 14:00:00,105,1,LB-06,11.0195,11.0494,15
2026-04-16 22:00:00,105,2,LB-02,10.5863,10.5799,15
2026-04-16 22:00:00,105,2,LB-03,11.528,11.5304,15
2026-04-16 22:00:00,105,2,LB-05,11.8844,11.8461,15
2026-04-16 22:00:00,105,2,LB-07,11.9069,11.8771,15
2026-04-17 06:00:00,106,0,LB-05,11.3211,11.3097,16
2026-04-17 06:00:00,106,0,LB-07,11.3941,11.4351,16
2026-04-17 06:00:00,106,0,LB-10,11.1731,11.1642,16
2026-04-17 14:00:00,106,1,LB-02,10.8627,10.8779,16
2026-04-17 14:00:00,106,1,LB-06,10.4048,10.4376,16
2026-04-17 14:00:00,106,1,LB-09,10.6763,10.6771,16
2026-04-17 14:00:00,106,1,LB-09,10.9733,10.9561,16
2026-04-17 22:00:00,106,2,LB-02,11.7042,11.6368,16
2026-04-17 22:00:00,106,2,LB-04,10.5486,10.6031,16
2026-04-17 22:00:00,106,2,LB-08,11.693,11.6375,16
2026-04-18 06:00:00,107,0,LB-02,10.8152,10.8751,17
2026-04-18 06:00:00,107,0,LB-04,10.4857,10.5465,17
2026-04-18 06:00:00,107,0,LB-07,11.8493,11.8892,17
2026-04-18 14:00:00,107,1,LB-01,11.0083,11.0128,17
2026-04-18 14:00:00,107,1,LB-02,10.5102,10.5031,17
2026-04-18 14:00:00,107,1,LB-10,11.171,11.1416,17
2026-04-18 22:00:00,107,2,LB-03,11.132,11.1402,17
2026-04-18 22:00:00,107,2,LB-04,11.1249,11.1641,17
2026-04-18 22:00:00,107,2,LB-07,11.3139,11.3696,17
2026-04-18 22:00:00,107,2,LB-10,10.4445,10.5367,17
2026-04-19 06:00:00,108,0,LB-03,10.3245,10.3312,18
2026-04-19 06:00:00,108,0,LB-05,11.2351,11.2785,18
2026-04-19 06:00:00,108,0,LB-08,11.5464,11.5941,18
2026-04-19 06:00:00,108,0,LB-08,10.9439,10.9201,18
2026-04-19 14:00:00,108,1,LB-01,10.4266,10.4354,18
2026-04-19 14:00:00,108,1,LB-03,11.8179,11.87,18
2026-04-19 14:00:00,108,1,LB-04,10.6411,10.6999,18
2026-04-19 14:00:00,108,1,LB-05,10.986,10.9725,18
2026-04-19 14:00:00,108,1,LB-07,11.0204,10.9865,18
2026-04-19 14:00:00,108,1,LB-08,11.2029,11.2248,18
2026-04-19 14:00:00,108,1,LB-09,11.5833,11.5688,18
2026-04-19 14:00:00,108,1,LB-10,11.7941,11.7717,18
2026-04-19 22:00:00,108,2,LB-01,11.0282,11.0401,18
2026-04-19 22:00:00,108,2,LB-02,11.6434,11.6703,18
2026-04-19 22:00:00,108,2,LB-03,10.9899,10.9839,18
2026-04-19 22:00:00,108,2,LB-04,11.6993,11.6885,18
2026-04-19 22:00:00,108,2,LB-06,11.0052,11.0323,18
2026-04-19 22:00:00,108,2,LB-07,10.9601,10.9156,18
2026-04-19 22:00:00,108,2,LB-10,11.3005,11.2685,18
2026-04-20 06:00:00,109,0,LB-04,11.6738,11.7159,19
2026-04-20 06:00:00,109,0,LB-04,11.9993,11.9719,19
2026-04-20 06:00:00,109,0,LB-07,10.5795,10.5478,19
2026-04-20 06:00:00,109,0,LB-07,10.6628,10.6833,19
2026-04-20 06:00:00,109,0,LB-09,10.9011,10.8905,19
2026-04-20 14:00:00,109,1,LB-02,10.5412,10.5556,19
2026-04-20 14:00:00,109,1,LB-03,11.0521,11.0651,19
2026-04-20 14:00:00,109,1,LB-04,11.1896,11.2035,19
2026-04-20 14:00:00,109,1,LB-05,11.6871,11.6994,19
2026-04-20 14:00:00,109,1,LB-08,10.8412,10.8611,19
2026-04-20 22:00:00,109,2,LB-01,11.2959,11.3013,19
2026-04-20 22:00:00,109,2,LB-03,11.3884,11.4036,19
2026-04-20 22:00:00,109,2,LB-06,10.7291,10.7122,19
2026-04-21 06:00:00,110,0,LB-02,11.6988,11.6631,20
2026-04-21 06:00:00,110,0,LB-03,10.8174,10.7925,20
2026-04-21 06:00:00,110,0,LB-04,10.8992,10.8163,20
2026-04-21 06:00:00,110,0,LB-04,11.3615,11.3458,20
2026-04-21 14:00:00,110,1,LB-01,10.8831,10.8666,20
2026-04-21 14:00:00,110,1,LB-04,11.6612,11.6597,20
2026-04-21 14:00:00,110,1,LB-04,11.3105,11.3038,20
2026-04-21 14:00:00,110,1,LB-07,11.1039,11.1343,20
2026-04-21 14:00:00,110,1,LB-08,11.0519,11.023,20
2026-04-21 14:00:00,110,1,LB-10,10.8095,10.8271,20
2026-04-21 22:00:00,110,2,LB-02,11.1823,11.19,20
2026-04-21 22:00:00,110,2,LB-05,11.1663,11.1363,20
2026-04-21 22:00:00,110,2,LB-10,11.736,11.7486,20
2026-04-22 06:00:00,111,0,LB-03,10.7248,10.6709,21
2026-04-22 06:00:00,111,0,LB-09,10.6517,10.7066,21
2026-04-22 06:00:00,111,0,LB-10,10.8481,10.8455,21
2026-04-22 14:00:00,111,1,LB-02,10.5285,10.5215,21
2026-04-22 14:00:00,111,1,LB-03,11.7826,11.8408,21
2026-04-22 14:00:00,111,1,LB-03,10.5681,10.6033,21
2026-04-22 14:00:00,111,1,LB-04,11.2286,11.2431,21
2026-04-22 14:00:00,111,1,LB-04,11.4065,11.387,21
2026-04-22 14:00:00,111,1,LB-05,10.3352,10.344,21
2026-04-22 14:00:00,111,1,LB-05,11.8112,11.8624,21
2026-04-22 14:00:00,111,1,LB-07,11.0986,11.1057,21
2026-04-22 14:00:00,111,1,LB-07,10.622,10.6253,21
2026-04-22 22:00:00,111,2,LB-01,11.8636,11.8662,21
2026-04-22 22:00:00,111,2,LB-02,10.5316,10.589,21
2026-04-22 22:00:00,111,2,LB-09,10.705,10.7017,21
2026-04-23 06:00:00,112,0,LB-03,11.4668,11.4773,22
2026-04-23 06:00:00,112,0,LB-04,11.5744,11.6017,22
2026-04-23 06:00:00,112,0,LB-05,10.6469,10.658,22
2026-04-23 06:00:00,112,0,LB-05,11.0211,10.9943,22
2026-04-23 06:00:00,112,0,LB-07,11.9351,11.9611,22
2026-04-23 14:00:00,112,1,LB-02,10.3447,10.3519,22
2026-04-23 14:00:00,112,1,LB-03,11.9096,11.9493,22
2026-04-23 14:00:00,112,1,LB-06,10.5906,10.5977,22
2026-04-23 14:00:00,112,1,LB-07,11.052,11.0161,22
2026-04-23 14:00:00,112,1,LB-09,10.919,10.8287,22
2026-04-23 14:00:00,112,1,LB-10,10.4417,10.4224,22
2026-04-23 22:00:00,112,2,LB-01,10.9745,10.9963,22
2026-04-24 06:00:00,113,0,LB-05,11.8238,11.8497,23
2026-04-24 06:00:00,113,0,LB-07,11.8689,11.9087,23
2026-04-24 14:00:00,113,1,LB-03,11.9737,11.9786,23
2026-04-24 14:00:00,113,1,LB-07,11.2734,11.2222,23
2026-04-24 14:00:00,113,1,LB-08,11.3093,11.2429,23
2026-04-24 14:00:00,113,1,LB-09,10.3567,10.3544,23
2026-04-24 14:00:00,113,1,LB-09,10.5529,10.5437,23
2026-04-24 14:00:00,113,1,LB-09,10.8609,10.919,23
2026-04-24 22:00:00,113,2,LB-03,11.0431,11.0417,23
2026-04-24 22:00:00,113,2,LB-04,10.6359,10.6456,23
2026-04-24 22:00:00,113,2,LB-04,10.4013,10.423,23
2026-04-25 06:00:00,114,0,LB-02,10.8336,10.8803,24
2026-04-25 06:00:00,114,0,LB-03,10.8631,10.925,24
2026-04-25 06:00:00,114,0,LB-04,11.9482,11.9053,24
2026-04-25 14:00:00,114,1,LB-01,10.7313,10.6935,24
2026-04-25 14:00:00,114,1,LB-01,10.3617,10.3736,24
2026-04-25 14:00:00,114,1,LB-04,10.3741,10.3776,24
2026-04-25 14:00:00,114,1,LB-04,11.6876,11.6762,24
2026-04-25 14:00:00,114,1,LB-05,10.6144,10.6098,24
2026-04-25 14:00:00,114,1,LB-07,11.755,11.7119,24
2026-04-25 14:00:00,114,1,LB-07,10.7459,10.7483,24
2026-04-25 14:00:00,114,1,LB-09,11.9968,11.9538,24
2026-04-25 14:00:00,114,1,LB-10,11.8807,11.8621,24
2026-04-25 22:00:00,114,2,LB-05,10.6587,10.7189,24
2026-04-25 22:00:00,114,2,LB-06,11.3958,11.4167,24
2026-04-25 22:00:00,114,2,LB-08,11.616,11.635,24
2026-04-26 06:00:00,115,0,LB-01,10.5641,10.6024,25
2026-04-26 06:00:00,115,0,LB-06,10.91,10.9219,25
2026-04-26 06:00:00,115,0,LB-07,10.377,10.3218,25
2026-04-26 06:00:00,115,0,LB-08,11.5067,11.4999,25
2026-04-26 06:00:00,115,0,LB-10,11.2561,11.2772,25
2026-04-26 14:00:00,115,1,LB-01,10.451,10.4217,25
2026-04-26 14:00:00,115,1,LB-02,10.859,10.8624,25
2026-04-26 14:00:00,115,1,LB-02,10.3435,10.3662,25
2026-04-26 14:00:00,115,1,LB-04,11.4839,11.5106,25
2026-04-26 14:00:00,115,1,LB-08,11.1411,11.1966,25
2026-04-26 14:00:00,115,1,LB-09,11.3852,11.3765,25
2026-04-26 22:00:00,115,2,LB-06,11.3928,11.4421,25
2026-04-27 06:00:00,116,0,LB-04,11.4135,11.3723,26
2026-04-27 06:00:00,116,0,LB-04,10.3929,10.3795,26
2026-04-27 06:00:00,116,0,LB-05,10.9992,10.9629,26
2026-04-27 06:00:00,116,0,LB-07,10.8252,10.7808,26
2026-04-27 06:00:00,116,0,LB-08,11.9172,11.9094,26
2026-04-27 14:00:00,116,1,LB-05,10.7969,10.8369,26
2026-04-27 14:00:00,116,1,LB-06,10.4486,10.4086,26
2026-04-27 14:00:00,116,1,LB-07,11.4194,11.359,26
2026-04-27 14:00:00,116,1,LB-08,11.2106,11.2424,26
2026-04-27 14:00:00,116,1,LB-09,10.7326,10.723,26
2026-04-27 14:00:00,116,1,LB-09,11.8063,11.8628,26
2026-04-27 14:00:00,116,1,LB-10,11.3137,11.2636,26
2026-04-27 14:00:00,116,1,LB-10,10.3492,10.3807,26
2026-04-27 22:00:00,116,2,LB-02,10.5705,10.5595,26
2026-04-27 22:00:00,116,2,LB-04,11.647,11.6028,26
2026-04-27 22:00:00,116,2,LB-07,11.7164,11.6967,26
2026-04-27 22:00:00,116,2,LB-07,10.531,10.5416,26
2026-04-27 22:00:00,116,2,LB-08,11.8243,11.8499,26
2026-04-28 06:00:00,117,0,LB-01,10.6536,10.6695,27
2026-04-28 06:00:00,117,0,LB-04,11.4867,11.4985,27
2026-04-28 06:00:00,117,0,LB-05,11.9762,11.9987,27
2026-04-28 06:00:00,117,0,LB-08,11.5321,11.5275,27
2026-04-28 06:00:00,117,0,LB-09,11.9645,11.9733,27
2026-04-28 06:00:00,117,0,LB-10,11.855,11.8435,27
2026-04-28 06:00:00,117,0,LB-10,11.7942,11.7969,27
2026-04-28 14:00:00,117,1,LB-03,11.2237,11.261,27
2026-04-28 14:00:00,117,1,LB-03,10.5812,10.6267,27
2026-04-28 14:00:00,117,1,LB-06,11.4568,11.4729,27
2026-04-28 14:00:00,117,1,LB-07,11.1326,11.1102,27
2026-04-28 14:00:00,117,1,LB-09,11.2086,11.188,27
2026-04-28 14:00:00,117,1,LB-10,11.3281,11.3089,27
2026-04-28 22:00:00,117,2,LB-01,11.3148,11.2793,27
2026-04-28 22:00:00,117,2,LB-02,11.2131,11.254,27
2026-04-28 22:00:00,117,2,LB-05,10.4363,10.4183,27
2026-04-28 22:00:00,117,2,LB-06,10.4924,10.5665,27
2026-04-28 22:00:00,117,2,LB-10,10.6898,10.6988,27
2026-04-29 06:00:00,118,0,LB-04,11.6053,11.6187,28
2026-04-29 06:00:00,118,0,LB-08,10.9233,10.951,28
2026-04-29 06:00:00,118,0,LB-10,11.8759,11.8621,28
2026-04-29 14:00:00,118,1,LB-01,11.1626,11.1465,28
2026-04-29 14:00:00,118,1,LB-01,10.9537,10.9588,28
2026-04-29 14:00:00,118,1,LB-04,11.3131,11.3802,28
2026-04-29 14:00:00,118,1,LB-06,10.9942,11.0349,28
2026-04-29 14:00:00,118,1,LB-08,11.3845,11.4029,28
2026-04-29 14:00:00,118,1,LB-09,11.0965,11.0869,28
2026-04-29 22:00:00,118,2,LB-04,11.3186,11.3453,28
2026-04-29 22:00:00,118,2,LB-05,10.6632,10.6486,28
2026-04-30 06:00:00,119,0,LB-01,11.0798,11.0356,29
2026-04-30 06:00:00,119,0,LB-03,11.9038,11.9391,29
2026-04-30 06:00:00,119,0,LB-05,10.7204,10.694,29
2026-04-30 06:00:00,119,0,LB-06,11.9458,11.8986,29
2026-04-30 06:00:00,119,0,LB-08,11.624,11.7028,29
2026-04-30 06:00:00,119,0,LB-10,11.2549,11.2722,29
2026-04-30 14:00:00,119,1,LB-01,11.4477,11.4436,29
2026-04-30 14:00:00,119,1,LB-01,11.308,11.3099,29
2026-04-30 14:00:00,119,1,LB-02,11.8658,11.9191,29
2026-04-30 14:00:00,119,1,LB-04,11.6137,11.618,29
2026-04-30 14:00:00,119,1,LB-04,11.8899,11.892,29
2026-04-30 14:00:00,119,1,LB-06,11.3824,11.3578,29
2026-04-30 14:00:00,119,1,LB-07,10.7719,10.7639,29
2026-04-30 14:00:00,119,1,LB-08,11.0957,11.059,29
2026-04-30 14:00:00,119,1,LB-08,10.4371,10.4261,29
2026-04-30 14:00:00,119,1,LB-09,10.5571,10.5847,29
2026-04-30 22:00:00,119,2,LB-04,11.3754,11.3556,29
2026-04-30 22:00:00,119,2,LB-06,10.4192,10.451,29
2026-05-01 06:00:00,120,0,LB-01,10.5315,10.5377,30
2026-05-01 06:00:00,120,0,LB-01,10.7471,10.7157,30
2026-05-01 06:00:00,120,0,LB-01,10.5597,10.5906,30
2026-05-01 06:00:00,120,0,LB-02,10.5686,10.5523,30
2026-05-01 06:00:00,120,0,LB-07,10.9893,10.9271,30
2026-05-01 14:00:00,120,1,LB-02,10.4371,10.4439,30
2026-05-01 14:00:00,120,1,LB-03,10.4513,10.5107,30
2026-05-01 14:00:00,120,1,LB-06,11.1124,11.0663,30
2026-05-01 14:00:00,120,1,LB-08,10.9169,10.9303,30
2026-05-01 14:00:00,120,1,LB-09,10.3802,10.3727,30
2026-05-01 14:00:00,120,1,LB-09,10.6092,10.5601,30
2026-05-01 22:00:00,120,2,LB-02,11.9732,11.9879,30
2026-05-01 22:00:00,120,2,LB-08,11.6133,11.6149,30
2026-05-01 22:00:00,120,2,LB-09,10.8872,10.8996,30
2026-05-02 06:00:00,121,0,LB-05,11.1402,11.1365,31
2026-05-02 06:00:00,121,0,LB-10,11.8763,11.8885,31
2026-05-02 06:00:00,121,0,LB-10,11.8681,11.8867,31
2026-05-02 14:00:00,121,1,LB-01,10.5523,10.5428,31
2026-05-02 14:00:00,121,1,LB-03,11.1649,11.191,31
2026-05-02 14:00:00,121,1,LB-03,11.4102,11.4116,31
2026-05-02 14:00:00,121,1,LB-06,10.4217,10.4328,31
2026-05-02 14:00:00,121,1,LB-07,10.4622,10.4401,31
2026-05-02 14:00:00,121,1,LB-09,10.7873,10.8076,31
2026-05-02 14:00:00,121,1,LB-10,11.1755,11.1725,31
2026-05-02 22:00:00,121,2,LB-08,11.1889,11.1433,31
2026-05-02 22:00:00,121,2,LB-10,10.4167,10.4409,31
2026-05-03 06:00:00,122,0,LB-01,10.8737,10.8846,32
2026-05-03 06:00:00,122,0,LB-02,10.6183,10.6708,32
2026-05-03 06:00:00,122,0,LB-03,11.8902,12.0194,32
2026-05-03 06:00:00,122,0,LB-04,11.9684,11.9931,32
2026-05-03 06:00:00,122,0,LB-05,10.8649,10.8877,32
2026-05-03 06:00:00,122,0,LB-07,10.6168,10.5682,32
2026-05-03 06:00:00,122,0,LB-08,10.3348,10.3146,32
2026-05-03 06:00:00,122,0,LB-10,11.4555,11.4823,32
2026-05-03 14:00:00,122,1,LB-06,11.7129,11.7255,32
2026-05-03 14:00:00,122,1,LB-06,10.6303,10.5986,32
2026-05-03 14:00:00,122,1,LB-07,12.005,12.0146,32
2026-05-03 22:00:00,122,2,LB-04,11.2951,11.3296,32
2026-05-03 22:00:00,122,2,LB-08,10.8254,10.8938,32
2026-05-04 06:00:00,123,0,LB-01,10.5775,10.6227,33
2026-05-04 06:00:00,123,0,LB-05,10.3456,10.2979,33
2026-05-04 06:00:00,123,0,LB-07,11.1556,11.1231,33
2026-05-04 06:00:00,123,0,LB-08,11.2302,11.1462,33
2026-05-04 14:00:00,123,1,LB-02,10.7663,10.7855,33
2026-05-04 14:00:00,123,1,LB-04,11.7555,11.7935,33
2026-05-04 14:00:00,123,1,LB-04,11.9261,11.9562,33
2026-05-04 14:00:00,123,1,LB-05,11.4486,11.4861,33
2026-05-04 14:00:00,123,1,LB-06,10.7089,10.7041,33
2026-05-04 14:00:00,123,1,LB-07,11.6494,11.6359,33
2026-05-04 14:00:00,123,1,LB-07,11.7899,11.8023,33
2026-05-04 14:00:00,123,1,LB-08,11.8013,11.7516,33
2026-05-04 14:00:00,123,1,LB-09,11.114,11.0527,33
2026-05-04 14:00:00,123,1,LB-09,11.6374,11.5923,33
2026-05-04 14:00:00,123,1,LB-10,10.9367,10.9197,33
2026-05-04 14:00:00,123,1,LB-10,11.4829,11.4203,33
2026-05-04 22:00:00,123,2,LB-01,10.8862,10.8686,33
2026-05-04 22:00:00,123,2,LB-03,11.1633,11.1628,33
2026-05-04 22:00:00,123,2,LB-04,11.877,11.9107,33
2026-05-04 22:00:00,123,2,LB-08,10.8826,10.8758,33
2026-05-04 22:00:00,123,2,LB-09,10.6056,10.5891,33
2026-05-05 06:00:00,124,0,LB-01,11.9595,12.0114,34
2026-05-05 06:00:00,124,0,LB-01,10.8388,10.8463,34
2026-05-05 06:00:00,124,0,LB-06,11.6855,11.6939,34
2026-05-05 06:00:00,124,0,LB-10,11.0637,11.0773,34
2026-05-05 14:00:00,124,1,LB-01,11.8659,11.8394,34
2026-05-05 14:00:00,124,1,LB-07,10.6199,10.6557,34
2026-05-05 14:00:00,124,1,LB-07,10.3626,10.3904,34
2026-05-05 14:00:00,124,1,LB-08,11.2828,11.2358,34
2026-05-05 14:00:00,124,1,LB-08,10.5002,10.524,34
2026-05-05 14:00:00,124,1,LB-10,10.4686,10.4689,34
2026-05-05 22:00:00,124,2,LB-02,11.8357,11.8542,34
2026-05-05 22:00:00,124,2,LB-02,10.5021,10.4884,34
2026-05-05 22:00:00,124,2,LB-10,11.9705,11.9953,34
2026-05-06 06:00:00,125,0,LB-01,11.6045,11.6007,35
2026-05-06 06:00:00,125,0,LB-03,11.6341,11.6315,35
2026-05-06 06:00:00,125,0,LB-04,11.2367,11.1955,35
2026-05-06 06:00:00,125,0,LB-04,11.0466,11.0765,35
2026-05-06 14:00:00,125,1,LB-01,10.4271,10.4526,35
2026-05-06 14:00:00,125,1,LB-06,11.2748,11.2465,35
2026-05-06 14:00:00,125,1,LB-06,11.8264,11.7778,35
2026-05-06 14:00:00,125,1,LB-07,11.3449,11.286,35
2026-05-06 14:00:00,125,1,LB-09,10.9977,11.0167,35
2026-05-06 14:00:00,125,1,LB-10,10.5933,10.5183,35
2026-05-06 14:00:00,125,1,LB-10,10.8696,10.8983,35
2026-05-06 22:00:00,125,2,LB-03,11.0875,11.145,35
2026-05-06 22:00:00,125,2,LB-06,11.7895,11.7813,35
2026-05-06 22:00:00,125,2,LB-07,11.8333,11.8174,35
2026-05-07 06:00:00,126,0,LB-02,10.5951,10.6649,36
2026-05-07 06:00:00,126,0,LB-03,10.9243,10.9206,36
2026-05-07 06:00:00,126,0,LB-09,11.9733,11.8902,36
2026-05-07 06:00:00,126,0,LB-10,10.7012,10.668,36
2026-05-07 14:00:00,126,1,LB-01,10.5008,10.4701,36
2026-05-07 14:00:00,126,1,LB-02,11.0352,10.9691,36
2026-05-07 14:00:00,126,1,LB-04,11.998,11.9772,36
2026-05-07 14:00:00,126,1,LB-06,11.3226,11.3499,36
2026-05-07 14:00:00,126,1,LB-07,11.5802,11.5762,36
2026-05-07 14:00:00,126,1,LB-09,11.161,11.1306,36
2026-05-07 14:00:00,126,1,LB-10,10.8598,10.8759,36
2026-05-07 22:00:00,126,2,LB-01,11.627,11.5773,36
2026-05-07 22:00:00,126,2,LB-02,10.8473,10.8551,36
2026-05-07 22:00:00,126,2,LB-03,11.3513,11.3953,36
2026-05-07 22:00:00,126,2,LB-04,11.9573,11.9438,36
2026-05-07 22:00:00,126,2,LB-05,10.7236,10.7521,36
2026-05-07 22:00:00,126,2,LB-06,11.7553,11.7467,36
2026-05-07 22:00:00,126,2,LB-10,10.5669,10.6166,36
2026-05-08 06:00:00,127,0,LB-01,10.6555,10.6297,37
2026-05-08 06:00:00,127,0,LB-03,10.6924,10.7767,37
2026-05-08 06:00:00,127,0,LB-05,11.5036,11.4977,37
2026-05-08 14:00:00,127,1,LB-03,10.9292,11.0073,37
2026-05-08 14:00:00,127,1,LB-04,11.5036,11.4597,37
2026-05-08 14:00:00,127,1,LB-05,11.9005,11.9248,37
2026-05-08 14:00:00,127,1,LB-07,11.5261,11.4636,37
2026-05-08 14:00:00,127,1,LB-08,11.6698,11.6927,37
2026-05-08 14:00:00,127,1,LB-09,10.8691,10.8874,37
2026-05-08 22:00:00,127,2,LB-02,11.7745,11.7589,37
2026-05-08 22:00:00,127,2,LB-09,10.7928,10.7944,37
2026-05-09 06:00:00,128,0,LB-03,11.2034,11.271,38
2026-05-09 06:00:00,128,0,LB-05,10.9539,10.9664,38
2026-05-09 06:00:00,128,0,LB-07,10.9946,10.9778,38
2026-05-09 06:00:00,128,0,LB-08,11.3466,11.2889,38
2026-05-09 06:00:00,128,0,LB-08,10.5842,10.5677,38
2026-05-09 06:00:00,128,0,LB-09,10.9489,10.9629,38
2026-05-09 06:00:00,128,0,LB-10,10.5083,10.5133,38
2026-05-09 14:00:00,128,1,LB-02,11.2323,11.2063,38
2026-05-09 14:00:00,128,1,LB-03,11.089,11.1677,38
2026-05-09 14:00:00,128,1,LB-07,10.8815,10.8402,38
2026-05-09 14:00:00,128,1,LB-09,11.6969,11.696,38
2026-05-09 14:00:00,128,1,LB-10,10.8759,10.8945,38
2026-05-09 22:00:00,128,2,LB-01,11.9758,12.0247,38
2026-05-10 06:00:00,129,0,LB-02,11.4268,11.4294,39
2026-05-10 06:00:00,129,0,LB-03,10.5378,10.5874,39
2026-05-10 06:00:00,129,0,LB-05,11.2656,11.2332,39
2026-05-10 06:00:00,129,0,LB-08,10.8614,10.8674,39
2026-05-10 06:00:00,129,0,LB-08,11.2737,11.2688,39
2026-05-10 14:00:00,129,1,LB-03,11.8569,11.8806,39
2026-05-10 14:00:00,129,1,LB-04,10.3768,10.3999,39
2026-05-10 14:00:00,129,1,LB-04,11.8189,11.7752,39
2026-05-10 14:00:00,129,1,LB-06,11.1388,11.0718,39
2026-05-10 14:00:00,129,1,LB-06,10.4715,10.4833,39
2026-05-10 14:00:00,129,1,LB-07,10.6072,10.6051,39
2026-05-10 14:00:00,129,1,LB-09,10.4337,10.3922,39
2026-05-10 22:00:00,129,2,LB-04,10.8103,10.8226,39
2026-05-10 22:00:00,129,2,LB-07,10.5206,10.4959,39
2026-05-11 06:00:00,130,0,LB-01,11.4703,11.5087,40
2026-05-11 06:00:00,130,0,LB-01,10.9562,10.9212,40
2026-05-11 06:00:00,130,0,LB-05,10.8394,10.8749,40
2026-05-11 14:00:00,130,1,LB-01,11.5912,11.5762,40
2026-05-11 14:00:00,130,1,LB-01,11.5882,11.6388,40
2026-05-11 14:00:00,130,1,LB-02,11.4563,11.4892,40
2026-05-11 14:00:00,130,1,LB-03,11.9172,11.9793,40
2026-05-11 14:00:00,130,1,LB-05,11.4261,11.4181,40
2026-05-11 14:00:00,130,1,LB-05,10.7919,10.7582,40
2026-05-11 14:00:00,130,1,LB-07,11.7711,11.7598,40
2026-05-11 14:00:00,130,1,LB-10,10.7359,10.7247,40
2026-05-11 14:00:00,130,1,LB-10,11.1101,11.0979,40
2026-05-11 22:00:00,130,2,LB-08,10.9765,11.0289,40
2026-05-12 06:00:00,131,0,LB-04,10.3979,10.4219,41
2026-05-12 06:00:00,131,0,LB-06,11.1817,11.2523,41
2026-05-12 06:00:00,131,0,LB-06,11.7926,11.7677,41
2026-05-12 14:00:00,131,1,LB-04,11.371,11.2678,41
2026-05-12 14:00:00,131,1,LB-05,11.1942,11.2076,41
2026-05-12 14:00:00,131,1,LB-08,11.8988,11.8649,41
2026-05-12 14:00:00,131,1,LB-10,11.9593,11.9417,41
2026-05-12 22:00:00,131,2,LB-01,10.3314,10.3553,41
2026-05-12 22:00:00,131,2,LB-03,11.3334,11.2924,41
2026-05-12 22:00:00,131,2,LB-05,10.7701,10.8089,41
2026-05-12 22:00:00,131,2,LB-08,10.9139,10.9441,41
2026-05-13 06:00:00,132,0,LB-01,11.0421,11.0138,42
2026-05-13 06:00:00,132,0,LB-03,10.3456,10.3422,42
2026-05-13 06:00:00,132,0,LB-06,10.3345,10.335,42
2026-05-13 06:00:00,132,0,LB-07,11.3094,11.2802,42
2026-05-13 06:00:00,132,0,LB-07,10.5846,10.5096,42
2026-05-13 06:00:00,132,0,LB-08,11.404,11.4498,42
2026-05-13 06:00:00,132,0,LB-10,10.4802,10.4803,42
2026-05-13 14:00:00,132,1,LB-01,11.7482,11.7163,42
2026-05-13 14:00:00,132,1,LB-04,10.9035,10.9399,42
2026-05-13 14:00:00,132,1,LB-06,11.0607,11.1312,42
2026-05-13 14:00:00,132,1,LB-08,11.1906,11.2154,42
2026-05-13 14:00:00,132,1,LB-09,11.4649,11.4458,42
2026-05-13 22:00:00,132,2,LB-02,10.8324,10.8435,42
2026-05-13 22:00:00,132,2,LB-03,10.3287,10.3819,42
2026-05-13 22:00:00,132,2,LB-04,11.919,11.9051,42
2026-05-13 22:00:00,132,2,LB-06,11.8504,11.8155,42
2026-05-13 22:00:00,132,2,LB-07,11.7444,11.7151,42
2026-05-14 06:00:00,133,0,LB-02,10.468,10.4405,43
2026-05-14 06:00:00,133,0,LB-04,11.7673,11.7641,43
2026-05-14 06:00:00,133,0,LB-07,11.9194,11.8513,43
2026-05-14 06:00:00,133,0,LB-10,10.5613,10.5521,43
2026-05-14 06:00:00,133,0,LB-10,10.9265,10.923,43
2026-05-14 14:00:00,133,1,LB-04,10.3575,10.3895,43
2026-05-14 14:00:00,133,1,LB-04,10.3393,10.3785,43
2026-05-14 14:00:00,133,1,LB-05,11.0355,11.0639,43
2026-05-14 14:00:00,133,1,LB-05,11.2942,11.347,43
2026-05-14 14:00:00,133,1,LB-06,10.9502,10.9592,43
2026-05-14 14:00:00,133,1,LB-06,11.5851,11.5298,43
2026-05-14 14:00:00,133,1,LB-07,10.3829,10.3991,43
2026-05-14 14:00:00,133,1,LB-08,11.4347,11.4757,43
2026-05-14 14:00:00,133,1,LB-08,11.5427,11.5262,43
2026-05-14 14:00:00,133,1,LB-09,11.4913,11.4958,43
2026-05-14 22:00:00,133,2,LB-01,10.6536,10.6366,43
2026-05-14 22:00:00,133,2,LB-03,11.7439,11.8186,43
2026-05-14 22:00:00,133,2,LB-08,11.2306,11.2106,43
2026-05-14 22:00:00,133,2,LB-09,11.5116,11.464,43
2026-05-15 06:00:00,134,0,LB-02,11.4253,11.3979,44
2026-05-15 06:00:00,134,0,LB-03,11.595,11.6773,44
2026-05-15 06:00:00,134,0,LB-05,10.5969,10.5549,44
2026-05-15 06:00:00,134,0,LB-08,11.5428,11.5525,44
2026-05-15 14:00:00,134,1,LB-01,11.5255,11.5331,44
2026-05-15 14:00:00,134,1,LB-02,11.0327,11.0484,44
2026-05-15 14:00:00,134,1,LB-03,11.3147,11.368,44
2026-05-15 14:00:00,134,1,LB-04,11.5854,11.569,44
2026-05-15 14:00:00,134,1,LB-06,11.4493,11.4367,44
2026-05-15 14:00:00,134,1,LB-08,11.4472,11.49,44
2026-05-15 14:00:00,134,1,LB-09,11.0566,11.0432,44
2026-05-15 14:00:00,134,1,LB-09,11.1406,11.1525,44
2026-05-15 14:00:00,134,1,LB-10,10.4032,10.4096,44
2026-05-15 22:00:00,134,2,LB-01,11.5941,11.6061,44
2026-05-15 22:00:00,134,2,LB-02,11.4074,11.4852,44
2026-05-15 22:00:00,134,2,LB-02,11.0343,11.0454,44
2026-05-15 22:00:00,134,2,LB-04,10.8315,10.8541,44
2026-05-15 22:00:00,134,2,LB-09,11.1715,11.1894,44
2026-05-16 06:00:00,135,0,LB-02,10.6699,10.68,45
2026-05-16 06:00:00,135,0,LB-04,11.451,11.4444,45
2026-05-16 06:00:00,135,0,LB-04,11.7558,11.7084,45
2026-05-16 06:00:00,135,0,LB-05,11.9225,11.9464,45
2026-05-16 06:00:00,135,0,LB-07,10.6824,10.5919,45
2026-05-16 14:00:00,135,1,LB-03,10.7652,10.7991,45
2026-05-16 14:00:00,135,1,LB-04,11.9413,11.9451,45
2026-05-16 14:00:00,135,1,LB-04,11.343,11.3871,45
2026-05-16 14:00:00,135,1,LB-05,11.2946,11.2196,45
2026-05-16 14:00:00,135,1,LB-06,10.7459,10.7253,45
2026-05-16 14:00:00,135,1,LB-08,11.5734,11.5832,45
2026-05-16 14:00:00,135,1,LB-10,10.6361,10.6271,45
2026-05-16 22:00:00,135,2,LB-01,10.9271,10.9746,45
2026-05-16 22:00:00,135,2,LB-05,10.9601,11.0155,45
2026-05-16 22:00:00,135,2,LB-10,10.8795,10.8674,45
2026-05-16 22:00:00,135,2,LB-10,11.9823,11.9403,45
2026-05-17 06:00:00,136,0,LB-02,10.6909,10.6753,46
2026-05-17 06:00:00,136,0,LB-02,11.7539,11.7237,46
2026-05-17 14:00:00,136,1,LB-01,10.8771,10.9322,46
2026-05-17 14:00:00,136,1,LB-04,10.8819,10.8577,46
2026-05-17 14:00:00,136,1,LB-04,10.3548,10.3254,46
2026-05-17 14:00:00,136,1,LB-05,10.7705,10.7651,46
2026-05-17 22:00:00,136,2,LB-03,11.1545,11.2496,46
2026-05-17 22:00:00,136,2,LB-04,11.8794,11.9198,46
2026-05-17 22:00:00,136,2,LB-05,11.7133,11.692,46
2026-05-17 22:00:00,136,2,LB-06,10.5068,10.5379,46
2026-05-18 06:00:00,137,0,LB-02,10.332,10.3453,47
2026-05-18 06:00:00,137,0,LB-03,11.1163,11.2021,47
2026-05-18 06:00:00,137,0,LB-04,11.114,11.1245,47
2026-05-18 06:00:00,137,0,LB-07,11.3012,11.2855,47
2026-05-18 06:00:00,137,0,LB-07,11.0306,10.9911,47
2026-05-18 06:00:00,137,0,LB-09,10.6561,10.6321,47
2026-05-18 06:00:00,137,0,LB-10,10.5709,10.6042,47
2026-05-18 14:00:00,137,1,LB-03,11.0399,11.0199,47
2026-05-18 14:00:00,137,1,LB-04,10.6594,10.6331,47
2026-05-18 14:00:00,137,1,LB-09,10.6503,10.6543,47
2026-05-18 14:00:00,137,1,LB-10,12.0002,12.0003,47
2026-05-18 14:00:00,137,1,LB-10,10.6125,10.6333,47
2026-05-18 22:00:00,137,2,LB-03,11.5774,11.6391,47
2026-05-18 22:00:00,137,2,LB-05,11.3586,11.3553,47
2026-05-19 06:00:00,138,0,LB-01,11.9743,11.9598,48
2026-05-19 06:00:00,138,0,LB-03,10.6277,10.712,48
2026-05-19 06:00:00,138,0,LB-05,10.9129,10.8732,48
2026-05-19 06:00:00,138,0,LB-08,10.3326,10.3038,48
2026-05-19 14:00:00,138,1,LB-03,10.7413,10.7687,48
2026-05-19 14:00:00,138,1,LB-03,10.6883,10.7553,48
2026-05-19 14:00:00,138,1,LB-06,11.942,11.9594,48
2026-05-19 14:00:00,138,1,LB-10,10.3251,10.2997,48
2026-05-19 22:00:00,138,2,LB-06,11.1439,11.1194,48
2026-05-19 22:00:00,138,2,LB-08,10.3945,10.4085,48
2026-05-19 22:00:00,138,2,LB-10,10.5853,10.5421,48
2026-05-20 06:00:00,139,0,LB-01,11.8595,11.7825,49
2026-05-20 06:00:00,139,0,LB-01,11.2046,11.138,49
2026-05-20 06:00:00,139,0,LB-02,10.6989,10.7306,49
2026-05-20 06:00:00,139,0,LB-03,10.5183,10.547,49
2026-05-20 06:00:00,139,0,LB-04,11.6493,11.6737,49
2026-05-20 06:00:00,139,0,LB-07,11.038,10.9658,49
2026-05-20 06:00:00,139,0,LB-07,11.2384,11.2137,49
2026-05-20 06:00:00,139,0,LB-10,12.0027,12.0294,49
2026-05-20 06:00:00,139,0,LB-10,11.2347,11.2418,49
2026-05-20 06:00:00,139,0,LB-10,11.5681,11.5506,49
2026-05-20 14:00:00,139,1,LB-03,10.3827,10.4392,49
2026-05-20 14:00:00,139,1,LB-05,11.1732,11.1148,49
2026-05-20 14:00:00,139,1,LB-06,11.6917,11.7208,49
2026-05-20 14:00:00,139,1,LB-09,10.6531,10.596,49
2026-05-20 14:00:00,139,1,LB-09,11.2794,11.2764,49
2026-05-20 14:00:00,139,1,LB-10,11.4496,11.4237,49
2026-05-20 22:00:00,139,2,LB-03,10.5604,10.6015,49
2026-05-20 22:00:00,139,2,LB-04,11.284,11.2896,49
2026-05-20 22:00:00,139,2,LB-05,10.9362,10.8913,49
2026-05-20 22:00:00,139,2,LB-08,10.9881,10.9626,49
2026-05-20 22:00:00,139,2,LB-10,10.3562,10.3091,49
2026-05-21 06:00:00,140,0,LB-03,11.2162,11.2637,50
2026-05-21 06:00:00,140,0,LB-05,11.0799,11.0503,50
2026-05-21 06:00:00,140,0,LB-09,11.1773,11.1879,50
2026-05-21 14:00:00,140,1,LB-01,11.5529,11.5754,50
2026-05-21 14:00:00,140,1,LB-05,11.2567,11.2029,50
2026-05-21 14:00:00,140,1,LB-06,11.9475,11.9131,50
2026-05-21 14:00:00,140,1,LB-06,10.6198,10.6197,50
2026-05-21 14:00:00,140,1,LB-08,10.7142,10.7307,50
2026-05-21 14:00:00,140,1,LB-10,11.0964,11.1179,50
2026-05-21 14:00:00,140,1,LB-10,11.7015,11.6401,50
2026-05-21 22:00:00,140,2,LB-03,10.5695,10.6102,50
2026-05-21 22:00:00,140,2,LB-03,11.8399,11.8143,50
2026-05-21 22:00:00,140,2,LB-06,10.9425,10.9993,50
2026-05-21 22:00:00,140,2,LB-08,11.7951,11.8039,50
2026-05-22 06:00:00,141,0,LB-01,11.9604,11.9813,51
2026-05-22 06:00:00,141,0,LB-02,11.1166,11.0958,51
2026-05-22 06:00:00,141,0,LB-04,10.4484,10.4325,51
2026-05-22 06:00:00,141,0,LB-05,10.8331,10.8207,51
2026-05-22 06:00:00,141,0,LB-06,11.5056,11.5052,51
2026-05-22 06:00:00,141,0,LB-06,10.7775,10.8067,51
2026-05-22 14:00:00,141,1,LB-01,11.1767,11.0909,51
2026-05-22 14:00:00,141,1,LB-05,10.5033,10.5035,51
2026-05-22 14:00:00,141,1,LB-05,11.8921,11.9021,51
2026-05-22 14:00:00,141,1,LB-05,11.6692,11.6472,51
2026-05-22 14:00:00,141,1,LB-07,10.6767,10.684,51
2026-05-22 14:00:00,141,1,LB-08,11.1519,11.1945,51
2026-05-22 14:00:00,141,1,LB-08,10.7883,10.8328,51
2026-05-22 14:00:00,141,1,LB-09,11.723,11.663,51
2026-05-22 14:00:00,141,1,LB-10,11.9584,11.895,51
2026-05-22 22:00:00,141,2,LB-02,11.7519,11.7692,51
2026-05-22 22:00:00,141,2,LB-03,10.8122,10.9363,51
2026-05-22 22:00:00,141,2,LB-04,11.971,11.9693,51
2026-05-22 22:00:00,141,2,LB-09,10.8847,10.8799,51
2026-05-22 22:00:00,141,2,LB-10,11.1599,11.1578,51
2026-05-23 06:00:00,142,0,LB-02,10.8574,10.8645,52
2026-05-23 06:00:00,142,0,LB-03,11.2888,11.3996,52
2026-05-23 06:00:00,142,0,LB-05,10.4288,10.4705,52
2026-05-23 06:00:00,142,0,LB-06,10.6171,10.6409,52
2026-05-23 06:00:00,142,0,LB-09,10.8509,10.9093,52
2026-05-23 06:00:00,142,0,LB-10,11.4258,11.3854,52
2026-05-23 06:00:00,142,0,LB-10,10.606,10.5776,52
2026-05-23 14:00:00,142,1,LB-02,11.02,10.9965,52
2026-05-23 14:00:00,142,1,LB-04,11.4082,11.3832,52
2026-05-23 14:00:00,142,1,LB-04,10.931,10.9117,52
2026-05-23 14:00:00,142,1,LB-05,10.6132,10.6804,52
2026-05-23 14:00:00,142,1,LB-06,11.3104,11.2374,52
2026-05-23 14:00:00,142,1,LB-06,11.2169,11.2249,52
2026-05-23 14:00:00,142,1,LB-07,10.9118,10.8962,52
2026-05-23 14:00:00,142,1,LB-07,11.6651,11.6545,52
2026-05-23 14:00:00,142,1,LB-08,11.7853,11.7238,52
2026-05-23 14:00:00,142,1,LB-09,11.551,11.5181,52
2026-05-23 14:00:00,142,1,LB-09,10.9509,10.9856,52
2026-05-23 14:00:00,142,1,LB-10,11.6411,11.6729,52
2026-05-23 22:00:00,142,2,LB-04,11.9317,11.9107,52
2026-05-23 22:00:00,142,2,LB-05,11.8585,11.9059,52
2026-05-23 22:00:00,142,2,LB-06,11.4884,11.4579,52
2026-05-23 22:00:00,142,2,LB-08,11.6201,11.6176,52
2026-05-24 06:00:00,143,0,LB-01,10.3923,10.3559,53
2026-05-24 06:00:00,143,0,LB-03,11.209,11.2802,53
2026-05-24 06:00:00,143,0,LB-04,11.1503,11.1393,53
2026-05-24 06:00:00,143,0,LB-08,11.5027,11.5588,53
2026-05-24 14:00:00,143,1,LB-06,11.3693,11.3315,53
2026-05-24 14:00:00,143,1,LB-09,11.0568,11.0733,53
2026-05-24 22:00:00,143,2,LB-03,10.6759,10.7651,53
2026-05-24 22:00:00,143,2,LB-08,10.5989,10.6088,53
2026-05-24 22:00:00,143,2,LB-10,10.3691,10.361,53
2026-05-25 06:00:00,144,0,LB-01,11.2063,11.2672,54
2026-05-25 06:00:00,144,0,LB-04,10.5911,10.5657,54
2026-05-25 06:00:00,144,0,LB-06,11.9491,11.9875,54
2026-05-25 06:00:00,144,0,LB-07,11.7015,11.6392,54
2026-05-25 06:00:00,144,0,LB-08,11.3709,11.4085,54
2026-05-25 06:00:00,144,0,LB-08,11.4202,11.4396,54
2026-05-25 06:00:00,144,0,LB-09,10.626,10.6559,54
2026-05-25 14:00:00,144,1,LB-02,11.8556,11.8101,54
2026-05-25 14:00:00,144,1,LB-02,11.1835,11.0835,54
2026-05-25 14:00:00,144,1,LB-04,11.4445,11.4003,54
2026-05-25 14:00:00,144,1,LB-05,11.5599,11.5556,54
2026-05-25 14:00:00,144,1,LB-06,11.5431,11.5414,54
2026-05-25 22:00:00,144,2,LB-01,10.8594,10.8937,54
2026-05-25 22:00:00,144,2,LB-01,10.833,10.7926,54
2026-05-25 22:00:00,144,2,LB-06,10.5353,10.5165,54
2026-05-25 22:00:00,144,2,LB-07,11.65,11.6226,54
2026-05-25 22:00:00,144,2,LB-08,10.9329,10.9175,54
2026-05-25 22:00:00,144,2,LB-10,11.57,11.5413,54
2026-05-26 06:00:00,145,0,LB-01,11.2237,11.1724,55
2026-05-26 06:00:00,145,0,LB-02,11.5416,11.4989,55
2026-05-26 06:00:00,145,0,LB-04,11.9126,11.948,55
2026-05-26 06:00:00,145,0,LB-04,10.771,10.7955,55
2026-05-26 06:00:00,145,0,LB-05,10.5654,10.5852,55
2026-05-26 06:00:00,145,0,LB-08,10.4816,10.4656,55
2026-05-26 06:00:00,145,0,LB-09,11.9069,11.9279,55
2026-05-26 06:00:00,145,0,LB-10,10.5596,10.5578,55
2026-05-26 14:00:00,145,1,LB-01,11.293,11.2199,55
2026-05-26 14:00:00,145,1,LB-03,11.2,11.2654,55
2026-05-26 14:00:00,145,1,LB-05,11.5777,11.5378,55
2026-05-26 14:00:00,145,1,LB-06,10.5508,10.534,55
2026-05-26 14:00:00,145,1,LB-08,10.791,10.7573,55
2026-05-26 14:00:00,145,1,LB-09,11.4619,11.4602,55
2026-05-26 22:00:00,145,2,LB-06,11.0229,11.023,55
2026-05-26 22:00:00,145,2,LB-10,11.2603,11.2142,55
2026-05-27 06:00:00,146,0,LB-01,11.6495,11.6649,56
2026-05-27 06:00:00,146,0,LB-05,11.7955,11.7707,56
2026-05-27 06:00:00,146,0,LB-06,10.4963,10.4728,56
2026-05-27 06:00:00,146,0,LB-07,11.9217,11.924,56
2026-05-27 06:00:00,146,0,LB-08,10.7546,10.786,56
2026-05-27 06:00:00,146,0,LB-08,10.5606,10.5805,56
2026-05-27 14:00:00,146,1,LB-03,10.5587,10.6431,56
2026-05-27 14:00:00,146,1,LB-05,10.3459,10.3413,56
2026-05-27 14:00:00,146,1,LB-05,11.3573,11.3028,56
2026-05-27 14:00:00,146,1,LB-06,11.805,11.7636,56
2026-05-27 14:00:00,146,1,LB-06,11.7722,11.7755,56
2026-05-27 14:00:00,146,1,LB-09,10.79,10.8023,56
2026-05-27 22:00:00,146,2,LB-06,11.0853,11.0948,56
2026-05-27 22:00:00,146,2,LB-07,10.5454,10.5228,56
2026-05-27 22:00:00,146,2,LB-08,10.3262,10.3456,56
2026-05-28 06:00:00,147,0,LB-02,11.1581,11.1662,57
2026-05-28 06:00:00,147,0,LB-05,10.5287,10.5686,57
2026-05-28 06:00:00,147,0,LB-08,11.5586,11.5388,57
2026-05-28 06:00:00,147,0,LB-09,10.4264,10.3855,57
2026-05-28 06:00:00,147,0,LB-10,11.4137,11.4703,57
2026-05-28 14:00:00,147,1,LB-01,11.0585,11.0704,57
2026-05-28 14:00:00,147,1,LB-02,11.8913,11.8398,57
2026-05-28 14:00:00,147,1,LB-03,10.9934,11.0819,57
2026-05-28 14:00:00,147,1,LB-04,11.9286,11.9482,57
2026-05-28 14:00:00,147,1,LB-06,11.4245,11.4132,57
2026-05-28 14:00:00,147,1,LB-07,11.4789,11.4821,57
2026-05-28 14:00:00,147,1,LB-08,11.3874,11.4115,57
2026-05-28 14:00:00,147,1,LB-09,10.5954,10.5963,57
2026-05-28 22:00:00,147,2,LB-01,10.745,10.6666,57
2026-05-28 22:00:00,147,2,LB-04,11.01,11.0315,57
2026-05-28 22:00:00,147,2,LB-04,11.3056,11.2807,57
2026-05-29 06:00:00,148,0,LB-01,11.7734,11.7095,58
2026-05-29 06:00:00,148,0,LB-04,10.9907,10.996,58
2026-05-29 14:00:00,148,1,LB-01,11.8393,11.8836,58
2026-05-29 14:00:00,148,1,LB-01,11.9438,11.9438,58
2026-05-29 14:00:00,148,1,LB-03,11.4277,11.4263,58
2026-05-29 14:00:00,148,1,LB-03,11.3758,11.3524,58
2026-05-29 14:00:00,148,1,LB-04,10.5122,10.4472,58
2026-05-29 14:00:00,148,1,LB-05,11.2712,11.2401,58
2026-05-29 14:00:00,148,1,LB-09,10.9817,11.0006,58
2026-05-29 14:00:00,148,1,LB-09,11.9896,11.9532,58
2026-05-29 14:00:00,148,1,LB-10,11.7218,11.7586,58
2026-05-29 22:00:00,148,2,LB-05,11.8771,11.8729,58
2026-05-30 06:00:00,149,0,LB-06,11.7416,11.7373,59
2026-05-30 06:00:00,149,0,LB-07,11.6569,11.6343,59
2026-05-30 06:00:00,149,0,LB-09,10.5936,10.5623,59
2026-05-30 14:00:00,149,1,LB-01,11.4044,11.4592,59
2026-05-30 14:00:00,149,1,LB-01,10.5737,10.5579,59
2026-05-30 14:00:00,149,1,LB-02,10.3803,10.3077,59
2026-05-30 14:00:00,149,1,LB-07,10.905,10.8739,59
2026-05-30 14:00:00,149,1,LB-09,11.7342,11.7328,59
2026-05-30 14:00:00,149,1,LB-10,10.5087,10.4824,59
2026-05-30 22:00:00,149,2,LB-01,10.5288,10.5692,59
2026-05-30 22:00:00,149,2,LB-01,11.7653,11.7311,59
2026-05-30 22:00:00,149,2,LB-03,11.3451,11.4254,59
2026-05-30 22:00:00,149,2,LB-05,11.3363,11.4016,59
2026-05-30 22:00:00,149,2,LB-08,11.0294,11.0074,59
2026-05-31 06:00:00,150,0,LB-01,10.3496,10.342,60
2026-05-31 06:00:00,150,0,LB-05,11.6382,11.6014,60
2026-05-31 06:00:00,150,0,LB-09,11.8997,11.9268,60
2026-05-31 06:00:00,150,0,LB-10,11.2092,11.2301,60
2026-05-31 14:00:00,150,1,LB-01,10.5155,10.5266,60
2026-05-31 14:00:00,150,1,LB-01,11.8692,11.8356,60
2026-05-31 14:00:00,150,1,LB-01,10.346,10.2983,60
2026-05-31 14:00:00,150,1,LB-03,10.7841,10.8567,60
2026-05-31 14:00:00,150,1,LB-03,10.3141,10.3654,60
2026-05-31 14:00:00,150,1,LB-05,11.2976,11.257,60
2026-05-31 14:00:00,150,1,LB-06,10.5014,10.5453,60
2026-05-31 14:00:00,150,1,LB-09,10.9041,10.8744,60
2026-05-31 14:00:00,150,1,LB-09,11.6083,11.6166,60
2026-05-31 22:00:00,150,2,LB-05,10.881,10.9034,60
2026-05-31 22:00:00,150,2,LB-06,11.7862,11.6898,60
2026-05-31 22:00:00,150,2,LB-10,10.8806,10.8649,60
2026-06-01 06:00:00,151,0,LB-01,11.372,11.3665,61
2026-06-01 06:00:00,151,0,LB-01,10.3326,10.2909,61
2026-06-01 06:00:00,151,0,LB-02,11.8952,11.9043,61
2026-06-01 06:00:00,151,0,LB-03,11.0324,11.1613,61
2026-06-01 06:00:00,151,0,LB-03,10.6643,10.6809,61
2026-06-01 06:00:00,151,0,LB-05,11.5398,11.5471,61
2026-06-01 06:00:00,151,0,LB-05,11.5419,11.608,61
2026-06-01 06:00:00,151,0,LB-06,10.9038,10.9022,61
2026-06-01 06:00:00,151,0,LB-08,10.8635,10.8692,61
2026-06-01 06:00:00,151,0,LB-09,10.7298,10.7198,61
2026-06-01 06:00:00,151,0,LB-09,11.3229,11.3387,61
2026-06-01 14:00:00,151,1,LB-01,11.8968,11.8581,61
2026-06-01 14:00:00,151,1,LB-02,11.0103,10.9456,61
2026-06-01 14:00:00,151,1,LB-02,11.4035,11.358,61
2026-06-01 14:00:00,151,1,LB-03,10.9126,10.9368,61
2026-06-01 14:00:00,151,1,LB-03,11.2391,11.2316,61
2026-06-01 14:00:00,151,1,LB-03,11.2606,11.2821,61
2026-06-01 14:00:00,151,1,LB-05,11.0908,11.1063,61
2026-06-01 14:00:00,151,1,LB-08,10.4387,10.359,61
2026-06-01 22:00:00,151,2,LB-09,11.8284,11.8572,61
2026-06-02 06:00:00,152,0,LB-01,11.2673,11.2915,62
2026-06-02 06:00:00,152,0,LB-05,10.5267,10.5292,62
2026-06-02 06:00:00,152,0,LB-06,11.7921,11.7833,62
2026-06-02 06:00:00,152,0,LB-09,11.0131,11.0441,62
2026-06-02 06:00:00,152,0,LB-09,11.4384,11.455,62
2026-06-02 14:00:00,152,1,LB-01,11.8813,11.8721,62
2026-06-02 14:00:00,152,1,LB-04,10.4791,10.4865,62
2026-06-02 14:00:00,152,1,LB-05,10.6948,10.6561,62
2026-06-02 14:00:00,152,1,LB-06,11.5885,11.585,62
2026-06-02 14:00:00,152,1,LB-10,11.4578,11.4696,62
2026-06-02 14:00:00,152,1,LB-10,11.4901,11.4996,62
2026-06-02 22:00:00,152,2,LB-02,11.2588,11.2541,62
2026-06-02 22:00:00,152,2,LB-03,11.8424,11.8266,62
2026-06-02 22:00:00,152,2,LB-04,11.6646,11.702,62
2026-06-02 22:00:00,152,2,LB-05,11.6979,11.7184,62
2026-06-03 06:00:00,153,0,LB-03,10.3464,10.4421,63
2026-06-03 06:00:00,153,0,LB-06,11.4047,11.4182,63
2026-06-03 06:00:00,153,0,LB-10,11.278,11.23,63
2026-06-03 14:00:00,153,1,LB-01,11.8488,11.8613,63
2026-06-03 14:00:00,153,1,LB-03,10.2651,10.3134,63
2026-06-03 14:00:00,153,1,LB-10,10.7711,10.7484,63
2026-06-03 22:00:00,153,2,LB-01,11.4324,11.4101,63
2026-06-03 22:00:00,153,2,LB-03,11.1405,11.1971,63
2026-06-03 22:00:00,153,2,LB-10,10.6346,10.6348,63
2026-06-04 06:00:00,154,0,LB-02,10.3233,10.3289,64
2026-06-04 06:00:00,154,0,LB-03,11.7859,11.8375,64
2026-06-04 06:00:00,154,0,LB-05,11.0175,11.0176,64
2026-06-04 06:00:00,154,0,LB-05,10.3403,10.4025,64
2026-06-04 06:00:00,154,0,LB-06,11.6777,11.6967,64
2026-06-04 06:00:00,154,0,LB-07,10.5959,10.575,64
2026-06-04 06:00:00,154,0,LB-07,11.5262,11.4985,64
2026-06-04 14:00:00,154,1,LB-01,10.4092,10.4345,64
2026-06-04 14:00:00,154,1,LB-02,11.5253,11.4901,64
2026-06-04 14:00:00,154,1,LB-06,11.8825,11.903,64
2026-06-04 14:00:00,154,1,LB-09,10.6255,10.6721,64
2026-06-04 22:00:00,154,2,LB-06,11.548,11.6155,64
2026-06-04 22:00:00,154,2,LB-10,10.935,10.9599,64
2026-06-05 06:00:00,155,0,LB-01,10.8698,10.887,65
2026-06-05 06:00:00,155,0,LB-03,10.3796,10.4586,65
2026-06-05 06:00:00,155,0,LB-10,11.7154,11.747,65
2026-06-05 14:00:00,155,1,LB-01,11.7117,11.7359,65
2026-06-05 14:00:00,155,1,LB-06,10.8342,10.8317,65
2026-06-05 14:00:00,155,1,LB-06,11.8509,11.8365,65
2026-06-05 14:00:00,155,1,LB-08,11.2025,11.1979,65
2026-06-05 14:00:00,155,1,LB-09,11.1072,11.0813,65
2026-06-06 06:00:00,156,0,LB-01,11.1158,11.1126,66
2026-06-06 06:00:00,156,0,LB-04,10.7752,10.7678,66
2026-06-06 06:00:00,156,0,LB-04,10.4133,10.4217,66
2026-06-06 06:00:00,156,0,LB-06,10.3334,10.3497,66
2026-06-06 06:00:00,156,0,LB-07,11.0728,11.0078,66
2026-06-06 14:00:00,156,1,LB-07,11.9449,11.9206,66
2026-06-06 14:00:00,156,1,LB-07,12.0386,12.0433,66
2026-06-06 14:00:00,156,1,LB-09,11.2778,11.2783,66
2026-06-06 22:00:00,156,2,LB-02,11.5893,11.6095,66
2026-06-06 22:00:00,156,2,LB-04,10.3651,10.3627,66
2026-06-06 22:00:00,156,2,LB-06,11.7711,11.7874,66
2026-06-06 22:00:00,156,2,LB-08,10.7211,10.7383,66
2026-06-07 06:00:00,157,0,LB-01,11.3334,11.3338,67
2026-06-07 06:00:00,157,0,LB-03,11.3972,11.4978,67
2026-06-07 06:00:00,157,0,LB-05,10.3501,10.3614,67
2026-06-07 06:00:00,157,0,LB-06,10.326,10.3184,67
2026-06-07 06:00:00,157,0,LB-09,11.6844,11.6712,67
2026-06-07 06:00:00,157,0,LB-09,11.4423,11.5117,67
2026-06-07 14:00:00,157,1,LB-03,10.5688,10.6285,67
2026-06-07 14:00:00,157,1,LB-04,10.8708,10.8969,67
2026-06-07 14:00:00,157,1,LB-05,11.283,11.308,67
2026-06-07 14:00:00,157,1,LB-05,10.577,10.5594,67
2026-06-07 14:00:00,157,1,LB-08,11.519,11.5069,67
2026-06-07 14:00:00,157,1,LB-10,10.6954,10.6969,67
2026-06-07 14:00:00,157,1,LB-10,11.7791,11.8269,67
2026-06-07 22:00:00,157,2,LB-02,10.7175,10.7197,67
2026-06-07 22:00:00,157,2,LB-04,12.0026,11.9693,67
2026-06-07 22:00:00,157,2,LB-05,10.993,10.9779,67
2026-06-07 22:00:00,157,2,LB-08,11.1283,11.1731,67
2026-06-07 22:00:00,157,2,LB-09,10.9582,10.9933,67
2026-06-08 06:00:00,158,0,LB-03,11.0225,11.1193,68
2026-06-08 06:00:00,158,0,LB-03,10.7047,10.7704,68
2026-06-08 06:00:00,158,0,LB-04,11.0512,11.0023,68
2026-06-08 06:00:00,158,0,LB-06,11.6494,11.723,68
2026-06-08 06:00:00,158,0,LB-07,11.5864,11.5832,68
2026-06-08 06:00:00,158,0,LB-08,10.9503,10.9201,68
2026-06-08 06:00:00,158,0,LB-08,11.7971,11.818,68
2026-06-08 06:00:00,158,0,LB-09,11.7677,11.7349,68
2026-06-08 06:00:00,158,0,LB-10,11.4208,11.4483,68
2026-06-08 14:00:00,158,1,LB-03,11.6582,11.7257,68
2026-06-08 14:00:00,158,1,LB-06,10.5419,10.5562,68
2026-06-08 14:00:00,158,1,LB-08,10.8014,10.8385,68
2026-06-08 22:00:00,158,2,LB-02,10.5537,10.531,68
2026-06-08 22:00:00,158,2,LB-02,11.5907,11.655,68
2026-06-08 22:00:00,158,2,LB-03,11.0036,11.0732,68
2026-06-08 22:00:00,158,2,LB-04,11.5263,11.4687,68
2026-06-08 22:00:00,158,2,LB-06,11.0797,11.0571,68
2026-06-08 22:00:00,158,2,LB-09,10.3826,10.4134,68
2026-06-09 06:00:00,159,0,LB-01,10.7493,10.7774,69
2026-06-09 06:00:00,159,0,LB-04,11.1364,11.0528,69
2026-06-09 06:00:00,159,0,LB-08,11.4972,11.5053,69
2026-06-09 06:00:00,159,0,LB-09,11.3349,11.2807,69
2026-06-09 06:00:00,159,0,LB-10,11.5475,11.5504,69
2026-06-09 14:00:00,159,1,LB-01,10.6293,10.6454,69
2026-06-09 14:00:00,159,1,LB-02,10.9538,10.9289,69
2026-06-09 14:00:00,159,1,LB-02,11.7683,11.7375,69
2026-06-09 14:00:00,159,1,LB-04,11.6055,11.5806,69
2026-06-09 14:00:00,159,1,LB-06,10.6124,10.5932,69
2026-06-09 14:00:00,159,1,LB-07,11.8987,11.8179,69
2026-06-09 14:00:00,159,1,LB-07,10.9897,10.9273,69
2026-06-09 14:00:00,159,1,LB-07,11.4603,11.3412,69
2026-06-09 14:00:00,159,1,LB-09,11.8529,11.8071,69
2026-06-09 14:00:00,159,1,LB-10,11.7539,11.7581,69
2026-06-09 22:00:00,159,2,LB-04,10.6188,10.5819,69
2026-06-09 22:00:00,159,2,LB-05,11.2455,11.281,69
2026-06-09 22:00:00,159,2,LB-07,11.3529,11.3297,69
2026-06-10 06:00:00,160,0,LB-01,11.1059,11.0358,70
2026-06-10 06:00:00,160,0,LB-02,11.4622,11.4077,70
2026-06-10 06:00:00,160,0,LB-05,10.7202,10.6878,70
2026-06-10 06:00:00,160,0,LB-07,10.7544,10.7066,70
2026-06-10 06:00:00,160,0,LB-07,10.5771,10.4825,70
2026-06-10 06:00:00,160,0,LB-10,11.1608,11.1483,70
2026-06-10 14:00:00,160,1,LB-02,11.8384,11.8107,70
2026-06-10 14:00:00,160,1,LB-03,10.5451,10.6146,70
2026-06-10 14:00:00,160,1,LB-04,11.7139,11.712,70
2026-06-10 14:00:00,160,1,LB-04,11.1241,11.1546,70
2026-06-10 14:00:00,160,1,LB-09,10.6173,10.6206,70
2026-06-10 22:00:00,160,2,LB-03,11.7001,11.8109,70
2026-06-10 22:00:00,160,2,LB-06,10.4646,10.4596,70
2026-06-10 22:00:00,160,2,LB-07,10.766,10.7132,70
2026-06-11 06:00:00,161,0,LB-03,11.4764,11.5561,71
2026-06-11 06:00:00,161,0,LB-05,11.3898,11.3332,71
2026-06-11 06:00:00,161,0,LB-08,11.1881,11.2275,71
2026-06-11 06:00:00,161,0,LB-09,10.5032,10.455,71
2026-06-11 14:00:00,161,1,LB-01,11.2929,11.2906,71
2026-06-11 14:00:00,161,1,LB-01,10.8265,10.8724,71
2026-06-11 14:00:00,161,1,LB-01,11.6408,11.6377,71
2026-06-11 14:00:00,161,1,LB-01,11.7251,11.8001,71
2026-06-11 14:00:00,161,1,LB-02,11.1145,11.1513,71
2026-06-11 14:00:00,161,1,LB-03,11.5093,11.6166,71
2026-06-11 14:00:00,161,1,LB-05,11.6891,11.6873,71
2026-06-11 14:00:00,161,1,LB-07,11.3206,11.2893,71
2026-06-11 14:00:00,161,1,LB-08,10.3331,10.2915,71
2026-06-11 14:00:00,161,1,LB-10,11.8835,11.8552,71
2026-06-11 22:00:00,161,2,LB-02,10.8473,10.8596,71
2026-06-11 22:00:00,161,2,LB-05,11.5494,11.537,71
2026-06-11 22:00:00,161,2,LB-06,10.4959,10.4584,71
2026-06-11 22:00:00,161,2,LB-08,10.8682,10.8262,71
2026-06-12 06:00:00,162,0,LB-04,11.328,11.3704,72
2026-06-12 06:00:00,162,0,LB-05,11.5565,11.602,72
2026-06-12 06:00:00,162,0,LB-06,11.9455,11.8773,72
2026-06-12 06:00:00,162,0,LB-08,11.1246,11.1851,72
2026-06-12 06:00:00,162,0,LB-09,10.9866,10.9445,72
2026-06-12 06:00:00,162,0,LB-10,11.6966,11.7023,72
2026-06-12 14:00:00,162,1,LB-01,10.6124,10.62,72
2026-06-12 14:00:00,162,1,LB-02,11.4056,11.392,72
2026-06-12 14:00:00,162,1,LB-02,11.8701,11.8644,72
2026-06-12 14:00:00,162,1,LB-03,10.907,11.0018,72
2026-06-12 14:00:00,162,1,LB-05,10.325,10.3113,72
2026-06-12 14:00:00,162,1,LB-06,10.3405,10.3535,72
2026-06-12 14:00:00,162,1,LB-08,10.5321,10.4481,72
2026-06-12 14:00:00,162,1,LB-08,11.879,11.8974,72
2026-06-13 06:00:00,163,0,LB-01,11.6964,11.6993,73
2026-06-13 06:00:00,163,0,LB-07,11.7032,11.6911,73
2026-06-13 06:00:00,163,0,LB-07,11.2254,11.1414,73
2026-06-13 06:00:00,163,0,LB-08,10.8049,10.8336,73
2026-06-13 14:00:00,163,1,LB-01,11.8534,11.8469,73
2026-06-13 14:00:00,163,1,LB-01,11.3822,11.3799,73
2026-06-13 14:00:00,163,1,LB-02,10.3648,10.3776,73
2026-06-13 14:00:00,163,1,LB-02,10.7388,10.7075,73
2026-06-13 14:00:00,163,1,LB-04,10.7451,10.7399,73
2026-06-13 14:00:00,163,1,LB-05,11.1089,11.0764,73
2026-06-13 14:00:00,163,1,LB-05,10.7961,10.7892,73
2026-06-14 06:00:00,164,0,LB-01,11.7126,11.7531,74
2026-06-14 06:00:00,164,0,LB-01,10.5848,10.5857,74
2026-06-14 06:00:00,164,0,LB-05,11.1984,11.2304,74
2026-06-14 06:00:00,164,0,LB-06,11.3662,11.3084,74
2026-06-14 06:00:00,164,0,LB-10,11.2522,11.1979,74
2026-06-14 14:00:00,164,1,LB-02,11.1612,11.1801,74
2026-06-14 14:00:00,164,1,LB-02,10.8785,10.8572,74
2026-06-14 14:00:00,164,1,LB-03,11.4953,11.563,74
2026-06-14 14:00:00,164,1,LB-04,11.333,11.3666,74
2026-06-14 14:00:00,164,1,LB-05,10.462,10.4648,74
2026-06-14 14:00:00,164,1,LB-05,10.8579,10.8911,74
2026-06-14 14:00:00,164,1,LB-06,11.4313,11.4331,74
2026-06-14 14:00:00,164,1,LB-08,10.899,10.9077,74
2026-06-14 14:00:00,164,1,LB-09,11.0556,11.0774,74
2026-06-14 22:00:00,164,2,LB-04,11.2838,11.2652,74
2026-06-14 22:00:00,164,2,LB-04,11.462,11.4853,74
2026-06-14 22:00:00,164,2,LB-06,10.6604,10.7073,74
2026-06-14 22:00:00,164,2,LB-07,10.6067,10.5603,74
2026-06-14 22:00:00,164,2,LB-10,10.9333,10.9508,74
2026-06-15 06:00:00,165,0,LB-01,10.8535,10.8491,75
2026-06-15 06:00:00,165,0,LB-03,10.3221,10.3898,75
2026-06-15 06:00:00,165,0,LB-04,11.2774,11.2867,75
2026-06-15 06:00:00,165,0,LB-07,10.5006,10.41,75
2026-06-15 06:00:00,165,0,LB-09,11.848,11.835,75
2026-06-15 14:00:00,165,1,LB-03,10.5065,10.5705,75
2026-06-15 14:00:00,165,1,LB-04,11.6649,11.6539,75
2026-06-15 14:00:00,165,1,LB-04,10.8269,10.82,75
2026-06-15 14:00:00,165,1,LB-07,10.7632,10.725,75
2026-06-15 14:00:00,165,1,LB-08,10.6362,10.6164,75
2026-06-15 14:00:00,165,1,LB-09,11.2245,11.2515,75
2026-06-15 22:00:00,165,2,LB-02,11.0005,10.9831,75
2026-06-15 22:00:00,165,2,LB-03,11.2774,11.3367,75
2026-06-15 22:00:00,165,2,LB-04,11.0999,11.143,75
2026-06-15 22:00:00,165,2,LB-08,11.4221,11.4433,75
2026-06-16 06:00:00,166,0,LB-03,11.5491,11.6477,76
2026-06-16 06:00:00,166,0,LB-04,10.7881,10.8379,76
2026-06-16 06:00:00,166,0,LB-06,10.5406,10.5287,76
2026-06-16 06:00:00,166,0,LB-07,11.2427,11.2415,76
2026-06-16 06:00:00,166,0,LB-07,10.9161,10.8676,76
2026-06-16 06:00:00,166,0,LB-10,11.8641,11.9018,76
2026-06-16 14:00:00,166,1,LB-03,11.3979,11.4535,76
2026-06-16 14:00:00,166,1,LB-05,11.9594,11.9282,76
2026-06-16 14:00:00,166,1,LB-06,10.8376,10.7322,76
2026-06-16 14:00:00,166,1,LB-07,10.9381,10.8828,76
2026-06-16 14:00:00,166,1,LB-10,10.7093,10.6643,76
2026-06-16 22:00:00,166,2,LB-01,11.0775,11.1145,76
2026-06-16 22:00:00,166,2,LB-02,10.6944,10.7007,76
2026-06-16 22:00:00,166,2,LB-08,11.3477,11.375,76
2026-06-17 06:00:00,167,0,LB-02,11.319,11.337,77
2026-06-17 06:00:00,167,0,LB-06,10.7275,10.7199,77
2026-06-17 06:00:00,167,0,LB-08,11.2677,11.2733,77
2026-06-17 14:00:00,167,1,LB-03,10.9507,11.0148,77
2026-06-17 14:00:00,167,1,LB-05,10.813,10.8138,77
2026-06-17 14:00:00,167,1,LB-07,11.7822,11.754,77
2026-06-17 14:00:00,167,1,LB-08,10.4149,10.423,77
2026-06-17 14:00:00,167,1,LB-09,10.9428,10.9444,77
2026-06-17 14:00:00,167,1,LB-09,11.5447,11.5868,77
2026-06-17 14:00:00,167,1,LB-10,10.5774,10.5598,77
2026-06-17 22:00:00,167,2,LB-01,10.3262,10.2456,77
2026-06-17 22:00:00,167,2,LB-05,11.0445,11.0571,77
2026-06-17 22:00:00,167,2,LB-05,11.8422,11.8286,77
2026-06-17 22:00:00,167,2,LB-10,11.3601,11.3952,77
2026-06-18 06:00:00,168,0,LB-05,10.4399,10.4392,78
2026-06-18 06:00:00,168,0,LB-07,10.4816,10.4133,78
2026-06-18 06:00:00,168,0,LB-09,11.5492,11.5772,78
2026-06-18 06:00:00,168,0,LB-10,11.9122,11.8881,78
2026-06-18 14:00:00,168,1,LB-01,10.5069,10.4542,78
2026-06-18 14:00:00,168,1,LB-05,11.5278,11.4779,78
2026-06-18 14:00:00,168,1,LB-07,11.9815,11.9472,78
2026-06-18 14:00:00,168,1,LB-08,11.258,11.2017,78
2026-06-18 14:00:00,168,1,LB-08,11.1375,11.1663,78
2026-06-18 14:00:00,168,1,LB-10,10.9321,10.9003,78
2026-06-18 22:00:00,168,2,LB-01,11.6258,11.5954,78
2026-06-18 22:00:00,168,2,LB-05,11.3244,11.3576,78
2026-06-18 22:00:00,168,2,LB-05,11.8852,11.8954,78
2026-06-18 22:00:00,168,2,LB-08,11.9507,11.9031,78
2026-06-18 22:00:00,168,2,LB-09,10.5885,10.593,78
2026-06-19 06:00:00,169,0,LB-01,11.8945,11.8972,79
2026-06-19 06:00:00,169,0,LB-04,10.4328,10.3801,79
2026-06-19 06:00:00,169,0,LB-04,10.3443,10.4177,79
2026-06-19 06:00:00,169,0,LB-05,10.3356,10.4102,79
2026-06-19 06:00:00,169,0,LB-08,11.8303,11.81,79
2026-06-19 06:00:00,169,0,LB-09,10.7722,10.7937,79
2026-06-19 14:00:00,169,1,LB-02,10.593,10.6358,79
2026-06-19 14:00:00,169,1,LB-03,10.9468,11.015,79
2026-06-19 14:00:00,169,1,LB-04,10.6115,10.6323,79
2026-06-19 14:00:00,169,1,LB-05,10.8185,10.8463,79
2026-06-19 14:00:00,169,1,LB-07,11.7955,11.6628,79
2026-06-19 14:00:00,169,1,LB-08,11.9129,11.9329,79
2026-06-19 14:00:00,169,1,LB-09,11.6849,11.6675,79
2026-06-19 14:00:00,169,1,LB-10,10.4566,10.4526,79
2026-06-19 22:00:00,169,2,LB-01,11.4629,11.4621,79
2026-06-19 22:00:00,169,2,LB-03,10.294,10.4123,79
2026-06-19 22:00:00,169,2,LB-03,11.6442,11.7836,79
2026-06-19 22:00:00,169,2,LB-04,11.9683,11.9576,79
2026-06-19 22:00:00,169,2,LB-06,11.7028,11.699,79
2026-06-19 22:00:00,169,2,LB-07,11.2896,11.2071,79
2026-06-19 22:00:00,169,2,LB-08,11.3867,11.3572,79
2026-06-19 22:00:00,169,2,LB-10,11.257,11.2132,79
2026-06-20 06:00:00,170,0,LB-03,10.8415,10.9295,80
2026-06-20 06:00:00,170,0,LB-05,11.7397,11.7926,80
2026-06-20 06:00:00,170,0,LB-08,11.7425,11.7374,80
2026-06-20 14:00:00,170,1,LB-02,10.6354,10.638,80
2026-06-20 14:00:00,170,1,LB-03,10.2838,10.34,80
2026-06-20 14:00:00,170,1,LB-04,10.9852,11.0089,80
2026-06-20 14:00:00,170,1,LB-05,10.581,10.5681,80
2026-06-20 14:00:00,170,1,LB-05,10.5917,10.5883,80
2026-06-20 14:00:00,170,1,LB-06,10.9147,10.8814,80
2026-06-20 14:00:00,170,1,LB-09,10.8762,10.8426,80
2026-06-20 14:00:00,170,1,LB-10,11.872,11.8704,80
2026-06-20 22:00:00,170,2,LB-03,11.3137,11.391,80
2026-06-20 22:00:00,170,2,LB-03,11.8423,11.979,80
2026-06-20 22:00:00,170,2,LB-05,10.6114,10.6097,80
2026-06-20 22:00:00,170,2,LB-06,11.1153,11.0165,80
2026-06-20 22:00:00,170,2,LB-08,10.3415,10.3423,80
2026-06-21 06:00:00,171,0,LB-06,11.9227,11.9168,81
2026-06-21 06:00:00,171,0,LB-08,11.4651,11.4496,81
2026-06-21 06:00:00,171,0,LB-10,10.7317,10.7356,81
2026-06-21 14:00:00,171,1,LB-03,11.3978,11.5213,81
2026-06-21 14:00:00,171,1,LB-03,11.7424,11.8332,81
2026-06-21 14:00:00,171,1,LB-04,10.4332,10.4065,81
2026-06-21 14:00:00,171,1,LB-04,10.6943,10.7636,81
2026-06-21 14:00:00,171,1,LB-05,10.7017,10.6675,81
2026-06-21 14:00:00,171,1,LB-06,10.6084,10.5974,81
2026-06-21 14:00:00,171,1,LB-08,10.6432,10.615,81
2026-06-21 14:00:00,171,1,LB-10,11.2497,11.2297,81
2026-06-21 14:00:00,171,1,LB-10,10.6734,10.7108,81
2026-06-21 14:00:00,171,1,LB-10,10.5544,10.5159,81
2026-06-21 14:00:00,171,1,LB-10,10.5659,10.5202,81
2026-06-21 22:00:00,171,2,LB-01,11.6212,11.647,81
2026-06-21 22:00:00,171,2,LB-02,10.4294,10.4109,81
2026-06-21 22:00:00,171,2,LB-06,11.208,11.2286,81
2026-06-21 22:00:00,171,2,LB-09,11.4402,11.4562,81
2026-06-22 06:00:00,172,0,LB-01,10.4107,10.4341,82
2026-06-22 06:00:00,172,0,LB-03,11.3778,11.4868,82
2026-06-22 06:00:00,172,0,LB-10,10.6765,10.627,82
2026-06-22 06:00:00,172,0,LB-10,11.0911,11.0461,82
2026-06-22 14:00:00,172,1,LB-07,10.3904,10.3805,82
2026-06-22 14:00:00,172,1,LB-09,10.6762,10.6902,82
2026-06-22 14:00:00,172,1,LB-10,10.9108,10.9254,82
2026-06-22 22:00:00,172,2,LB-03,10.8634,10.9056,82
2026-06-22 22:00:00,172,2,LB-04,10.8019,10.853,82
2026-06-22 22:00:00,172,2,LB-06,11.9292,11.941,82
2026-06-22 22:00:00,172,2,LB-06,10.5448,10.6042,82
2026-06-23 06:00:00,173,0,LB-01,11.0345,11.0956,83
2026-06-23 06:00:00,173,0,LB-06,10.4425,10.4583,83
2026-06-23 06:00:00,173,0,LB-07,10.9711,10.8957,83
2026-06-23 06:00:00,173,0,LB-08,10.7038,10.7476,83
2026-06-23 14:00:00,173,1,LB-03,11.0062,11.0827,83
2026-06-23 14:00:00,173,1,LB-05,11.1049,11.1201,83
2026-06-23 14:00:00,173,1,LB-05,11.355,11.4093,83
2026-06-23 14:00:00,173,1,LB-06,10.8001,10.8044,83
2026-06-23 14:00:00,173,1,LB-07,11.345,11.2416,83
2026-06-23 14:00:00,173,1,LB-10,11.2413,11.2718,83
2026-06-23 22:00:00,173,2,LB-02,11.6583,11.6422,83
2026-06-23 22:00:00,173,2,LB-05,10.4996,10.5512,83
2026-06-24 06:00:00,174,0,LB-01,11.0426,11.0648,84
2026-06-24 06:00:00,174,0,LB-02,10.4668,10.4488,84
2026-06-24 06:00:00,174,0,LB-02,10.8155,10.7579,84
2026-06-24 06:00:00,174,0,LB-03,10.6235,10.781,84
2026-06-24 06:00:00,174,0,LB-06,11.4542,11.4667,84
2026-06-24 06:00:00,174,0,LB-09,10.7135,10.7593,84
2026-06-24 14:00:00,174,1,LB-01,10.4704,10.3903,84
2026-06-24 14:00:00,174,1,LB-03,10.7926,10.8993,84
2026-06-24 14:00:00,174,1,LB-05,10.8988,10.8891,84
2026-06-24 14:00:00,174,1,LB-06,11.3813,11.3725,84
2026-06-24 14:00:00,174,1,LB-06,11.8295,11.8342,84
2026-06-24 14:00:00,174,1,LB-09,11.1983,11.2228,84
2026-06-24 14:00:00,174,1,LB-10,10.6261,10.6842,84
2026-06-24 14:00:00,174,1,LB-10,10.6212,10.6269,84
2026-06-24 22:00:00,174,2,LB-03,10.5117,10.5845,84
2026-06-24 22:00:00,174,2,LB-06,10.8251,10.8605,84
2026-06-24 22:00:00,174,2,LB-08,11.2888,11.3011,84
2026-06-24 22:00:00,174,2,LB-10,11.9837,11.9703,84
2026-06-24 22:00:00,174,2,LB-10,10.4091,10.3428,84
2026-06-25 06:00:00,175,0,LB-01,10.9195,10.9271,85
2026-06-25 06:00:00,175,0,LB-02,10.8856,10.9287,85
2026-06-25 06:00:00,175,0,LB-09,11.0711,11.086,85
2026-06-25 06:00:00,175,0,LB-10,10.8663,10.9052,85
2026-06-25 14:00:00,175,1,LB-02,10.7213,10.7141,85
2026-06-25 14:00:00,175,1,LB-04,10.6051,10.6199,85
2026-06-25 14:00:00,175,1,LB-08,11.2152,11.1776,85
2026-06-25 14:00:00,175,1,LB-09,11.3774,11.4163,85
2026-06-25 14:00:00,175,1,LB-09,11.391,11.3308,85
2026-06-25 14:00:00,175,1,LB-10,11.6809,11.7367,85
2026-06-25 14:00:00,175,1,LB-10,11.3974,11.3765,85
2026-06-25 22:00:00,175,2,LB-07,11.8095,11.7038,85
2026-06-25 22:00:00,175,2,LB-10,10.7282,10.7653,85
2026-06-26 06:00:00,176,0,LB-04,10.7452,10.7215,86
2026-06-26 06:00:00,176,0,LB-05,11.8137,11.7708,86
2026-06-26 06:00:00,176,0,LB-10,11.9418,11.9488,86
2026-06-26 14:00:00,176,1,LB-02,11.2096,11.1695,86
2026-06-26 14:00:00,176,1,LB-05,11.1758,11.1502,86
2026-06-26 14:00:00,176,1,LB-06,11.028,11.0497,86
2026-06-26 22:00:00,176,2,LB-02,10.3869,10.4075,86
2026-06-26 22:00:00,176,2,LB-06,10.3386,10.3011,86
2026-06-26 22:00:00,176,2,LB-09,10.4121,10.3751,86
2026-06-27 06:00:00,177,0,LB-04,11.2636,11.2849,87
2026-06-27 06:00:00,177,0,LB-05,10.4926,10.4628,87
2026-06-27 06:00:00,177,0,LB-07,10.3861,10.3546,87
2026-06-27 06:00:00,177,0,LB-08,11.8052,11.8233,87
2026-06-27 06:00:00,177,0,LB-09,11.8314,11.8724,87
2026-06-27 14:00:00,177,1,LB-05,11.1065,11.0802,87
2026-06-27 14:00:00,177,1,LB-05,11.1437,11.1525,87
2026-06-27 14:00:00,177,1,LB-06,10.6003,10.6113,87
2026-06-27 14:00:00,177,1,LB-07,11.8567,11.8129,87
2026-06-27 14:00:00,177,1,LB-10,11.2871,11.3225,87
2026-06-27 22:00:00,177,2,LB-01,11.4568,11.4501,87
2026-06-27 22:00:00,177,2,LB-06,11.5749,11.6195,87
2026-06-27 22:00:00,177,2,LB-07,10.7661,10.6585,87
2026-06-27 22:00:00,177,2,LB-07,11.6673,11.6067,87
2026-06-27 22:00:00,177,2,LB-10,11.4212,11.4392,87
2026-06-28 06:00:00,178,0,LB-02,10.3624,10.3231,88
2026-06-28 06:00:00,178,0,LB-07,11.1729,11.0993,88
2026-06-28 06:00:00,178,0,LB-09,11.9682,11.9559,88
2026-06-28 06:00:00,178,0,LB-09,11.234,11.2512,88
2026-06-28 14:00:00,178,1,LB-02,11.3985,11.3774,88
2026-06-28 14:00:00,178,1,LB-02,11.8822,11.8833,88
2026-06-28 14:00:00,178,1,LB-05,11.4841,11.4899,88
2026-06-28 14:00:00,178,1,LB-07,10.6217,10.594,88
2026-06-28 14:00:00,178,1,LB-10,10.4019,10.3658,88
2026-06-28 22:00:00,178,2,LB-01,10.8885,10.8877,88
2026-06-28 22:00:00,178,2,LB-02,11.5995,11.5911,88
2026-06-28 22:00:00,178,2,LB-04,11.944,11.914,88
2026-06-28 22:00:00,178,2,LB-05,11.5917,11.607,88
2026-06-28 22:00:00,178,2,LB-05,11.4623,11.4426,88
2026-06-28 22:00:00,178,2,LB-06,11.8597,11.8789,88
2026-06-28 22:00:00,178,2,LB-09,10.6728,10.647,88
2026-06-29 06:00:00,179,0,LB-04,10.5325,10.5433,89
2026-06-29 06:00:00,179,0,LB-07,10.589,10.5118,89
2026-06-29 06:00:00,179,0,LB-08,11.3607,11.3592,89
2026-06-29 14:00:00,179,1,LB-01,11.92,11.8785,89
2026-06-29 14:00:00,179,1,LB-02,10.7184,10.7313,89
2026-06-29 14:00:00,179,1,LB-02,10.6439,10.6586,89
2026-06-29 14:00:00,179,1,LB-10,11.1793,11.1264,89
2026-06-29 22:00:00,179,2,LB-02,11.6148,11.5752,89
2026-06-29 22:00:00,179,2,LB-08,11.1749,11.1756,89
